playerID,year,stint,tmID,GP,GS,minutes,points,oRebounds,dRebounds,rebounds,assists,steals,blocks,turnovers,PF,fgAttempted,fgMade,ftAttempted,ftMade,threeAttempted,threeMade,dq,PostGP,PostGS,PostMinutes,PostPoints,PostoRebounds,PostdRebounds,PostRebounds,PostAssists,PostSteals,PostBlocks,PostTurnovers,PostPF,PostfgAttempted,PostfgMade,PostftAttempted,PostftMade,PostthreeAttempted,PostthreeMade,PostDQ,num_awards
abrossv01w,2,0,MIN,27.47,15.65,612.86,211.84,30.0,62.37,92.37,47.2,24.88,10.88,46.06,62.03,178.46,77.47,60.54,44.63,37.18,12.27,0.68,1.69,0.94,39.12,12.03,2.0,4.03,6.03,2.86,1.51,0.62,2.58,3.48,10.52,4.54,2.79,2.14,2.45,0.81,0.03,0.02
abrossv01w,3,0,MIN,26.0,23.0,846.0,343.0,43.0,131.0,174.0,53.0,42.0,9.0,85.0,70.0,293.0,114.0,132.0,96.0,76.0,19.0,2.0,0.0,0.0,0.0,0.0,0.0,0.0,0.0,0.0,0.0,0.0,0.0,0.0,0.0,0.0,0.0,0.0,0.0,0.0,0.0,0.0
abrossv01w,4,0,MIN,27.0,27.0,805.0,314.0,45.0,101.0,146.0,60.0,42.0,10.0,92.0,73.0,316.0,119.0,116.0,56.0,60.0,20.0,0.0,0.0,0.0,0.0,0.0,0.0,0.0,0.0,0.0,0.0,0.0,0.0,0.0,0.0,0.0,0.0,0.0,0.0,0.0,0.0,0.0
abrossv01w,5,0,MIN,30.0,25.0,792.0,318.0,44.0,97.0,141.0,82.0,44.0,11.0,90.0,79.0,285.0,112.0,98.0,69.0,82.0,25.0,0.0,3.0,3.0,69.0,23.0,1.0,4.0,5.0,4.0,4.0,1.0,8.0,8.0,22.0,6.0,8.0,8.0,7.0,3.0,0.0,0.0
abrossv01w,6,0,MIN,22.0,11.0,462.0,146.0,17.0,57.0,74.0,45.0,30.0,2.0,43.0,42.0,139.0,49.0,46.0,28.0,53.0,20.0,0.0,2.0,2.0,67.0,20.0,3.0,6.0,9.0,3.0,1.0,2.0,3.0,7.0,23.0,8.0,4.0,2.0,8.0,2.0,0.0,0.0
abrossv01w,7,0,MIN,31.0,31.0,777.0,304.0,29.0,78.0,107.0,60.0,48.0,6.0,80.0,86.0,276.0,109.0,73.0,53.0,82.0,33.0,0.0,0.0,0.0,0.0,0.0,0.0,0.0,0.0,0.0,0.0,0.0,0.0,0.0,0.0,0.0,0.0,0.0,0.0,0.0,0.0,0.0
abrossv01w,8,0,MIN,34.0,2.0,724.0,263.0,44.0,62.0,106.0,54.0,34.0,1.0,61.0,66.0,241.0,99.0,62.0,41.0,65.0,24.0,0.0,0.0,0.0,0.0,0.0,0.0,0.0,0.0,0.0,0.0,0.0,0.0,0.0,0.0,0.0,0.0,0.0,0.0,0.0,0.0,0.0
abrossv01w,9,0,CON,34.0,29.0,843.0,345.0,53.0,97.0,150.0,85.0,44.0,4.0,68.0,86.0,298.0,132.0,43.0,36.0,101.0,45.0,0.0,0.0,0.0,0.0,0.0,0.0,0.0,0.0,0.0,0.0,0.0,0.0,0.0,0.0,0.0,0.0,0.0,0.0,0.0,0.0,0.0
adamsjo01w,4,0,MIN,26.12,15.6,604.13,208.08,28.55,61.69,90.24,47.04,23.71,11.16,42.62,55.83,178.36,75.29,57.52,43.31,41.07,14.19,0.53,1.78,1.11,44.72,16.41,2.01,4.64,6.66,3.96,1.6,0.72,2.72,3.83,13.91,6.03,4.09,3.11,3.47,1.23,0.02,0.05
aguilel01w,3,0,UTA,25.23,13.75,548.8,181.49,26.81,57.19,84.0,40.49,21.88,9.7,39.26,50.48,160.77,66.49,49.2,36.53,35.69,11.98,0.41,1.74,1.06,41.03,13.2,1.91,4.14,6.05,3.08,1.38,0.95,2.43,3.52,11.93,4.9,3.33,2.48,2.82,0.93,0.02,0.05
ajavoma01w,9,0,HOU,26.3,13.75,549.16,209.96,28.39,66.05,94.44,44.4,21.72,10.61,42.77,53.46,179.59,76.48,55.67,42.66,40.99,14.34,0.44,2.46,1.36,56.15,22.09,2.92,7.19,10.11,4.72,1.89,1.15,3.64,5.21,19.28,8.05,5.13,3.95,5.4,2.05,0.05,0.07
ajavoma01w,10,0,WAS,34.0,2.0,604.0,273.0,33.0,27.0,60.0,59.0,31.0,6.0,55.0,85.0,284.0,94.0,91.0,72.0,68.0,13.0,1.0,0.0,0.0,0.0,0.0,0.0,0.0,0.0,0.0,0.0,0.0,0.0,0.0,0.0,0.0,0.0,0.0,0.0,0.0,0.0,0.0
aldrima01w,2,0,WAS,29.0,0.0,272.0,63.0,8.0,16.0,24.0,28.0,9.0,4.0,27.0,30.0,54.0,25.0,22.0,7.0,12.0,6.0,0.0,2.0,0.0,49.0,14.0,1.0,3.0,4.0,7.0,1.0,0.0,1.0,3.0,11.0,5.0,8.0,4.0,3.0,0.0,0.0,0.0
alhalta01w,2,0,ORL,27.47,15.65,612.86,211.84,30.0,62.37,92.37,47.2,24.88,10.88,46.06,62.03,178.46,77.47,60.54,44.63,37.18,12.27,0.68,1.69,0.94,39.12,12.03,2.0,4.03,6.03,2.86,1.51,0.62,2.58,3.48,10.52,4.54,2.79,2.14,2.45,0.81,0.03,0.02
allench01w,9,0,SAC,26.3,13.75,549.16,209.96,28.39,66.05,94.44,44.4,21.72,10.61,42.77,53.46,179.59,76.48,55.67,42.66,40.99,14.34,0.44,2.46,1.36,56.15,22.09,2.92,7.19,10.11,4.72,1.89,1.15,3.64,5.21,19.28,8.05,5.13,3.95,5.4,2.05,0.05,0.07
amachma01w,2,0,NYL,27.47,15.65,612.86,211.84,30.0,62.37,92.37,47.2,24.88,10.88,46.06,62.03,178.46,77.47,60.54,44.63,37.18,12.27,0.68,1.69,0.94,39.12,12.03,2.0,4.03,6.03,2.86,1.51,0.62,2.58,3.48,10.52,4.54,2.79,2.14,2.45,0.81,0.03,0.02
amachma01w,4,0,SEA,2.0,0.0,3.0,1.0,1.0,0.0,1.0,0.0,0.0,1.0,1.0,2.0,0.0,0.0,2.0,1.0,0.0,0.0,0.0,0.0,0.0,0.0,0.0,0.0,0.0,0.0,0.0,0.0,0.0,0.0,0.0,0.0,0.0,0.0,0.0,0.0,0.0,0.0,0.0
amachma01w,6,0,WAS,7.0,0.0,47.0,8.0,4.0,10.0,14.0,0.0,5.0,2.0,9.0,3.0,10.0,3.0,4.0,2.0,0.0,0.0,0.0,0.0,0.0,0.0,0.0,0.0,0.0,0.0,0.0,0.0,0.0,0.0,0.0,0.0,0.0,0.0,0.0,0.0,0.0,0.0,0.0
ambermo01w,3,0,SAC,25.23,13.75,548.8,181.49,26.81,57.19,84.0,40.49,21.88,9.7,39.26,50.48,160.77,66.49,49.2,36.53,35.69,11.98,0.41,1.74,1.06,41.03,13.2,1.91,4.14,6.05,3.08,1.38,0.95,2.43,3.52,11.93,4.9,3.33,2.48,2.82,0.93,0.02,0.05
anderam01w,7,1,CON,25.54,14.06,551.91,185.83,24.96,56.79,81.75,42.45,20.43,9.74,39.28,53.91,160.15,67.6,52.41,38.9,34.99,11.74,0.55,2.0,1.09,44.98,14.88,1.82,4.73,6.55,3.21,1.47,0.67,2.84,4.28,12.66,5.27,4.5,3.36,2.66,0.98,0.04,0.04
anderam01w,7,2,NYL,1.0,0.0,1.0,0.0,0.0,2.0,2.0,0.0,0.0,0.0,0.0,0.0,0.0,0.0,0.0,0.0,0.0,0.0,0.0,0.0,0.0,0.0,0.0,0.0,0.0,0.0,0.0,0.0,0.0,0.0,0.0,0.0,0.0,0.0,0.0,0.0,0.0,0.0,0.0
anderch01w,4,0,SAC,26.12,15.6,604.13,208.08,28.55,61.69,90.24,47.04,23.71,11.16,42.62,55.83,178.36,75.29,57.52,43.31,41.07,14.19,0.53,1.78,1.11,44.72,16.41,2.01,4.64,6.66,3.96,1.6,0.72,2.72,3.83,13.91,6.03,4.09,3.11,3.47,1.23,0.02,0.05
anderch01w,5,0,SAC,26.0,0.0,171.0,42.0,7.0,17.0,24.0,5.0,5.0,5.0,17.0,33.0,44.0,19.0,12.0,4.0,0.0,0.0,1.0,5.0,0.0,29.0,7.0,0.0,3.0,3.0,0.0,0.0,2.0,4.0,7.0,5.0,3.0,2.0,1.0,0.0,0.0,0.0,0.0
anderch01w,6,0,SAS,30.0,0.0,231.0,77.0,14.0,20.0,34.0,5.0,3.0,6.0,25.0,46.0,64.0,25.0,37.0,27.0,0.0,0.0,0.0,2.0,0.0,11.0,2.0,0.0,2.0,2.0,1.0,0.0,0.0,1.0,1.0,2.0,1.0,0.0,0.0,0.0,0.0,0.0,0.0
anderch01w,7,0,SAS,34.0,19.0,669.0,203.0,28.0,62.0,90.0,11.0,8.0,15.0,55.0,106.0,178.0,83.0,46.0,37.0,0.0,0.0,5.0,0.0,0.0,0.0,0.0,0.0,0.0,0.0,0.0,0.0,0.0,0.0,0.0,0.0,0.0,0.0,0.0,0.0,0.0,0.0,0.0
anderch01w,8,0,SAS,23.0,20.0,414.0,153.0,28.0,57.0,85.0,15.0,7.0,10.0,29.0,73.0,112.0,59.0,45.0,35.0,0.0,0.0,0.0,0.0,0.0,0.0,0.0,0.0,0.0,0.0,0.0,0.0,0.0,0.0,0.0,0.0,0.0,0.0,0.0,0.0,0.0,0.0,0.0
anderjo01w,9,0,CON,26.3,13.75,549.16,209.96,28.39,66.05,94.44,44.4,21.72,10.61,42.77,53.46,179.59,76.48,55.67,42.66,40.99,14.34,0.44,2.46,1.36,56.15,22.09,2.92,7.19,10.11,4.72,1.89,1.15,3.64,5.21,19.28,8.05,5.13,3.95,5.4,2.05,0.05,0.07
anderke01w,2,0,CHA,30.0,9.0,434.0,75.0,12.0,34.0,46.0,75.0,25.0,3.0,47.0,53.0,68.0,29.0,18.0,14.0,8.0,3.0,0.0,2.0,2.0,30.0,2.0,2.0,3.0,5.0,5.0,0.0,0.0,4.0,1.0,3.0,1.0,2.0,0.0,0.0,0.0,0.0,0.0
anderke01w,3,0,CHA,18.0,0.0,102.0,12.0,3.0,12.0,15.0,14.0,6.0,0.0,17.0,8.0,16.0,2.0,10.0,8.0,2.0,0.0,0.0,2.0,0.0,7.0,0.0,0.0,0.0,0.0,1.0,1.0,0.0,1.0,1.0,1.0,0.0,0.0,0.0,1.0,0.0,0.0,0.0
andrame01w,2,0,CLE,32.0,18.0,797.0,265.0,32.0,63.0,95.0,75.0,41.0,10.0,65.0,91.0,195.0,89.0,80.0,60.0,75.0,27.0,1.0,6.0,5.0,166.0,21.0,5.0,12.0,17.0,14.0,6.0,3.0,11.0,17.0,33.0,8.0,9.0,5.0,9.0,0.0,0.0,0.0
andrame01w,3,0,CLE,32.0,32.0,893.0,152.0,21.0,66.0,87.0,100.0,51.0,10.0,61.0,77.0,171.0,58.0,45.0,30.0,30.0,6.0,0.0,3.0,3.0,72.0,13.0,5.0,4.0,9.0,1.0,2.0,2.0,7.0,9.0,17.0,6.0,0.0,0.0,2.0,1.0,0.0,0.0
andrame01w,5,0,CHA,32.0,16.0,665.0,91.0,17.0,39.0,56.0,67.0,29.0,6.0,41.0,82.0,111.0,34.0,23.0,18.0,26.0,5.0,2.0,0.0,0.0,0.0,0.0,0.0,0.0,0.0,0.0,0.0,0.0,0.0,0.0,0.0,0.0,0.0,0.0,0.0,0.0,0.0,0.0
anosini01w,9,0,MIN,26.3,13.75,549.16,209.96,28.39,66.05,94.44,44.4,21.72,10.61,42.77,53.46,179.59,76.48,55.67,42.66,40.99,14.34,0.44,2.46,1.36,56.15,22.09,2.92,7.19,10.11,4.72,1.89,1.15,3.64,5.21,19.28,8.05,5.13,3.95,5.4,2.05,0.05,0.07
anosini01w,10,0,MIN,34.0,34.0,920.0,314.0,78.0,153.0,231.0,45.0,75.0,43.0,42.0,125.0,226.0,99.0,166.0,116.0,1.0,0.0,2.0,0.0,0.0,0.0,0.0,0.0,0.0,0.0,0.0,0.0,0.0,0.0,0.0,0.0,0.0,0.0,0.0,0.0,0.0,0.0,0.0
arcaija01w,2,0,HOU,32.0,32.0,977.0,268.0,36.0,83.0,119.0,60.0,42.0,3.0,53.0,66.0,233.0,109.0,49.0,41.0,45.0,9.0,1.0,6.0,6.0,201.0,50.0,6.0,21.0,27.0,12.0,10.0,0.0,16.0,14.0,47.0,21.0,7.0,6.0,7.0,2.0,0.0,0.0
arcaija01w,3,0,HOU,32.0,32.0,1154.0,591.0,49.0,87.0,136.0,94.0,60.0,3.0,83.0,82.0,509.0,217.0,150.0,135.0,66.0,22.0,1.0,2.0,2.0,71.0,29.0,2.0,9.0,11.0,5.0,2.0,0.0,5.0,5.0,34.0,13.0,2.0,2.0,8.0,1.0,0.0,1.0
arcaija01w,4,0,HOU,32.0,32.0,1116.0,364.0,42.0,84.0,126.0,86.0,51.0,6.0,71.0,49.0,302.0,128.0,111.0,98.0,37.0,10.0,0.0,3.0,3.0,119.0,39.0,2.0,9.0,11.0,4.0,5.0,1.0,5.0,11.0,35.0,15.0,8.0,7.0,7.0,2.0,0.0,0.0
arcaija01w,6,0,HOU,34.0,34.0,1136.0,390.0,24.0,112.0,136.0,67.0,41.0,1.0,50.0,64.0,324.0,151.0,94.0,79.0,37.0,9.0,0.0,3.0,3.0,107.0,37.0,6.0,8.0,14.0,3.0,8.0,0.0,7.0,5.0,31.0,12.0,13.0,12.0,5.0,1.0,0.0,0.0
askamma01w,2,0,MIA,32.0,32.0,869.0,251.0,96.0,135.0,231.0,29.0,17.0,21.0,49.0,95.0,209.0,85.0,117.0,80.0,2.0,1.0,0.0,0.0,0.0,0.0,0.0,0.0,0.0,0.0,0.0,0.0,0.0,0.0,0.0,0.0,0.0,0.0,0.0,0.0,0.0,0.0,0.0
askamma01w,3,2,LAS,30.0,11.0,431.0,74.0,35.0,52.0,87.0,15.0,12.0,11.0,19.0,62.0,58.0,28.0,32.0,18.0,0.0,0.0,0.0,0.0,0.0,0.0,0.0,0.0,0.0,0.0,0.0,0.0,0.0,0.0,0.0,0.0,0.0,0.0,0.0,0.0,0.0,0.0,0.0
askamma01w,3,1,MIA,20.0,4.0,215.0,61.0,24.0,25.0,49.0,4.0,11.0,4.0,11.0,25.0,55.0,26.0,14.0,9.0,1.0,0.0,0.0,4.0,3.0,24.0,2.0,1.0,2.0,3.0,0.0,0.0,0.0,0.0,4.0,5.0,0.0,2.0,2.0,0.0,0.0,0.0,0.0
atkinla01w,7,0,IND,25.54,14.06,551.91,185.83,24.96,56.79,81.75,42.45,20.43,9.74,39.28,53.91,160.15,67.6,52.41,38.9,34.99,11.74,0.55,2.0,1.09,44.98,14.88,1.82,4.73,6.55,3.21,1.47,0.67,2.84,4.28,12.66,5.27,4.5,3.36,2.66,0.98,0.04,0.04
atkinla01w,8,0,SAC,33.0,1.0,417.0,99.0,25.0,51.0,76.0,22.0,18.0,5.0,34.0,31.0,87.0,38.0,39.0,18.0,17.0,5.0,0.0,2.0,0.0,29.0,6.0,10.0,7.0,17.0,3.0,1.0,2.0,2.0,2.0,9.0,2.0,4.0,2.0,0.0,0.0,0.0,0.0
atkinla01w,9,0,SAC,28.0,0.0,226.0,58.0,13.0,31.0,44.0,15.0,10.0,5.0,33.0,15.0,47.0,22.0,19.0,14.0,2.0,0.0,0.0,2.0,0.0,7.0,0.0,0.0,0.0,0.0,0.0,1.0,0.0,1.0,0.0,2.0,0.0,0.0,0.0,0.0,0.0,0.0,0.0
atkinla01w,10,0,SEA,5.0,1.0,73.0,14.0,3.0,11.0,14.0,8.0,5.0,2.0,10.0,5.0,16.0,6.0,4.0,2.0,1.0,0.0,0.0,0.0,0.0,0.0,0.0,0.0,0.0,0.0,0.0,0.0,0.0,0.0,0.0,0.0,0.0,0.0,0.0,0.0,0.0,0.0,0.0
atunrmo01w,9,0,SAS,26.3,13.75,549.16,209.96,28.39,66.05,94.44,44.4,21.72,10.61,42.77,53.46,179.59,76.48,55.67,42.66,40.99,14.34,0.44,2.46,1.36,56.15,22.09,2.92,7.19,10.11,4.72,1.89,1.15,3.64,5.21,19.28,8.05,5.13,3.95,5.4,2.05,0.05,0.07
augusse01w,7,0,MIN,25.54,14.06,551.91,185.83,24.96,56.79,81.75,42.45,20.43,9.74,39.28,53.91,160.15,67.6,52.41,38.9,34.99,11.74,0.55,2.0,1.09,44.98,14.88,1.82,4.73,6.55,3.21,1.47,0.67,2.84,4.28,12.66,5.27,4.5,3.36,2.66,0.98,0.04,0.04
augusse01w,8,0,MIN,34.0,34.0,1124.0,744.0,15.0,113.0,128.0,50.0,21.0,18.0,71.0,58.0,620.0,283.0,165.0,148.0,85.0,30.0,0.0,0.0,0.0,0.0,0.0,0.0,0.0,0.0,0.0,0.0,0.0,0.0,0.0,0.0,0.0,0.0,0.0,0.0,0.0,0.0,1.0
augusse01w,9,0,MIN,34.0,34.0,1093.0,769.0,37.0,99.0,136.0,79.0,41.0,21.0,83.0,58.0,583.0,296.0,173.0,151.0,62.0,26.0,0.0,0.0,0.0,0.0,0.0,0.0,0.0,0.0,0.0,0.0,0.0,0.0,0.0,0.0,0.0,0.0,0.0,0.0,0.0,0.0,0.0
augusse01w,10,0,MIN,31.0,31.0,1042.0,591.0,28.0,92.0,120.0,83.0,32.0,12.0,52.0,46.0,496.0,233.0,118.0,105.0,63.0,20.0,0.0,0.0,0.0,0.0,0.0,0.0,0.0,0.0,0.0,0.0,0.0,0.0,0.0,0.0,0.0,0.0,0.0,0.0,0.0,0.0,0.0
azizle01w,4,0,IND,26.12,15.6,604.13,208.08,28.55,61.69,90.24,47.04,23.71,11.16,42.62,55.83,178.36,75.29,57.52,43.31,41.07,14.19,0.53,1.78,1.11,44.72,16.41,2.01,4.64,6.66,3.96,1.6,0.72,2.72,3.83,13.91,6.03,4.09,3.11,3.47,1.23,0.02,0.05
azzije01w,2,0,UTA,15.0,15.0,559.0,144.0,5.0,36.0,41.0,92.0,12.0,5.0,28.0,43.0,104.0,47.0,43.0,40.0,24.0,10.0,0.0,0.0,0.0,0.0,0.0,0.0,0.0,0.0,0.0,0.0,0.0,0.0,0.0,0.0,0.0,0.0,0.0,0.0,0.0,0.0,0.0
azzije01w,3,0,UTA,32.0,32.0,1205.0,276.0,10.0,88.0,98.0,171.0,22.0,10.0,69.0,89.0,184.0,75.0,96.0,88.0,74.0,38.0,1.0,2.0,2.0,75.0,9.0,0.0,3.0,3.0,10.0,1.0,1.0,5.0,7.0,12.0,3.0,1.0,1.0,7.0,2.0,0.0,0.0
azzije01w,4,0,SAS,32.0,32.0,1151.0,306.0,15.0,54.0,69.0,158.0,27.0,14.0,67.0,102.0,198.0,91.0,104.0,83.0,92.0,41.0,0.0,5.0,5.0,186.0,40.0,2.0,11.0,13.0,34.0,4.0,5.0,8.0,20.0,33.0,13.0,8.0,7.0,19.0,7.0,0.0,0.0
badertr01w,2,0,CLE,25.0,0.0,201.0,47.0,2.0,9.0,11.0,21.0,17.0,1.0,18.0,16.0,48.0,17.0,6.0,5.0,24.0,8.0,0.0,5.0,0.0,36.0,8.0,0.0,1.0,1.0,1.0,2.0,0.0,1.0,1.0,9.0,3.0,1.0,0.0,3.0,2.0,0.0,0.0
badertr01w,3,0,CLE,19.0,0.0,114.0,21.0,2.0,10.0,12.0,11.0,5.0,0.0,8.0,7.0,20.0,8.0,0.0,0.0,13.0,5.0,0.0,1.0,0.0,4.0,0.0,1.0,0.0,1.0,0.0,0.0,0.0,0.0,0.0,2.0,0.0,0.0,0.0,2.0,0.0,0.0,0.0
bakersh01w,7,0,NYL,25.54,14.06,551.91,185.83,24.96,56.79,81.75,42.45,20.43,9.74,39.28,53.91,160.15,67.6,52.41,38.9,34.99,11.74,0.55,2.0,1.09,44.98,14.88,1.82,4.73,6.55,3.21,1.47,0.67,2.84,4.28,12.66,5.27,4.5,3.36,2.66,0.98,0.04,0.04
bakersh01w,8,2,LAS,34.0,16.0,614.0,251.0,23.0,33.0,56.0,35.0,46.0,2.0,50.0,69.0,251.0,97.0,56.0,48.0,33.0,9.0,0.0,0.0,0.0,0.0,0.0,0.0,0.0,0.0,0.0,0.0,0.0,0.0,0.0,0.0,0.0,0.0,0.0,0.0,0.0,0.0,0.0
bakersh01w,8,1,NYL,24.0,11.0,492.0,203.0,17.0,52.0,69.0,77.0,36.0,2.0,65.0,58.0,192.0,63.0,84.0,70.0,33.0,7.0,1.0,0.0,0.0,0.0,0.0,0.0,0.0,0.0,0.0,0.0,0.0,0.0,0.0,0.0,0.0,0.0,0.0,0.0,0.0,0.0,0.0
bakersh01w,9,0,IND,3.0,0.0,13.0,5.0,0.0,1.0,1.0,0.0,0.0,0.0,0.0,1.0,2.0,2.0,0.0,0.0,1.0,1.0,0.0,0.0,0.0,0.0,0.0,0.0,0.0,0.0,0.0,0.0,0.0,0.0,0.0,0.0,0.0,0.0,0.0,0.0,0.0,0.0,0.0
bakersh01w,10,0,DET,13.0,0.0,110.0,49.0,7.0,15.0,22.0,15.0,9.0,1.0,11.0,15.0,37.0,12.0,34.0,25.0,1.0,0.0,0.0,0.0,0.0,0.0,0.0,0.0,0.0,0.0,0.0,0.0,0.0,0.0,0.0,0.0,0.0,0.0,0.0,0.0,0.0,0.0,0.0
balesal01w,8,0,IND,27.63,15.03,590.39,224.03,29.59,68.73,98.32,47.71,23.73,9.81,43.11,57.02,190.87,81.15,62.0,47.06,43.3,14.66,0.41,2.11,1.27,47.78,17.62,2.66,5.57,8.24,3.76,1.55,0.91,3.1,4.73,15.76,6.45,4.92,3.58,3.32,1.13,0.03,0.1
balesal01w,9,2,ATL,17.0,0.0,169.0,55.0,12.0,33.0,45.0,2.0,4.0,13.0,7.0,14.0,42.0,24.0,8.0,7.0,0.0,0.0,0.0,4.0,0.0,17.0,0.0,0.0,2.0,2.0,1.0,0.0,0.0,1.0,2.0,4.0,0.0,0.0,0.0,0.0,0.0,0.0,0.0
balesal01w,9,1,IND,17.0,9.0,389.0,82.0,20.0,82.0,102.0,11.0,15.0,29.0,10.0,37.0,74.0,30.0,31.0,21.0,3.0,1.0,0.0,0.0,0.0,0.0,0.0,0.0,0.0,0.0,0.0,0.0,0.0,0.0,0.0,0.0,0.0,0.0,0.0,0.0,0.0,0.0,0.0
baranel01w,2,0,MIA,27.47,15.65,612.86,211.84,30.0,62.37,92.37,47.2,24.88,10.88,46.06,62.03,178.46,77.47,60.54,44.63,37.18,12.27,0.68,1.69,0.94,39.12,12.03,2.0,4.03,6.03,2.86,1.51,0.62,2.58,3.48,10.52,4.54,2.79,2.14,2.45,0.81,0.03,0.02
baranel01w,4,0,NYL,32.0,30.0,984.0,378.0,40.0,151.0,191.0,63.0,33.0,57.0,62.0,81.0,330.0,141.0,71.0,66.0,80.0,30.0,2.0,3.0,3.0,105.0,44.0,7.0,11.0,18.0,7.0,2.0,2.0,9.0,9.0,33.0,15.0,11.0,8.0,11.0,6.0,0.0,0.0
baranel01w,5,0,NYL,33.0,7.0,850.0,278.0,45.0,136.0,181.0,64.0,36.0,43.0,62.0,69.0,257.0,107.0,35.0,31.0,91.0,33.0,0.0,0.0,0.0,0.0,0.0,0.0,0.0,0.0,0.0,0.0,0.0,0.0,0.0,0.0,0.0,0.0,0.0,0.0,0.0,0.0,0.0
baranel01w,6,0,NYL,34.0,33.0,1048.0,394.0,33.0,213.0,246.0,67.0,37.0,58.0,80.0,88.0,315.0,146.0,53.0,49.0,115.0,53.0,0.0,5.0,5.0,154.0,42.0,7.0,27.0,34.0,10.0,4.0,9.0,12.0,18.0,38.0,15.0,10.0,8.0,13.0,4.0,0.0,0.0
barksla01w,2,0,POR,27.47,15.65,612.86,211.84,30.0,62.37,92.37,47.2,24.88,10.88,46.06,62.03,178.46,77.47,60.54,44.63,37.18,12.27,0.68,1.69,0.94,39.12,12.03,2.0,4.03,6.03,2.86,1.51,0.62,2.58,3.48,10.52,4.54,2.79,2.14,2.45,0.81,0.03,0.02
barksla01w,3,0,POR,5.0,0.0,35.0,2.0,1.0,5.0,6.0,4.0,2.0,0.0,1.0,3.0,10.0,1.0,0.0,0.0,3.0,0.0,0.0,0.0,0.0,0.0,0.0,0.0,0.0,0.0,0.0,0.0,0.0,0.0,0.0,0.0,0.0,0.0,0.0,0.0,0.0,0.0,0.0
barksla01w,4,0,SAS,17.0,3.0,285.0,100.0,18.0,22.0,40.0,12.0,8.0,7.0,23.0,31.0,101.0,36.0,26.0,23.0,22.0,5.0,0.0,0.0,0.0,0.0,0.0,0.0,0.0,0.0,0.0,0.0,0.0,0.0,0.0,0.0,0.0,0.0,0.0,0.0,0.0,0.0,0.0
barnead01w,2,0,CLE,5.0,0.0,18.0,8.0,2.0,0.0,2.0,4.0,0.0,0.0,2.0,2.0,5.0,3.0,4.0,2.0,1.0,0.0,0.0,4.0,0.0,6.0,2.0,0.0,1.0,1.0,2.0,0.0,0.0,1.0,0.0,2.0,1.0,0.0,0.0,1.0,0.0,0.0,0.0
barnead01w,3,0,SEA,3.0,0.0,3.0,2.0,0.0,1.0,1.0,0.0,0.0,0.0,0.0,0.0,1.0,1.0,0.0,0.0,0.0,0.0,0.0,0.0,0.0,0.0,0.0,0.0,0.0,0.0,0.0,0.0,0.0,0.0,0.0,0.0,0.0,0.0,0.0,0.0,0.0,0.0,0.0
barnead01w,4,0,SEA,26.0,17.0,493.0,90.0,45.0,57.0,102.0,28.0,32.0,9.0,25.0,64.0,111.0,37.0,29.0,15.0,4.0,1.0,1.0,2.0,2.0,50.0,10.0,3.0,5.0,8.0,3.0,3.0,0.0,7.0,4.0,9.0,4.0,0.0,0.0,4.0,2.0,0.0,0.0
barnead01w,5,0,SEA,16.0,16.0,396.0,88.0,26.0,39.0,65.0,23.0,11.0,7.0,18.0,36.0,84.0,32.0,21.0,12.0,31.0,12.0,1.0,0.0,0.0,0.0,0.0,0.0,0.0,0.0,0.0,0.0,0.0,0.0,0.0,0.0,0.0,0.0,0.0,0.0,0.0,0.0,0.0
barnequ01w,2,0,SEA,31.0,23.0,705.0,209.0,27.0,57.0,84.0,33.0,19.0,33.0,62.0,103.0,213.0,89.0,56.0,30.0,9.0,1.0,2.0,0.0,0.0,0.0,0.0,0.0,0.0,0.0,0.0,0.0,0.0,0.0,0.0,0.0,0.0,0.0,0.0,0.0,0.0,0.0,0.0
barnequ01w,3,0,PHO,20.0,3.0,229.0,68.0,14.0,20.0,34.0,11.0,9.0,6.0,16.0,29.0,59.0,23.0,27.0,21.0,1.0,1.0,0.0,0.0,0.0,0.0,0.0,0.0,0.0,0.0,0.0,0.0,0.0,0.0,0.0,0.0,0.0,0.0,0.0,0.0,0.0,0.0,0.0
batkosu01w,6,0,SEA,26.65,15.15,595.55,202.63,28.15,62.64,90.79,45.87,22.75,11.35,41.56,56.01,175.03,74.17,56.05,41.7,35.87,12.58,0.49,2.27,1.3,51.9,17.12,2.49,5.36,7.85,3.75,2.1,1.04,3.58,4.45,15.18,6.27,4.4,3.37,3.32,1.21,0.01,0.04
batkosu01w,10,0,SEA,29.0,0.0,461.0,199.0,26.0,68.0,94.0,26.0,17.0,24.0,32.0,85.0,174.0,76.0,58.0,45.0,7.0,2.0,1.0,3.0,0.0,43.0,14.0,2.0,8.0,10.0,0.0,0.0,2.0,5.0,8.0,12.0,6.0,5.0,2.0,0.0,0.0,0.0,0.0
batteja01w,6,0,MIN,26.65,15.15,595.55,202.63,28.15,62.64,90.79,45.87,22.75,11.35,41.56,56.01,175.03,74.17,56.05,41.7,35.87,12.58,0.49,2.27,1.3,51.9,17.12,2.49,5.36,7.85,3.75,2.1,1.04,3.58,4.45,15.18,6.27,4.4,3.37,3.32,1.21,0.01,0.04
batteja01w,7,0,DET,8.0,0.0,46.0,0.0,0.0,5.0,5.0,3.0,0.0,1.0,3.0,4.0,6.0,0.0,0.0,0.0,0.0,0.0,0.0,0.0,0.0,0.0,0.0,0.0,0.0,0.0,0.0,0.0,0.0,0.0,0.0,0.0,0.0,0.0,0.0,0.0,0.0,0.0,0.0
battlas01w,6,0,SEA,26.65,15.15,595.55,202.63,28.15,62.64,90.79,45.87,22.75,11.35,41.56,56.01,175.03,74.17,56.05,41.7,35.87,12.58,0.49,2.27,1.3,51.9,17.12,2.49,5.36,7.85,3.75,2.1,1.04,3.58,4.45,15.18,6.27,4.4,3.37,3.32,1.21,0.01,0.04
battlas01w,7,0,NYL,2.0,0.0,8.0,2.0,0.0,2.0,2.0,0.0,0.0,0.0,1.0,1.0,2.0,1.0,0.0,0.0,0.0,0.0,0.0,0.0,0.0,0.0,0.0,0.0,0.0,0.0,0.0,0.0,0.0,0.0,0.0,0.0,0.0,0.0,0.0,0.0,0.0,0.0,0.0
battlas01w,8,0,NYL,33.0,2.0,455.0,143.0,13.0,49.0,62.0,29.0,31.0,3.0,38.0,32.0,141.0,54.0,25.0,20.0,46.0,15.0,0.0,0.0,0.0,0.0,0.0,0.0,0.0,0.0,0.0,0.0,0.0,0.0,0.0,0.0,0.0,0.0,0.0,0.0,0.0,0.0,0.0
battlas01w,9,0,NYL,34.0,5.0,757.0,252.0,32.0,94.0,126.0,56.0,35.0,2.0,48.0,50.0,244.0,89.0,58.0,45.0,93.0,29.0,0.0,3.0,0.0,63.0,11.0,0.0,7.0,7.0,4.0,1.0,0.0,1.0,8.0,14.0,5.0,2.0,1.0,2.0,0.0,0.0,0.0
battlas01w,10,0,NYL,34.0,0.0,336.0,121.0,18.0,35.0,53.0,24.0,15.0,1.0,28.0,26.0,98.0,37.0,50.0,36.0,30.0,11.0,0.0,6.0,0.0,93.0,19.0,2.0,11.0,13.0,9.0,5.0,1.0,3.0,5.0,22.0,8.0,0.0,0.0,9.0,3.0,0.0,0.0
bauerca01w,2,0,WAS,29.0,18.0,398.0,76.0,20.0,36.0,56.0,14.0,8.0,3.0,28.0,72.0,72.0,29.0,21.0,18.0,1.0,0.0,1.0,0.0,0.0,0.0,0.0,0.0,0.0,0.0,0.0,0.0,0.0,0.0,0.0,0.0,0.0,0.0,0.0,0.0,0.0,0.0,0.0
bauerca01w,3,0,SAC,15.0,0.0,102.0,15.0,8.0,10.0,18.0,3.0,2.0,1.0,6.0,12.0,17.0,5.0,10.0,5.0,1.0,0.0,0.0,0.0,0.0,0.0,0.0,0.0,0.0,0.0,0.0,0.0,0.0,0.0,0.0,0.0,0.0,0.0,0.0,0.0,0.0,0.0,0.0
beardal01w,5,0,WAS,28.7,17.01,651.85,232.97,33.24,71.39,104.63,51.13,24.66,12.93,46.39,61.6,201.87,85.06,63.94,47.89,44.05,14.97,0.58,2.22,1.39,53.69,18.96,2.43,6.16,8.59,4.55,1.83,1.16,3.5,5.1,16.68,6.86,5.2,4.12,3.5,1.13,0.02,0.06
beardal01w,6,0,WAS,34.0,34.0,1025.0,446.0,28.0,115.0,143.0,91.0,69.0,34.0,80.0,98.0,380.0,159.0,149.0,107.0,56.0,21.0,0.0,3.0,3.0,102.0,50.0,2.0,13.0,15.0,9.0,6.0,8.0,10.0,8.0,41.0,18.0,13.0,13.0,4.0,1.0,0.0,0.0
beardal01w,7,0,WAS,30.0,30.0,1015.0,422.0,25.0,105.0,130.0,90.0,45.0,9.0,63.0,87.0,408.0,155.0,105.0,80.0,101.0,32.0,0.0,0.0,0.0,0.0,0.0,0.0,0.0,0.0,0.0,0.0,0.0,0.0,0.0,0.0,0.0,0.0,0.0,0.0,0.0,0.0,0.0
beardal01w,8,0,WAS,32.0,32.0,994.0,614.0,23.0,126.0,149.0,98.0,59.0,25.0,90.0,92.0,469.0,232.0,149.0,113.0,102.0,37.0,4.0,2.0,2.0,64.0,30.0,2.0,8.0,10.0,2.0,6.0,2.0,4.0,6.0,36.0,10.0,10.0,9.0,5.0,1.0,0.0,0.0
beardal01w,9,0,WAS,33.0,33.0,1169.0,622.0,25.0,114.0,139.0,99.0,64.0,24.0,94.0,105.0,539.0,224.0,150.0,127.0,146.0,47.0,2.0,0.0,0.0,0.0,0.0,0.0,0.0,0.0,0.0,0.0,0.0,0.0,0.0,0.0,0.0,0.0,0.0,0.0,0.0,0.0,0.0
beardal01w,10,0,WAS,33.0,33.0,1092.0,532.0,4.0,114.0,118.0,117.0,55.0,19.0,106.0,111.0,474.0,187.0,146.0,107.0,144.0,51.0,2.0,0.0,0.0,0.0,0.0,0.0,0.0,0.0,0.0,0.0,0.0,0.0,0.0,0.0,0.0,0.0,0.0,0.0,0.0,0.0,0.0
beckki01w,9,0,SEA,26.3,13.75,549.16,209.96,28.39,66.05,94.44,44.4,21.72,10.61,42.77,53.46,179.59,76.48,55.67,42.66,40.99,14.34,0.44,2.46,1.36,56.15,22.09,2.92,7.19,10.11,4.72,1.89,1.15,3.64,5.21,19.28,8.05,5.13,3.95,5.4,2.05,0.05,0.07
bennije01w,6,0,IND,26.65,15.15,595.55,202.63,28.15,62.64,90.79,45.87,22.75,11.35,41.56,56.01,175.03,74.17,56.05,41.7,35.87,12.58,0.49,2.27,1.3,51.9,17.12,2.49,5.36,7.85,3.75,2.1,1.04,3.58,4.45,15.18,6.27,4.4,3.37,3.32,1.21,0.01,0.04
berezva01w,9,0,SAS,26.3,13.75,549.16,209.96,28.39,66.05,94.44,44.4,21.72,10.61,42.77,53.46,179.59,76.48,55.67,42.66,40.99,14.34,0.44,2.46,1.36,56.15,22.09,2.92,7.19,10.11,4.72,1.89,1.15,3.64,5.21,19.28,8.05,5.13,3.95,5.4,2.05,0.05,0.07
berthlu01w,3,0,CLE,25.23,13.75,548.8,181.49,26.81,57.19,84.0,40.49,21.88,9.7,39.26,50.48,160.77,66.49,49.2,36.53,35.69,11.98,0.41,1.74,1.06,41.03,13.2,1.91,4.14,6.05,3.08,1.38,0.95,2.43,3.52,11.93,4.9,3.33,2.48,2.82,0.93,0.02,0.05
berthlu01w,4,0,CLE,5.0,0.0,16.0,8.0,3.0,1.0,4.0,0.0,0.0,0.0,0.0,5.0,7.0,3.0,4.0,2.0,1.0,0.0,0.0,0.0,0.0,0.0,0.0,0.0,0.0,0.0,0.0,0.0,0.0,0.0,0.0,0.0,0.0,0.0,0.0,0.0,0.0,0.0,0.0
berthlu01w,5,0,HOU,22.0,4.0,201.0,84.0,20.0,22.0,42.0,6.0,10.0,4.0,22.0,38.0,52.0,27.0,46.0,30.0,1.0,0.0,0.0,3.0,0.0,13.0,4.0,2.0,2.0,4.0,1.0,1.0,1.0,2.0,5.0,9.0,2.0,0.0,0.0,0.0,0.0,0.0,0.0
beviltu01w,2,0,POR,32.0,32.0,796.0,153.0,19.0,76.0,95.0,89.0,41.0,6.0,66.0,93.0,112.0,40.0,72.0,56.0,60.0,17.0,1.0,0.0,0.0,0.0,0.0,0.0,0.0,0.0,0.0,0.0,0.0,0.0,0.0,0.0,0.0,0.0,0.0,0.0,0.0,0.0,0.0
beviltu01w,3,0,POR,31.0,31.0,788.0,153.0,27.0,61.0,88.0,103.0,59.0,6.0,52.0,102.0,119.0,39.0,71.0,52.0,73.0,23.0,0.0,0.0,0.0,0.0,0.0,0.0,0.0,0.0,0.0,0.0,0.0,0.0,0.0,0.0,0.0,0.0,0.0,0.0,0.0,0.0,0.0
beviltu01w,4,0,SEA,27.0,19.0,421.0,84.0,7.0,26.0,33.0,44.0,22.0,3.0,27.0,49.0,61.0,25.0,29.0,19.0,36.0,15.0,0.0,0.0,0.0,0.0,0.0,0.0,0.0,0.0,0.0,0.0,0.0,0.0,0.0,0.0,0.0,0.0,0.0,0.0,0.0,0.0,0.0
beviltu01w,5,0,SEA,31.0,0.0,252.0,58.0,9.0,17.0,26.0,32.0,14.0,1.0,20.0,30.0,51.0,17.0,21.0,16.0,21.0,8.0,0.0,0.0,0.0,0.0,0.0,0.0,0.0,0.0,0.0,0.0,0.0,0.0,0.0,0.0,0.0,0.0,0.0,0.0,0.0,0.0,0.0
beviltu01w,6,0,IND,34.0,0.0,358.0,79.0,6.0,20.0,26.0,29.0,38.0,2.0,26.0,48.0,60.0,24.0,29.0,20.0,26.0,11.0,0.0,8.0,0.0,111.0,22.0,3.0,13.0,16.0,11.0,8.0,1.0,9.0,12.0,17.0,8.0,4.0,3.0,7.0,3.0,0.0,0.0
beviltu01w,7,0,IND,31.0,31.0,873.0,194.0,12.0,51.0,63.0,80.0,60.0,0.0,51.0,69.0,162.0,63.0,44.0,24.0,116.0,44.0,0.0,4.0,4.0,152.0,27.0,1.0,8.0,9.0,11.0,7.0,1.0,10.0,12.0,25.0,8.0,7.0,5.0,14.0,6.0,0.0,0.0
beviltu01w,8,0,IND,34.0,34.0,999.0,223.0,10.0,67.0,77.0,79.0,71.0,1.0,54.0,72.0,185.0,76.0,53.0,38.0,106.0,33.0,0.0,2.0,2.0,62.0,9.0,0.0,6.0,6.0,2.0,1.0,0.0,0.0,7.0,10.0,2.0,6.0,4.0,3.0,1.0,0.0,0.0
beviltu01w,9,0,IND,34.0,34.0,901.0,180.0,15.0,60.0,75.0,92.0,56.0,2.0,53.0,88.0,150.0,66.0,22.0,15.0,89.0,33.0,0.0,6.0,6.0,215.0,44.0,5.0,11.0,16.0,19.0,11.0,0.0,8.0,17.0,44.0,13.0,12.0,10.0,28.0,8.0,1.0,1.0
beviltu01w,10,0,IND,30.0,30.0,876.0,175.0,12.0,56.0,68.0,65.0,59.0,4.0,35.0,73.0,158.0,64.0,28.0,17.0,89.0,30.0,0.0,3.0,3.0,94.0,20.0,4.0,3.0,7.0,7.0,3.0,0.0,1.0,8.0,24.0,7.0,1.0,1.0,18.0,5.0,0.0,0.0
bibrzag01w,5,0,SAS,28.7,17.01,651.85,232.97,33.24,71.39,104.63,51.13,24.66,12.93,46.39,61.6,201.87,85.06,63.94,47.89,44.05,14.97,0.58,2.22,1.39,53.69,18.96,2.43,6.16,8.59,4.55,1.83,1.16,3.5,5.1,16.68,6.86,5.2,4.12,3.5,1.13,0.02,0.06
bibrzag01w,7,0,SAS,24.0,9.0,465.0,159.0,5.0,23.0,28.0,40.0,21.0,7.0,32.0,38.0,151.0,55.0,26.0,23.0,84.0,26.0,0.0,0.0,0.0,0.0,0.0,0.0,0.0,0.0,0.0,0.0,0.0,0.0,0.0,0.0,0.0,0.0,0.0,0.0,0.0,0.0,0.0
birdsu01w,3,0,SEA,25.23,13.75,548.8,181.49,26.81,57.19,84.0,40.49,21.88,9.7,39.26,50.48,160.77,66.49,49.2,36.53,35.69,11.98,0.41,1.74,1.06,41.03,13.2,1.91,4.14,6.05,3.08,1.38,0.95,2.43,3.52,11.93,4.9,3.33,2.48,2.82,0.93,0.02,0.05
birdsu01w,4,0,SEA,32.0,32.0,1121.0,461.0,17.0,66.0,83.0,191.0,55.0,3.0,109.0,48.0,375.0,151.0,112.0,102.0,142.0,57.0,0.0,2.0,2.0,73.0,28.0,0.0,0.0,0.0,12.0,5.0,0.0,5.0,6.0,22.0,9.0,7.0,7.0,11.0,3.0,0.0,0.0
birdsu01w,5,0,SEA,34.0,34.0,1136.0,420.0,22.0,91.0,113.0,221.0,48.0,1.0,110.0,47.0,368.0,155.0,69.0,61.0,140.0,49.0,0.0,0.0,0.0,0.0,0.0,0.0,0.0,0.0,0.0,0.0,0.0,0.0,0.0,0.0,0.0,0.0,0.0,0.0,0.0,0.0,0.0
birdsu01w,6,0,SEA,34.0,34.0,1136.0,439.0,22.0,84.0,106.0,184.0,51.0,5.0,87.0,48.0,326.0,151.0,85.0,73.0,146.0,64.0,0.0,8.0,8.0,233.0,68.0,5.0,21.0,26.0,42.0,12.0,0.0,16.0,13.0,61.0,23.0,21.0,16.0,20.0,6.0,0.0,0.0
birdsu01w,7,0,SEA,30.0,30.0,1020.0,364.0,21.0,51.0,72.0,176.0,29.0,6.0,87.0,46.0,294.0,130.0,69.0,59.0,103.0,45.0,0.0,3.0,3.0,103.0,27.0,1.0,4.0,5.0,13.0,3.0,0.0,4.0,6.0,33.0,9.0,8.0,7.0,15.0,2.0,0.0,0.0
birdsu01w,8,0,SEA,34.0,34.0,1065.0,389.0,24.0,78.0,102.0,162.0,61.0,5.0,88.0,60.0,333.0,137.0,68.0,59.0,153.0,56.0,1.0,3.0,3.0,106.0,38.0,3.0,5.0,8.0,10.0,1.0,2.0,7.0,3.0,36.0,13.0,8.0,5.0,21.0,7.0,0.0,1.0
birdsu01w,9,0,SEA,29.0,29.0,919.0,303.0,8.0,49.0,57.0,143.0,43.0,8.0,67.0,46.0,276.0,118.0,26.0,22.0,133.0,45.0,0.0,2.0,2.0,71.0,33.0,0.0,4.0,4.0,10.0,4.0,0.0,6.0,4.0,24.0,11.0,4.0,4.0,12.0,7.0,0.0,0.0
birdsu01w,10,0,SEA,33.0,33.0,1111.0,465.0,14.0,70.0,84.0,169.0,39.0,3.0,88.0,61.0,390.0,172.0,85.0,74.0,137.0,47.0,0.0,3.0,3.0,111.0,59.0,0.0,7.0,7.0,9.0,4.0,0.0,6.0,3.0,50.0,23.0,8.0,8.0,17.0,5.0,0.0,0.0
bjorkte01w,5,0,CHA,28.7,17.01,651.85,232.97,33.24,71.39,104.63,51.13,24.66,12.93,46.39,61.6,201.87,85.06,63.94,47.89,44.05,14.97,0.58,2.22,1.39,53.69,18.96,2.43,6.16,8.59,4.55,1.83,1.16,3.5,5.1,16.68,6.86,5.2,4.12,3.5,1.13,0.02,0.06
blackch01w,10,0,CON,28.09,16.51,621.77,243.43,31.76,73.59,105.35,52.2,25.52,12.22,47.11,63.24,204.69,87.19,69.31,52.68,47.79,16.38,0.56,2.5,1.31,55.1,20.23,2.49,6.44,8.93,4.32,1.95,1.01,4.04,5.19,17.52,7.26,5.39,4.28,4.31,1.42,0.02,0.05
blackde01w,2,0,MIA,32.0,32.0,820.0,152.0,23.0,69.0,92.0,98.0,58.0,1.0,50.0,86.0,150.0,57.0,42.0,29.0,42.0,9.0,0.0,0.0,0.0,0.0,0.0,0.0,0.0,0.0,0.0,0.0,0.0,0.0,0.0,0.0,0.0,0.0,0.0,0.0,0.0,0.0,0.0
blackde01w,3,0,MIA,32.0,32.0,946.0,180.0,43.0,83.0,126.0,123.0,82.0,2.0,51.0,69.0,187.0,70.0,48.0,37.0,20.0,3.0,0.0,3.0,3.0,95.0,14.0,7.0,9.0,16.0,11.0,5.0,1.0,4.0,7.0,18.0,7.0,0.0,0.0,3.0,0.0,0.0,1.0
blackde01w,4,0,CON,32.0,32.0,899.0,153.0,41.0,82.0,123.0,137.0,59.0,5.0,32.0,75.0,160.0,64.0,33.0,25.0,3.0,0.0,1.0,0.0,0.0,0.0,0.0,0.0,0.0,0.0,0.0,0.0,0.0,0.0,0.0,0.0,0.0,0.0,0.0,0.0,0.0,0.0,0.0
blackde01w,5,0,CON,34.0,0.0,373.0,55.0,16.0,35.0,51.0,46.0,20.0,2.0,18.0,33.0,68.0,24.0,9.0,6.0,3.0,1.0,0.0,4.0,0.0,29.0,8.0,1.0,1.0,2.0,2.0,2.0,0.0,0.0,2.0,10.0,4.0,0.0,0.0,0.0,0.0,0.0,0.0
blodgci01w,2,0,SAC,20.0,0.0,133.0,52.0,1.0,8.0,9.0,3.0,8.0,1.0,13.0,9.0,50.0,20.0,6.0,4.0,28.0,8.0,0.0,0.0,0.0,0.0,0.0,0.0,0.0,0.0,0.0,0.0,0.0,0.0,0.0,0.0,0.0,0.0,0.0,0.0,0.0,0.0,0.0
blueni01w,7,0,WAS,25.54,14.06,551.91,185.83,24.96,56.79,81.75,42.45,20.43,9.74,39.28,53.91,160.15,67.6,52.41,38.9,34.99,11.74,0.55,2.0,1.09,44.98,14.88,1.82,4.73,6.55,3.21,1.47,0.67,2.84,4.28,12.66,5.27,4.5,3.36,2.66,0.98,0.04,0.04
blueni01w,8,0,WAS,24.0,0.0,181.0,54.0,7.0,13.0,20.0,36.0,18.0,0.0,18.0,36.0,54.0,14.0,31.0,25.0,12.0,1.0,0.0,1.0,0.0,3.0,0.0,0.0,1.0,1.0,0.0,1.0,0.0,0.0,0.0,1.0,0.0,0.0,0.0,1.0,0.0,0.0,0.0
blueni01w,9,0,WAS,30.0,1.0,420.0,107.0,13.0,50.0,63.0,48.0,22.0,5.0,37.0,55.0,108.0,35.0,37.0,31.0,27.0,6.0,0.0,0.0,0.0,0.0,0.0,0.0,0.0,0.0,0.0,0.0,0.0,0.0,0.0,0.0,0.0,0.0,0.0,0.0,0.0,0.0,0.0
blueni01w,10,0,WAS,26.0,22.0,537.0,99.0,15.0,26.0,41.0,73.0,19.0,2.0,42.0,59.0,102.0,33.0,25.0,19.0,32.0,14.0,0.0,0.0,0.0,0.0,0.0,0.0,0.0,0.0,0.0,0.0,0.0,0.0,0.0,0.0,0.0,0.0,0.0,0.0,0.0,0.0,0.0
blueoc01w,4,0,HOU,26.12,15.6,604.13,208.08,28.55,61.69,90.24,47.04,23.71,11.16,42.62,55.83,178.36,75.29,57.52,43.31,41.07,14.19,0.53,1.78,1.11,44.72,16.41,2.01,4.64,6.66,3.96,1.6,0.72,2.72,3.83,13.91,6.03,4.09,3.11,3.47,1.23,0.02,0.05
blueoc01w,5,0,HOU,16.0,0.0,37.0,4.0,1.0,1.0,2.0,2.0,0.0,0.0,2.0,3.0,4.0,1.0,4.0,2.0,0.0,0.0,0.0,1.0,0.0,4.0,0.0,0.0,0.0,0.0,1.0,0.0,0.0,2.0,0.0,1.0,0.0,0.0,0.0,0.0,0.0,0.0,0.0
bobbish01w,9,0,LAS,26.3,13.75,549.16,209.96,28.39,66.05,94.44,44.4,21.72,10.61,42.77,53.46,179.59,76.48,55.67,42.66,40.99,14.34,0.44,2.46,1.36,56.15,22.09,2.92,7.19,10.11,4.72,1.89,1.15,3.64,5.21,19.28,8.05,5.13,3.95,5.4,2.05,0.05,0.07
bobbish01w,10,0,LAS,26.0,17.0,552.0,106.0,16.0,48.0,64.0,90.0,25.0,1.0,63.0,40.0,127.0,35.0,22.0,16.0,71.0,20.0,0.0,6.0,6.0,127.0,27.0,3.0,6.0,9.0,18.0,5.0,0.0,8.0,19.0,40.0,10.0,4.0,1.0,19.0,6.0,0.0,0.0
boddiwh01w,10,0,SAC,28.09,16.51,621.77,243.43,31.76,73.59,105.35,52.2,25.52,12.22,47.11,63.24,204.69,87.19,69.31,52.68,47.79,16.38,0.56,2.5,1.31,55.1,20.23,2.49,6.44,8.93,4.32,1.95,1.01,4.04,5.19,17.52,7.26,5.39,4.28,4.31,1.42,0.02,0.05
boltoru01w,2,0,SAC,29.0,29.0,868.0,380.0,42.0,64.0,106.0,57.0,34.0,1.0,45.0,60.0,368.0,133.0,84.0,64.0,160.0,50.0,0.0,2.0,2.0,70.0,39.0,4.0,5.0,9.0,7.0,4.0,0.0,5.0,6.0,34.0,13.0,9.0,9.0,14.0,4.0,0.0,0.0
boltoru01w,3,0,SAC,31.0,0.0,582.0,222.0,34.0,59.0,93.0,55.0,28.0,1.0,39.0,55.0,216.0,73.0,52.0,36.0,110.0,40.0,0.0,5.0,0.0,121.0,55.0,10.0,12.0,22.0,9.0,4.0,0.0,10.0,11.0,44.0,17.0,13.0,12.0,23.0,9.0,0.0,0.0
boltoru01w,4,0,SAC,32.0,1.0,737.0,349.0,31.0,63.0,94.0,37.0,45.0,2.0,35.0,74.0,316.0,125.0,77.0,56.0,132.0,43.0,0.0,0.0,0.0,0.0,0.0,0.0,0.0,0.0,0.0,0.0,0.0,0.0,0.0,0.0,0.0,0.0,0.0,0.0,0.0,0.0,0.0
boltoru01w,5,0,SAC,33.0,0.0,521.0,149.0,15.0,42.0,57.0,35.0,33.0,2.0,21.0,52.0,175.0,55.0,26.0,20.0,98.0,19.0,0.0,6.0,0.0,91.0,15.0,2.0,8.0,10.0,6.0,2.0,0.0,5.0,10.0,28.0,6.0,0.0,0.0,12.0,3.0,0.0,0.0
bondla01w,7,0,CHA,25.54,14.06,551.91,185.83,24.96,56.79,81.75,42.45,20.43,9.74,39.28,53.91,160.15,67.6,52.41,38.9,34.99,11.74,0.55,2.0,1.09,44.98,14.88,1.82,4.73,6.55,3.21,1.47,0.67,2.84,4.28,12.66,5.27,4.5,3.36,2.66,0.98,0.04,0.04
bondla01w,9,0,IND,34.0,5.0,614.0,193.0,7.0,42.0,49.0,73.0,35.0,8.0,80.0,83.0,158.0,63.0,77.0,57.0,46.0,10.0,1.0,0.0,0.0,0.0,0.0,0.0,0.0,0.0,0.0,0.0,0.0,0.0,0.0,0.0,0.0,0.0,0.0,0.0,0.0,0.0,0.0
bonfisu01w,3,0,PHO,25.23,13.75,548.8,181.49,26.81,57.19,84.0,40.49,21.88,9.7,39.26,50.48,160.77,66.49,49.2,36.53,35.69,11.98,0.41,1.74,1.06,41.03,13.2,1.91,4.14,6.05,3.08,1.38,0.95,2.43,3.52,11.93,4.9,3.33,2.48,2.82,0.93,0.02,0.05
bonnede01w,10,0,PHO,28.09,16.51,621.77,243.43,31.76,73.59,105.35,52.2,25.52,12.22,47.11,63.24,204.69,87.19,69.31,52.68,47.79,16.38,0.56,2.5,1.31,55.1,20.23,2.49,6.44,8.93,4.32,1.95,1.01,4.04,5.19,17.52,7.26,5.39,4.28,4.31,1.42,0.02,0.05
bowenli01w,8,0,NYL,27.63,15.03,590.39,224.03,29.59,68.73,98.32,47.71,23.73,9.81,43.11,57.02,190.87,81.15,62.0,47.06,43.3,14.66,0.41,2.11,1.27,47.78,17.62,2.66,5.57,8.24,3.76,1.55,0.91,3.1,4.73,15.76,6.45,4.92,3.58,3.32,1.13,0.03,0.1
boydca01w,2,0,DET,27.47,15.65,612.86,211.84,30.0,62.37,92.37,47.2,24.88,10.88,46.06,62.03,178.46,77.47,60.54,44.63,37.18,12.27,0.68,1.69,0.94,39.12,12.03,2.0,4.03,6.03,2.86,1.51,0.62,2.58,3.48,10.52,4.54,2.79,2.14,2.45,0.81,0.03,0.02
braxtka01w,6,0,DET,26.65,15.15,595.55,202.63,28.15,62.64,90.79,45.87,22.75,11.35,41.56,56.01,175.03,74.17,56.05,41.7,35.87,12.58,0.49,2.27,1.3,51.9,17.12,2.49,5.36,7.85,3.75,2.1,1.04,3.58,4.45,15.18,6.27,4.4,3.37,3.32,1.21,0.01,0.04
braxtka01w,7,0,DET,33.0,2.0,455.0,227.0,42.0,58.0,100.0,14.0,18.0,13.0,52.0,78.0,210.0,97.0,60.0,33.0,1.0,0.0,0.0,2.0,0.0,36.0,15.0,4.0,3.0,7.0,2.0,0.0,0.0,3.0,5.0,18.0,5.0,6.0,5.0,0.0,0.0,0.0,0.0
braxtka01w,8,0,DET,34.0,1.0,359.0,146.0,42.0,75.0,117.0,26.0,11.0,11.0,53.0,83.0,143.0,58.0,48.0,30.0,2.0,0.0,1.0,10.0,0.0,123.0,50.0,8.0,20.0,28.0,6.0,8.0,4.0,18.0,27.0,52.0,22.0,11.0,6.0,0.0,0.0,0.0,0.0
braxtka01w,9,0,DET,31.0,20.0,545.0,207.0,54.0,112.0,166.0,16.0,14.0,16.0,62.0,91.0,188.0,84.0,58.0,39.0,0.0,0.0,2.0,11.0,0.0,170.0,77.0,21.0,39.0,60.0,5.0,3.0,8.0,20.0,29.0,64.0,30.0,24.0,17.0,1.0,0.0,0.0,0.0
braxtka01w,10,0,DET,33.0,10.0,590.0,295.0,48.0,120.0,168.0,27.0,14.0,24.0,54.0,84.0,258.0,107.0,109.0,81.0,2.0,0.0,1.0,9.0,9.0,180.0,77.0,20.0,28.0,48.0,9.0,4.0,5.0,17.0,22.0,64.0,32.0,20.0,13.0,0.0,0.0,0.0,0.0
brazian01w,2,0,IND,22.0,3.0,203.0,51.0,16.0,18.0,34.0,5.0,5.0,0.0,17.0,24.0,49.0,19.0,19.0,13.0,0.0,0.0,0.0,0.0,0.0,0.0,0.0,0.0,0.0,0.0,0.0,0.0,0.0,0.0,0.0,0.0,0.0,0.0,0.0,0.0,0.0,0.0,0.0
bristre01w,2,0,CHA,27.47,15.65,612.86,211.84,30.0,62.37,92.37,47.2,24.88,10.88,46.06,62.03,178.46,77.47,60.54,44.63,37.18,12.27,0.68,1.69,0.94,39.12,12.03,2.0,4.03,6.03,2.86,1.51,0.62,2.58,3.48,10.52,4.54,2.79,2.14,2.45,0.81,0.03,0.02
brondsa01w,2,0,MIA,27.47,15.65,612.86,211.84,30.0,62.37,92.37,47.2,24.88,10.88,46.06,62.03,178.46,77.47,60.54,44.63,37.18,12.27,0.68,1.69,0.94,39.12,12.03,2.0,4.03,6.03,2.86,1.51,0.62,2.58,3.48,10.52,4.54,2.79,2.14,2.45,0.81,0.03,0.02
brondsa01w,3,0,MIA,29.0,29.0,850.0,367.0,10.0,40.0,50.0,63.0,28.0,4.0,36.0,61.0,344.0,142.0,70.0,57.0,66.0,26.0,0.0,3.0,3.0,107.0,34.0,1.0,9.0,10.0,7.0,2.0,0.0,3.0,5.0,36.0,13.0,6.0,5.0,10.0,3.0,0.0,0.0
brondsa01w,4,0,SEA,30.0,23.0,763.0,263.0,7.0,34.0,41.0,46.0,26.0,4.0,40.0,40.0,266.0,97.0,67.0,55.0,44.0,14.0,0.0,0.0,0.0,0.0,0.0,0.0,0.0,0.0,0.0,0.0,0.0,0.0,0.0,0.0,0.0,0.0,0.0,0.0,0.0,0.0,0.0
brownco01w,4,0,IND,26.12,15.6,604.13,208.08,28.55,61.69,90.24,47.04,23.71,11.16,42.62,55.83,178.36,75.29,57.52,43.31,41.07,14.19,0.53,1.78,1.11,44.72,16.41,2.01,4.64,6.66,3.96,1.6,0.72,2.72,3.83,13.91,6.03,4.09,3.11,3.47,1.23,0.02,0.05
brownco01w,5,0,IND,30.0,2.0,522.0,186.0,11.0,30.0,41.0,31.0,21.0,4.0,36.0,30.0,164.0,61.0,33.0,28.0,100.0,36.0,0.0,0.0,0.0,0.0,0.0,0.0,0.0,0.0,0.0,0.0,0.0,0.0,0.0,0.0,0.0,0.0,0.0,0.0,0.0,0.0,0.0
brownco01w,6,0,IND,26.0,0.0,398.0,104.0,10.0,24.0,34.0,41.0,7.0,1.0,31.0,31.0,108.0,37.0,16.0,10.0,56.0,20.0,0.0,0.0,0.0,0.0,0.0,0.0,0.0,0.0,0.0,0.0,0.0,0.0,0.0,0.0,0.0,0.0,0.0,0.0,0.0,0.0,0.0
brownco01w,7,0,CHI,6.0,0.0,23.0,6.0,0.0,2.0,2.0,3.0,1.0,0.0,3.0,1.0,5.0,2.0,0.0,0.0,5.0,2.0,0.0,0.0,0.0,0.0,0.0,0.0,0.0,0.0,0.0,0.0,0.0,0.0,0.0,0.0,0.0,0.0,0.0,0.0,0.0,0.0,0.0
browned01w,2,0,DET,32.0,7.0,619.0,188.0,36.0,52.0,88.0,72.0,24.0,5.0,68.0,77.0,168.0,60.0,80.0,67.0,4.0,1.0,0.0,0.0,0.0,0.0,0.0,0.0,0.0,0.0,0.0,0.0,0.0,0.0,0.0,0.0,0.0,0.0,0.0,0.0,0.0,0.0,0.0
browned01w,3,0,DET,32.0,14.0,800.0,237.0,31.0,70.0,101.0,87.0,33.0,7.0,68.0,83.0,232.0,85.0,60.0,47.0,53.0,20.0,1.0,0.0,0.0,0.0,0.0,0.0,0.0,0.0,0.0,0.0,0.0,0.0,0.0,0.0,0.0,0.0,0.0,0.0,0.0,0.0,0.0
browned01w,4,0,PHO,28.0,7.0,549.0,115.0,29.0,53.0,82.0,58.0,25.0,7.0,60.0,73.0,131.0,43.0,32.0,23.0,12.0,6.0,0.0,0.0,0.0,0.0,0.0,0.0,0.0,0.0,0.0,0.0,0.0,0.0,0.0,0.0,0.0,0.0,0.0,0.0,0.0,0.0,0.0
browned01w,7,0,HOU,34.0,6.0,524.0,118.0,29.0,42.0,71.0,62.0,30.0,7.0,47.0,44.0,152.0,41.0,44.0,36.0,3.0,0.0,0.0,0.0,0.0,0.0,0.0,0.0,0.0,0.0,0.0,0.0,0.0,0.0,0.0,0.0,0.0,0.0,0.0,0.0,0.0,0.0,0.0
brownki01w,3,0,WAS,25.23,13.75,548.8,181.49,26.81,57.19,84.0,40.49,21.88,9.7,39.26,50.48,160.77,66.49,49.2,36.53,35.69,11.98,0.41,1.74,1.06,41.03,13.2,1.91,4.14,6.05,3.08,1.38,0.95,2.43,3.52,11.93,4.9,3.33,2.48,2.82,0.93,0.02,0.05
brownki01w,4,0,WAS,18.0,0.0,108.0,28.0,4.0,8.0,12.0,6.0,5.0,0.0,5.0,10.0,35.0,12.0,3.0,3.0,11.0,1.0,0.0,2.0,0.0,15.0,6.0,0.0,1.0,1.0,1.0,2.0,0.0,0.0,3.0,6.0,3.0,0.0,0.0,2.0,0.0,0.0,0.0
brownki01w,5,0,WAS,27.0,0.0,269.0,60.0,6.0,26.0,32.0,28.0,13.0,1.0,22.0,23.0,72.0,24.0,3.0,2.0,33.0,10.0,0.0,0.0,0.0,0.0,0.0,0.0,0.0,0.0,0.0,0.0,0.0,0.0,0.0,0.0,0.0,0.0,0.0,0.0,0.0,0.0,0.0
brownki01w,6,2,HOU,26.0,0.0,371.0,104.0,9.0,41.0,50.0,42.0,13.0,2.0,33.0,21.0,88.0,35.0,24.0,21.0,28.0,13.0,0.0,2.0,0.0,3.0,3.0,0.0,0.0,0.0,0.0,0.0,0.0,0.0,0.0,1.0,1.0,0.0,0.0,1.0,1.0,0.0,0.0
brownki01w,6,1,WAS,4.0,0.0,18.0,0.0,0.0,1.0,1.0,2.0,1.0,0.0,2.0,1.0,0.0,0.0,0.0,0.0,0.0,0.0,0.0,1.0,0.0,1.0,2.0,0.0,0.0,0.0,0.0,0.0,0.0,0.0,1.0,0.0,0.0,2.0,2.0,0.0,0.0,0.0,0.0
brownki01w,7,0,NYL,2.0,0.0,14.0,2.0,0.0,0.0,0.0,0.0,2.0,0.0,2.0,0.0,2.0,1.0,0.0,0.0,1.0,0.0,0.0,0.0,0.0,0.0,0.0,0.0,0.0,0.0,0.0,0.0,0.0,0.0,0.0,0.0,0.0,0.0,0.0,0.0,0.0,0.0,0.0
brownki01w,8,2,LAS,16.0,0.0,58.0,20.0,2.0,6.0,8.0,9.0,2.0,0.0,3.0,7.0,20.0,6.0,8.0,7.0,4.0,1.0,0.0,0.0,0.0,0.0,0.0,0.0,0.0,0.0,0.0,0.0,0.0,0.0,0.0,0.0,0.0,0.0,0.0,0.0,0.0,0.0,0.0
brownki01w,8,1,MIN,27.0,0.0,327.0,131.0,8.0,31.0,39.0,48.0,12.0,3.0,25.0,21.0,99.0,39.0,40.0,35.0,40.0,18.0,0.0,0.0,0.0,0.0,0.0,0.0,0.0,0.0,0.0,0.0,0.0,0.0,0.0,0.0,0.0,0.0,0.0,0.0,0.0,0.0,0.0
brownki01w,9,0,LAS,3.0,0.0,29.0,11.0,2.0,3.0,5.0,2.0,1.0,1.0,2.0,5.0,9.0,2.0,8.0,6.0,3.0,1.0,0.0,0.0,0.0,0.0,0.0,0.0,0.0,0.0,0.0,0.0,0.0,0.0,0.0,0.0,0.0,0.0,0.0,0.0,0.0,0.0,0.0
brownki01w,10,0,CON,32.0,17.0,530.0,158.0,8.0,51.0,59.0,66.0,19.0,0.0,39.0,41.0,146.0,52.0,34.0,31.0,67.0,23.0,0.0,4.0,3.0,32.0,14.0,1.0,0.0,1.0,2.0,0.0,0.0,1.0,1.0,14.0,6.0,1.0,1.0,3.0,1.0,0.0,0.0
brownru01w,2,0,CLE,30.0,22.0,679.0,253.0,54.0,70.0,124.0,44.0,38.0,13.0,59.0,81.0,187.0,93.0,78.0,66.0,2.0,1.0,0.0,6.0,6.0,167.0,63.0,19.0,15.0,34.0,10.0,17.0,2.0,17.0,17.0,45.0,21.0,24.0,21.0,1.0,0.0,0.0,0.0
brownru01w,3,0,CLE,30.0,24.0,760.0,249.0,49.0,83.0,132.0,37.0,44.0,10.0,37.0,73.0,195.0,101.0,63.0,46.0,1.0,1.0,1.0,3.0,1.0,62.0,25.0,2.0,6.0,8.0,5.0,4.0,2.0,3.0,9.0,15.0,10.0,6.0,5.0,0.0,0.0,0.0,0.0
brownru01w,4,0,CHA,28.0,2.0,468.0,112.0,29.0,46.0,75.0,27.0,21.0,8.0,39.0,54.0,105.0,42.0,38.0,28.0,1.0,0.0,0.0,0.0,0.0,0.0,0.0,0.0,0.0,0.0,0.0,0.0,0.0,0.0,0.0,0.0,0.0,0.0,0.0,0.0,0.0,0.0,0.0
brumfma01w,2,0,MIA,32.0,17.0,613.0,124.0,22.0,38.0,60.0,42.0,22.0,2.0,40.0,70.0,101.0,47.0,42.0,29.0,9.0,1.0,1.0,0.0,0.0,0.0,0.0,0.0,0.0,0.0,0.0,0.0,0.0,0.0,0.0,0.0,0.0,0.0,0.0,0.0,0.0,0.0,0.0
brumfma01w,4,0,CHA,27.0,0.0,247.0,44.0,8.0,17.0,25.0,32.0,20.0,0.0,24.0,27.0,60.0,17.0,5.0,5.0,15.0,5.0,0.0,2.0,0.0,4.0,2.0,0.0,0.0,0.0,0.0,1.0,0.0,0.0,0.0,2.0,1.0,0.0,0.0,1.0,0.0,0.0,0.0
brungje01w,5,0,CON,28.7,17.01,651.85,232.97,33.24,71.39,104.63,51.13,24.66,12.93,46.39,61.6,201.87,85.06,63.94,47.89,44.05,14.97,0.58,2.22,1.39,53.69,18.96,2.43,6.16,8.59,4.55,1.83,1.16,3.5,5.1,16.68,6.86,5.2,4.12,3.5,1.13,0.02,0.06
brungje01w,6,0,CON,33.0,0.0,314.0,50.0,10.0,27.0,37.0,27.0,4.0,4.0,12.0,21.0,59.0,18.0,5.0,4.0,38.0,10.0,0.0,8.0,0.0,101.0,8.0,5.0,8.0,13.0,5.0,1.0,0.0,2.0,5.0,15.0,3.0,0.0,0.0,10.0,2.0,0.0,0.0
brungje01w,7,0,CON,12.0,0.0,47.0,2.0,1.0,5.0,6.0,2.0,0.0,0.0,2.0,4.0,9.0,1.0,0.0,0.0,4.0,0.0,0.0,0.0,0.0,0.0,0.0,0.0,0.0,0.0,0.0,0.0,0.0,0.0,0.0,0.0,0.0,0.0,0.0,0.0,0.0,0.0,0.0
brunsre01w,5,0,SAC,28.7,17.01,651.85,232.97,33.24,71.39,104.63,51.13,24.66,12.93,46.39,61.6,201.87,85.06,63.94,47.89,44.05,14.97,0.58,2.22,1.39,53.69,18.96,2.43,6.16,8.59,4.55,1.83,1.16,3.5,5.1,16.68,6.86,5.2,4.12,3.5,1.13,0.02,0.06
brunsre01w,6,0,SAC,34.0,1.0,494.0,151.0,42.0,80.0,122.0,19.0,23.0,13.0,29.0,48.0,140.0,59.0,46.0,33.0,0.0,0.0,0.0,6.0,0.0,80.0,19.0,8.0,9.0,17.0,3.0,2.0,4.0,3.0,5.0,20.0,7.0,7.0,5.0,0.0,0.0,0.0,0.0
brunsre01w,7,0,SAC,34.0,16.0,722.0,265.0,75.0,112.0,187.0,16.0,28.0,15.0,42.0,61.0,246.0,105.0,92.0,55.0,0.0,0.0,0.0,8.0,8.0,194.0,55.0,13.0,31.0,44.0,10.0,5.0,4.0,9.0,27.0,56.0,25.0,11.0,5.0,0.0,0.0,0.0,0.0
brunsre01w,8,0,SAC,34.0,14.0,597.0,232.0,77.0,114.0,191.0,17.0,21.0,15.0,40.0,65.0,204.0,94.0,75.0,44.0,0.0,0.0,0.0,9.0,0.0,154.0,54.0,9.0,23.0,32.0,5.0,3.0,6.0,9.0,16.0,54.0,18.0,28.0,18.0,1.0,0.0,0.0,0.0
brunsre01w,9,0,SAC,33.0,29.0,932.0,378.0,130.0,165.0,295.0,24.0,44.0,31.0,58.0,78.0,298.0,141.0,140.0,96.0,4.0,0.0,0.0,3.0,3.0,88.0,45.0,4.0,15.0,19.0,1.0,3.0,5.0,2.0,3.0,31.0,19.0,10.0,7.0,0.0,0.0,0.0,0.0
brunsre01w,10,0,SAC,30.0,30.0,779.0,327.0,87.0,126.0,213.0,13.0,36.0,20.0,51.0,82.0,270.0,135.0,85.0,57.0,0.0,0.0,0.0,0.0,0.0,0.0,0.0,0.0,0.0,0.0,0.0,0.0,0.0,0.0,0.0,0.0,0.0,0.0,0.0,0.0,0.0,0.0,0.0
bullevi01w,2,0,WAS,32.0,32.0,1094.0,342.0,61.0,122.0,183.0,42.0,64.0,47.0,58.0,88.0,294.0,143.0,63.0,45.0,34.0,11.0,0.0,2.0,2.0,69.0,30.0,2.0,7.0,9.0,3.0,5.0,5.0,2.0,5.0,20.0,10.0,6.0,6.0,7.0,4.0,0.0,0.0
bullevi01w,3,0,WAS,32.0,32.0,1073.0,278.0,65.0,166.0,231.0,41.0,53.0,58.0,53.0,86.0,286.0,112.0,48.0,35.0,64.0,19.0,0.0,0.0,0.0,0.0,0.0,0.0,0.0,0.0,0.0,0.0,0.0,0.0,0.0,0.0,0.0,0.0,0.0,0.0,0.0,0.0,0.0
burgean01w,2,0,WAS,27.47,15.65,612.86,211.84,30.0,62.37,92.37,47.2,24.88,10.88,46.06,62.03,178.46,77.47,60.54,44.63,37.18,12.27,0.68,1.69,0.94,39.12,12.03,2.0,4.03,6.03,2.86,1.51,0.62,2.58,3.48,10.52,4.54,2.79,2.14,2.45,0.81,0.03,0.02
burgean01w,3,0,WAS,31.0,27.0,731.0,124.0,27.0,49.0,76.0,88.0,26.0,2.0,60.0,45.0,141.0,47.0,27.0,16.0,47.0,14.0,0.0,0.0,0.0,0.0,0.0,0.0,0.0,0.0,0.0,0.0,0.0,0.0,0.0,0.0,0.0,0.0,0.0,0.0,0.0,0.0,0.0
burgean01w,4,0,WAS,26.0,26.0,632.0,125.0,16.0,46.0,62.0,93.0,34.0,4.0,41.0,39.0,101.0,39.0,45.0,35.0,33.0,12.0,0.0,5.0,5.0,160.0,30.0,7.0,8.0,15.0,27.0,2.0,0.0,10.0,4.0,29.0,11.0,9.0,6.0,8.0,2.0,0.0,0.0
burraal01w,2,0,POR,21.0,4.0,314.0,159.0,20.0,54.0,74.0,6.0,3.0,7.0,36.0,36.0,109.0,64.0,41.0,31.0,0.0,0.0,0.0,0.0,0.0,0.0,0.0,0.0,0.0,0.0,0.0,0.0,0.0,0.0,0.0,0.0,0.0,0.0,0.0,0.0,0.0,0.0,0.0
burraal01w,3,0,POR,26.0,1.0,272.0,106.0,22.0,37.0,59.0,10.0,5.0,3.0,30.0,30.0,83.0,44.0,31.0,18.0,0.0,0.0,0.0,0.0,0.0,0.0,0.0,0.0,0.0,0.0,0.0,0.0,0.0,0.0,0.0,0.0,0.0,0.0,0.0,0.0,0.0,0.0,0.0
burraal01w,4,0,SEA,32.0,24.0,633.0,278.0,52.0,95.0,147.0,7.0,10.0,7.0,49.0,58.0,186.0,117.0,52.0,44.0,0.0,0.0,0.0,0.0,0.0,0.0,0.0,0.0,0.0,0.0,0.0,0.0,0.0,0.0,0.0,0.0,0.0,0.0,0.0,0.0,0.0,0.0,0.0
burseja01w,2,0,MIN,27.47,15.65,612.86,211.84,30.0,62.37,92.37,47.2,24.88,10.88,46.06,62.03,178.46,77.47,60.54,44.63,37.18,12.27,0.68,1.69,0.94,39.12,12.03,2.0,4.03,6.03,2.86,1.51,0.62,2.58,3.48,10.52,4.54,2.79,2.14,2.45,0.81,0.03,0.02
burseja01w,3,0,MIN,20.0,0.0,169.0,47.0,23.0,19.0,42.0,5.0,2.0,15.0,20.0,20.0,48.0,16.0,20.0,15.0,1.0,0.0,0.0,0.0,0.0,0.0,0.0,0.0,0.0,0.0,0.0,0.0,0.0,0.0,0.0,0.0,0.0,0.0,0.0,0.0,0.0,0.0,0.0
burseja01w,4,0,MIN,31.0,2.0,344.0,83.0,29.0,31.0,60.0,7.0,7.0,13.0,18.0,60.0,83.0,31.0,36.0,21.0,1.0,0.0,0.0,0.0,0.0,0.0,0.0,0.0,0.0,0.0,0.0,0.0,0.0,0.0,0.0,0.0,0.0,0.0,0.0,0.0,0.0,0.0,0.0
burseja01w,5,0,SEA,29.0,14.0,438.0,206.0,40.0,68.0,108.0,19.0,13.0,28.0,42.0,81.0,155.0,76.0,70.0,54.0,2.0,0.0,2.0,3.0,3.0,42.0,16.0,2.0,7.0,9.0,2.0,4.0,2.0,3.0,3.0,18.0,6.0,6.0,4.0,0.0,0.0,0.0,0.0
burseja01w,6,0,SEA,29.0,0.0,514.0,141.0,51.0,45.0,96.0,19.0,23.0,36.0,41.0,84.0,119.0,51.0,67.0,39.0,0.0,0.0,2.0,8.0,0.0,109.0,27.0,10.0,8.0,18.0,1.0,9.0,10.0,8.0,17.0,27.0,12.0,4.0,3.0,0.0,0.0,0.0,0.0
burseja01w,7,0,SEA,34.0,34.0,859.0,340.0,81.0,118.0,199.0,23.0,19.0,40.0,78.0,139.0,243.0,127.0,123.0,86.0,0.0,0.0,6.0,3.0,3.0,90.0,28.0,8.0,6.0,14.0,3.0,3.0,1.0,2.0,11.0,18.0,11.0,6.0,6.0,0.0,0.0,0.0,0.0
burseja01w,8,0,SEA,27.0,27.0,737.0,300.0,63.0,115.0,178.0,22.0,17.0,25.0,55.0,91.0,221.0,113.0,109.0,73.0,1.0,1.0,1.0,3.0,3.0,81.0,31.0,3.0,7.0,10.0,1.0,2.0,3.0,1.0,11.0,26.0,10.0,13.0,11.0,0.0,0.0,1.0,0.0
burseja01w,10,0,SEA,29.0,29.0,709.0,256.0,67.0,87.0,154.0,22.0,13.0,28.0,58.0,86.0,209.0,93.0,101.0,70.0,1.0,0.0,0.0,0.0,0.0,0.0,0.0,0.0,0.0,0.0,0.0,0.0,0.0,0.0,0.0,0.0,0.0,0.0,0.0,0.0,0.0,0.0,0.0
buttsta01w,5,0,MIN,28.7,17.01,651.85,232.97,33.24,71.39,104.63,51.13,24.66,12.93,46.39,61.6,201.87,85.06,63.94,47.89,44.05,14.97,0.58,2.22,1.39,53.69,18.96,2.43,6.16,8.59,4.55,1.83,1.16,3.5,5.1,16.68,6.86,5.2,4.12,3.5,1.13,0.02,0.06
byearla01w,2,0,LAS,32.0,0.0,521.0,181.0,42.0,80.0,122.0,21.0,30.0,5.0,35.0,72.0,143.0,75.0,49.0,30.0,2.0,1.0,1.0,2.0,0.0,12.0,0.0,0.0,2.0,2.0,0.0,1.0,0.0,0.0,0.0,1.0,0.0,0.0,0.0,0.0,0.0,0.0,0.0
byearla01w,3,0,LAS,32.0,13.0,739.0,297.0,80.0,103.0,183.0,29.0,42.0,13.0,38.0,112.0,221.0,133.0,52.0,30.0,3.0,1.0,4.0,7.0,0.0,102.0,45.0,15.0,13.0,28.0,2.0,3.0,4.0,5.0,16.0,36.0,18.0,14.0,9.0,0.0,0.0,0.0,0.0
byearla01w,4,0,LAS,26.0,5.0,486.0,182.0,65.0,76.0,141.0,13.0,19.0,4.0,20.0,89.0,123.0,76.0,53.0,30.0,0.0,0.0,4.0,6.0,2.0,128.0,42.0,15.0,14.0,29.0,5.0,9.0,1.0,10.0,19.0,30.0,19.0,11.0,4.0,0.0,0.0,0.0,0.0
byearla01w,7,0,WAS,5.0,0.0,72.0,28.0,12.0,9.0,21.0,2.0,0.0,2.0,2.0,12.0,25.0,10.0,11.0,8.0,1.0,0.0,0.0,0.0,0.0,0.0,0.0,0.0,0.0,0.0,0.0,0.0,0.0,0.0,0.0,0.0,0.0,0.0,0.0,0.0,0.0,0.0,0.0
byearla01w,8,0,HOU,26.0,0.0,330.0,112.0,37.0,50.0,87.0,10.0,12.0,2.0,35.0,58.0,107.0,48.0,20.0,16.0,0.0,0.0,2.0,0.0,0.0,0.0,0.0,0.0,0.0,0.0,0.0,0.0,0.0,0.0,0.0,0.0,0.0,0.0,0.0,0.0,0.0,0.0,0.0
byearla01w,9,0,HOU,30.0,0.0,327.0,151.0,37.0,38.0,75.0,16.0,23.0,5.0,37.0,60.0,110.0,65.0,36.0,21.0,0.0,0.0,0.0,0.0,0.0,0.0,0.0,0.0,0.0,0.0,0.0,0.0,0.0,0.0,0.0,0.0,0.0,0.0,0.0,0.0,0.0,0.0,0.0
campbed01w,2,0,SAC,16.0,16.0,510.0,222.0,8.0,26.0,34.0,37.0,19.0,4.0,40.0,35.0,215.0,84.0,58.0,41.0,49.0,13.0,0.0,0.0,0.0,0.0,0.0,0.0,0.0,0.0,0.0,0.0,0.0,0.0,0.0,0.0,0.0,0.0,0.0,0.0,0.0,0.0,0.0
campbed01w,3,0,SAC,32.0,32.0,854.0,260.0,11.0,74.0,85.0,74.0,19.0,9.0,64.0,45.0,244.0,92.0,43.0,33.0,94.0,43.0,0.0,5.0,5.0,115.0,28.0,4.0,7.0,11.0,11.0,5.0,1.0,5.0,9.0,31.0,11.0,3.0,2.0,9.0,4.0,0.0,0.0
campbed01w,4,0,SAC,1.0,0.0,12.0,4.0,0.0,1.0,1.0,0.0,1.0,0.0,0.0,0.0,5.0,2.0,0.0,0.0,2.0,0.0,0.0,0.0,0.0,0.0,0.0,0.0,0.0,0.0,0.0,0.0,0.0,0.0,0.0,0.0,0.0,0.0,0.0,0.0,0.0,0.0,0.0
campbed01w,5,0,SAC,34.0,34.0,724.0,267.0,17.0,53.0,70.0,43.0,21.0,5.0,43.0,42.0,244.0,98.0,33.0,25.0,111.0,46.0,0.0,6.0,6.0,148.0,40.0,1.0,3.0,4.0,11.0,1.0,0.0,8.0,11.0,36.0,17.0,2.0,2.0,16.0,4.0,0.0,1.0
campbed01w,6,0,SAS,22.0,22.0,332.0,74.0,3.0,16.0,19.0,16.0,5.0,2.0,15.0,24.0,76.0,29.0,2.0,0.0,39.0,16.0,0.0,6.0,6.0,102.0,26.0,0.0,11.0,11.0,5.0,3.0,0.0,2.0,6.0,25.0,10.0,0.0,0.0,14.0,6.0,0.0,0.0
cantydo01w,2,0,DET,28.0,27.0,784.0,257.0,31.0,39.0,70.0,82.0,49.0,5.0,51.0,64.0,203.0,83.0,131.0,91.0,5.0,0.0,0.0,0.0,0.0,0.0,0.0,0.0,0.0,0.0,0.0,0.0,0.0,0.0,0.0,0.0,0.0,0.0,0.0,0.0,0.0,0.0,0.0
cantydo01w,3,0,DET,32.0,18.0,625.0,197.0,45.0,38.0,83.0,70.0,31.0,1.0,55.0,69.0,193.0,70.0,74.0,56.0,5.0,1.0,0.0,0.0,0.0,0.0,0.0,0.0,0.0,0.0,0.0,0.0,0.0,0.0,0.0,0.0,0.0,0.0,0.0,0.0,0.0,0.0,0.0
cantydo01w,4,0,HOU,28.0,12.0,625.0,160.0,24.0,45.0,69.0,83.0,21.0,4.0,56.0,59.0,154.0,52.0,76.0,55.0,5.0,1.0,0.0,0.0,0.0,0.0,0.0,0.0,0.0,0.0,0.0,0.0,0.0,0.0,0.0,0.0,0.0,0.0,0.0,0.0,0.0,0.0,0.0
cantydo01w,5,0,HOU,32.0,4.0,648.0,172.0,36.0,64.0,100.0,56.0,22.0,1.0,49.0,62.0,145.0,55.0,93.0,62.0,1.0,0.0,0.0,3.0,0.0,48.0,11.0,7.0,4.0,11.0,5.0,1.0,0.0,3.0,7.0,9.0,3.0,8.0,5.0,0.0,0.0,0.0,0.0
cantydo01w,6,0,HOU,32.0,12.0,770.0,177.0,40.0,44.0,84.0,64.0,32.0,1.0,45.0,61.0,150.0,63.0,72.0,51.0,2.0,0.0,0.0,0.0,0.0,0.0,0.0,0.0,0.0,0.0,0.0,0.0,0.0,0.0,0.0,0.0,0.0,0.0,0.0,0.0,0.0,0.0,0.0
cantydo01w,7,0,HOU,33.0,32.0,997.0,270.0,25.0,83.0,108.0,101.0,29.0,2.0,67.0,75.0,238.0,95.0,110.0,80.0,4.0,0.0,0.0,5.0,5.0,162.0,40.0,11.0,11.0,22.0,17.0,1.0,0.0,14.0,12.0,30.0,12.0,20.0,16.0,0.0,0.0,0.0,0.0
cantydo01w,8,0,CHI,15.0,15.0,431.0,164.0,12.0,40.0,52.0,44.0,17.0,0.0,35.0,36.0,105.0,54.0,77.0,56.0,3.0,0.0,0.0,2.0,2.0,48.0,16.0,0.0,4.0,4.0,6.0,0.0,0.0,5.0,1.0,8.0,6.0,6.0,4.0,0.0,0.0,0.0,0.0
cantydo01w,9,0,CHI,30.0,27.0,776.0,259.0,19.0,45.0,64.0,123.0,30.0,4.0,57.0,42.0,241.0,87.0,115.0,81.0,16.0,4.0,0.0,0.0,0.0,0.0,0.0,0.0,0.0,0.0,0.0,0.0,0.0,0.0,0.0,0.0,0.0,0.0,0.0,0.0,0.0,0.0,0.0
cantydo01w,10,0,CHI,28.0,28.0,737.0,226.0,24.0,47.0,71.0,115.0,28.0,3.0,54.0,74.0,180.0,71.0,124.0,83.0,6.0,1.0,0.0,0.0,0.0,0.0,0.0,0.0,0.0,0.0,0.0,0.0,0.0,0.0,0.0,0.0,0.0,0.0,0.0,0.0,0.0,0.0,0.0
careyja01w,6,0,CON,26.65,15.15,595.55,202.63,28.15,62.64,90.79,45.87,22.75,11.35,41.56,56.01,175.03,74.17,56.05,41.7,35.87,12.58,0.49,2.27,1.3,51.9,17.12,2.49,5.36,7.85,3.75,2.1,1.04,3.58,4.45,15.18,6.27,4.4,3.37,3.32,1.21,0.01,0.04
careyja01w,7,0,CON,15.0,0.0,86.0,18.0,2.0,4.0,6.0,7.0,2.0,0.0,4.0,9.0,19.0,7.0,0.0,0.0,13.0,4.0,0.0,6.0,0.0,71.0,5.0,0.0,2.0,2.0,7.0,1.0,0.0,4.0,5.0,9.0,2.0,0.0,0.0,6.0,1.0,0.0,0.0
careyja01w,8,0,CON,24.0,0.0,286.0,63.0,1.0,15.0,16.0,32.0,7.0,0.0,17.0,24.0,58.0,22.0,5.0,5.0,40.0,14.0,0.0,5.0,0.0,29.0,5.0,0.0,1.0,1.0,2.0,0.0,0.0,0.0,4.0,6.0,2.0,0.0,0.0,5.0,1.0,0.0,0.0
careyja01w,9,0,CON,33.0,0.0,419.0,112.0,1.0,29.0,30.0,30.0,4.0,0.0,16.0,30.0,101.0,37.0,8.0,6.0,71.0,32.0,0.0,3.0,0.0,47.0,8.0,0.0,2.0,2.0,9.0,1.0,0.0,1.0,1.0,7.0,2.0,3.0,2.0,6.0,2.0,0.0,0.0
carsoes01w,9,0,NYL,26.3,13.75,549.16,209.96,28.39,66.05,94.44,44.4,21.72,10.61,42.77,53.46,179.59,76.48,55.67,42.66,40.99,14.34,0.44,2.46,1.36,56.15,22.09,2.92,7.19,10.11,4.72,1.89,1.15,3.64,5.21,19.28,8.05,5.13,3.95,5.4,2.05,0.05,0.07
carsoes01w,10,0,NYL,34.0,30.0,646.0,223.0,25.0,51.0,76.0,31.0,32.0,8.0,35.0,49.0,245.0,92.0,46.0,31.0,29.0,8.0,0.0,6.0,6.0,101.0,34.0,1.0,8.0,9.0,5.0,1.0,2.0,4.0,11.0,33.0,16.0,2.0,1.0,6.0,1.0,0.0,0.0
carteam01w,5,0,DET,28.7,17.01,651.85,232.97,33.24,71.39,104.63,51.13,24.66,12.93,46.39,61.6,201.87,85.06,63.94,47.89,44.05,14.97,0.58,2.22,1.39,53.69,18.96,2.43,6.16,8.59,4.55,1.83,1.16,3.5,5.1,16.68,6.86,5.2,4.12,3.5,1.13,0.02,0.06
carteam01w,6,0,NYL,2.0,0.0,13.0,1.0,0.0,4.0,4.0,0.0,2.0,0.0,3.0,5.0,0.0,0.0,2.0,1.0,0.0,0.0,0.0,0.0,0.0,0.0,0.0,0.0,0.0,0.0,0.0,0.0,0.0,0.0,0.0,0.0,0.0,0.0,0.0,0.0,0.0,0.0,0.0
cashsw01w,3,0,DET,25.23,13.75,548.8,181.49,26.81,57.19,84.0,40.49,21.88,9.7,39.26,50.48,160.77,66.49,49.2,36.53,35.69,11.98,0.41,1.74,1.06,41.03,13.2,1.91,4.14,6.05,3.08,1.38,0.95,2.43,3.52,11.93,4.9,3.33,2.48,2.82,0.93,0.02,0.05
cashsw01w,4,0,DET,32.0,32.0,1079.0,474.0,77.0,145.0,222.0,86.0,37.0,31.0,100.0,85.0,353.0,144.0,227.0,173.0,63.0,13.0,0.0,0.0,0.0,0.0,0.0,0.0,0.0,0.0,0.0,0.0,0.0,0.0,0.0,0.0,0.0,0.0,0.0,0.0,0.0,0.0,0.0
cashsw01w,5,0,DET,33.0,33.0,1097.0,548.0,65.0,128.0,193.0,119.0,43.0,23.0,108.0,76.0,430.0,195.0,214.0,146.0,40.0,12.0,0.0,8.0,8.0,289.0,130.0,24.0,27.0,51.0,35.0,4.0,5.0,28.0,21.0,104.0,43.0,52.0,42.0,10.0,2.0,0.0,0.0
cashsw01w,6,0,DET,32.0,32.0,1105.0,526.0,78.0,130.0,208.0,135.0,44.0,29.0,81.0,84.0,384.0,180.0,219.0,158.0,23.0,8.0,0.0,0.0,0.0,0.0,0.0,0.0,0.0,0.0,0.0,0.0,0.0,0.0,0.0,0.0,0.0,0.0,0.0,0.0,0.0,0.0,0.0
cashsw01w,7,0,DET,21.0,21.0,458.0,119.0,42.0,46.0,88.0,43.0,12.0,6.0,47.0,44.0,126.0,48.0,32.0,21.0,10.0,2.0,1.0,2.0,2.0,51.0,16.0,5.0,4.0,9.0,7.0,3.0,2.0,4.0,4.0,13.0,4.0,11.0,8.0,1.0,0.0,0.0,0.0
cashsw01w,8,0,DET,34.0,34.0,990.0,358.0,63.0,105.0,168.0,106.0,20.0,11.0,88.0,85.0,323.0,124.0,143.0,109.0,13.0,1.0,0.0,10.0,10.0,265.0,76.0,19.0,42.0,61.0,32.0,3.0,3.0,22.0,22.0,80.0,29.0,25.0,18.0,3.0,0.0,0.0,0.0
cashsw01w,9,0,SEA,31.0,31.0,959.0,344.0,54.0,135.0,189.0,79.0,19.0,13.0,81.0,70.0,307.0,126.0,121.0,92.0,3.0,0.0,0.0,11.0,11.0,277.0,95.0,16.0,26.0,42.0,18.0,5.0,2.0,18.0,23.0,91.0,41.0,23.0,13.0,3.0,0.0,0.0,0.0
cashsw01w,10,0,SEA,31.0,28.0,927.0,351.0,46.0,121.0,167.0,58.0,21.0,32.0,69.0,72.0,293.0,114.0,158.0,122.0,8.0,1.0,0.0,3.0,0.0,44.0,8.0,3.0,8.0,11.0,2.0,1.0,2.0,3.0,3.0,12.0,4.0,0.0,0.0,1.0,0.0,0.0,0.0
castriz01w,3,0,MIA,25.23,13.75,548.8,181.49,26.81,57.19,84.0,40.49,21.88,9.7,39.26,50.48,160.77,66.49,49.2,36.53,35.69,11.98,0.41,1.74,1.06,41.03,13.2,1.91,4.14,6.05,3.08,1.38,0.95,2.43,3.52,11.93,4.9,3.33,2.48,2.82,0.93,0.02,0.05
castriz01w,4,0,PHO,19.0,1.0,182.0,66.0,7.0,10.0,17.0,7.0,7.0,0.0,18.0,22.0,72.0,24.0,25.0,17.0,17.0,1.0,0.0,0.0,0.0,0.0,0.0,0.0,0.0,0.0,0.0,0.0,0.0,0.0,0.0,0.0,0.0,0.0,0.0,0.0,0.0,0.0,0.0
castriz01w,6,0,SEA,16.0,0.0,178.0,69.0,6.0,6.0,12.0,9.0,6.0,1.0,10.0,11.0,71.0,25.0,18.0,11.0,27.0,8.0,0.0,0.0,0.0,0.0,0.0,0.0,0.0,0.0,0.0,0.0,0.0,0.0,0.0,0.0,0.0,0.0,0.0,0.0,0.0,0.0,0.0
castriz01w,7,0,SEA,33.0,32.0,879.0,269.0,23.0,74.0,97.0,49.0,18.0,4.0,59.0,73.0,242.0,93.0,73.0,59.0,72.0,24.0,0.0,3.0,3.0,86.0,17.0,0.0,3.0,3.0,4.0,2.0,0.0,8.0,12.0,18.0,6.0,4.0,4.0,6.0,1.0,0.0,0.0
castriz01w,8,0,SEA,34.0,26.0,655.0,246.0,16.0,56.0,72.0,47.0,23.0,2.0,49.0,58.0,194.0,91.0,59.0,39.0,65.0,25.0,0.0,3.0,3.0,88.0,29.0,3.0,5.0,8.0,8.0,2.0,1.0,6.0,10.0,18.0,7.0,15.0,13.0,9.0,2.0,0.0,0.0
castriz01w,9,0,ATL,34.0,34.0,963.0,419.0,19.0,77.0,96.0,95.0,35.0,4.0,64.0,70.0,331.0,139.0,101.0,81.0,156.0,60.0,0.0,2.0,2.0,51.0,20.0,0.0,4.0,4.0,4.0,0.0,1.0,4.0,6.0,20.0,8.0,0.0,0.0,13.0,4.0,0.0,0.0
castriz01w,10,0,ATL,29.0,20.0,671.0,269.0,10.0,55.0,65.0,52.0,27.0,6.0,57.0,39.0,272.0,96.0,59.0,48.0,94.0,29.0,0.0,0.0,0.0,0.0,0.0,0.0,0.0,0.0,0.0,0.0,0.0,0.0,0.0,0.0,0.0,0.0,0.0,0.0,0.0,0.0,0.0
catchta01w,3,0,IND,25.23,13.75,548.8,181.49,26.81,57.19,84.0,40.49,21.88,9.7,39.26,50.48,160.77,66.49,49.2,36.53,35.69,11.98,0.41,1.74,1.06,41.03,13.2,1.91,4.14,6.05,3.08,1.38,0.95,2.43,3.52,11.93,4.9,3.33,2.48,2.82,0.93,0.02,0.05
catchta01w,4,0,IND,32.0,32.0,1167.0,594.0,92.0,184.0,276.0,118.0,94.0,43.0,82.0,105.0,439.0,184.0,184.0,150.0,193.0,76.0,2.0,3.0,3.0,103.0,61.0,12.0,20.0,32.0,7.0,4.0,1.0,11.0,7.0,45.0,22.0,11.0,9.0,21.0,8.0,0.0,1.0
catchta01w,5,0,IND,34.0,34.0,1210.0,671.0,82.0,190.0,272.0,114.0,72.0,35.0,102.0,122.0,512.0,221.0,183.0,155.0,191.0,74.0,2.0,0.0,0.0,0.0,0.0,0.0,0.0,0.0,0.0,0.0,0.0,0.0,0.0,0.0,0.0,0.0,0.0,0.0,0.0,0.0,0.0
catchta01w,6,0,IND,34.0,33.0,1149.0,568.0,79.0,170.0,249.0,115.0,67.0,38.0,77.0,90.0,468.0,180.0,178.0,152.0,167.0,56.0,2.0,0.0,0.0,0.0,0.0,0.0,0.0,0.0,0.0,0.0,0.0,0.0,0.0,0.0,0.0,0.0,0.0,0.0,0.0,0.0,0.0
catchta01w,7,0,IND,34.0,34.0,1174.0,501.0,69.0,195.0,264.0,143.0,90.0,16.0,91.0,96.0,410.0,157.0,193.0,152.0,123.0,35.0,1.0,4.0,4.0,146.0,69.0,13.0,24.0,37.0,9.0,8.0,1.0,11.0,13.0,59.0,21.0,28.0,22.0,12.0,5.0,1.0,1.0
catchta01w,8,0,IND,32.0,32.0,1071.0,521.0,68.0,172.0,240.0,119.0,94.0,35.0,79.0,90.0,398.0,162.0,204.0,165.0,107.0,32.0,0.0,2.0,2.0,62.0,28.0,2.0,10.0,12.0,7.0,2.0,1.0,6.0,8.0,31.0,10.0,6.0,4.0,8.0,4.0,0.0,2.0
catchta01w,9,0,IND,21.0,21.0,678.0,348.0,54.0,135.0,189.0,98.0,66.0,22.0,62.0,64.0,259.0,108.0,133.0,109.0,74.0,23.0,0.0,6.0,6.0,196.0,95.0,12.0,54.0,66.0,19.0,13.0,3.0,10.0,15.0,73.0,27.0,41.0,36.0,19.0,5.0,0.0,0.0
catchta01w,10,0,IND,25.0,17.0,694.0,332.0,48.0,109.0,157.0,83.0,49.0,11.0,61.0,74.0,258.0,101.0,115.0,92.0,88.0,38.0,1.0,3.0,3.0,113.0,61.0,3.0,20.0,23.0,18.0,3.0,2.0,11.0,12.0,34.0,15.0,30.0,28.0,11.0,3.0,0.0,0.0
caufila01w,3,0,UTA,25.23,13.75,548.8,181.49,26.81,57.19,84.0,40.49,21.88,9.7,39.26,50.48,160.77,66.49,49.2,36.53,35.69,11.98,0.41,1.74,1.06,41.03,13.2,1.91,4.14,6.05,3.08,1.38,0.95,2.43,3.52,11.93,4.9,3.33,2.48,2.82,0.93,0.02,0.05
chambco01w,8,0,CON,27.63,15.03,590.39,224.03,29.59,68.73,98.32,47.71,23.73,9.81,43.11,57.02,190.87,81.15,62.0,47.06,43.3,14.66,0.41,2.11,1.27,47.78,17.62,2.66,5.57,8.24,3.76,1.55,0.91,3.1,4.73,15.76,6.45,4.92,3.58,3.32,1.13,0.03,0.1
chanequ01w,9,0,CHI,26.3,13.75,549.16,209.96,28.39,66.05,94.44,44.4,21.72,10.61,42.77,53.46,179.59,76.48,55.67,42.66,40.99,14.34,0.44,2.46,1.36,56.15,22.09,2.92,7.19,10.11,4.72,1.89,1.15,3.64,5.21,19.28,8.05,5.13,3.95,5.4,2.05,0.05,0.07
chapmji01w,3,0,DET,25.23,13.75,548.8,181.49,26.81,57.19,84.0,40.49,21.88,9.7,39.26,50.48,160.77,66.49,49.2,36.53,35.69,11.98,0.41,1.74,1.06,41.03,13.2,1.91,4.14,6.05,3.08,1.38,0.95,2.43,3.52,11.93,4.9,3.33,2.48,2.82,0.93,0.02,0.05
choneka01w,5,0,WAS,28.7,17.01,651.85,232.97,33.24,71.39,104.63,51.13,24.66,12.93,46.39,61.6,201.87,85.06,63.94,47.89,44.05,14.97,0.58,2.22,1.39,53.69,18.96,2.43,6.16,8.59,4.55,1.83,1.16,3.5,5.1,16.68,6.86,5.2,4.12,3.5,1.13,0.02,0.06
choneka01w,6,0,WAS,13.0,1.0,115.0,28.0,8.0,9.0,17.0,4.0,1.0,4.0,11.0,13.0,27.0,11.0,11.0,6.0,0.0,0.0,0.0,2.0,0.0,4.0,0.0,0.0,0.0,0.0,0.0,0.0,1.0,0.0,1.0,1.0,0.0,0.0,0.0,0.0,0.0,0.0,0.0
choneka01w,7,0,SEA,12.0,0.0,61.0,14.0,2.0,4.0,6.0,1.0,1.0,0.0,4.0,9.0,14.0,6.0,3.0,2.0,0.0,0.0,0.0,0.0,0.0,0.0,0.0,0.0,0.0,0.0,0.0,0.0,0.0,0.0,0.0,0.0,0.0,0.0,0.0,0.0,0.0,0.0,0.0
chriska01w,3,0,PHO,25.23,13.75,548.8,181.49,26.81,57.19,84.0,40.49,21.88,9.7,39.26,50.48,160.77,66.49,49.2,36.53,35.69,11.98,0.41,1.74,1.06,41.03,13.2,1.91,4.14,6.05,3.08,1.38,0.95,2.43,3.52,11.93,4.9,3.33,2.48,2.82,0.93,0.02,0.05
chriska01w,4,0,PHO,30.0,2.0,413.0,120.0,39.0,41.0,80.0,15.0,24.0,13.0,32.0,73.0,95.0,48.0,35.0,24.0,1.0,0.0,1.0,0.0,0.0,0.0,0.0,0.0,0.0,0.0,0.0,0.0,0.0,0.0,0.0,0.0,0.0,0.0,0.0,0.0,0.0,0.0,0.0
chriska01w,5,0,PHO,30.0,16.0,659.0,206.0,61.0,65.0,126.0,16.0,25.0,16.0,39.0,104.0,161.0,78.0,83.0,50.0,0.0,0.0,4.0,0.0,0.0,0.0,0.0,0.0,0.0,0.0,0.0,0.0,0.0,0.0,0.0,0.0,0.0,0.0,0.0,0.0,0.0,0.0,0.0
chriska01w,6,0,PHO,32.0,1.0,407.0,50.0,27.0,42.0,69.0,23.0,21.0,7.0,26.0,89.0,49.0,19.0,19.0,12.0,0.0,0.0,2.0,0.0,0.0,0.0,0.0,0.0,0.0,0.0,0.0,0.0,0.0,0.0,0.0,0.0,0.0,0.0,0.0,0.0,0.0,0.0,0.0
chriska01w,7,1,HOU,11.0,1.0,108.0,18.0,9.0,13.0,22.0,7.0,7.0,5.0,10.0,25.0,15.0,7.0,7.0,4.0,0.0,0.0,1.0,0.0,0.0,0.0,0.0,0.0,0.0,0.0,0.0,0.0,0.0,0.0,0.0,0.0,0.0,0.0,0.0,0.0,0.0,0.0,0.0
chriska01w,7,2,PHO,6.0,0.0,88.0,18.0,9.0,10.0,19.0,4.0,0.0,0.0,11.0,21.0,16.0,8.0,2.0,2.0,0.0,0.0,1.0,0.0,0.0,0.0,0.0,0.0,0.0,0.0,0.0,0.0,0.0,0.0,0.0,0.0,0.0,0.0,0.0,0.0,0.0,0.0,0.0
chriska01w,8,0,CHI,11.0,0.0,53.0,3.0,2.0,12.0,14.0,2.0,3.0,1.0,5.0,14.0,6.0,1.0,2.0,1.0,0.0,0.0,0.0,0.0,0.0,0.0,0.0,0.0,0.0,0.0,0.0,0.0,0.0,0.0,0.0,0.0,0.0,0.0,0.0,0.0,0.0,0.0,0.0
chrissh01w,5,0,NYL,28.7,17.01,651.85,232.97,33.24,71.39,104.63,51.13,24.66,12.93,46.39,61.6,201.87,85.06,63.94,47.89,44.05,14.97,0.58,2.22,1.39,53.69,18.96,2.43,6.16,8.59,4.55,1.83,1.16,3.5,5.1,16.68,6.86,5.2,4.12,3.5,1.13,0.02,0.06
chrissh01w,6,0,NYL,33.0,4.0,560.0,191.0,19.0,49.0,68.0,23.0,9.0,9.0,32.0,71.0,189.0,67.0,51.0,33.0,82.0,24.0,0.0,5.0,0.0,63.0,28.0,4.0,5.0,9.0,4.0,2.0,3.0,3.0,13.0,21.0,8.0,9.0,6.0,14.0,6.0,0.0,0.0
chrissh01w,7,0,NYL,34.0,9.0,809.0,311.0,25.0,67.0,92.0,41.0,33.0,19.0,50.0,100.0,270.0,111.0,76.0,65.0,89.0,24.0,1.0,2.0,1.0,47.0,11.0,0.0,5.0,5.0,1.0,0.0,1.0,2.0,7.0,12.0,4.0,2.0,1.0,4.0,2.0,0.0,0.0
chrissh01w,8,0,NYL,34.0,34.0,987.0,423.0,28.0,92.0,120.0,44.0,20.0,42.0,82.0,105.0,348.0,136.0,120.0,99.0,156.0,52.0,1.0,0.0,0.0,0.0,0.0,0.0,0.0,0.0,0.0,0.0,0.0,0.0,0.0,0.0,0.0,0.0,0.0,0.0,0.0,0.0,0.0
chrissh01w,9,0,NYL,33.0,32.0,1065.0,368.0,34.0,115.0,149.0,70.0,34.0,19.0,82.0,99.0,328.0,118.0,117.0,93.0,119.0,39.0,0.0,3.0,3.0,110.0,44.0,4.0,18.0,22.0,6.0,2.0,0.0,4.0,9.0,34.0,15.0,9.0,8.0,12.0,6.0,0.0,0.0
chrissh01w,10,0,NYL,31.0,31.0,947.0,488.0,31.0,63.0,94.0,51.0,35.0,17.0,61.0,93.0,385.0,153.0,134.0,111.0,175.0,71.0,1.0,6.0,6.0,196.0,82.0,5.0,21.0,26.0,3.0,4.0,2.0,12.0,17.0,73.0,30.0,14.0,10.0,27.0,12.0,0.0,0.0
cironkr01w,10,0,CON,28.09,16.51,621.77,243.43,31.76,73.59,105.35,52.2,25.52,12.22,47.11,63.24,204.69,87.19,69.31,52.68,47.79,16.38,0.56,2.5,1.31,55.1,20.23,2.49,6.44,8.93,4.32,1.95,1.01,4.04,5.19,17.52,7.26,5.39,4.28,4.31,1.42,0.02,0.05
clearmi01w,2,0,PHO,24.0,7.0,509.0,57.0,12.0,25.0,37.0,77.0,34.0,2.0,14.0,36.0,45.0,14.0,27.0,19.0,30.0,10.0,0.0,0.0,0.0,0.0,0.0,0.0,0.0,0.0,0.0,0.0,0.0,0.0,0.0,0.0,0.0,0.0,0.0,0.0,0.0,0.0,0.0
clinest01w,2,0,SAC,26.0,2.0,285.0,66.0,7.0,23.0,30.0,49.0,12.0,1.0,25.0,19.0,57.0,20.0,17.0,14.0,41.0,12.0,0.0,2.0,0.0,3.0,3.0,0.0,0.0,0.0,0.0,0.0,0.0,0.0,2.0,1.0,1.0,0.0,0.0,1.0,1.0,0.0,0.0
clinest01w,3,0,DET,16.0,0.0,75.0,10.0,0.0,3.0,3.0,14.0,1.0,0.0,6.0,10.0,14.0,4.0,0.0,0.0,10.0,2.0,1.0,0.0,0.0,0.0,0.0,0.0,0.0,0.0,0.0,0.0,0.0,0.0,0.0,0.0,0.0,0.0,0.0,0.0,0.0,0.0,0.0
coggicl01w,8,0,CHI,27.63,15.03,590.39,224.03,29.59,68.73,98.32,47.71,23.73,9.81,43.11,57.02,190.87,81.15,62.0,47.06,43.3,14.66,0.41,2.11,1.27,47.78,17.62,2.66,5.57,8.24,3.76,1.55,0.91,3.1,4.73,15.76,6.45,4.92,3.58,3.32,1.13,0.03,0.1
cokermo01w,5,0,LAS,28.7,17.01,651.85,232.97,33.24,71.39,104.63,51.13,24.66,12.93,46.39,61.6,201.87,85.06,63.94,47.89,44.05,14.97,0.58,2.22,1.39,53.69,18.96,2.43,6.16,8.59,4.55,1.83,1.16,3.5,5.1,16.68,6.86,5.2,4.12,3.5,1.13,0.02,0.06
colemco01w,4,0,CON,26.12,15.6,604.13,208.08,28.55,61.69,90.24,47.04,23.71,11.16,42.62,55.83,178.36,75.29,57.52,43.31,41.07,14.19,0.53,1.78,1.11,44.72,16.41,2.01,4.64,6.66,3.96,1.6,0.72,2.72,3.83,13.91,6.03,4.09,3.11,3.47,1.23,0.02,0.05
colemma01w,10,0,WAS,28.09,16.51,621.77,243.43,31.76,73.59,105.35,52.2,25.52,12.22,47.11,63.24,204.69,87.19,69.31,52.68,47.79,16.38,0.56,2.5,1.31,55.1,20.23,2.49,6.44,8.93,4.32,1.95,1.01,4.04,5.19,17.52,7.26,5.39,4.28,4.31,1.42,0.02,0.05
colleka01w,2,0,MIA,32.0,32.0,873.0,264.0,15.0,48.0,63.0,50.0,27.0,7.0,65.0,65.0,293.0,103.0,70.0,53.0,21.0,5.0,0.0,0.0,0.0,0.0,0.0,0.0,0.0,0.0,0.0,0.0,0.0,0.0,0.0,0.0,0.0,0.0,0.0,0.0,0.0,0.0,0.0
consuca01w,2,0,UTA,27.47,15.65,612.86,211.84,30.0,62.37,92.37,47.2,24.88,10.88,46.06,62.03,178.46,77.47,60.54,44.63,37.18,12.27,0.68,1.69,0.94,39.12,12.03,2.0,4.03,6.03,2.86,1.51,0.62,2.58,3.48,10.52,4.54,2.79,2.14,2.45,0.81,0.03,0.02
coopeca01w,2,0,NYL,27.47,15.65,612.86,211.84,30.0,62.37,92.37,47.2,24.88,10.88,46.06,62.03,178.46,77.47,60.54,44.63,37.18,12.27,0.68,1.69,0.94,39.12,12.03,2.0,4.03,6.03,2.86,1.51,0.62,2.58,3.48,10.52,4.54,2.79,2.14,2.45,0.81,0.03,0.02
coopeca01w,3,0,NYL,4.0,0.0,51.0,26.0,7.0,4.0,11.0,1.0,0.0,2.0,3.0,6.0,12.0,8.0,13.0,10.0,0.0,0.0,0.0,3.0,0.0,8.0,0.0,0.0,1.0,1.0,0.0,0.0,0.0,0.0,2.0,2.0,0.0,0.0,0.0,0.0,0.0,0.0,0.0
coopecy01w,4,0,HOU,31.0,31.0,1085.0,550.0,17.0,68.0,85.0,156.0,39.0,6.0,99.0,61.0,392.0,180.0,168.0,147.0,121.0,43.0,0.0,6.0,6.0,228.0,136.0,5.0,10.0,15.0,22.0,9.0,1.0,18.0,11.0,119.0,45.0,39.0,35.0,32.0,11.0,0.0,1.0
crawlsy01w,2,0,POR,31.0,30.0,930.0,357.0,64.0,121.0,185.0,34.0,29.0,24.0,88.0,96.0,298.0,143.0,102.0,71.0,2.0,0.0,2.0,0.0,0.0,0.0,0.0,0.0,0.0,0.0,0.0,0.0,0.0,0.0,0.0,0.0,0.0,0.0,0.0,0.0,0.0,0.0,0.0
crawlsy01w,3,0,POR,32.0,32.0,921.0,299.0,63.0,140.0,203.0,54.0,19.0,26.0,61.0,85.0,267.0,120.0,77.0,59.0,1.0,0.0,3.0,0.0,0.0,0.0,0.0,0.0,0.0,0.0,0.0,0.0,0.0,0.0,0.0,0.0,0.0,0.0,0.0,0.0,0.0,0.0,0.0
crawlsy01w,4,0,SAS,32.0,31.0,819.0,279.0,46.0,88.0,134.0,47.0,18.0,37.0,62.0,90.0,284.0,114.0,63.0,44.0,17.0,7.0,0.0,0.0,0.0,0.0,0.0,0.0,0.0,0.0,0.0,0.0,0.0,0.0,0.0,0.0,0.0,0.0,0.0,0.0,0.0,0.0,0.0
crockda01w,3,0,UTA,25.23,13.75,548.8,181.49,26.81,57.19,84.0,40.49,21.88,9.7,39.26,50.48,160.77,66.49,49.2,36.53,35.69,11.98,0.41,1.74,1.06,41.03,13.2,1.91,4.14,6.05,3.08,1.38,0.95,2.43,3.52,11.93,4.9,3.33,2.48,2.82,0.93,0.02,0.05
crockwi01w,9,0,PHO,26.3,13.75,549.16,209.96,28.39,66.05,94.44,44.4,21.72,10.61,42.77,53.46,179.59,76.48,55.67,42.66,40.99,14.34,0.44,2.46,1.36,56.15,22.09,2.92,7.19,10.11,4.72,1.89,1.15,3.64,5.21,19.28,8.05,5.13,3.95,5.4,2.05,0.05,0.07
cronika01w,7,0,CHI,25.54,14.06,551.91,185.83,24.96,56.79,81.75,42.45,20.43,9.74,39.28,53.91,160.15,67.6,52.41,38.9,34.99,11.74,0.55,2.0,1.09,44.98,14.88,1.82,4.73,6.55,3.21,1.47,0.67,2.84,4.28,12.66,5.27,4.5,3.36,2.66,0.98,0.04,0.04
cunnida01w,3,0,ORL,25.23,13.75,548.8,181.49,26.81,57.19,84.0,40.49,21.88,9.7,39.26,50.48,160.77,66.49,49.2,36.53,35.69,11.98,0.41,1.74,1.06,41.03,13.2,1.91,4.14,6.05,3.08,1.38,0.95,2.43,3.52,11.93,4.9,3.33,2.48,2.82,0.93,0.02,0.05
currimo01w,7,0,CHA,25.54,14.06,551.91,185.83,24.96,56.79,81.75,42.45,20.43,9.74,39.28,53.91,160.15,67.6,52.41,38.9,34.99,11.74,0.55,2.0,1.09,44.98,14.88,1.82,4.73,6.55,3.21,1.47,0.67,2.84,4.28,12.66,5.27,4.5,3.36,2.66,0.98,0.04,0.04
currimo01w,8,1,CHI,34.0,33.0,844.0,339.0,51.0,81.0,132.0,87.0,34.0,4.0,62.0,100.0,262.0,87.0,184.0,149.0,55.0,16.0,1.0,0.0,0.0,0.0,0.0,0.0,0.0,0.0,0.0,0.0,0.0,0.0,0.0,0.0,0.0,0.0,0.0,0.0,0.0,0.0,0.0
currimo01w,8,2,WAS,2.0,2.0,61.0,29.0,3.0,9.0,12.0,4.0,1.0,0.0,4.0,3.0,27.0,8.0,15.0,11.0,11.0,2.0,0.0,0.0,0.0,0.0,0.0,0.0,0.0,0.0,0.0,0.0,0.0,0.0,0.0,0.0,0.0,0.0,0.0,0.0,0.0,0.0,0.0
currimo01w,9,0,WAS,31.0,22.0,771.0,325.0,42.0,79.0,121.0,54.0,23.0,7.0,47.0,92.0,214.0,98.0,148.0,117.0,30.0,12.0,1.0,0.0,0.0,0.0,0.0,0.0,0.0,0.0,0.0,0.0,0.0,0.0,0.0,0.0,0.0,0.0,0.0,0.0,0.0,0.0,0.0
currimo01w,10,0,WAS,34.0,34.0,972.0,403.0,32.0,109.0,141.0,86.0,30.0,12.0,87.0,121.0,337.0,135.0,132.0,109.0,64.0,24.0,2.0,0.0,0.0,0.0,0.0,0.0,0.0,0.0,0.0,0.0,0.0,0.0,0.0,0.0,0.0,0.0,0.0,0.0,0.0,0.0,0.0
curryed01w,4,0,PHO,26.12,15.6,604.13,208.08,28.55,61.69,90.24,47.04,23.71,11.16,42.62,55.83,178.36,75.29,57.52,43.31,41.07,14.19,0.53,1.78,1.11,44.72,16.41,2.01,4.64,6.66,3.96,1.6,0.72,2.72,3.83,13.91,6.03,4.09,3.11,3.47,1.23,0.02,0.05
curryed01w,6,0,LAS,20.0,0.0,205.0,33.0,1.0,10.0,11.0,24.0,9.0,0.0,15.0,25.0,35.0,13.0,3.0,2.0,22.0,5.0,0.0,0.0,0.0,0.0,0.0,0.0,0.0,0.0,0.0,0.0,0.0,0.0,0.0,0.0,0.0,0.0,0.0,0.0,0.0,0.0,0.0
dalesst01w,3,0,WAS,25.23,13.75,548.8,181.49,26.81,57.19,84.0,40.49,21.88,9.7,39.26,50.48,160.77,66.49,49.2,36.53,35.69,11.98,0.41,1.74,1.06,41.03,13.2,1.91,4.14,6.05,3.08,1.38,0.95,2.43,3.52,11.93,4.9,3.33,2.48,2.82,0.93,0.02,0.05
dalesst01w,4,0,WAS,31.0,28.0,805.0,303.0,26.0,55.0,81.0,84.0,16.0,4.0,68.0,79.0,230.0,93.0,100.0,74.0,109.0,43.0,1.0,5.0,5.0,98.0,38.0,5.0,3.0,8.0,16.0,2.0,0.0,5.0,8.0,30.0,13.0,4.0,4.0,18.0,8.0,0.0,0.0
dalesst01w,5,0,WAS,34.0,31.0,998.0,340.0,44.0,57.0,101.0,114.0,29.0,12.0,72.0,97.0,298.0,122.0,55.0,39.0,160.0,57.0,2.0,0.0,0.0,0.0,0.0,0.0,0.0,0.0,0.0,0.0,0.0,0.0,0.0,0.0,0.0,0.0,0.0,0.0,0.0,0.0,0.0
dalesst01w,7,0,CHI,31.0,26.0,782.0,254.0,17.0,47.0,64.0,78.0,20.0,3.0,37.0,61.0,228.0,87.0,55.0,40.0,119.0,40.0,0.0,3.0,3.0,87.0,27.0,6.0,9.0,15.0,5.0,2.0,0.0,8.0,8.0,20.0,8.0,15.0,10.0,9.0,1.0,0.0,0.0
dalesst01w,8,0,CHI,23.0,16.0,454.0,161.0,6.0,21.0,27.0,40.0,9.0,1.0,32.0,39.0,147.0,52.0,46.0,32.0,81.0,25.0,0.0,0.0,0.0,0.0,0.0,0.0,0.0,0.0,0.0,0.0,0.0,0.0,0.0,0.0,0.0,0.0,0.0,0.0,0.0,0.0,0.0
daleygr01w,2,0,NYL,30.0,4.0,577.0,173.0,32.0,40.0,72.0,57.0,12.0,0.0,50.0,49.0,147.0,57.0,65.0,42.0,56.0,17.0,0.0,0.0,0.0,0.0,0.0,0.0,0.0,0.0,0.0,0.0,0.0,0.0,0.0,0.0,0.0,0.0,0.0,0.0,0.0,0.0,0.0
daleygr01w,3,0,HOU,15.0,0.0,66.0,25.0,3.0,5.0,8.0,10.0,8.0,1.0,7.0,12.0,21.0,10.0,9.0,5.0,5.0,0.0,0.0,1.0,0.0,1.0,0.0,0.0,0.0,0.0,0.0,0.0,0.0,1.0,0.0,0.0,0.0,0.0,0.0,0.0,0.0,0.0,0.0
daleygr01w,4,0,PHO,23.0,4.0,185.0,63.0,13.0,10.0,23.0,16.0,3.0,1.0,17.0,15.0,37.0,16.0,47.0,29.0,8.0,2.0,0.0,1.0,0.0,7.0,2.0,2.0,0.0,2.0,0.0,0.0,0.0,1.0,0.0,2.0,0.0,2.0,2.0,0.0,0.0,0.0,0.0
darlihe01w,2,0,CLE,32.0,0.0,556.0,155.0,24.0,39.0,63.0,65.0,37.0,5.0,67.0,52.0,150.0,47.0,65.0,48.0,38.0,13.0,0.0,6.0,0.0,106.0,33.0,7.0,13.0,20.0,13.0,7.0,0.0,6.0,5.0,28.0,9.0,14.0,10.0,13.0,5.0,0.0,0.0
darlihe01w,4,0,CLE,32.0,32.0,778.0,196.0,18.0,58.0,76.0,109.0,34.0,4.0,70.0,59.0,166.0,59.0,72.0,55.0,70.0,23.0,0.0,3.0,3.0,80.0,18.0,5.0,6.0,11.0,19.0,7.0,1.0,5.0,9.0,27.0,5.0,6.0,5.0,9.0,3.0,0.0,0.0
darlihe01w,5,0,MIN,34.0,34.0,832.0,141.0,25.0,62.0,87.0,128.0,39.0,6.0,74.0,87.0,143.0,44.0,41.0,30.0,71.0,23.0,2.0,3.0,3.0,83.0,9.0,4.0,8.0,12.0,13.0,6.0,0.0,10.0,11.0,13.0,2.0,4.0,4.0,8.0,1.0,0.0,0.0
darlihe01w,6,0,CHA,33.0,22.0,707.0,140.0,11.0,56.0,67.0,115.0,30.0,4.0,74.0,83.0,130.0,43.0,63.0,42.0,55.0,12.0,0.0,2.0,2.0,44.0,7.0,2.0,1.0,3.0,3.0,3.0,0.0,11.0,4.0,9.0,2.0,2.0,1.0,3.0,2.0,0.0,0.0
darlihe01w,7,0,CHA,31.0,11.0,600.0,107.0,5.0,42.0,47.0,83.0,41.0,0.0,51.0,73.0,88.0,27.0,58.0,43.0,32.0,10.0,1.0,0.0,0.0,0.0,0.0,0.0,0.0,0.0,0.0,0.0,0.0,0.0,0.0,0.0,0.0,0.0,0.0,0.0,0.0,0.0,0.0
darlihe01w,8,0,SAS,29.0,29.0,607.0,158.0,13.0,46.0,59.0,82.0,35.0,3.0,73.0,76.0,138.0,51.0,55.0,38.0,47.0,18.0,0.0,0.0,0.0,0.0,0.0,0.0,0.0,0.0,0.0,0.0,0.0,0.0,0.0,0.0,0.0,0.0,0.0,0.0,0.0,0.0,0.0
darlihe01w,9,0,SAS,33.0,19.0,684.0,134.0,7.0,62.0,69.0,103.0,45.0,1.0,53.0,84.0,120.0,46.0,35.0,27.0,41.0,15.0,0.0,5.0,5.0,121.0,42.0,3.0,14.0,17.0,19.0,6.0,0.0,13.0,14.0,30.0,14.0,6.0,5.0,17.0,9.0,0.0,0.0
darlihe01w,10,0,SAS,31.0,14.0,580.0,108.0,13.0,60.0,73.0,54.0,33.0,3.0,45.0,67.0,123.0,33.0,38.0,30.0,60.0,12.0,0.0,6.0,0.0,53.0,12.0,3.0,4.0,7.0,5.0,3.0,0.0,7.0,8.0,13.0,5.0,0.0,0.0,7.0,2.0,0.0,0.0
davenje01w,8,0,NYL,27.63,15.03,590.39,224.03,29.59,68.73,98.32,47.71,23.73,9.81,43.11,57.02,190.87,81.15,62.0,47.06,43.3,14.66,0.41,2.11,1.27,47.78,17.62,2.66,5.57,8.24,3.76,1.55,0.91,3.1,4.73,15.76,6.45,4.92,3.58,3.32,1.13,0.03,0.1
davenje01w,9,0,NYL,33.0,13.0,382.0,176.0,22.0,66.0,88.0,9.0,7.0,29.0,44.0,65.0,137.0,61.0,66.0,54.0,1.0,0.0,0.0,2.0,0.0,10.0,3.0,1.0,2.0,3.0,0.0,0.0,0.0,3.0,3.0,2.0,0.0,4.0,3.0,0.0,0.0,0.0,0.0
davenje01w,10,0,IND,14.0,3.0,154.0,65.0,12.0,28.0,40.0,4.0,4.0,10.0,18.0,27.0,59.0,28.0,15.0,9.0,0.0,0.0,0.0,4.0,0.0,25.0,10.0,0.0,5.0,5.0,0.0,1.0,1.0,2.0,4.0,10.0,4.0,4.0,2.0,0.0,0.0,0.0,0.0
davisbr01w,7,0,LAS,25.54,14.06,551.91,185.83,24.96,56.79,81.75,42.45,20.43,9.74,39.28,53.91,160.15,67.6,52.41,38.9,34.99,11.74,0.55,2.0,1.09,44.98,14.88,1.82,4.73,6.55,3.21,1.47,0.67,2.84,4.28,12.66,5.27,4.5,3.36,2.66,0.98,0.04,0.04
davisde01w,8,0,HOU,27.63,15.03,590.39,224.03,29.59,68.73,98.32,47.71,23.73,9.81,43.11,57.02,190.87,81.15,62.0,47.06,43.3,14.66,0.41,2.11,1.27,47.78,17.62,2.66,5.57,8.24,3.76,1.55,0.91,3.1,4.73,15.76,6.45,4.92,3.58,3.32,1.13,0.03,0.1
davista02w,10,0,DET,28.09,16.51,621.77,243.43,31.76,73.59,105.35,52.2,25.52,12.22,47.11,63.24,204.69,87.19,69.31,52.68,47.79,16.38,0.56,2.5,1.31,55.1,20.23,2.49,6.44,8.93,4.32,1.95,1.01,4.04,5.19,17.52,7.26,5.39,4.28,4.31,1.42,0.02,0.05
deforan01w,4,0,PHO,27.0,10.0,433.0,145.0,9.0,38.0,47.0,47.0,27.0,4.0,33.0,34.0,126.0,51.0,32.0,25.0,56.0,18.0,0.0,0.0,0.0,0.0,0.0,0.0,0.0,0.0,0.0,0.0,0.0,0.0,0.0,0.0,0.0,0.0,0.0,0.0,0.0,0.0,0.0
deforan01w,5,0,PHO,34.0,27.0,1065.0,405.0,32.0,73.0,105.0,72.0,51.0,12.0,53.0,61.0,357.0,147.0,69.0,50.0,148.0,61.0,0.0,0.0,0.0,0.0,0.0,0.0,0.0,0.0,0.0,0.0,0.0,0.0,0.0,0.0,0.0,0.0,0.0,0.0,0.0,0.0,0.0
deforan01w,6,0,PHO,34.0,34.0,1152.0,488.0,23.0,100.0,123.0,107.0,51.0,8.0,68.0,51.0,396.0,165.0,102.0,88.0,181.0,70.0,0.0,0.0,0.0,0.0,0.0,0.0,0.0,0.0,0.0,0.0,0.0,0.0,0.0,0.0,0.0,0.0,0.0,0.0,0.0,0.0,0.0
deforan01w,7,0,IND,33.0,33.0,1131.0,433.0,31.0,83.0,114.0,80.0,41.0,7.0,81.0,66.0,364.0,142.0,120.0,102.0,144.0,47.0,0.0,0.0,0.0,0.0,0.0,0.0,0.0,0.0,0.0,0.0,0.0,0.0,0.0,0.0,0.0,0.0,0.0,0.0,0.0,0.0,0.0
deforan01w,8,0,IND,34.0,34.0,1001.0,348.0,40.0,106.0,146.0,76.0,39.0,9.0,55.0,58.0,313.0,123.0,66.0,54.0,127.0,48.0,0.0,2.0,2.0,64.0,12.0,4.0,3.0,7.0,3.0,1.0,0.0,0.0,7.0,15.0,5.0,0.0,0.0,8.0,2.0,0.0,0.0
deforan01w,9,0,MIN,34.0,34.0,795.0,296.0,28.0,83.0,111.0,52.0,26.0,4.0,46.0,36.0,268.0,112.0,32.0,29.0,105.0,43.0,0.0,6.0,6.0,197.0,101.0,4.0,18.0,22.0,6.0,8.0,1.0,9.0,10.0,75.0,35.0,20.0,20.0,28.0,11.0,0.0,0.0
deforan01w,10,0,DET,34.0,34.0,847.0,288.0,24.0,79.0,103.0,59.0,27.0,5.0,31.0,52.0,271.0,106.0,38.0,29.0,129.0,47.0,0.0,0.0,0.0,0.0,0.0,0.0,0.0,0.0,0.0,0.0,0.0,0.0,0.0,0.0,0.0,0.0,0.0,0.0,0.0,0.0,0.0
derevje01w,5,0,CON,28.7,17.01,651.85,232.97,33.24,71.39,104.63,51.13,24.66,12.93,46.39,61.6,201.87,85.06,63.94,47.89,44.05,14.97,0.58,2.22,1.39,53.69,18.96,2.43,6.16,8.59,4.55,1.83,1.16,3.5,5.1,16.68,6.86,5.2,4.12,3.5,1.13,0.02,0.06
derevje01w,6,0,CON,23.0,0.0,140.0,19.0,1.0,8.0,9.0,14.0,8.0,0.0,10.0,20.0,26.0,7.0,2.0,2.0,12.0,3.0,0.0,1.0,0.0,1.0,0.0,0.0,0.0,0.0,0.0,0.0,0.0,0.0,0.0,0.0,0.0,0.0,0.0,0.0,0.0,0.0,0.0
derevje01w,7,0,PHO,34.0,1.0,359.0,24.0,10.0,20.0,30.0,40.0,11.0,2.0,26.0,47.0,22.0,8.0,16.0,7.0,7.0,1.0,0.0,8.0,1.0,82.0,6.0,1.0,3.0,4.0,14.0,5.0,0.0,6.0,4.0,5.0,2.0,4.0,2.0,1.0,0.0,0.0,0.0
derevje01w,8,0,PHO,31.0,8.0,467.0,96.0,11.0,46.0,57.0,68.0,23.0,7.0,25.0,42.0,75.0,38.0,26.0,16.0,15.0,4.0,0.0,0.0,0.0,0.0,0.0,0.0,0.0,0.0,0.0,0.0,0.0,0.0,0.0,0.0,0.0,0.0,0.0,0.0,0.0,0.0,0.0
derevje01w,9,0,PHO,23.0,0.0,200.0,36.0,5.0,18.0,23.0,24.0,6.0,1.0,16.0,18.0,30.0,13.0,11.0,9.0,10.0,1.0,0.0,1.0,0.0,2.0,0.0,0.0,0.0,0.0,0.0,0.0,0.0,0.0,0.0,0.0,0.0,0.0,0.0,0.0,0.0,0.0,0.0
desouer01w,3,0,LAS,25.23,13.75,548.8,181.49,26.81,57.19,84.0,40.49,21.88,9.7,39.26,50.48,160.77,66.49,49.2,36.53,35.69,11.98,0.41,1.74,1.06,41.03,13.2,1.91,4.14,6.05,3.08,1.38,0.95,2.43,3.52,11.93,4.9,3.33,2.48,2.82,0.93,0.02,0.05
desouer01w,8,0,CON,11.0,0.0,41.0,12.0,8.0,6.0,14.0,2.0,3.0,0.0,6.0,14.0,14.0,5.0,10.0,2.0,0.0,0.0,0.0,1.0,0.0,3.0,3.0,1.0,0.0,1.0,0.0,0.0,0.0,0.0,0.0,1.0,0.0,4.0,3.0,0.0,0.0,0.0,0.0
desouer01w,9,0,ATL,32.0,2.0,391.0,136.0,37.0,60.0,97.0,14.0,7.0,29.0,35.0,55.0,118.0,63.0,21.0,10.0,0.0,0.0,0.0,1.0,0.0,7.0,0.0,0.0,0.0,0.0,1.0,0.0,0.0,0.0,0.0,1.0,0.0,0.0,0.0,0.0,0.0,0.0,0.0
desouer01w,10,0,ATL,12.0,8.0,277.0,112.0,39.0,40.0,79.0,8.0,17.0,21.0,20.0,48.0,82.0,48.0,26.0,16.0,0.0,0.0,2.0,0.0,0.0,0.0,0.0,0.0,0.0,0.0,0.0,0.0,0.0,0.0,0.0,0.0,0.0,0.0,0.0,0.0,0.0,0.0,0.0
dickeke01w,2,0,UTA,32.0,29.0,791.0,142.0,31.0,110.0,141.0,59.0,37.0,2.0,70.0,107.0,142.0,54.0,45.0,34.0,2.0,0.0,4.0,0.0,0.0,0.0,0.0,0.0,0.0,0.0,0.0,0.0,0.0,0.0,0.0,0.0,0.0,0.0,0.0,0.0,0.0,0.0,0.0
dillata01w,4,0,SAS,26.12,15.6,604.13,208.08,28.55,61.69,90.24,47.04,23.71,11.16,42.62,55.83,178.36,75.29,57.52,43.31,41.07,14.19,0.53,1.78,1.11,44.72,16.41,2.01,4.64,6.66,3.96,1.6,0.72,2.72,3.83,13.91,6.03,4.09,3.11,3.47,1.23,0.02,0.05
dillata01w,5,0,SAS,24.0,0.0,168.0,41.0,1.0,14.0,15.0,15.0,7.0,4.0,14.0,22.0,65.0,16.0,6.0,5.0,23.0,4.0,0.0,0.0,0.0,0.0,0.0,0.0,0.0,0.0,0.0,0.0,0.0,0.0,0.0,0.0,0.0,0.0,0.0,0.0,0.0,0.0,0.0
dillata01w,6,0,SAS,23.0,0.0,205.0,37.0,2.0,12.0,14.0,19.0,4.0,1.0,14.0,18.0,54.0,16.0,1.0,0.0,18.0,5.0,0.0,0.0,0.0,0.0,0.0,0.0,0.0,0.0,0.0,0.0,0.0,0.0,0.0,0.0,0.0,0.0,0.0,0.0,0.0,0.0,0.0
dixonta01w,2,0,LAS,31.0,31.0,882.0,338.0,34.0,71.0,105.0,96.0,40.0,10.0,60.0,86.0,291.0,132.0,77.0,62.0,34.0,12.0,0.0,4.0,4.0,127.0,47.0,4.0,7.0,11.0,16.0,3.0,0.0,8.0,12.0,46.0,17.0,9.0,8.0,10.0,5.0,0.0,0.0
dixonta01w,3,0,LAS,29.0,29.0,925.0,340.0,19.0,66.0,85.0,114.0,27.0,2.0,71.0,52.0,319.0,133.0,86.0,68.0,34.0,6.0,2.0,7.0,7.0,253.0,95.0,5.0,12.0,17.0,29.0,9.0,2.0,20.0,14.0,83.0,40.0,11.0,9.0,13.0,6.0,0.0,0.0
dixonta01w,4,0,LAS,30.0,30.0,958.0,319.0,18.0,74.0,92.0,119.0,28.0,5.0,82.0,74.0,320.0,125.0,59.0,49.0,57.0,20.0,2.0,5.0,4.0,147.0,61.0,2.0,18.0,20.0,17.0,12.0,0.0,13.0,15.0,44.0,25.0,10.0,9.0,4.0,2.0,1.0,0.0
dixonta01w,5,0,LAS,30.0,30.0,1042.0,412.0,41.0,85.0,126.0,89.0,35.0,10.0,69.0,83.0,364.0,159.0,94.0,83.0,52.0,11.0,0.0,9.0,9.0,316.0,110.0,8.0,21.0,29.0,29.0,14.0,2.0,11.0,27.0,94.0,40.0,27.0,26.0,12.0,4.0,0.0,0.0
dixonta01w,6,0,LAS,32.0,21.0,913.0,311.0,32.0,78.0,110.0,112.0,36.0,1.0,71.0,86.0,269.0,119.0,87.0,68.0,11.0,5.0,0.0,3.0,3.0,100.0,31.0,4.0,13.0,17.0,9.0,2.0,0.0,10.0,12.0,30.0,12.0,8.0,7.0,0.0,0.0,1.0,0.0
dixonta01w,7,0,HOU,30.0,23.0,607.0,160.0,24.0,43.0,67.0,77.0,24.0,2.0,40.0,73.0,154.0,63.0,40.0,34.0,5.0,0.0,0.0,2.0,1.0,12.0,2.0,0.0,1.0,1.0,2.0,1.0,0.0,1.0,4.0,2.0,1.0,0.0,0.0,0.0,0.0,0.0,0.0
dixonta01w,8,0,HOU,23.0,14.0,591.0,162.0,19.0,41.0,60.0,54.0,13.0,2.0,58.0,63.0,171.0,69.0,28.0,23.0,9.0,1.0,1.0,2.0,0.0,44.0,11.0,1.0,7.0,8.0,5.0,0.0,0.0,4.0,1.0,11.0,4.0,4.0,3.0,0.0,0.0,0.0,0.0
dixonta01w,9,0,HOU,18.0,0.0,490.0,216.0,12.0,45.0,57.0,57.0,24.0,6.0,38.0,42.0,205.0,90.0,36.0,31.0,17.0,5.0,0.0,0.0,0.0,0.0,0.0,0.0,0.0,0.0,0.0,0.0,0.0,0.0,0.0,0.0,0.0,0.0,0.0,0.0,0.0,0.0,0.0
dixonta01w,10,0,IND,24.0,20.0,634.0,216.0,23.0,53.0,76.0,44.0,25.0,3.0,48.0,63.0,221.0,89.0,42.0,36.0,13.0,2.0,1.0,0.0,0.0,0.0,0.0,0.0,0.0,0.0,0.0,0.0,0.0,0.0,0.0,0.0,0.0,0.0,0.0,0.0,0.0,0.0,0.0
donapbe01w,4,0,NYL,26.12,15.6,604.13,208.08,28.55,61.69,90.24,47.04,23.71,11.16,42.62,55.83,178.36,75.29,57.52,43.31,41.07,14.19,0.53,1.78,1.11,44.72,16.41,2.01,4.64,6.66,3.96,1.6,0.72,2.72,3.83,13.91,6.03,4.09,3.11,3.47,1.23,0.02,0.05
donapbe01w,5,0,NYL,1.0,0.0,2.0,0.0,0.0,0.0,0.0,0.0,0.0,0.0,0.0,0.0,0.0,0.0,0.0,0.0,0.0,0.0,0.0,0.0,0.0,0.0,0.0,0.0,0.0,0.0,0.0,0.0,0.0,0.0,0.0,0.0,0.0,0.0,0.0,0.0,0.0,0.0,0.0
doronsh01w,8,0,NYL,27.63,15.03,590.39,224.03,29.59,68.73,98.32,47.71,23.73,9.81,43.11,57.02,190.87,81.15,62.0,47.06,43.3,14.66,0.41,2.11,1.27,47.78,17.62,2.66,5.57,8.24,3.76,1.55,0.91,3.1,4.73,15.76,6.45,4.92,3.58,3.32,1.13,0.03,0.1
dossaci01w,2,0,ORL,32.0,31.0,820.0,228.0,35.0,89.0,124.0,38.0,16.0,63.0,54.0,111.0,222.0,94.0,57.0,40.0,1.0,0.0,2.0,3.0,3.0,82.0,18.0,3.0,5.0,8.0,3.0,2.0,7.0,5.0,9.0,16.0,8.0,2.0,2.0,0.0,0.0,0.0,0.0
dossaci01w,3,0,ORL,10.0,0.0,65.0,19.0,1.0,5.0,6.0,2.0,3.0,5.0,7.0,18.0,19.0,7.0,6.0,5.0,0.0,0.0,0.0,0.0,0.0,0.0,0.0,0.0,0.0,0.0,0.0,0.0,0.0,0.0,0.0,0.0,0.0,0.0,0.0,0.0,0.0,0.0,0.0
douglka01w,2,0,ORL,27.47,15.65,612.86,211.84,30.0,62.37,92.37,47.2,24.88,10.88,46.06,62.03,178.46,77.47,60.54,44.63,37.18,12.27,0.68,1.69,0.94,39.12,12.03,2.0,4.03,6.03,2.86,1.51,0.62,2.58,3.48,10.52,4.54,2.79,2.14,2.45,0.81,0.03,0.02
douglka01w,3,0,ORL,22.0,0.0,439.0,154.0,16.0,35.0,51.0,39.0,37.0,7.0,44.0,34.0,141.0,51.0,47.0,34.0,57.0,18.0,0.0,0.0,0.0,0.0,0.0,0.0,0.0,0.0,0.0,0.0,0.0,0.0,0.0,0.0,0.0,0.0,0.0,0.0,0.0,0.0,0.0
douglka01w,4,0,CON,32.0,30.0,830.0,271.0,41.0,94.0,135.0,53.0,49.0,13.0,42.0,66.0,205.0,92.0,67.0,58.0,79.0,29.0,1.0,0.0,0.0,0.0,0.0,0.0,0.0,0.0,0.0,0.0,0.0,0.0,0.0,0.0,0.0,0.0,0.0,0.0,0.0,0.0,0.0
douglka01w,5,0,CON,28.0,27.0,843.0,336.0,33.0,73.0,106.0,56.0,31.0,11.0,28.0,38.0,274.0,120.0,68.0,49.0,123.0,47.0,0.0,4.0,4.0,126.0,29.0,2.0,8.0,10.0,12.0,3.0,1.0,1.0,9.0,30.0,10.0,7.0,6.0,12.0,3.0,0.0,0.0
douglka01w,6,0,CON,34.0,34.0,1120.0,364.0,33.0,99.0,132.0,90.0,50.0,13.0,52.0,73.0,321.0,125.0,77.0,61.0,153.0,53.0,0.0,8.0,8.0,268.0,82.0,9.0,23.0,32.0,22.0,10.0,0.0,16.0,19.0,66.0,23.0,27.0,25.0,37.0,11.0,0.0,0.0
douglka01w,7,0,CON,32.0,32.0,998.0,351.0,45.0,85.0,130.0,94.0,48.0,4.0,54.0,57.0,288.0,119.0,106.0,82.0,110.0,31.0,0.0,8.0,8.0,278.0,96.0,12.0,25.0,37.0,18.0,11.0,1.0,8.0,17.0,67.0,31.0,29.0,19.0,38.0,15.0,0.0,0.0
douglka01w,8,0,CON,32.0,32.0,1003.0,525.0,38.0,83.0,121.0,79.0,62.0,4.0,73.0,48.0,404.0,179.0,112.0,94.0,173.0,73.0,0.0,4.0,4.0,125.0,48.0,6.0,9.0,15.0,10.0,4.0,1.0,11.0,1.0,45.0,18.0,5.0,4.0,27.0,8.0,0.0,1.0
douglka01w,9,0,IND,34.0,34.0,1133.0,577.0,49.0,109.0,158.0,125.0,65.0,10.0,95.0,67.0,484.0,207.0,122.0,95.0,201.0,68.0,0.0,3.0,3.0,114.0,52.0,6.0,10.0,16.0,10.0,10.0,0.0,15.0,7.0,52.0,18.0,9.0,8.0,28.0,8.0,0.0,0.0
douglka01w,10,0,IND,33.0,33.0,1134.0,516.0,41.0,94.0,135.0,106.0,53.0,11.0,100.0,54.0,458.0,170.0,149.0,119.0,176.0,57.0,0.0,3.0,3.0,93.0,22.0,1.0,6.0,7.0,7.0,4.0,2.0,10.0,7.0,22.0,7.0,10.0,7.0,8.0,1.0,0.0,0.0
duffyme01w,7,0,MIN,25.54,14.06,551.91,185.83,24.96,56.79,81.75,42.45,20.43,9.74,39.28,53.91,160.15,67.6,52.41,38.9,34.99,11.74,0.55,2.0,1.09,44.98,14.88,1.82,4.73,6.55,3.21,1.47,0.67,2.84,4.28,12.66,5.27,4.5,3.36,2.66,0.98,0.04,0.04
duffyme01w,8,0,MIN,31.0,0.0,387.0,105.0,10.0,19.0,29.0,36.0,9.0,0.0,24.0,37.0,92.0,33.0,39.0,27.0,37.0,12.0,0.0,0.0,0.0,0.0,0.0,0.0,0.0,0.0,0.0,0.0,0.0,0.0,0.0,0.0,0.0,0.0,0.0,0.0,0.0,0.0,0.0
duffyme01w,9,0,NYL,5.0,0.0,48.0,7.0,2.0,3.0,5.0,7.0,1.0,0.0,4.0,7.0,9.0,1.0,4.0,4.0,8.0,1.0,0.0,0.0,0.0,0.0,0.0,0.0,0.0,0.0,0.0,0.0,0.0,0.0,0.0,0.0,0.0,0.0,0.0,0.0,0.0,0.0,0.0
dupreca01w,7,0,CHI,25.54,14.06,551.91,185.83,24.96,56.79,81.75,42.45,20.43,9.74,39.28,53.91,160.15,67.6,52.41,38.9,34.99,11.74,0.55,2.0,1.09,44.98,14.88,1.82,4.73,6.55,3.21,1.47,0.67,2.84,4.28,12.66,5.27,4.5,3.36,2.66,0.98,0.04,0.04
dupreca01w,8,0,CHI,34.0,31.0,1032.0,467.0,55.0,133.0,188.0,60.0,43.0,25.0,60.0,72.0,407.0,186.0,122.0,95.0,5.0,0.0,0.0,0.0,0.0,0.0,0.0,0.0,0.0,0.0,0.0,0.0,0.0,0.0,0.0,0.0,0.0,0.0,0.0,0.0,0.0,0.0,0.0
dupreca01w,9,0,CHI,33.0,33.0,1078.0,544.0,79.0,175.0,254.0,46.0,29.0,41.0,81.0,82.0,471.0,210.0,160.0,124.0,5.0,0.0,1.0,0.0,0.0,0.0,0.0,0.0,0.0,0.0,0.0,0.0,0.0,0.0,0.0,0.0,0.0,0.0,0.0,0.0,0.0,0.0,0.0
dupreca01w,10,0,CHI,34.0,34.0,1119.0,555.0,77.0,193.0,270.0,78.0,36.0,45.0,98.0,78.0,455.0,208.0,177.0,138.0,7.0,1.0,0.0,0.0,0.0,0.0,0.0,0.0,0.0,0.0,0.0,0.0,0.0,0.0,0.0,0.0,0.0,0.0,0.0,0.0,0.0,0.0,0.0
dydekma01w,2,0,UTA,32.0,32.0,775.0,294.0,29.0,146.0,175.0,51.0,18.0,96.0,82.0,114.0,236.0,105.0,103.0,82.0,14.0,2.0,1.0,0.0,0.0,0.0,0.0,0.0,0.0,0.0,0.0,0.0,0.0,0.0,0.0,0.0,0.0,0.0,0.0,0.0,0.0,0.0,0.0
dydekma01w,3,0,UTA,32.0,32.0,970.0,349.0,29.0,214.0,243.0,64.0,25.0,113.0,90.0,108.0,291.0,128.0,109.0,87.0,15.0,6.0,1.0,2.0,2.0,69.0,28.0,1.0,13.0,14.0,3.0,1.0,7.0,4.0,10.0,21.0,9.0,13.0,10.0,0.0,0.0,1.0,0.0
dydekma01w,4,0,SAS,30.0,27.0,876.0,394.0,52.0,210.0,262.0,71.0,25.0,107.0,96.0,99.0,319.0,139.0,135.0,114.0,8.0,2.0,2.0,5.0,5.0,171.0,60.0,3.0,41.0,44.0,12.0,1.0,17.0,16.0,17.0,55.0,22.0,15.0,13.0,5.0,3.0,0.0,0.0
dydekma01w,5,0,SAS,34.0,34.0,926.0,406.0,45.0,206.0,251.0,58.0,19.0,100.0,80.0,113.0,346.0,156.0,130.0,94.0,1.0,0.0,1.0,0.0,0.0,0.0,0.0,0.0,0.0,0.0,0.0,0.0,0.0,0.0,0.0,0.0,0.0,0.0,0.0,0.0,0.0,0.0,0.0
dydekma01w,6,0,CON,34.0,24.0,682.0,225.0,30.0,138.0,168.0,60.0,20.0,48.0,64.0,70.0,208.0,90.0,58.0,44.0,2.0,1.0,0.0,0.0,0.0,0.0,0.0,0.0,0.0,0.0,0.0,0.0,0.0,0.0,0.0,0.0,0.0,0.0,0.0,0.0,0.0,0.0,0.0
dydekma01w,7,0,CON,31.0,30.0,671.0,225.0,27.0,168.0,195.0,38.0,8.0,71.0,47.0,62.0,162.0,87.0,65.0,50.0,2.0,1.0,0.0,8.0,8.0,146.0,36.0,8.0,34.0,42.0,4.0,3.0,13.0,16.0,19.0,38.0,14.0,11.0,7.0,1.0,1.0,0.0,0.0
dydekma01w,8,0,CON,34.0,34.0,743.0,320.0,35.0,171.0,206.0,40.0,21.0,85.0,50.0,73.0,253.0,125.0,84.0,69.0,4.0,1.0,0.0,5.0,5.0,133.0,55.0,12.0,24.0,36.0,4.0,4.0,14.0,8.0,17.0,48.0,22.0,13.0,11.0,1.0,0.0,0.0,0.0
dydekma01w,9,0,LAS,32.0,30.0,643.0,214.0,37.0,172.0,209.0,31.0,12.0,66.0,51.0,75.0,187.0,91.0,38.0,30.0,5.0,2.0,1.0,3.0,3.0,80.0,21.0,3.0,16.0,19.0,2.0,0.0,8.0,3.0,4.0,25.0,10.0,2.0,0.0,2.0,1.0,0.0,0.0
edwarmi01w,2,0,SEA,20.0,13.0,455.0,131.0,7.0,27.0,34.0,40.0,14.0,5.0,38.0,29.0,143.0,51.0,35.0,23.0,32.0,6.0,0.0,0.0,0.0,0.0,0.0,0.0,0.0,0.0,0.0,0.0,0.0,0.0,0.0,0.0,0.0,0.0,0.0,0.0,0.0,0.0,0.0
edwarsi01w,2,0,SEA,29.0,7.0,645.0,216.0,38.0,69.0,107.0,22.0,16.0,10.0,45.0,57.0,182.0,83.0,80.0,50.0,0.0,0.0,0.0,0.0,0.0,0.0,0.0,0.0,0.0,0.0,0.0,0.0,0.0,0.0,0.0,0.0,0.0,0.0,0.0,0.0,0.0,0.0,0.0
edwarsi01w,3,0,SEA,32.0,27.0,810.0,237.0,67.0,90.0,157.0,26.0,24.0,20.0,37.0,54.0,190.0,91.0,83.0,55.0,0.0,0.0,0.0,0.0,0.0,0.0,0.0,0.0,0.0,0.0,0.0,0.0,0.0,0.0,0.0,0.0,0.0,0.0,0.0,0.0,0.0,0.0,0.0
edwarsi01w,4,0,SEA,32.0,5.0,694.0,223.0,46.0,95.0,141.0,19.0,21.0,12.0,44.0,66.0,158.0,84.0,73.0,54.0,1.0,1.0,0.0,2.0,0.0,31.0,4.0,2.0,1.0,3.0,0.0,0.0,0.0,2.0,4.0,8.0,1.0,4.0,2.0,0.0,0.0,0.0,0.0
edwarsi01w,5,0,SEA,34.0,6.0,577.0,157.0,54.0,79.0,133.0,16.0,10.0,9.0,31.0,55.0,134.0,61.0,56.0,35.0,0.0,0.0,0.0,0.0,0.0,0.0,0.0,0.0,0.0,0.0,0.0,0.0,0.0,0.0,0.0,0.0,0.0,0.0,0.0,0.0,0.0,0.0,0.0
edwarsi01w,6,0,SEA,23.0,3.0,257.0,48.0,25.0,31.0,56.0,5.0,8.0,3.0,13.0,25.0,55.0,20.0,19.0,8.0,0.0,0.0,0.0,7.0,0.0,54.0,12.0,7.0,7.0,14.0,1.0,0.0,1.0,2.0,5.0,9.0,6.0,0.0,0.0,0.0,0.0,0.0,0.0
edwarte01w,4,0,MIN,26.12,15.6,604.13,208.08,28.55,61.69,90.24,47.04,23.71,11.16,42.62,55.83,178.36,75.29,57.52,43.31,41.07,14.19,0.53,1.78,1.11,44.72,16.41,2.01,4.64,6.66,3.96,1.6,0.72,2.72,3.83,13.91,6.03,4.09,3.11,3.47,1.23,0.02,0.05
edwarte01w,5,0,MIN,34.0,34.0,854.0,181.0,24.0,81.0,105.0,148.0,41.0,11.0,92.0,60.0,168.0,63.0,40.0,31.0,80.0,24.0,0.0,3.0,3.0,83.0,20.0,1.0,9.0,10.0,19.0,5.0,1.0,8.0,6.0,19.0,6.0,4.0,4.0,12.0,4.0,0.0,0.0
edwarto01w,2,2,CHA,32.0,32.0,926.0,338.0,19.0,57.0,76.0,58.0,36.0,9.0,63.0,80.0,298.0,112.0,101.0,79.0,114.0,35.0,2.0,2.0,2.0,61.0,17.0,1.0,5.0,6.0,5.0,4.0,0.0,2.0,8.0,20.0,5.0,6.0,4.0,13.0,3.0,0.0,0.0
edwarto01w,2,1,PHO,22.0,0.0,372.0,100.0,11.0,32.0,43.0,30.0,14.0,6.0,40.0,49.0,100.0,34.0,37.0,27.0,22.0,5.0,0.0,8.0,0.0,119.0,22.0,6.0,10.0,16.0,12.0,5.0,0.0,11.0,8.0,21.0,9.0,2.0,2.0,4.0,2.0,0.0,0.0
edwarto01w,3,0,CHA,10.0,9.0,208.0,94.0,5.0,14.0,19.0,18.0,5.0,1.0,22.0,30.0,71.0,26.0,47.0,37.0,14.0,5.0,1.0,0.0,0.0,0.0,0.0,0.0,0.0,0.0,0.0,0.0,0.0,0.0,0.0,0.0,0.0,0.0,0.0,0.0,0.0,0.0,0.0
elysh01w,6,0,SAS,26.65,15.15,595.55,202.63,28.15,62.64,90.79,45.87,22.75,11.35,41.56,56.01,175.03,74.17,56.05,41.7,35.87,12.58,0.49,2.27,1.3,51.9,17.12,2.49,5.36,7.85,3.75,2.1,1.04,3.58,4.45,15.18,6.27,4.4,3.37,3.32,1.21,0.01,0.04
elysh01w,7,0,SAS,31.0,11.0,528.0,139.0,11.0,51.0,62.0,27.0,7.0,4.0,33.0,42.0,132.0,50.0,39.0,30.0,31.0,9.0,0.0,0.0,0.0,0.0,0.0,0.0,0.0,0.0,0.0,0.0,0.0,0.0,0.0,0.0,0.0,0.0,0.0,0.0,0.0,0.0,0.0
elysh01w,8,0,SEA,12.0,1.0,136.0,41.0,5.0,26.0,31.0,10.0,2.0,0.0,13.0,17.0,44.0,12.0,26.0,15.0,9.0,2.0,0.0,0.0,0.0,0.0,0.0,0.0,0.0,0.0,0.0,0.0,0.0,0.0,0.0,0.0,0.0,0.0,0.0,0.0,0.0,0.0,0.0
elysh01w,9,0,SEA,29.0,0.0,282.0,65.0,10.0,29.0,39.0,11.0,8.0,1.0,19.0,28.0,62.0,20.0,31.0,20.0,15.0,5.0,0.0,0.0,0.0,0.0,0.0,0.0,0.0,0.0,0.0,0.0,0.0,0.0,0.0,0.0,0.0,0.0,0.0,0.0,0.0,0.0,0.0
elysh01w,10,0,CHI,34.0,1.0,389.0,113.0,30.0,60.0,90.0,16.0,12.0,5.0,29.0,56.0,115.0,47.0,24.0,15.0,11.0,4.0,0.0,2.0,0.0,2.0,0.0,0.0,0.0,0.0,0.0,0.0,0.0,0.0,2.0,0.0,0.0,0.0,0.0,0.0,0.0,0.0,0.0
enissh01w,2,0,CHA,12.0,9.0,323.0,139.0,21.0,24.0,45.0,10.0,10.0,1.0,16.0,30.0,104.0,41.0,60.0,46.0,32.0,11.0,0.0,0.0,0.0,0.0,0.0,0.0,0.0,0.0,0.0,0.0,0.0,0.0,0.0,0.0,0.0,0.0,0.0,0.0,0.0,0.0,0.0
enissh01w,3,0,CHA,32.0,11.0,623.0,191.0,48.0,65.0,113.0,14.0,10.0,5.0,36.0,60.0,158.0,66.0,63.0,45.0,31.0,14.0,0.0,8.0,0.0,101.0,34.0,6.0,9.0,15.0,4.0,2.0,1.0,7.0,16.0,22.0,11.0,12.0,9.0,4.0,3.0,0.0,0.0
enissh01w,4,0,CHA,4.0,0.0,59.0,19.0,6.0,3.0,9.0,3.0,1.0,2.0,1.0,4.0,18.0,5.0,9.0,9.0,3.0,0.0,0.0,1.0,0.0,3.0,0.0,2.0,0.0,2.0,0.0,0.0,0.0,0.0,0.0,3.0,0.0,0.0,0.0,1.0,0.0,0.0,0.0
erbsu01w,2,0,CHA,29.0,0.0,275.0,92.0,26.0,37.0,63.0,10.0,8.0,6.0,17.0,68.0,73.0,32.0,43.0,28.0,1.0,0.0,0.0,0.0,0.0,0.0,0.0,0.0,0.0,0.0,0.0,0.0,0.0,0.0,0.0,0.0,0.0,0.0,0.0,0.0,0.0,0.0,0.0
erbsu01w,3,0,CHA,18.0,0.0,148.0,54.0,8.0,27.0,35.0,4.0,1.0,5.0,10.0,23.0,42.0,18.0,21.0,18.0,0.0,0.0,0.0,4.0,0.0,15.0,8.0,2.0,2.0,4.0,0.0,0.0,0.0,3.0,3.0,5.0,4.0,0.0,0.0,0.0,0.0,0.0,0.0
ervinla01w,10,0,CON,28.09,16.51,621.77,243.43,31.76,73.59,105.35,52.2,25.52,12.22,47.11,63.24,204.69,87.19,69.31,52.68,47.79,16.38,0.56,2.5,1.31,55.1,20.23,2.49,6.44,8.93,4.32,1.95,1.01,4.04,5.19,17.52,7.26,5.39,4.28,4.31,1.42,0.02,0.05
fallotr01w,2,0,PHO,27.47,15.65,612.86,211.84,30.0,62.37,92.37,47.2,24.88,10.88,46.06,62.03,178.46,77.47,60.54,44.63,37.18,12.27,0.68,1.69,0.94,39.12,12.03,2.0,4.03,6.03,2.86,1.51,0.62,2.58,3.48,10.52,4.54,2.79,2.14,2.45,0.81,0.03,0.02
farriba01w,2,0,DET,14.0,2.0,130.0,45.0,16.0,16.0,32.0,2.0,6.0,1.0,14.0,30.0,30.0,15.0,27.0,15.0,1.0,0.0,0.0,0.0,0.0,0.0,0.0,0.0,0.0,0.0,0.0,0.0,0.0,0.0,0.0,0.0,0.0,0.0,0.0,0.0,0.0,0.0,0.0
farriba01w,3,0,DET,31.0,10.0,559.0,129.0,41.0,68.0,109.0,16.0,7.0,5.0,30.0,68.0,98.0,46.0,58.0,37.0,0.0,0.0,1.0,0.0,0.0,0.0,0.0,0.0,0.0,0.0,0.0,0.0,0.0,0.0,0.0,0.0,0.0,0.0,0.0,0.0,0.0,0.0,0.0
farriba01w,4,0,DET,32.0,16.0,564.0,143.0,29.0,65.0,94.0,16.0,12.0,9.0,38.0,62.0,117.0,49.0,61.0,45.0,1.0,0.0,0.0,0.0,0.0,0.0,0.0,0.0,0.0,0.0,0.0,0.0,0.0,0.0,0.0,0.0,0.0,0.0,0.0,0.0,0.0,0.0,0.0
farriba01w,5,0,DET,34.0,0.0,522.0,127.0,29.0,53.0,82.0,23.0,10.0,4.0,41.0,62.0,99.0,43.0,63.0,41.0,0.0,0.0,0.0,8.0,0.0,133.0,31.0,8.0,12.0,20.0,4.0,1.0,0.0,10.0,14.0,25.0,10.0,17.0,11.0,1.0,0.0,0.0,0.0
farriba01w,6,0,DET,26.0,0.0,422.0,118.0,28.0,33.0,61.0,7.0,8.0,2.0,26.0,46.0,80.0,41.0,54.0,36.0,0.0,0.0,0.0,3.0,2.0,78.0,18.0,8.0,7.0,15.0,2.0,1.0,0.0,5.0,5.0,17.0,6.0,8.0,6.0,0.0,0.0,0.0,0.0
farriba01w,7,0,NYL,34.0,1.0,444.0,83.0,31.0,53.0,84.0,19.0,8.0,1.0,43.0,55.0,73.0,25.0,54.0,33.0,0.0,0.0,0.0,2.0,0.0,12.0,0.0,0.0,1.0,1.0,0.0,0.0,0.0,0.0,0.0,1.0,0.0,0.0,0.0,0.0,0.0,0.0,0.0
farriba01w,8,0,NYL,34.0,34.0,944.0,261.0,56.0,122.0,178.0,51.0,21.0,5.0,65.0,105.0,221.0,95.0,98.0,71.0,3.0,0.0,1.0,0.0,0.0,0.0,0.0,0.0,0.0,0.0,0.0,0.0,0.0,0.0,0.0,0.0,0.0,0.0,0.0,0.0,0.0,0.0,0.0
farriba01w,9,0,PHO,28.0,0.0,237.0,53.0,16.0,27.0,43.0,13.0,6.0,1.0,19.0,32.0,58.0,20.0,16.0,13.0,0.0,0.0,0.0,3.0,0.0,12.0,6.0,0.0,0.0,0.0,0.0,0.0,0.0,2.0,3.0,5.0,3.0,0.0,0.0,0.0,0.0,0.0,0.0
farriba01w,10,0,DET,34.0,8.0,553.0,118.0,38.0,92.0,130.0,8.0,20.0,4.0,35.0,87.0,93.0,44.0,43.0,30.0,0.0,0.0,0.0,0.0,0.0,0.0,0.0,0.0,0.0,0.0,0.0,0.0,0.0,0.0,0.0,0.0,0.0,0.0,0.0,0.0,0.0,0.0,0.0
feastal01w,2,0,CHA,32.0,0.0,469.0,202.0,36.0,49.0,85.0,33.0,23.0,2.0,35.0,47.0,167.0,60.0,72.0,60.0,85.0,22.0,0.0,4.0,0.0,44.0,15.0,3.0,6.0,9.0,3.0,2.0,1.0,5.0,11.0,16.0,5.0,2.0,2.0,13.0,3.0,0.0,0.0
feastal01w,3,0,CHA,32.0,32.0,1007.0,365.0,55.0,98.0,153.0,46.0,29.0,10.0,59.0,86.0,336.0,126.0,63.0,58.0,168.0,55.0,1.0,8.0,8.0,248.0,64.0,8.0,26.0,34.0,14.0,9.0,4.0,9.0,18.0,74.0,26.0,1.0,1.0,35.0,11.0,0.0,0.0
feastal01w,4,0,CHA,32.0,32.0,956.0,379.0,37.0,81.0,118.0,61.0,39.0,12.0,40.0,79.0,292.0,115.0,85.0,70.0,189.0,79.0,0.0,2.0,2.0,65.0,15.0,3.0,12.0,15.0,7.0,2.0,0.0,4.0,1.0,20.0,6.0,0.0,0.0,13.0,3.0,0.0,0.0
feastal01w,5,0,CHA,34.0,34.0,1096.0,422.0,37.0,76.0,113.0,73.0,52.0,9.0,72.0,75.0,378.0,142.0,78.0,66.0,205.0,72.0,0.0,2.0,2.0,63.0,21.0,2.0,3.0,5.0,1.0,2.0,0.0,0.0,5.0,20.0,7.0,4.0,3.0,10.0,4.0,0.0,0.0
feastal01w,6,0,CHA,33.0,32.0,1052.0,388.0,22.0,62.0,84.0,60.0,27.0,6.0,68.0,61.0,332.0,132.0,91.0,79.0,143.0,45.0,0.0,0.0,0.0,0.0,0.0,0.0,0.0,0.0,0.0,0.0,0.0,0.0,0.0,0.0,0.0,0.0,0.0,0.0,0.0,0.0,0.0
feastal01w,7,0,CHA,21.0,21.0,666.0,192.0,9.0,28.0,37.0,51.0,14.0,2.0,38.0,52.0,162.0,61.0,39.0,33.0,86.0,37.0,0.0,0.0,0.0,0.0,0.0,0.0,0.0,0.0,0.0,0.0,0.0,0.0,0.0,0.0,0.0,0.0,0.0,0.0,0.0,0.0,0.0
feastal01w,9,0,IND,32.0,1.0,309.0,55.0,3.0,17.0,20.0,21.0,13.0,2.0,14.0,20.0,81.0,19.0,2.0,1.0,64.0,16.0,0.0,0.0,0.0,0.0,0.0,0.0,0.0,0.0,0.0,0.0,0.0,0.0,0.0,0.0,0.0,0.0,0.0,0.0,0.0,0.0,0.0
feifesu01w,6,0,SAC,26.65,15.15,595.55,202.63,28.15,62.64,90.79,45.87,22.75,11.35,41.56,56.01,175.03,74.17,56.05,41.7,35.87,12.58,0.49,2.27,1.3,51.9,17.12,2.49,5.36,7.85,3.75,2.1,1.04,3.58,4.45,15.18,6.27,4.4,3.37,3.32,1.21,0.01,0.04
ferdima01w,2,0,UTA,27.47,15.65,612.86,211.84,30.0,62.37,92.37,47.2,24.88,10.88,46.06,62.03,178.46,77.47,60.54,44.63,37.18,12.27,0.68,1.69,0.94,39.12,12.03,2.0,4.03,6.03,2.86,1.51,0.62,2.58,3.48,10.52,4.54,2.79,2.14,2.45,0.81,0.03,0.02
ferdima01w,3,0,UTA,32.0,22.0,864.0,366.0,23.0,63.0,86.0,79.0,40.0,4.0,63.0,70.0,290.0,143.0,113.0,69.0,42.0,11.0,1.0,2.0,2.0,69.0,29.0,2.0,6.0,8.0,7.0,3.0,0.0,2.0,4.0,16.0,7.0,18.0,15.0,2.0,0.0,0.0,0.0
ferdima01w,4,0,SAS,32.0,32.0,1065.0,489.0,19.0,88.0,107.0,91.0,51.0,7.0,89.0,86.0,371.0,176.0,171.0,132.0,34.0,5.0,0.0,5.0,5.0,186.0,74.0,4.0,18.0,22.0,13.0,10.0,0.0,20.0,16.0,56.0,25.0,34.0,23.0,5.0,1.0,0.0,0.0
ferdima01w,5,0,SAS,34.0,34.0,1116.0,470.0,28.0,99.0,127.0,90.0,58.0,6.0,85.0,87.0,384.0,139.0,223.0,176.0,52.0,16.0,0.0,0.0,0.0,0.0,0.0,0.0,0.0,0.0,0.0,0.0,0.0,0.0,0.0,0.0,0.0,0.0,0.0,0.0,0.0,0.0,0.0
ferdima01w,6,0,SAS,17.0,17.0,509.0,199.0,18.0,36.0,54.0,29.0,32.0,2.0,35.0,34.0,162.0,67.0,64.0,55.0,27.0,10.0,0.0,0.0,0.0,0.0,0.0,0.0,0.0,0.0,0.0,0.0,0.0,0.0,0.0,0.0,0.0,0.0,0.0,0.0,0.0,0.0,0.0
ferdima01w,8,0,SAS,31.0,31.0,999.0,388.0,40.0,76.0,116.0,68.0,46.0,5.0,70.0,74.0,358.0,132.0,134.0,104.0,65.0,20.0,0.0,0.0,0.0,0.0,0.0,0.0,0.0,0.0,0.0,0.0,0.0,0.0,0.0,0.0,0.0,0.0,0.0,0.0,0.0,0.0,0.0
ferdima01w,9,0,LAS,34.0,12.0,481.0,164.0,33.0,48.0,81.0,28.0,19.0,3.0,37.0,55.0,170.0,61.0,40.0,36.0,27.0,6.0,0.0,5.0,0.0,71.0,33.0,7.0,12.0,19.0,6.0,10.0,0.0,6.0,7.0,26.0,11.0,13.0,11.0,2.0,0.0,0.0,0.0
ferdima01w,10,0,LAS,33.0,25.0,680.0,276.0,30.0,55.0,85.0,43.0,25.0,4.0,41.0,71.0,246.0,91.0,92.0,82.0,44.0,12.0,0.0,6.0,0.0,111.0,45.0,5.0,10.0,15.0,11.0,2.0,0.0,8.0,8.0,39.0,15.0,12.0,11.0,11.0,4.0,0.0,0.0
fernama01w,8,0,LAS,27.63,15.03,590.39,224.03,29.59,68.73,98.32,47.71,23.73,9.81,43.11,57.02,190.87,81.15,62.0,47.06,43.3,14.66,0.41,2.11,1.27,47.78,17.62,2.66,5.57,8.24,3.76,1.55,0.91,3.1,4.73,15.76,6.45,4.92,3.58,3.32,1.13,0.03,0.1
figgsuk01w,2,0,LAS,32.0,32.0,803.0,215.0,14.0,41.0,55.0,127.0,21.0,3.0,43.0,53.0,153.0,66.0,65.0,54.0,82.0,29.0,0.0,4.0,4.0,106.0,24.0,6.0,10.0,16.0,19.0,2.0,0.0,11.0,10.0,23.0,7.0,6.0,6.0,11.0,4.0,0.0,0.0
figgsuk01w,3,0,POR,32.0,29.0,930.0,257.0,14.0,86.0,100.0,126.0,43.0,4.0,55.0,42.0,179.0,76.0,63.0,51.0,117.0,54.0,0.0,7.0,7.0,239.0,58.0,3.0,12.0,15.0,41.0,4.0,4.0,6.0,14.0,53.0,18.0,16.0,12.0,36.0,10.0,0.0,0.0
figgsuk01w,4,0,HOU,31.0,31.0,866.0,264.0,13.0,67.0,80.0,104.0,25.0,2.0,44.0,50.0,233.0,83.0,65.0,59.0,120.0,39.0,0.0,0.0,0.0,0.0,0.0,0.0,0.0,0.0,0.0,0.0,0.0,0.0,0.0,0.0,0.0,0.0,0.0,0.0,0.0,0.0,0.0
flukety01w,7,0,CHA,25.54,14.06,551.91,185.83,24.96,56.79,81.75,42.45,20.43,9.74,39.28,53.91,160.15,67.6,52.41,38.9,34.99,11.74,0.55,2.0,1.09,44.98,14.88,1.82,4.73,6.55,3.21,1.47,0.67,2.84,4.28,12.66,5.27,4.5,3.36,2.66,0.98,0.04,0.04
flukety01w,8,2,LAS,31.0,1.0,324.0,76.0,26.0,40.0,66.0,9.0,2.0,14.0,21.0,48.0,89.0,30.0,22.0,16.0,2.0,0.0,0.0,0.0,0.0,0.0,0.0,0.0,0.0,0.0,0.0,0.0,0.0,0.0,0.0,0.0,0.0,0.0,0.0,0.0,0.0,0.0,0.0
flukety01w,8,1,SEA,12.0,0.0,114.0,39.0,9.0,10.0,19.0,3.0,3.0,7.0,9.0,13.0,44.0,17.0,7.0,4.0,2.0,1.0,0.0,0.0,0.0,0.0,0.0,0.0,0.0,0.0,0.0,0.0,0.0,0.0,0.0,0.0,0.0,0.0,0.0,0.0,0.0,0.0,0.0
flukety01w,9,0,CHI,9.0,0.0,31.0,1.0,2.0,5.0,7.0,0.0,0.0,1.0,3.0,4.0,10.0,0.0,2.0,1.0,1.0,0.0,0.0,0.0,0.0,0.0,0.0,0.0,0.0,0.0,0.0,0.0,0.0,0.0,0.0,0.0,0.0,0.0,0.0,0.0,0.0,0.0,0.0
folklkr01w,2,0,POR,32.0,20.0,845.0,242.0,38.0,116.0,154.0,67.0,23.0,22.0,50.0,80.0,191.0,86.0,94.0,66.0,19.0,4.0,1.0,0.0,0.0,0.0,0.0,0.0,0.0,0.0,0.0,0.0,0.0,0.0,0.0,0.0,0.0,0.0,0.0,0.0,0.0,0.0,0.0
folklkr01w,3,0,POR,32.0,31.0,862.0,180.0,49.0,196.0,245.0,45.0,20.0,34.0,39.0,56.0,166.0,71.0,40.0,33.0,12.0,5.0,0.0,0.0,0.0,0.0,0.0,0.0,0.0,0.0,0.0,0.0,0.0,0.0,0.0,0.0,0.0,0.0,0.0,0.0,0.0,0.0,0.0
fordch01w,4,0,DET,26.12,15.6,604.13,208.08,28.55,61.69,90.24,47.04,23.71,11.16,42.62,55.83,178.36,75.29,57.52,43.31,41.07,14.19,0.53,1.78,1.11,44.72,16.41,2.01,4.64,6.66,3.96,1.6,0.72,2.72,3.83,13.91,6.03,4.09,3.11,3.47,1.23,0.02,0.05
fordch01w,5,0,DET,32.0,32.0,956.0,344.0,99.0,235.0,334.0,27.0,32.0,31.0,79.0,109.0,270.0,128.0,129.0,88.0,0.0,0.0,1.0,8.0,8.0,232.0,67.0,25.0,55.0,80.0,4.0,11.0,6.0,10.0,30.0,74.0,24.0,23.0,19.0,0.0,0.0,0.0,1.0
fordch01w,6,0,DET,31.0,31.0,912.0,329.0,104.0,193.0,297.0,34.0,41.0,25.0,54.0,118.0,287.0,118.0,158.0,93.0,0.0,0.0,3.0,3.0,3.0,111.0,48.0,5.0,27.0,32.0,1.0,4.0,7.0,8.0,3.0,38.0,17.0,22.0,14.0,0.0,0.0,0.0,0.0
fordch01w,7,0,DET,33.0,33.0,932.0,313.0,113.0,209.0,322.0,26.0,33.0,46.0,69.0,143.0,279.0,120.0,150.0,73.0,0.0,0.0,6.0,2.0,2.0,49.0,19.0,7.0,7.0,14.0,2.0,1.0,2.0,3.0,11.0,18.0,8.0,5.0,3.0,0.0,0.0,1.0,0.0
fordch01w,8,0,DET,32.0,32.0,920.0,443.0,130.0,233.0,363.0,45.0,38.0,25.0,58.0,114.0,315.0,157.0,199.0,129.0,0.0,0.0,0.0,10.0,10.0,287.0,134.0,33.0,70.0,103.0,12.0,13.0,7.0,19.0,40.0,88.0,46.0,56.0,42.0,0.0,0.0,0.0,0.0
fordch01w,9,0,DET,15.0,15.0,460.0,195.0,48.0,120.0,168.0,22.0,28.0,11.0,42.0,54.0,143.0,71.0,83.0,53.0,0.0,0.0,0.0,10.0,8.0,228.0,69.0,33.0,59.0,92.0,4.0,5.0,3.0,14.0,32.0,65.0,27.0,33.0,15.0,1.0,0.0,0.0,1.0
fordch01w,10,0,DET,24.0,24.0,637.0,243.0,74.0,134.0,208.0,22.0,24.0,9.0,23.0,70.0,185.0,89.0,116.0,65.0,0.0,0.0,0.0,0.0,0.0,0.0,0.0,0.0,0.0,0.0,0.0,0.0,0.0,0.0,0.0,0.0,0.0,0.0,0.0,0.0,0.0,0.0,0.0
fordki01w,2,0,MIA,28.0,0.0,424.0,104.0,32.0,30.0,62.0,21.0,32.0,1.0,27.0,65.0,108.0,33.0,63.0,37.0,4.0,1.0,1.0,0.0,0.0,0.0,0.0,0.0,0.0,0.0,0.0,0.0,0.0,0.0,0.0,0.0,0.0,0.0,0.0,0.0,0.0,0.0,0.0
fordst01w,2,0,NYL,27.47,15.65,612.86,211.84,30.0,62.37,92.37,47.2,24.88,10.88,46.06,62.03,178.46,77.47,60.54,44.63,37.18,12.27,0.68,1.69,0.94,39.12,12.03,2.0,4.03,6.03,2.86,1.51,0.62,2.58,3.48,10.52,4.54,2.79,2.14,2.45,0.81,0.03,0.02
fordst01w,3,0,SAC,1.0,0.0,3.0,2.0,0.0,1.0,1.0,0.0,0.0,0.0,0.0,0.0,1.0,1.0,0.0,0.0,0.0,0.0,0.0,0.0,0.0,0.0,0.0,0.0,0.0,0.0,0.0,0.0,0.0,0.0,0.0,0.0,0.0,0.0,0.0,0.0,0.0,0.0,0.0
fowlesy01w,9,0,CHI,26.3,13.75,549.16,209.96,28.39,66.05,94.44,44.4,21.72,10.61,42.77,53.46,179.59,76.48,55.67,42.66,40.99,14.34,0.44,2.46,1.36,56.15,22.09,2.92,7.19,10.11,4.72,1.89,1.15,3.64,5.21,19.28,8.05,5.13,3.95,5.4,2.05,0.05,0.07
fowlesy01w,10,0,CHI,17.0,14.0,430.0,178.0,28.0,99.0,127.0,5.0,19.0,36.0,37.0,32.0,150.0,77.0,41.0,24.0,0.0,0.0,1.0,0.0,0.0,0.0,0.0,0.0,0.0,0.0,0.0,0.0,0.0,0.0,0.0,0.0,0.0,0.0,0.0,0.0,0.0,0.0,0.0
frankaq01w,9,0,SAC,26.3,13.75,549.16,209.96,28.39,66.05,94.44,44.4,21.72,10.61,42.77,53.46,179.59,76.48,55.67,42.66,40.99,14.34,0.44,2.46,1.36,56.15,22.09,2.92,7.19,10.11,4.72,1.89,1.15,3.64,5.21,19.28,8.05,5.13,3.95,5.4,2.05,0.05,0.07
frankaq01w,10,0,SEA,34.0,0.0,351.0,53.0,5.0,40.0,45.0,59.0,16.0,1.0,26.0,44.0,70.0,19.0,14.0,9.0,24.0,6.0,0.0,3.0,0.0,19.0,2.0,0.0,1.0,1.0,1.0,1.0,0.0,2.0,2.0,6.0,1.0,0.0,0.0,4.0,0.0,0.0,0.0
frazeme01w,10,0,SAS,28.09,16.51,621.77,243.43,31.76,73.59,105.35,52.2,25.52,12.22,47.11,63.24,204.69,87.19,69.31,52.68,47.79,16.38,0.56,2.5,1.31,55.1,20.23,2.49,6.44,8.93,4.32,1.95,1.01,4.04,5.19,17.52,7.26,5.39,4.28,4.31,1.42,0.02,0.05
frettla01w,2,0,SAC,25.0,0.0,187.0,40.0,8.0,16.0,24.0,6.0,7.0,6.0,13.0,10.0,51.0,14.0,16.0,12.0,1.0,0.0,0.0,3.0,0.0,7.0,7.0,0.0,0.0,0.0,0.0,0.0,0.0,0.0,0.0,3.0,2.0,4.0,3.0,0.0,0.0,0.0,0.0
frettla01w,3,0,SAC,30.0,10.0,403.0,128.0,23.0,32.0,55.0,18.0,10.0,6.0,32.0,30.0,126.0,49.0,35.0,30.0,0.0,0.0,0.0,5.0,0.0,18.0,4.0,2.0,0.0,2.0,1.0,0.0,0.0,1.0,2.0,8.0,1.0,2.0,2.0,0.0,0.0,0.0,0.0
frettla01w,4,0,SAC,32.0,15.0,648.0,187.0,30.0,65.0,95.0,23.0,5.0,19.0,27.0,70.0,187.0,84.0,17.0,14.0,15.0,5.0,2.0,0.0,0.0,0.0,0.0,0.0,0.0,0.0,0.0,0.0,0.0,0.0,0.0,0.0,0.0,0.0,0.0,0.0,0.0,0.0,0.0
frettla01w,5,1,CHA,24.0,4.0,150.0,36.0,9.0,14.0,23.0,12.0,2.0,3.0,10.0,16.0,47.0,17.0,2.0,1.0,2.0,1.0,0.0,1.0,0.0,9.0,2.0,0.0,0.0,0.0,0.0,0.0,0.0,1.0,1.0,2.0,1.0,0.0,0.0,1.0,0.0,0.0,0.0
frettla01w,5,2,NYL,10.0,0.0,71.0,15.0,3.0,7.0,10.0,4.0,1.0,2.0,10.0,4.0,13.0,6.0,6.0,3.0,0.0,0.0,0.0,0.0,0.0,0.0,0.0,0.0,0.0,0.0,0.0,0.0,0.0,0.0,0.0,0.0,0.0,0.0,0.0,0.0,0.0,0.0,0.0
frettla01w,6,0,NYL,16.0,2.0,276.0,102.0,14.0,26.0,40.0,14.0,9.0,5.0,14.0,25.0,85.0,41.0,31.0,20.0,0.0,0.0,0.0,5.0,0.0,116.0,44.0,5.0,12.0,17.0,6.0,4.0,3.0,7.0,12.0,48.0,20.0,4.0,4.0,1.0,0.0,0.0,0.0
friertr01w,5,0,SEA,28.7,17.01,651.85,232.97,33.24,71.39,104.63,51.13,24.66,12.93,46.39,61.6,201.87,85.06,63.94,47.89,44.05,14.97,0.58,2.22,1.39,53.69,18.96,2.43,6.16,8.59,4.55,1.83,1.16,3.5,5.1,16.68,6.86,5.2,4.12,3.5,1.13,0.02,0.06
frohlli01w,3,0,NYL,25.23,13.75,548.8,181.49,26.81,57.19,84.0,40.49,21.88,9.7,39.26,50.48,160.77,66.49,49.2,36.53,35.69,11.98,0.41,1.74,1.06,41.03,13.2,1.91,4.14,6.05,3.08,1.38,0.95,2.43,3.52,11.93,4.9,3.33,2.48,2.82,0.93,0.02,0.05
frohlli01w,4,0,NYL,16.0,0.0,67.0,6.0,3.0,10.0,13.0,1.0,2.0,0.0,4.0,11.0,10.0,1.0,4.0,4.0,4.0,0.0,0.0,3.0,0.0,20.0,1.0,0.0,5.0,5.0,2.0,1.0,0.0,3.0,2.0,3.0,0.0,2.0,1.0,0.0,0.0,0.0,0.0
frohlli01w,7,0,IND,26.0,0.0,214.0,83.0,11.0,25.0,36.0,15.0,6.0,8.0,14.0,26.0,72.0,31.0,22.0,14.0,13.0,7.0,0.0,0.0,0.0,0.0,0.0,0.0,0.0,0.0,0.0,0.0,0.0,0.0,0.0,0.0,0.0,0.0,0.0,0.0,0.0,0.0,0.0
frohlli01w,8,0,SAC,20.0,0.0,169.0,66.0,14.0,21.0,35.0,9.0,5.0,0.0,13.0,27.0,68.0,26.0,8.0,6.0,22.0,8.0,0.0,0.0,0.0,0.0,0.0,0.0,0.0,0.0,0.0,0.0,0.0,0.0,0.0,0.0,0.0,0.0,0.0,0.0,0.0,0.0,0.0
futreca01w,5,0,CON,28.7,17.01,651.85,232.97,33.24,71.39,104.63,51.13,24.66,12.93,46.39,61.6,201.87,85.06,63.94,47.89,44.05,14.97,0.58,2.22,1.39,53.69,18.96,2.43,6.16,8.59,4.55,1.83,1.16,3.5,5.1,16.68,6.86,5.2,4.12,3.5,1.13,0.02,0.06
gaithka01w,3,1,LAS,9.0,0.0,54.0,14.0,7.0,10.0,17.0,4.0,4.0,0.0,4.0,8.0,7.0,2.0,10.0,10.0,0.0,0.0,0.0,0.0,0.0,0.0,0.0,0.0,0.0,0.0,0.0,0.0,0.0,0.0,0.0,0.0,0.0,0.0,0.0,0.0,0.0,0.0,0.0
gaithka01w,3,2,WAS,1.0,0.0,5.0,0.0,0.0,1.0,1.0,1.0,0.0,0.0,1.0,2.0,1.0,0.0,0.0,0.0,0.0,0.0,0.0,0.0,0.0,0.0,0.0,0.0,0.0,0.0,0.0,0.0,0.0,0.0,0.0,0.0,0.0,0.0,0.0,0.0,0.0,0.0,0.0
garcibe01w,3,0,DET,25.23,13.75,548.8,181.49,26.81,57.19,84.0,40.49,21.88,9.7,39.26,50.48,160.77,66.49,49.2,36.53,35.69,11.98,0.41,1.74,1.06,41.03,13.2,1.91,4.14,6.05,3.08,1.38,0.95,2.43,3.52,11.93,4.9,3.33,2.48,2.82,0.93,0.02,0.05
gardike01w,9,0,CON,26.3,13.75,549.16,209.96,28.39,66.05,94.44,44.4,21.72,10.61,42.77,53.46,179.59,76.48,55.67,42.66,40.99,14.34,0.44,2.46,1.36,56.15,22.09,2.92,7.19,10.11,4.72,1.89,1.15,3.64,5.21,19.28,8.05,5.13,3.95,5.4,2.05,0.05,0.07
gardike01w,10,0,CON,34.0,15.0,540.0,137.0,38.0,73.0,111.0,41.0,29.0,7.0,45.0,56.0,133.0,47.0,41.0,22.0,56.0,21.0,0.0,3.0,3.0,57.0,11.0,4.0,3.0,7.0,3.0,5.0,1.0,1.0,6.0,10.0,4.0,4.0,2.0,3.0,1.0,0.0,0.0
gardnan01w,3,0,UTA,25.23,13.75,548.8,181.49,26.81,57.19,84.0,40.49,21.88,9.7,39.26,50.48,160.77,66.49,49.2,36.53,35.69,11.98,0.41,1.74,1.06,41.03,13.2,1.91,4.14,6.05,3.08,1.38,0.95,2.43,3.52,11.93,4.9,3.33,2.48,2.82,0.93,0.02,0.05
gardnan01w,9,0,WAS,30.0,2.0,198.0,57.0,29.0,32.0,61.0,5.0,3.0,3.0,13.0,35.0,49.0,18.0,38.0,21.0,0.0,0.0,0.0,3.0,0.0,14.0,5.0,1.0,3.0,4.0,0.0,0.0,1.0,1.0,5.0,3.0,2.0,2.0,1.0,0.0,0.0,0.0,0.0
gearlka01w,8,0,SEA,27.63,15.03,590.39,224.03,29.59,68.73,98.32,47.71,23.73,9.81,43.11,57.02,190.87,81.15,62.0,47.06,43.3,14.66,0.41,2.11,1.27,47.78,17.62,2.66,5.57,8.24,3.76,1.55,0.91,3.1,4.73,15.76,6.45,4.92,3.58,3.32,1.13,0.03,0.1
gearlka01w,9,0,SEA,33.0,0.0,437.0,132.0,16.0,37.0,53.0,24.0,12.0,6.0,20.0,22.0,114.0,44.0,25.0,22.0,64.0,22.0,0.0,2.0,0.0,23.0,3.0,1.0,2.0,3.0,3.0,1.0,0.0,1.0,2.0,2.0,1.0,0.0,0.0,1.0,1.0,0.0,0.0
gearlka01w,10,0,SEA,34.0,3.0,468.0,171.0,5.0,39.0,44.0,21.0,11.0,3.0,15.0,28.0,158.0,59.0,23.0,17.0,92.0,36.0,0.0,3.0,0.0,21.0,6.0,1.0,0.0,1.0,2.0,3.0,0.0,0.0,3.0,6.0,2.0,2.0,1.0,4.0,1.0,0.0,0.0
gibsoke01w,2,0,HOU,17.0,0.0,76.0,24.0,4.0,8.0,12.0,2.0,1.0,0.0,4.0,11.0,19.0,7.0,8.0,7.0,7.0,3.0,0.0,1.0,0.0,3.0,0.0,0.0,0.0,0.0,0.0,0.0,0.0,0.0,0.0,1.0,0.0,0.0,0.0,0.0,0.0,0.0,0.0
gibsoke01w,3,0,HOU,28.0,6.0,288.0,44.0,6.0,23.0,29.0,13.0,8.0,6.0,15.0,20.0,57.0,13.0,22.0,15.0,21.0,3.0,0.0,2.0,2.0,23.0,7.0,0.0,3.0,3.0,0.0,1.0,0.0,2.0,1.0,7.0,3.0,0.0,0.0,3.0,1.0,0.0,0.0
gibsoke01w,4,0,HOU,29.0,2.0,276.0,60.0,3.0,17.0,20.0,14.0,8.0,7.0,21.0,21.0,55.0,21.0,6.0,4.0,36.0,14.0,0.0,2.0,0.0,22.0,10.0,3.0,1.0,4.0,0.0,0.0,0.0,1.0,3.0,8.0,4.0,0.0,0.0,3.0,2.0,0.0,0.0
gilloje01w,2,0,PHO,30.0,30.0,826.0,376.0,31.0,85.0,116.0,45.0,21.0,29.0,59.0,91.0,316.0,139.0,106.0,79.0,69.0,19.0,1.0,2.0,2.0,64.0,26.0,1.0,3.0,4.0,2.0,1.0,5.0,4.0,10.0,20.0,10.0,10.0,5.0,5.0,1.0,0.0,0.0
gilloje01w,3,0,PHO,32.0,32.0,858.0,395.0,36.0,91.0,127.0,35.0,31.0,19.0,71.0,91.0,355.0,150.0,96.0,71.0,70.0,24.0,1.0,0.0,0.0,0.0,0.0,0.0,0.0,0.0,0.0,0.0,0.0,0.0,0.0,0.0,0.0,0.0,0.0,0.0,0.0,0.0,0.0
gilloje01w,4,0,LAS,31.0,31.0,874.0,473.0,36.0,80.0,116.0,37.0,29.0,21.0,61.0,90.0,400.0,166.0,131.0,105.0,93.0,36.0,0.0,0.0,0.0,0.0,0.0,0.0,0.0,0.0,0.0,0.0,0.0,0.0,0.0,0.0,0.0,0.0,0.0,0.0,0.0,0.0,1.0
gisseka01w,9,0,LAS,26.3,13.75,549.16,209.96,28.39,66.05,94.44,44.4,21.72,10.61,42.77,53.46,179.59,76.48,55.67,42.66,40.99,14.34,0.44,2.46,1.36,56.15,22.09,2.92,7.19,10.11,4.72,1.89,1.15,3.64,5.21,19.28,8.05,5.13,3.95,5.4,2.05,0.05,0.07
givench01w,9,0,DET,26.3,13.75,549.16,209.96,28.39,66.05,94.44,44.4,21.72,10.61,42.77,53.46,179.59,76.48,55.67,42.66,40.99,14.34,0.44,2.46,1.36,56.15,22.09,2.92,7.19,10.11,4.72,1.89,1.15,3.64,5.21,19.28,8.05,5.13,3.95,5.4,2.05,0.05,0.07
gomisem01w,7,0,NYL,25.54,14.06,551.91,185.83,24.96,56.79,81.75,42.45,20.43,9.74,39.28,53.91,160.15,67.6,52.41,38.9,34.99,11.74,0.55,2.0,1.09,44.98,14.88,1.82,4.73,6.55,3.21,1.47,0.67,2.84,4.28,12.66,5.27,4.5,3.36,2.66,0.98,0.04,0.04
goodsad01w,2,0,UTA,29.0,28.0,929.0,498.0,69.0,95.0,164.0,69.0,41.0,7.0,81.0,67.0,415.0,199.0,134.0,92.0,29.0,8.0,0.0,0.0,0.0,0.0,0.0,0.0,0.0,0.0,0.0,0.0,0.0,0.0,0.0,0.0,0.0,0.0,0.0,0.0,0.0,0.0,0.0
goodsad01w,3,0,UTA,28.0,25.0,854.0,343.0,66.0,86.0,152.0,58.0,27.0,0.0,75.0,64.0,319.0,138.0,89.0,62.0,31.0,5.0,0.0,2.0,2.0,71.0,31.0,6.0,10.0,16.0,3.0,3.0,2.0,4.0,7.0,29.0,13.0,9.0,5.0,4.0,0.0,0.0,0.0
goodsad01w,4,0,SAS,32.0,32.0,1101.0,503.0,91.0,90.0,181.0,67.0,45.0,6.0,102.0,92.0,419.0,189.0,157.0,117.0,28.0,8.0,0.0,5.0,5.0,190.0,72.0,9.0,18.0,27.0,8.0,7.0,0.0,21.0,11.0,74.0,29.0,17.0,12.0,7.0,2.0,0.0,0.0
goodsad01w,5,0,SAS,33.0,32.0,969.0,371.0,74.0,111.0,185.0,71.0,24.0,6.0,85.0,96.0,357.0,141.0,102.0,81.0,36.0,8.0,2.0,0.0,0.0,0.0,0.0,0.0,0.0,0.0,0.0,0.0,0.0,0.0,0.0,0.0,0.0,0.0,0.0,0.0,0.0,0.0,0.0
goodsad01w,6,2,CHA,34.0,34.0,1068.0,372.0,89.0,146.0,235.0,60.0,28.0,2.0,67.0,77.0,317.0,142.0,102.0,84.0,16.0,4.0,1.0,0.0,0.0,0.0,0.0,0.0,0.0,0.0,0.0,0.0,0.0,0.0,0.0,0.0,0.0,0.0,0.0,0.0,0.0,0.0,0.0
goodsad01w,6,1,HOU,10.0,0.0,215.0,70.0,17.0,18.0,35.0,6.0,3.0,1.0,18.0,22.0,71.0,30.0,15.0,9.0,1.0,1.0,1.0,0.0,0.0,0.0,0.0,0.0,0.0,0.0,0.0,0.0,0.0,0.0,0.0,0.0,0.0,0.0,0.0,0.0,0.0,0.0,0.0
goringi01w,8,0,WAS,27.63,15.03,590.39,224.03,29.59,68.73,98.32,47.71,23.73,9.81,43.11,57.02,190.87,81.15,62.0,47.06,43.3,14.66,0.41,2.11,1.27,47.78,17.62,2.66,5.57,8.24,3.76,1.55,0.91,3.1,4.73,15.76,6.45,4.92,3.58,3.32,1.13,0.03,0.1
gortmsh01w,3,0,MIN,25.23,13.75,548.8,181.49,26.81,57.19,84.0,40.49,21.88,9.7,39.26,50.48,160.77,66.49,49.2,36.53,35.69,11.98,0.41,1.74,1.06,41.03,13.2,1.91,4.14,6.05,3.08,1.38,0.95,2.43,3.52,11.93,4.9,3.33,2.48,2.82,0.93,0.02,0.05
gortmsh01w,4,0,MIN,29.0,2.0,369.0,91.0,16.0,45.0,61.0,21.0,13.0,6.0,25.0,42.0,97.0,35.0,9.0,7.0,43.0,14.0,0.0,0.0,0.0,0.0,0.0,0.0,0.0,0.0,0.0,0.0,0.0,0.0,0.0,0.0,0.0,0.0,0.0,0.0,0.0,0.0,0.0
gortmsh01w,5,0,WAS,25.0,0.0,200.0,50.0,9.0,23.0,32.0,14.0,11.0,1.0,20.0,25.0,49.0,21.0,4.0,3.0,20.0,5.0,0.0,0.0,0.0,0.0,0.0,0.0,0.0,0.0,0.0,0.0,0.0,0.0,0.0,0.0,0.0,0.0,0.0,0.0,0.0,0.0,0.0
gortmsh01w,7,0,SEA,4.0,0.0,24.0,0.0,0.0,4.0,4.0,2.0,0.0,1.0,2.0,0.0,0.0,0.0,0.0,0.0,0.0,0.0,0.0,1.0,0.0,2.0,0.0,0.0,0.0,0.0,0.0,0.0,0.0,0.0,0.0,1.0,0.0,0.0,0.0,0.0,0.0,0.0,0.0
granter01w,8,0,HOU,27.63,15.03,590.39,224.03,29.59,68.73,98.32,47.71,23.73,9.81,43.11,57.02,190.87,81.15,62.0,47.06,43.3,14.66,0.41,2.11,1.27,47.78,17.62,2.66,5.57,8.24,3.76,1.55,0.91,3.1,4.73,15.76,6.45,4.92,3.58,3.32,1.13,0.03,0.1
grecomi01w,5,0,SEA,28.7,17.01,651.85,232.97,33.24,71.39,104.63,51.13,24.66,12.93,46.39,61.6,201.87,85.06,63.94,47.89,44.05,14.97,0.58,2.22,1.39,53.69,18.96,2.43,6.16,8.59,4.55,1.83,1.16,3.5,5.1,16.68,6.86,5.2,4.12,3.5,1.13,0.02,0.06
greenci01w,7,0,SEA,25.54,14.06,551.91,185.83,24.96,56.79,81.75,42.45,20.43,9.74,39.28,53.91,160.15,67.6,52.41,38.9,34.99,11.74,0.55,2.0,1.09,44.98,14.88,1.82,4.73,6.55,3.21,1.47,0.67,2.84,4.28,12.66,5.27,4.5,3.36,2.66,0.98,0.04,0.04
grginve01w,2,0,LAS,18.0,0.0,183.0,49.0,9.0,14.0,23.0,12.0,3.0,1.0,14.0,17.0,62.0,17.0,23.0,14.0,17.0,1.0,0.0,3.0,0.0,7.0,2.0,0.0,3.0,3.0,1.0,1.0,0.0,2.0,0.0,2.0,1.0,2.0,0.0,1.0,0.0,0.0,0.0
grginve01w,3,0,LAS,24.0,7.0,223.0,71.0,13.0,22.0,35.0,12.0,4.0,1.0,15.0,21.0,65.0,28.0,14.0,9.0,19.0,6.0,0.0,4.0,0.0,7.0,4.0,0.0,1.0,1.0,0.0,0.0,0.0,0.0,0.0,3.0,1.0,2.0,2.0,1.0,0.0,0.0,0.0
griffyo01w,2,0,SAC,32.0,32.0,1026.0,523.0,148.0,183.0,331.0,47.0,83.0,61.0,82.0,110.0,361.0,193.0,194.0,137.0,0.0,0.0,1.0,2.0,2.0,78.0,29.0,6.0,18.0,24.0,2.0,1.0,1.0,4.0,4.0,23.0,12.0,8.0,5.0,0.0,0.0,0.0,0.0
griffyo01w,3,0,SAC,32.0,31.0,1077.0,518.0,162.0,195.0,357.0,54.0,63.0,37.0,75.0,114.0,368.0,192.0,186.0,134.0,0.0,0.0,1.0,5.0,5.0,181.0,106.0,18.0,26.0,44.0,7.0,8.0,6.0,11.0,18.0,67.0,32.0,55.0,42.0,0.0,0.0,0.0,0.0
griffyo01w,4,0,SAC,17.0,17.0,577.0,288.0,66.0,82.0,148.0,19.0,16.0,13.0,45.0,70.0,179.0,93.0,127.0,102.0,0.0,0.0,0.0,0.0,0.0,0.0,0.0,0.0,0.0,0.0,0.0,0.0,0.0,0.0,0.0,0.0,0.0,0.0,0.0,0.0,0.0,0.0,0.0
griffyo01w,5,0,SAC,34.0,34.0,1015.0,469.0,92.0,156.0,248.0,46.0,57.0,39.0,75.0,125.0,332.0,161.0,190.0,147.0,2.0,0.0,3.0,6.0,6.0,200.0,103.0,19.0,34.0,53.0,7.0,7.0,6.0,12.0,16.0,67.0,36.0,34.0,31.0,0.0,0.0,0.0,0.0
griffyo01w,6,0,SAC,34.0,34.0,1031.0,494.0,122.0,124.0,246.0,42.0,75.0,41.0,59.0,99.0,341.0,177.0,186.0,140.0,1.0,0.0,2.0,6.0,6.0,204.0,82.0,20.0,29.0,49.0,8.0,12.0,6.0,12.0,15.0,63.0,31.0,24.0,20.0,0.0,0.0,0.0,0.0
griffyo01w,7,0,SAC,34.0,33.0,962.0,469.0,87.0,136.0,223.0,52.0,42.0,31.0,68.0,98.0,357.0,173.0,174.0,123.0,0.0,0.0,0.0,8.0,8.0,246.0,138.0,27.0,39.0,66.0,11.0,10.0,4.0,10.0,20.0,108.0,53.0,45.0,32.0,0.0,0.0,0.0,1.0
griffyo01w,8,0,SAC,34.0,34.0,854.0,407.0,87.0,132.0,219.0,56.0,44.0,16.0,66.0,74.0,293.0,134.0,185.0,139.0,1.0,0.0,0.0,9.0,9.0,237.0,133.0,28.0,36.0,64.0,16.0,10.0,5.0,10.0,23.0,97.0,47.0,51.0,39.0,0.0,0.0,0.0,1.0
griffyo01w,9,0,SEA,32.0,32.0,738.0,289.0,63.0,84.0,147.0,47.0,33.0,12.0,65.0,97.0,213.0,107.0,114.0,75.0,0.0,0.0,1.0,3.0,3.0,71.0,26.0,8.0,10.0,18.0,1.0,2.0,1.0,7.0,6.0,22.0,9.0,9.0,8.0,0.0,0.0,0.0,0.0
griffyo01w,10,0,IND,30.0,30.0,658.0,217.0,77.0,112.0,189.0,45.0,43.0,17.0,51.0,110.0,145.0,67.0,128.0,83.0,0.0,0.0,1.0,3.0,3.0,87.0,13.0,6.0,13.0,19.0,5.0,9.0,4.0,5.0,16.0,14.0,3.0,8.0,7.0,0.0,0.0,0.0,0.0
groomla01w,2,0,SAC,30.0,3.0,401.0,124.0,27.0,17.0,44.0,13.0,10.0,3.0,21.0,27.0,88.0,39.0,61.0,46.0,1.0,0.0,0.0,2.0,0.0,23.0,3.0,2.0,0.0,2.0,0.0,0.0,0.0,1.0,3.0,2.0,1.0,1.0,1.0,0.0,0.0,0.0,0.0
groomla01w,3,0,SAC,31.0,0.0,543.0,141.0,32.0,46.0,78.0,38.0,15.0,10.0,25.0,43.0,114.0,49.0,58.0,43.0,0.0,0.0,0.0,5.0,0.0,31.0,9.0,1.0,3.0,4.0,1.0,0.0,0.0,3.0,3.0,7.0,2.0,6.0,5.0,0.0,0.0,0.0,0.0
groomla01w,4,0,SAC,32.0,26.0,850.0,227.0,38.0,61.0,99.0,39.0,21.0,8.0,46.0,69.0,181.0,78.0,83.0,71.0,1.0,0.0,0.0,0.0,0.0,0.0,0.0,0.0,0.0,0.0,0.0,0.0,0.0,0.0,0.0,0.0,0.0,0.0,0.0,0.0,0.0,0.0,0.0
groomla01w,5,0,SAC,34.0,9.0,470.0,111.0,15.0,31.0,46.0,29.0,17.0,5.0,21.0,27.0,112.0,45.0,26.0,21.0,1.0,0.0,0.0,6.0,0.0,65.0,15.0,2.0,3.0,5.0,3.0,1.0,0.0,1.0,3.0,12.0,7.0,2.0,1.0,0.0,0.0,0.0,0.0
grubigo01w,2,0,IND,29.0,20.0,720.0,239.0,20.0,56.0,76.0,63.0,31.0,0.0,60.0,47.0,239.0,90.0,40.0,31.0,91.0,28.0,0.0,0.0,0.0,0.0,0.0,0.0,0.0,0.0,0.0,0.0,0.0,0.0,0.0,0.0,0.0,0.0,0.0,0.0,0.0,0.0,0.0
grubigo01w,3,0,PHO,27.0,9.0,481.0,170.0,18.0,31.0,49.0,33.0,7.0,0.0,34.0,30.0,167.0,62.0,39.0,29.0,58.0,17.0,0.0,0.0,0.0,0.0,0.0,0.0,0.0,0.0,0.0,0.0,0.0,0.0,0.0,0.0,0.0,0.0,0.0,0.0,0.0,0.0,0.0
grubigo01w,5,0,HOU,32.0,31.0,859.0,317.0,16.0,48.0,64.0,104.0,36.0,3.0,58.0,59.0,297.0,114.0,79.0,60.0,92.0,29.0,0.0,0.0,0.0,0.0,0.0,0.0,0.0,0.0,0.0,0.0,0.0,0.0,0.0,0.0,0.0,0.0,0.0,0.0,0.0,0.0,0.0
grubigo01w,6,0,LAS,5.0,0.0,24.0,2.0,0.0,1.0,1.0,0.0,0.0,0.0,3.0,2.0,3.0,0.0,2.0,2.0,0.0,0.0,0.0,0.0,0.0,0.0,0.0,0.0,0.0,0.0,0.0,0.0,0.0,0.0,0.0,0.0,0.0,0.0,0.0,0.0,0.0,0.0,0.0
grudasa01w,9,0,CON,26.3,13.75,549.16,209.96,28.39,66.05,94.44,44.4,21.72,10.61,42.77,53.46,179.59,76.48,55.67,42.66,40.99,14.34,0.44,2.46,1.36,56.15,22.09,2.92,7.19,10.11,4.72,1.89,1.15,3.64,5.21,19.28,8.05,5.13,3.95,5.4,2.05,0.05,0.07
grudasa01w,10,0,CON,31.0,1.0,476.0,193.0,44.0,66.0,110.0,28.0,19.0,26.0,41.0,56.0,178.0,81.0,57.0,31.0,0.0,0.0,0.0,3.0,0.0,27.0,8.0,0.0,4.0,4.0,1.0,1.0,0.0,4.0,2.0,7.0,4.0,0.0,0.0,0.0,0.0,0.0,0.0
hairska01w,8,0,CON,27.63,15.03,590.39,224.03,29.59,68.73,98.32,47.71,23.73,9.81,43.11,57.02,190.87,81.15,62.0,47.06,43.3,14.66,0.41,2.11,1.27,47.78,17.62,2.66,5.57,8.24,3.76,1.55,0.91,3.1,4.73,15.76,6.45,4.92,3.58,3.32,1.13,0.03,0.1
hallam01w,3,0,POR,25.23,13.75,548.8,181.49,26.81,57.19,84.0,40.49,21.88,9.7,39.26,50.48,160.77,66.49,49.2,36.53,35.69,11.98,0.41,1.74,1.06,41.03,13.2,1.91,4.14,6.05,3.08,1.38,0.95,2.43,3.52,11.93,4.9,3.33,2.48,2.82,0.93,0.02,0.05
hallvi01w,2,1,CLE,32.0,10.0,577.0,150.0,24.0,68.0,92.0,24.0,17.0,8.0,25.0,60.0,158.0,59.0,34.0,22.0,42.0,10.0,0.0,6.0,1.0,69.0,21.0,5.0,10.0,15.0,4.0,0.0,1.0,2.0,4.0,24.0,10.0,1.0,0.0,5.0,1.0,0.0,0.0
hallvi01w,2,2,IND,14.0,6.0,225.0,65.0,10.0,23.0,33.0,9.0,1.0,5.0,11.0,22.0,66.0,27.0,8.0,4.0,22.0,7.0,0.0,0.0,0.0,0.0,0.0,0.0,0.0,0.0,0.0,0.0,0.0,0.0,0.0,0.0,0.0,0.0,0.0,0.0,0.0,0.0,0.0
hallvi01w,3,0,LAS,13.0,0.0,123.0,36.0,5.0,11.0,16.0,4.0,4.0,0.0,7.0,11.0,34.0,14.0,14.0,8.0,3.0,0.0,0.0,0.0,0.0,0.0,0.0,0.0,0.0,0.0,0.0,0.0,0.0,0.0,0.0,0.0,0.0,0.0,0.0,0.0,0.0,0.0,0.0
hammobe01w,2,0,NYL,32.0,16.0,835.0,351.0,19.0,45.0,64.0,58.0,29.0,1.0,62.0,55.0,252.0,119.0,69.0,61.0,141.0,52.0,0.0,7.0,7.0,206.0,66.0,5.0,5.0,10.0,15.0,9.0,0.0,17.0,10.0,49.0,21.0,19.0,17.0,23.0,7.0,0.0,0.0
hammobe01w,3,0,NYL,32.0,0.0,619.0,262.0,10.0,42.0,52.0,51.0,27.0,1.0,48.0,46.0,197.0,90.0,51.0,40.0,111.0,42.0,0.0,6.0,0.0,48.0,15.0,0.0,3.0,3.0,2.0,1.0,0.0,3.0,3.0,17.0,6.0,0.0,0.0,10.0,3.0,0.0,0.0
hammobe01w,4,0,NYL,32.0,1.0,659.0,256.0,18.0,50.0,68.0,54.0,25.0,0.0,55.0,49.0,197.0,87.0,56.0,38.0,114.0,44.0,0.0,8.0,0.0,183.0,79.0,2.0,15.0,17.0,16.0,5.0,0.0,11.0,12.0,54.0,29.0,8.0,7.0,33.0,14.0,0.0,0.0
hammobe01w,5,0,NYL,11.0,2.0,257.0,162.0,1.0,20.0,21.0,18.0,10.0,1.0,27.0,13.0,87.0,50.0,41.0,39.0,49.0,23.0,0.0,0.0,0.0,0.0,0.0,0.0,0.0,0.0,0.0,0.0,0.0,0.0,0.0,0.0,0.0,0.0,0.0,0.0,0.0,0.0,0.0
hammobe01w,6,0,NYL,34.0,34.0,1130.0,460.0,17.0,101.0,118.0,150.0,58.0,2.0,118.0,73.0,354.0,153.0,116.0,97.0,170.0,57.0,0.0,5.0,5.0,178.0,53.0,3.0,10.0,13.0,17.0,6.0,0.0,19.0,12.0,51.0,20.0,5.0,2.0,33.0,11.0,0.0,0.0
hammobe01w,7,0,NYL,34.0,34.0,1180.0,473.0,20.0,94.0,114.0,146.0,60.0,2.0,107.0,77.0,336.0,145.0,131.0,118.0,178.0,65.0,0.0,2.0,2.0,76.0,23.0,0.0,7.0,7.0,4.0,0.0,0.0,10.0,8.0,20.0,9.0,3.0,3.0,7.0,2.0,1.0,0.0
hammobe01w,8,0,SAS,22.0,20.0,674.0,323.0,6.0,60.0,66.0,81.0,29.0,3.0,65.0,46.0,252.0,107.0,75.0,72.0,108.0,37.0,0.0,0.0,0.0,0.0,0.0,0.0,0.0,0.0,0.0,0.0,0.0,0.0,0.0,0.0,0.0,0.0,0.0,0.0,0.0,0.0,0.0
hammobe01w,9,0,SAS,28.0,27.0,934.0,527.0,8.0,69.0,77.0,140.0,23.0,5.0,114.0,51.0,402.0,179.0,102.0,95.0,183.0,74.0,0.0,5.0,5.0,175.0,104.0,5.0,9.0,14.0,25.0,6.0,1.0,16.0,13.0,92.0,38.0,10.0,8.0,45.0,20.0,1.0,0.0
hammobe01w,10,0,SAS,33.0,33.0,1101.0,582.0,13.0,78.0,91.0,161.0,43.0,7.0,104.0,60.0,438.0,171.0,174.0,163.0,220.0,77.0,0.0,9.0,9.0,331.0,163.0,2.0,19.0,21.0,41.0,9.0,5.0,31.0,14.0,107.0,45.0,57.0,51.0,48.0,22.0,0.0,0.0
hardili01w,8,0,MIN,27.63,15.03,590.39,224.03,29.59,68.73,98.32,47.71,23.73,9.81,43.11,57.02,190.87,81.15,62.0,47.06,43.3,14.66,0.41,2.11,1.27,47.78,17.62,2.66,5.57,8.24,3.76,1.55,0.91,3.1,4.73,15.76,6.45,4.92,3.58,3.32,1.13,0.03,0.1
hardili01w,9,0,MIN,20.0,20.0,602.0,233.0,15.0,72.0,87.0,78.0,20.0,6.0,47.0,44.0,243.0,86.0,78.0,53.0,35.0,8.0,0.0,0.0,0.0,0.0,0.0,0.0,0.0,0.0,0.0,0.0,0.0,0.0,0.0,0.0,0.0,0.0,0.0,0.0,0.0,0.0,0.0
hardili01w,10,0,WAS,24.0,11.0,591.0,154.0,9.0,47.0,56.0,76.0,27.0,4.0,55.0,56.0,139.0,51.0,72.0,50.0,25.0,2.0,2.0,0.0,0.0,0.0,0.0,0.0,0.0,0.0,0.0,0.0,0.0,0.0,0.0,0.0,0.0,0.0,0.0,0.0,0.0,0.0,0.0
harpela01w,9,0,SAC,26.3,13.75,549.16,209.96,28.39,66.05,94.44,44.4,21.72,10.61,42.77,53.46,179.59,76.48,55.67,42.66,40.99,14.34,0.44,2.46,1.36,56.15,22.09,2.92,7.19,10.11,4.72,1.89,1.15,3.64,5.21,19.28,8.05,5.13,3.95,5.4,2.05,0.05,0.07
harpela01w,10,0,SAC,34.0,1.0,560.0,188.0,68.0,69.0,137.0,12.0,15.0,20.0,48.0,80.0,135.0,64.0,103.0,60.0,0.0,0.0,0.0,3.0,0.0,42.0,9.0,5.0,4.0,9.0,2.0,2.0,1.0,10.0,11.0,8.0,3.0,6.0,3.0,0.0,0.0,0.0,0.0
harrili01w,2,0,PHO,31.0,20.0,750.0,200.0,38.0,83.0,121.0,36.0,30.0,4.0,22.0,62.0,154.0,81.0,37.0,30.0,12.0,8.0,0.0,2.0,2.0,68.0,26.0,4.0,7.0,11.0,10.0,3.0,0.0,3.0,5.0,17.0,12.0,2.0,2.0,2.0,0.0,0.0,0.0
harrili01w,3,0,PHO,32.0,32.0,915.0,246.0,39.0,100.0,139.0,52.0,39.0,1.0,49.0,58.0,223.0,96.0,59.0,51.0,9.0,3.0,0.0,0.0,0.0,0.0,0.0,0.0,0.0,0.0,0.0,0.0,0.0,0.0,0.0,0.0,0.0,0.0,0.0,0.0,0.0,0.0,0.0
harrili01w,4,0,PHO,32.0,28.0,899.0,262.0,43.0,83.0,126.0,40.0,31.0,3.0,45.0,62.0,242.0,120.0,23.0,20.0,6.0,2.0,0.0,0.0,0.0,0.0,0.0,0.0,0.0,0.0,0.0,0.0,0.0,0.0,0.0,0.0,0.0,0.0,0.0,0.0,0.0,0.0,0.0
harrili01w,6,0,PHO,33.0,33.0,838.0,183.0,42.0,76.0,118.0,36.0,29.0,6.0,34.0,58.0,179.0,74.0,51.0,35.0,3.0,0.0,0.0,0.0,0.0,0.0,0.0,0.0,0.0,0.0,0.0,0.0,0.0,0.0,0.0,0.0,0.0,0.0,0.0,0.0,0.0,0.0,0.0
harrokr01w,2,0,MIN,27.47,15.65,612.86,211.84,30.0,62.37,92.37,47.2,24.88,10.88,46.06,62.03,178.46,77.47,60.54,44.63,37.18,12.27,0.68,1.69,0.94,39.12,12.03,2.0,4.03,6.03,2.86,1.51,0.62,2.58,3.48,10.52,4.54,2.79,2.14,2.45,0.81,0.03,0.02
harrokr01w,3,0,MIN,4.0,1.0,72.0,21.0,1.0,3.0,4.0,11.0,3.0,0.0,3.0,4.0,15.0,7.0,4.0,4.0,6.0,3.0,0.0,0.0,0.0,0.0,0.0,0.0,0.0,0.0,0.0,0.0,0.0,0.0,0.0,0.0,0.0,0.0,0.0,0.0,0.0,0.0,0.0
harrokr01w,4,0,MIN,27.0,6.0,481.0,96.0,9.0,37.0,46.0,54.0,12.0,0.0,28.0,24.0,95.0,37.0,10.0,4.0,54.0,18.0,0.0,0.0,0.0,0.0,0.0,0.0,0.0,0.0,0.0,0.0,0.0,0.0,0.0,0.0,0.0,0.0,0.0,0.0,0.0,0.0,0.0
harrokr01w,6,0,MIN,31.0,0.0,499.0,88.0,9.0,30.0,39.0,72.0,18.0,3.0,39.0,15.0,87.0,32.0,13.0,8.0,43.0,16.0,0.0,3.0,0.0,65.0,11.0,1.0,6.0,7.0,5.0,1.0,0.0,3.0,6.0,11.0,4.0,2.0,1.0,7.0,2.0,0.0,0.0
harrokr01w,10,0,LAS,34.0,34.0,832.0,156.0,11.0,71.0,82.0,96.0,38.0,1.0,54.0,37.0,151.0,53.0,36.0,28.0,68.0,22.0,0.0,0.0,0.0,0.0,0.0,0.0,0.0,0.0,0.0,0.0,0.0,0.0,0.0,0.0,0.0,0.0,0.0,0.0,0.0,0.0,0.0
haydeva01w,5,0,MIN,28.7,17.01,651.85,232.97,33.24,71.39,104.63,51.13,24.66,12.93,46.39,61.6,201.87,85.06,63.94,47.89,44.05,14.97,0.58,2.22,1.39,53.69,18.96,2.43,6.16,8.59,4.55,1.83,1.16,3.5,5.1,16.68,6.86,5.2,4.12,3.5,1.13,0.02,0.06
haydeva01w,6,0,MIN,29.0,1.0,350.0,153.0,23.0,61.0,84.0,7.0,7.0,29.0,34.0,65.0,159.0,66.0,38.0,21.0,0.0,0.0,0.0,2.0,0.0,16.0,4.0,0.0,2.0,2.0,0.0,0.0,1.0,3.0,2.0,7.0,2.0,0.0,0.0,0.0,0.0,0.0,0.0
haydeva01w,7,0,MIN,31.0,25.0,595.0,246.0,48.0,115.0,163.0,23.0,15.0,68.0,63.0,110.0,238.0,103.0,72.0,40.0,0.0,0.0,2.0,0.0,0.0,0.0,0.0,0.0,0.0,0.0,0.0,0.0,0.0,0.0,0.0,0.0,0.0,0.0,0.0,0.0,0.0,0.0,0.0
haydeva01w,9,0,MIN,33.0,3.0,424.0,177.0,41.0,74.0,115.0,19.0,6.0,44.0,44.0,118.0,169.0,68.0,66.0,41.0,0.0,0.0,2.0,0.0,0.0,0.0,0.0,0.0,0.0,0.0,0.0,0.0,0.0,0.0,0.0,0.0,0.0,0.0,0.0,0.0,0.0,0.0,0.0
haydeva01w,10,0,LAS,30.0,0.0,304.0,157.0,42.0,63.0,105.0,12.0,14.0,14.0,26.0,82.0,146.0,65.0,44.0,27.0,0.0,0.0,2.0,0.0,0.0,0.0,0.0,0.0,0.0,0.0,0.0,0.0,0.0,0.0,0.0,0.0,0.0,0.0,0.0,0.0,0.0,0.0,0.0
haynikr01w,6,0,SAC,26.65,15.15,595.55,202.63,28.15,62.64,90.79,45.87,22.75,11.35,41.56,56.01,175.03,74.17,56.05,41.7,35.87,12.58,0.49,2.27,1.3,51.9,17.12,2.49,5.36,7.85,3.75,2.1,1.04,3.58,4.45,15.18,6.27,4.4,3.37,3.32,1.21,0.01,0.04
haynikr01w,7,0,SAC,30.0,0.0,434.0,104.0,19.0,43.0,62.0,43.0,33.0,1.0,35.0,41.0,117.0,40.0,23.0,19.0,32.0,5.0,0.0,8.0,0.0,103.0,18.0,4.0,10.0,14.0,8.0,8.0,0.0,4.0,8.0,19.0,7.0,6.0,4.0,1.0,0.0,0.0,0.0
haynikr01w,8,0,SAC,34.0,0.0,476.0,140.0,20.0,47.0,67.0,68.0,27.0,2.0,46.0,50.0,151.0,55.0,25.0,21.0,30.0,9.0,0.0,9.0,0.0,126.0,52.0,3.0,14.0,17.0,18.0,8.0,0.0,9.0,15.0,45.0,21.0,5.0,5.0,17.0,5.0,0.0,0.0
haynikr01w,9,0,ATL,34.0,2.0,545.0,126.0,8.0,29.0,37.0,70.0,18.0,6.0,68.0,43.0,136.0,48.0,10.0,8.0,45.0,22.0,0.0,3.0,0.0,50.0,17.0,1.0,4.0,5.0,6.0,1.0,1.0,4.0,3.0,12.0,6.0,2.0,2.0,5.0,3.0,0.0,0.0
haynikr01w,10,1,DET,33.0,3.0,486.0,94.0,15.0,41.0,56.0,82.0,30.0,4.0,47.0,41.0,95.0,30.0,32.0,24.0,32.0,10.0,0.0,0.0,0.0,0.0,0.0,0.0,0.0,0.0,0.0,0.0,0.0,0.0,0.0,0.0,0.0,0.0,0.0,0.0,0.0,0.0,0.0
haynikr01w,10,2,SAC,20.0,2.0,161.0,44.0,5.0,20.0,25.0,11.0,14.0,0.0,10.0,14.0,40.0,17.0,9.0,7.0,13.0,3.0,0.0,0.0,0.0,0.0,0.0,0.0,0.0,0.0,0.0,0.0,0.0,0.0,0.0,0.0,0.0,0.0,0.0,0.0,0.0,0.0,0.0
hendene01w,2,0,HOU,27.47,15.65,612.86,211.84,30.0,62.37,92.37,47.2,24.88,10.88,46.06,62.03,178.46,77.47,60.54,44.63,37.18,12.27,0.68,1.69,0.94,39.12,12.03,2.0,4.03,6.03,2.86,1.51,0.62,2.58,3.48,10.52,4.54,2.79,2.14,2.45,0.81,0.03,0.02
hendetr01w,3,0,CLE,25.23,13.75,548.8,181.49,26.81,57.19,84.0,40.49,21.88,9.7,39.26,50.48,160.77,66.49,49.2,36.53,35.69,11.98,0.41,1.74,1.06,41.03,13.2,1.91,4.14,6.05,3.08,1.38,0.95,2.43,3.52,11.93,4.9,3.33,2.48,2.82,0.93,0.02,0.05
hendetr01w,4,0,CLE,23.0,0.0,173.0,35.0,12.0,22.0,34.0,3.0,3.0,7.0,18.0,26.0,41.0,16.0,3.0,3.0,0.0,0.0,1.0,0.0,0.0,0.0,0.0,0.0,0.0,0.0,0.0,0.0,0.0,0.0,0.0,0.0,0.0,0.0,0.0,0.0,0.0,0.0,0.0
henniso01w,2,0,SEA,32.0,32.0,980.0,168.0,22.0,64.0,86.0,79.0,61.0,3.0,54.0,73.0,151.0,53.0,61.0,37.0,66.0,25.0,1.0,0.0,0.0,0.0,0.0,0.0,0.0,0.0,0.0,0.0,0.0,0.0,0.0,0.0,0.0,0.0,0.0,0.0,0.0,0.0,0.0
henniso01w,3,2,HOU,32.0,28.0,902.0,108.0,14.0,57.0,71.0,93.0,52.0,6.0,43.0,62.0,129.0,41.0,35.0,18.0,44.0,8.0,2.0,0.0,0.0,0.0,0.0,0.0,0.0,0.0,0.0,0.0,0.0,0.0,0.0,0.0,0.0,0.0,0.0,0.0,0.0,0.0,0.0
henniso01w,3,1,SEA,23.0,10.0,521.0,44.0,10.0,48.0,58.0,51.0,23.0,6.0,36.0,42.0,52.0,18.0,11.0,5.0,12.0,3.0,0.0,3.0,3.0,48.0,0.0,1.0,3.0,4.0,4.0,1.0,0.0,2.0,2.0,9.0,0.0,0.0,0.0,2.0,0.0,0.0,0.0
henniso01w,4,2,IND,8.0,5.0,207.0,18.0,8.0,18.0,26.0,15.0,9.0,1.0,7.0,15.0,22.0,8.0,4.0,2.0,4.0,0.0,0.0,0.0,0.0,0.0,0.0,0.0,0.0,0.0,0.0,0.0,0.0,0.0,0.0,0.0,0.0,0.0,0.0,0.0,0.0,0.0,0.0
henniso01w,4,1,WAS,23.0,1.0,290.0,24.0,2.0,23.0,25.0,29.0,14.0,0.0,13.0,28.0,42.0,11.0,8.0,2.0,9.0,0.0,0.0,0.0,0.0,0.0,0.0,0.0,0.0,0.0,0.0,0.0,0.0,0.0,0.0,0.0,0.0,0.0,0.0,0.0,0.0,0.0,0.0
herriam01w,2,0,UTA,25.0,0.0,341.0,91.0,26.0,33.0,59.0,20.0,7.0,5.0,29.0,41.0,75.0,36.0,31.0,19.0,1.0,0.0,1.0,0.0,0.0,0.0,0.0,0.0,0.0,0.0,0.0,0.0,0.0,0.0,0.0,0.0,0.0,0.0,0.0,0.0,0.0,0.0,0.0
herriam01w,3,0,UTA,32.0,1.0,448.0,121.0,23.0,58.0,81.0,14.0,8.0,14.0,35.0,47.0,93.0,43.0,46.0,35.0,0.0,0.0,0.0,2.0,0.0,21.0,2.0,1.0,1.0,2.0,1.0,0.0,1.0,1.0,4.0,5.0,1.0,0.0,0.0,0.0,0.0,0.0,0.0
hicksje01w,2,0,ORL,26.0,1.0,157.0,38.0,13.0,13.0,26.0,4.0,2.0,7.0,17.0,33.0,23.0,10.0,29.0,18.0,0.0,0.0,0.0,0.0,0.0,0.0,0.0,0.0,0.0,0.0,0.0,0.0,0.0,0.0,0.0,0.0,0.0,0.0,0.0,0.0,0.0,0.0,0.0
hicksje01w,3,0,ORL,32.0,5.0,456.0,169.0,38.0,54.0,92.0,22.0,23.0,17.0,53.0,85.0,162.0,63.0,66.0,43.0,0.0,0.0,0.0,0.0,0.0,0.0,0.0,0.0,0.0,0.0,0.0,0.0,0.0,0.0,0.0,0.0,0.0,0.0,0.0,0.0,0.0,0.0,0.0
hicksje01w,4,0,CON,31.0,6.0,471.0,190.0,60.0,42.0,102.0,23.0,19.0,25.0,51.0,77.0,153.0,73.0,63.0,44.0,0.0,0.0,1.0,0.0,0.0,0.0,0.0,0.0,0.0,0.0,0.0,0.0,0.0,0.0,0.0,0.0,0.0,0.0,0.0,0.0,0.0,0.0,0.0
hicksje01w,5,0,SAS,27.0,0.0,253.0,98.0,23.0,25.0,48.0,6.0,11.0,9.0,26.0,47.0,80.0,37.0,25.0,24.0,0.0,0.0,0.0,4.0,0.0,27.0,10.0,3.0,3.0,6.0,1.0,0.0,1.0,2.0,5.0,8.0,5.0,0.0,0.0,0.0,0.0,0.0,0.0
hillec01w,2,0,PHO,26.0,0.0,213.0,39.0,8.0,15.0,23.0,14.0,5.0,1.0,25.0,33.0,56.0,16.0,5.0,2.0,22.0,5.0,0.0,0.0,0.0,0.0,0.0,0.0,0.0,0.0,0.0,0.0,0.0,0.0,0.0,0.0,0.0,0.0,0.0,0.0,0.0,0.0,0.0
hledeko01w,2,0,UTA,31.0,31.0,867.0,312.0,25.0,68.0,93.0,92.0,38.0,4.0,76.0,84.0,260.0,118.0,70.0,51.0,58.0,25.0,1.0,0.0,0.0,0.0,0.0,0.0,0.0,0.0,0.0,0.0,0.0,0.0,0.0,0.0,0.0,0.0,0.0,0.0,0.0,0.0,0.0
hledeko01w,3,0,NYL,27.0,10.0,455.0,151.0,15.0,25.0,40.0,43.0,25.0,1.0,42.0,56.0,141.0,55.0,38.0,33.0,23.0,8.0,0.0,2.0,0.0,17.0,4.0,1.0,2.0,3.0,1.0,1.0,0.0,3.0,1.0,5.0,2.0,0.0,0.0,2.0,0.0,0.0,0.0
hodgedo01w,5,0,LAS,28.7,17.01,651.85,232.97,33.24,71.39,104.63,51.13,24.66,12.93,46.39,61.6,201.87,85.06,63.94,47.89,44.05,14.97,0.58,2.22,1.39,53.69,18.96,2.43,6.16,8.59,4.55,1.83,1.16,3.5,5.1,16.68,6.86,5.2,4.12,3.5,1.13,0.02,0.06
hodgedo01w,6,0,LAS,24.0,3.0,245.0,43.0,3.0,19.0,22.0,16.0,10.0,2.0,17.0,9.0,52.0,16.0,10.0,7.0,17.0,4.0,0.0,3.0,0.0,29.0,5.0,0.0,4.0,4.0,4.0,1.0,0.0,3.0,0.0,5.0,2.0,0.0,0.0,1.0,1.0,0.0,0.0
hodgedo01w,7,0,LAS,32.0,11.0,669.0,178.0,8.0,39.0,47.0,77.0,18.0,7.0,48.0,35.0,157.0,65.0,25.0,17.0,69.0,31.0,0.0,2.0,0.0,13.0,3.0,0.0,1.0,1.0,2.0,1.0,0.0,2.0,0.0,2.0,1.0,0.0,0.0,2.0,1.0,0.0,0.0
hodgedo01w,8,0,SEA,34.0,3.0,456.0,131.0,9.0,33.0,42.0,66.0,14.0,4.0,43.0,26.0,144.0,46.0,23.0,21.0,61.0,18.0,0.0,5.0,0.0,40.0,9.0,3.0,2.0,5.0,6.0,1.0,0.0,3.0,3.0,13.0,4.0,0.0,0.0,5.0,1.0,0.0,0.0
hodgedo01w,9,0,IND,6.0,0.0,33.0,10.0,0.0,2.0,2.0,6.0,1.0,0.0,5.0,2.0,13.0,4.0,2.0,2.0,3.0,0.0,0.0,0.0,0.0,0.0,0.0,0.0,0.0,0.0,0.0,0.0,0.0,0.0,0.0,0.0,0.0,0.0,0.0,0.0,0.0,0.0,0.0
hodgero01w,6,0,HOU,26.65,15.15,595.55,202.63,28.15,62.64,90.79,45.87,22.75,11.35,41.56,56.01,175.03,74.17,56.05,41.7,35.87,12.58,0.49,2.27,1.3,51.9,17.12,2.49,5.36,7.85,3.75,2.1,1.04,3.58,4.45,15.18,6.27,4.4,3.37,3.32,1.21,0.01,0.04
hodgero01w,7,0,HOU,26.0,0.0,188.0,33.0,9.0,8.0,17.0,7.0,3.0,0.0,3.0,8.0,47.0,13.0,2.0,2.0,26.0,5.0,0.0,2.0,0.0,2.0,0.0,0.0,0.0,0.0,0.0,1.0,0.0,1.0,0.0,0.0,0.0,0.0,0.0,0.0,0.0,0.0,0.0
hodgero01w,8,0,HOU,33.0,8.0,698.0,247.0,11.0,54.0,65.0,32.0,16.0,4.0,36.0,40.0,217.0,87.0,39.0,29.0,120.0,44.0,0.0,2.0,0.0,35.0,14.0,3.0,0.0,3.0,1.0,0.0,0.0,0.0,1.0,17.0,5.0,4.0,2.0,8.0,2.0,0.0,0.0
hodgero01w,9,0,HOU,29.0,4.0,331.0,102.0,8.0,22.0,30.0,27.0,13.0,0.0,20.0,21.0,111.0,31.0,22.0,20.0,67.0,20.0,0.0,0.0,0.0,0.0,0.0,0.0,0.0,0.0,0.0,0.0,0.0,0.0,0.0,0.0,0.0,0.0,0.0,0.0,0.0,0.0,0.0
hodgero01w,10,0,MIN,15.0,6.0,274.0,110.0,5.0,25.0,30.0,19.0,5.0,2.0,10.0,11.0,98.0,41.0,2.0,2.0,71.0,26.0,0.0,0.0,0.0,0.0,0.0,0.0,0.0,0.0,0.0,0.0,0.0,0.0,0.0,0.0,0.0,0.0,0.0,0.0,0.0,0.0,0.0
hoffmeb01w,5,0,IND,28.7,17.01,651.85,232.97,33.24,71.39,104.63,51.13,24.66,12.93,46.39,61.6,201.87,85.06,63.94,47.89,44.05,14.97,0.58,2.22,1.39,53.69,18.96,2.43,6.16,8.59,4.55,1.83,1.16,3.5,5.1,16.68,6.86,5.2,4.12,3.5,1.13,0.02,0.06
hoffmeb01w,6,0,IND,30.0,13.0,334.0,60.0,34.0,53.0,87.0,21.0,15.0,5.0,27.0,51.0,83.0,26.0,4.0,3.0,17.0,5.0,1.0,0.0,0.0,0.0,0.0,0.0,0.0,0.0,0.0,0.0,0.0,0.0,0.0,0.0,0.0,0.0,0.0,0.0,0.0,0.0,0.0
hoffmeb01w,7,0,IND,33.0,0.0,497.0,120.0,34.0,63.0,97.0,16.0,21.0,10.0,23.0,59.0,116.0,47.0,30.0,25.0,2.0,1.0,0.0,0.0,0.0,0.0,0.0,0.0,0.0,0.0,0.0,0.0,0.0,0.0,0.0,0.0,0.0,0.0,0.0,0.0,0.0,0.0,0.0
hoffmeb01w,8,0,IND,34.0,33.0,851.0,218.0,73.0,120.0,193.0,46.0,37.0,16.0,73.0,104.0,208.0,82.0,70.0,54.0,8.0,0.0,1.0,2.0,2.0,52.0,12.0,2.0,4.0,6.0,1.0,3.0,4.0,3.0,10.0,9.0,6.0,5.0,0.0,0.0,0.0,1.0,0.0
hoffmeb01w,9,0,IND,34.0,10.0,582.0,144.0,40.0,97.0,137.0,26.0,21.0,18.0,41.0,69.0,128.0,57.0,34.0,28.0,5.0,2.0,0.0,4.0,0.0,42.0,10.0,3.0,6.0,9.0,1.0,0.0,1.0,2.0,3.0,12.0,5.0,0.0,0.0,2.0,0.0,0.0,0.0
hoffmeb01w,10,0,IND,33.0,33.0,1013.0,342.0,94.0,164.0,258.0,61.0,47.0,26.0,79.0,121.0,303.0,141.0,41.0,34.0,57.0,26.0,3.0,3.0,3.0,102.0,34.0,4.0,21.0,25.0,5.0,6.0,2.0,3.0,11.0,33.0,14.0,3.0,2.0,11.0,4.0,0.0,1.0
holdsch01w,2,0,WAS,32.0,32.0,1131.0,561.0,57.0,183.0,240.0,80.0,47.0,18.0,93.0,74.0,499.0,232.0,128.0,87.0,39.0,10.0,0.0,2.0,2.0,75.0,30.0,3.0,8.0,11.0,1.0,3.0,1.0,6.0,2.0,29.0,13.0,4.0,4.0,1.0,0.0,0.0,0.0
holdsch01w,3,0,WAS,29.0,29.0,975.0,486.0,72.0,184.0,256.0,66.0,44.0,14.0,94.0,49.0,467.0,187.0,148.0,101.0,46.0,11.0,0.0,0.0,0.0,0.0,0.0,0.0,0.0,0.0,0.0,0.0,0.0,0.0,0.0,0.0,0.0,0.0,0.0,0.0,0.0,0.0,0.0
holdsch01w,4,0,WAS,20.0,20.0,634.0,397.0,54.0,178.0,232.0,45.0,20.0,6.0,45.0,50.0,330.0,149.0,106.0,88.0,28.0,11.0,0.0,5.0,5.0,173.0,94.0,10.0,33.0,43.0,16.0,10.0,3.0,10.0,14.0,78.0,35.0,30.0,22.0,11.0,2.0,0.0,0.0
holdsch01w,5,0,WAS,27.0,27.0,948.0,554.0,72.0,222.0,294.0,89.0,34.0,15.0,72.0,74.0,480.0,204.0,155.0,140.0,35.0,6.0,0.0,0.0,0.0,0.0,0.0,0.0,0.0,0.0,0.0,0.0,0.0,0.0,0.0,0.0,0.0,0.0,0.0,0.0,0.0,0.0,0.0
holdsch01w,6,0,LAS,23.0,22.0,801.0,437.0,51.0,140.0,191.0,56.0,39.0,18.0,57.0,67.0,403.0,162.0,132.0,106.0,17.0,7.0,0.0,0.0,0.0,0.0,0.0,0.0,0.0,0.0,0.0,0.0,0.0,0.0,0.0,0.0,0.0,0.0,0.0,0.0,0.0,0.0,0.0
holdsch01w,7,0,LAS,33.0,33.0,1183.0,561.0,86.0,137.0,223.0,104.0,38.0,16.0,99.0,94.0,450.0,216.0,160.0,126.0,13.0,3.0,2.0,2.0,2.0,78.0,31.0,3.0,7.0,10.0,2.0,4.0,0.0,6.0,6.0,27.0,14.0,5.0,2.0,1.0,1.0,0.0,0.0
holdsch01w,8,0,LAS,25.0,0.0,739.0,375.0,57.0,95.0,152.0,56.0,34.0,9.0,57.0,58.0,315.0,148.0,86.0,76.0,15.0,3.0,0.0,3.0,1.0,45.0,13.0,4.0,7.0,11.0,4.0,1.0,2.0,3.0,3.0,18.0,6.0,0.0,0.0,2.0,1.0,0.0,1.0
holdsch01w,10,0,ATL,5.0,5.0,150.0,79.0,9.0,19.0,28.0,15.0,6.0,3.0,26.0,14.0,63.0,31.0,18.0,15.0,3.0,2.0,0.0,0.0,0.0,0.0,0.0,0.0,0.0,0.0,0.0,0.0,0.0,0.0,0.0,0.0,0.0,0.0,0.0,0.0,0.0,0.0,0.0
hollake01w,2,0,SAC,32.0,32.0,934.0,312.0,28.0,42.0,70.0,81.0,43.0,5.0,74.0,63.0,253.0,111.0,66.0,46.0,122.0,44.0,1.0,2.0,2.0,60.0,19.0,3.0,5.0,8.0,6.0,3.0,0.0,1.0,3.0,16.0,7.0,2.0,2.0,9.0,3.0,0.0,0.0
hollake01w,3,0,SAC,32.0,32.0,874.0,322.0,33.0,42.0,75.0,69.0,56.0,5.0,66.0,62.0,251.0,111.0,60.0,41.0,150.0,59.0,0.0,5.0,5.0,160.0,69.0,2.0,16.0,18.0,7.0,8.0,2.0,7.0,10.0,48.0,21.0,16.0,14.0,27.0,13.0,0.0,0.0
hollake01w,4,0,DET,32.0,32.0,902.0,296.0,28.0,62.0,90.0,63.0,41.0,5.0,81.0,74.0,299.0,102.0,72.0,54.0,157.0,38.0,1.0,0.0,0.0,0.0,0.0,0.0,0.0,0.0,0.0,0.0,0.0,0.0,0.0,0.0,0.0,0.0,0.0,0.0,0.0,0.0,0.0
hollake01w,5,0,HOU,34.0,2.0,694.0,312.0,12.0,45.0,57.0,63.0,36.0,3.0,59.0,26.0,232.0,107.0,63.0,48.0,124.0,50.0,0.0,8.0,0.0,155.0,65.0,2.0,10.0,12.0,15.0,10.0,0.0,12.0,7.0,53.0,21.0,10.0,8.0,32.0,15.0,0.0,0.0
hollake01w,7,0,DET,27.0,21.0,703.0,177.0,19.0,47.0,66.0,53.0,40.0,3.0,47.0,51.0,159.0,59.0,41.0,28.0,97.0,31.0,0.0,0.0,0.0,0.0,0.0,0.0,0.0,0.0,0.0,0.0,0.0,0.0,0.0,0.0,0.0,0.0,0.0,0.0,0.0,0.0,0.0
holliqu01w,10,0,MIN,28.09,16.51,621.77,243.43,31.76,73.59,105.35,52.2,25.52,12.22,47.11,63.24,204.69,87.19,69.31,52.68,47.79,16.38,0.56,2.5,1.31,55.1,20.23,2.49,6.44,8.93,4.32,1.95,1.01,4.04,5.19,17.52,7.26,5.39,4.28,4.31,1.42,0.02,0.05
holmese01w,9,0,HOU,26.3,13.75,549.16,209.96,28.39,66.05,94.44,44.4,21.72,10.61,42.77,53.46,179.59,76.48,55.67,42.66,40.99,14.34,0.44,2.46,1.36,56.15,22.09,2.92,7.19,10.11,4.72,1.89,1.15,3.64,5.21,19.28,8.05,5.13,3.95,5.4,2.05,0.05,0.07
holtam01w,9,0,CON,26.3,13.75,549.16,209.96,28.39,66.05,94.44,44.4,21.72,10.61,42.77,53.46,179.59,76.48,55.67,42.66,40.99,14.34,0.44,2.46,1.36,56.15,22.09,2.92,7.19,10.11,4.72,1.89,1.15,3.64,5.21,19.28,8.05,5.13,3.95,5.4,2.05,0.05,0.07
holtam01w,10,0,CON,34.0,34.0,714.0,222.0,37.0,68.0,105.0,65.0,15.0,5.0,31.0,67.0,199.0,81.0,45.0,35.0,76.0,25.0,0.0,3.0,1.0,55.0,11.0,4.0,8.0,12.0,4.0,1.0,0.0,2.0,2.0,16.0,3.0,4.0,4.0,6.0,1.0,0.0,0.0
hornbal01w,9,0,DET,26.3,13.75,549.16,209.96,28.39,66.05,94.44,44.4,21.72,10.61,42.77,53.46,179.59,76.48,55.67,42.66,40.99,14.34,0.44,2.46,1.36,56.15,22.09,2.92,7.19,10.11,4.72,1.89,1.15,3.64,5.21,19.28,8.05,5.13,3.95,5.4,2.05,0.05,0.07
hornbal01w,10,0,DET,34.0,0.0,747.0,184.0,53.0,85.0,138.0,71.0,79.0,10.0,49.0,97.0,178.0,63.0,66.0,42.0,45.0,16.0,1.0,9.0,0.0,220.0,57.0,12.0,32.0,44.0,19.0,11.0,7.0,12.0,21.0,42.0,18.0,20.0,15.0,16.0,6.0,0.0,0.0
houstch01w,9,0,MIN,26.3,13.75,549.16,209.96,28.39,66.05,94.44,44.4,21.72,10.61,42.77,53.46,179.59,76.48,55.67,42.66,40.99,14.34,0.44,2.46,1.36,56.15,22.09,2.92,7.19,10.11,4.72,1.89,1.15,3.64,5.21,19.28,8.05,5.13,3.95,5.4,2.05,0.05,0.07
houstch01w,10,0,MIN,33.0,0.0,581.0,292.0,27.0,95.0,122.0,28.0,30.0,13.0,55.0,70.0,236.0,116.0,81.0,60.0,0.0,0.0,0.0,0.0,0.0,0.0,0.0,0.0,0.0,0.0,0.0,0.0,0.0,0.0,0.0,0.0,0.0,0.0,0.0,0.0,0.0,0.0,0.0
humphta01w,9,1,DET,26.3,13.75,549.16,209.96,28.39,66.05,94.44,44.4,21.72,10.61,42.77,53.46,179.59,76.48,55.67,42.66,40.99,14.34,0.44,2.46,1.36,56.15,22.09,2.92,7.19,10.11,4.72,1.89,1.15,3.64,5.21,19.28,8.05,5.13,3.95,5.4,2.05,0.05,0.07
humphta01w,9,2,WAS,22.0,16.0,297.0,160.0,25.0,38.0,63.0,22.0,13.0,6.0,24.0,59.0,124.0,62.0,22.0,21.0,39.0,15.0,2.0,0.0,0.0,0.0,0.0,0.0,0.0,0.0,0.0,0.0,0.0,0.0,0.0,0.0,0.0,0.0,0.0,0.0,0.0,0.0,0.0
humphta01w,10,2,MIN,8.0,7.0,212.0,89.0,10.0,39.0,49.0,9.0,4.0,2.0,21.0,32.0,82.0,34.0,17.0,10.0,29.0,11.0,0.0,0.0,0.0,0.0,0.0,0.0,0.0,0.0,0.0,0.0,0.0,0.0,0.0,0.0,0.0,0.0,0.0,0.0,0.0,0.0,0.0
humphta01w,10,1,WAS,19.0,4.0,340.0,150.0,9.0,50.0,59.0,8.0,12.0,6.0,14.0,54.0,138.0,55.0,26.0,21.0,59.0,19.0,0.0,0.0,0.0,0.0,0.0,0.0,0.0,0.0,0.0,0.0,0.0,0.0,0.0,0.0,0.0,0.0,0.0,0.0,0.0,0.0,0.0
irvinsa01w,6,0,PHO,26.65,15.15,595.55,202.63,28.15,62.64,90.79,45.87,22.75,11.35,41.56,56.01,175.03,74.17,56.05,41.7,35.87,12.58,0.49,2.27,1.3,51.9,17.12,2.49,5.36,7.85,3.75,2.1,1.04,3.58,4.45,15.18,6.27,4.4,3.37,3.32,1.21,0.01,0.04
irvinsa01w,7,0,PHO,12.0,0.0,122.0,44.0,16.0,18.0,34.0,5.0,5.0,6.0,2.0,20.0,44.0,14.0,15.0,12.0,8.0,4.0,0.0,0.0,0.0,0.0,0.0,0.0,0.0,0.0,0.0,0.0,0.0,0.0,0.0,0.0,0.0,0.0,0.0,0.0,0.0,0.0,0.0
irvinsa01w,8,0,SAS,7.0,0.0,38.0,7.0,2.0,8.0,10.0,1.0,2.0,8.0,3.0,5.0,13.0,2.0,5.0,3.0,3.0,0.0,0.0,0.0,0.0,0.0,0.0,0.0,0.0,0.0,0.0,0.0,0.0,0.0,0.0,0.0,0.0,0.0,0.0,0.0,0.0,0.0,0.0
irvinsa01w,9,0,SAS,23.0,0.0,128.0,27.0,16.0,24.0,40.0,7.0,3.0,10.0,11.0,20.0,42.0,13.0,2.0,1.0,4.0,0.0,0.0,3.0,0.0,9.0,2.0,0.0,1.0,1.0,0.0,0.0,1.0,1.0,2.0,1.0,1.0,0.0,0.0,0.0,0.0,0.0,0.0
ivanyda01w,4,0,PHO,27.0,16.0,489.0,93.0,12.0,42.0,54.0,63.0,25.0,3.0,50.0,67.0,96.0,30.0,28.0,21.0,43.0,12.0,0.0,0.0,0.0,0.0,0.0,0.0,0.0,0.0,0.0,0.0,0.0,0.0,0.0,0.0,0.0,0.0,0.0,0.0,0.0,0.0,0.0
ivanyda01w,6,0,SAS,4.0,0.0,34.0,6.0,2.0,2.0,4.0,2.0,0.0,1.0,2.0,4.0,8.0,3.0,0.0,0.0,2.0,0.0,0.0,0.0,0.0,0.0,0.0,0.0,0.0,0.0,0.0,0.0,0.0,0.0,0.0,0.0,0.0,0.0,0.0,0.0,0.0,0.0,0.0
ivanyda01w,7,0,SAS,30.0,14.0,577.0,75.0,5.0,45.0,50.0,68.0,26.0,0.0,53.0,48.0,67.0,25.0,8.0,5.0,45.0,20.0,0.0,0.0,0.0,0.0,0.0,0.0,0.0,0.0,0.0,0.0,0.0,0.0,0.0,0.0,0.0,0.0,0.0,0.0,0.0,0.0,0.0
iveyni01w,2,0,IND,27.47,15.65,612.86,211.84,30.0,62.37,92.37,47.2,24.88,10.88,46.06,62.03,178.46,77.47,60.54,44.63,37.18,12.27,0.68,1.69,0.94,39.12,12.03,2.0,4.03,6.03,2.86,1.51,0.62,2.58,3.48,10.52,4.54,2.79,2.14,2.45,0.81,0.03,0.02
iveyni01w,3,0,IND,32.0,26.0,708.0,115.0,16.0,39.0,55.0,70.0,33.0,5.0,35.0,51.0,102.0,38.0,15.0,14.0,70.0,25.0,0.0,0.0,0.0,0.0,0.0,0.0,0.0,0.0,0.0,0.0,0.0,0.0,0.0,0.0,0.0,0.0,0.0,0.0,0.0,0.0,0.0
iveyni01w,4,0,IND,31.0,23.0,439.0,86.0,6.0,22.0,28.0,39.0,16.0,3.0,22.0,31.0,71.0,25.0,21.0,17.0,50.0,19.0,0.0,3.0,0.0,9.0,0.0,0.0,1.0,1.0,3.0,1.0,0.0,0.0,2.0,1.0,0.0,0.0,0.0,1.0,0.0,0.0,0.0
iveyni01w,5,0,IND,27.0,21.0,651.0,135.0,5.0,27.0,32.0,71.0,29.0,7.0,28.0,40.0,116.0,45.0,17.0,12.0,84.0,33.0,0.0,0.0,0.0,0.0,0.0,0.0,0.0,0.0,0.0,0.0,0.0,0.0,0.0,0.0,0.0,0.0,0.0,0.0,0.0,0.0,0.0
iveyni01w,6,1,DET,15.0,1.0,179.0,34.0,2.0,8.0,10.0,18.0,4.0,3.0,6.0,20.0,37.0,11.0,6.0,4.0,24.0,8.0,0.0,0.0,0.0,0.0,0.0,0.0,0.0,0.0,0.0,0.0,0.0,0.0,0.0,0.0,0.0,0.0,0.0,0.0,0.0,0.0,0.0
iveyni01w,6,2,PHO,12.0,0.0,102.0,14.0,5.0,7.0,12.0,10.0,6.0,0.0,5.0,14.0,23.0,5.0,1.0,1.0,12.0,3.0,0.0,0.0,0.0,0.0,0.0,0.0,0.0,0.0,0.0,0.0,0.0,0.0,0.0,0.0,0.0,0.0,0.0,0.0,0.0,0.0,0.0
jacksde01w,3,0,CLE,25.23,13.75,548.8,181.49,26.81,57.19,84.0,40.49,21.88,9.7,39.26,50.48,160.77,66.49,49.2,36.53,35.69,11.98,0.41,1.74,1.06,41.03,13.2,1.91,4.14,6.05,3.08,1.38,0.95,2.43,3.52,11.93,4.9,3.33,2.48,2.82,0.93,0.02,0.05
jacksde01w,4,0,CLE,18.0,0.0,143.0,55.0,10.0,17.0,27.0,6.0,2.0,1.0,9.0,11.0,46.0,19.0,24.0,17.0,3.0,0.0,0.0,0.0,0.0,0.0,0.0,0.0,0.0,0.0,0.0,0.0,0.0,0.0,0.0,0.0,0.0,0.0,0.0,0.0,0.0,0.0,0.0
jacksde01w,5,0,IND,34.0,22.0,763.0,245.0,37.0,52.0,89.0,51.0,20.0,13.0,33.0,92.0,198.0,83.0,70.0,50.0,70.0,29.0,1.0,3.0,3.0,60.0,12.0,2.0,10.0,12.0,2.0,2.0,0.0,0.0,7.0,20.0,4.0,6.0,4.0,2.0,0.0,0.0,0.0
jacksde01w,6,0,IND,34.0,32.0,804.0,236.0,57.0,56.0,113.0,53.0,29.0,6.0,52.0,82.0,251.0,92.0,73.0,52.0,12.0,0.0,3.0,0.0,0.0,0.0,0.0,0.0,0.0,0.0,0.0,0.0,0.0,0.0,0.0,0.0,0.0,0.0,0.0,0.0,0.0,0.0,0.0
jacksde01w,7,0,CHI,34.0,0.0,472.0,162.0,37.0,40.0,77.0,23.0,17.0,12.0,32.0,55.0,139.0,56.0,68.0,50.0,3.0,0.0,0.0,4.0,0.0,84.0,35.0,4.0,10.0,14.0,2.0,2.0,2.0,1.0,17.0,23.0,10.0,17.0,14.0,1.0,1.0,1.0,0.0
jacksgw01w,4,0,SAS,26.12,15.6,604.13,208.08,28.55,61.69,90.24,47.04,23.71,11.16,42.62,55.83,178.36,75.29,57.52,43.31,41.07,14.19,0.53,1.78,1.11,44.72,16.41,2.01,4.64,6.66,3.96,1.6,0.72,2.72,3.83,13.91,6.03,4.09,3.11,3.47,1.23,0.02,0.05
jacksgw01w,5,2,PHO,33.0,26.0,975.0,289.0,86.0,119.0,205.0,20.0,15.0,17.0,46.0,85.0,286.0,114.0,88.0,56.0,30.0,5.0,1.0,0.0,0.0,0.0,0.0,0.0,0.0,0.0,0.0,0.0,0.0,0.0,0.0,0.0,0.0,0.0,0.0,0.0,0.0,0.0,0.0
jacksgw01w,5,1,SAS,14.0,0.0,136.0,56.0,11.0,16.0,27.0,4.0,3.0,1.0,4.0,11.0,45.0,23.0,11.0,9.0,5.0,1.0,0.0,0.0,0.0,0.0,0.0,0.0,0.0,0.0,0.0,0.0,0.0,0.0,0.0,0.0,0.0,0.0,0.0,0.0,0.0,0.0,0.0
jacksgw01w,6,0,PHO,19.0,4.0,290.0,61.0,20.0,34.0,54.0,11.0,3.0,3.0,11.0,23.0,48.0,23.0,21.0,15.0,1.0,0.0,0.0,0.0,0.0,0.0,0.0,0.0,0.0,0.0,0.0,0.0,0.0,0.0,0.0,0.0,0.0,0.0,0.0,0.0,0.0,0.0,0.0
jacksla01w,2,0,SEA,27.47,15.65,612.86,211.84,30.0,62.37,92.37,47.2,24.88,10.88,46.06,62.03,178.46,77.47,60.54,44.63,37.18,12.27,0.68,1.69,0.94,39.12,12.03,2.0,4.03,6.03,2.86,1.51,0.62,2.58,3.48,10.52,4.54,2.79,2.14,2.45,0.81,0.03,0.02
jacksla01w,3,0,SEA,29.0,29.0,1001.0,442.0,57.0,136.0,193.0,44.0,54.0,64.0,53.0,97.0,406.0,149.0,143.0,104.0,129.0,40.0,3.0,0.0,0.0,0.0,0.0,0.0,0.0,0.0,0.0,0.0,0.0,0.0,0.0,0.0,0.0,0.0,0.0,0.0,0.0,0.0,0.0
jacksla01w,4,0,SEA,28.0,28.0,882.0,482.0,66.0,124.0,190.0,41.0,30.0,81.0,47.0,95.0,462.0,186.0,90.0,68.0,120.0,42.0,1.0,2.0,2.0,68.0,23.0,5.0,5.0,10.0,3.0,3.0,6.0,4.0,9.0,26.0,9.0,7.0,5.0,6.0,0.0,0.0,0.0
jacksla01w,5,0,SEA,33.0,33.0,1109.0,698.0,82.0,225.0,307.0,62.0,38.0,64.0,69.0,106.0,526.0,254.0,183.0,151.0,123.0,39.0,1.0,0.0,0.0,0.0,0.0,0.0,0.0,0.0,0.0,0.0,0.0,0.0,0.0,0.0,0.0,0.0,0.0,0.0,0.0,0.0,1.0
jacksla01w,6,0,SEA,31.0,31.0,1070.0,634.0,64.0,143.0,207.0,51.0,31.0,62.0,67.0,93.0,460.0,220.0,175.0,142.0,115.0,52.0,0.0,8.0,8.0,287.0,157.0,20.0,40.0,60.0,11.0,8.0,9.0,16.0,23.0,113.0,53.0,39.0,35.0,22.0,16.0,0.0,0.0
jacksla01w,7,0,SEA,34.0,34.0,1176.0,597.0,96.0,217.0,313.0,57.0,36.0,67.0,59.0,100.0,450.0,206.0,181.0,151.0,118.0,34.0,2.0,3.0,3.0,102.0,43.0,4.0,20.0,24.0,2.0,4.0,4.0,8.0,11.0,39.0,17.0,6.0,5.0,13.0,4.0,0.0,0.0
jacksla01w,8,0,SEA,30.0,30.0,848.0,585.0,70.0,160.0,230.0,48.0,24.0,51.0,40.0,90.0,361.0,193.0,189.0,170.0,77.0,29.0,1.0,3.0,3.0,91.0,54.0,4.0,20.0,24.0,2.0,2.0,7.0,5.0,8.0,28.0,15.0,24.0,22.0,7.0,2.0,0.0,1.0
jacksla01w,9,0,SEA,31.0,31.0,1020.0,739.0,80.0,220.0,300.0,40.0,31.0,63.0,56.0,93.0,497.0,258.0,197.0,174.0,122.0,49.0,1.0,2.0,2.0,68.0,38.0,4.0,19.0,23.0,1.0,2.0,3.0,5.0,9.0,23.0,13.0,9.0,9.0,10.0,3.0,0.0,2.0
jacksla01w,10,0,SEA,21.0,21.0,694.0,425.0,39.0,108.0,147.0,26.0,31.0,33.0,40.0,67.0,330.0,149.0,106.0,99.0,95.0,28.0,0.0,0.0,0.0,0.0,0.0,0.0,0.0,0.0,0.0,0.0,0.0,0.0,0.0,0.0,0.0,0.0,0.0,0.0,0.0,0.0,0.0
jacksta01w,2,0,HOU,29.0,1.0,339.0,76.0,18.0,43.0,61.0,11.0,12.0,9.0,24.0,62.0,61.0,35.0,11.0,6.0,0.0,0.0,0.0,6.0,0.0,94.0,16.0,9.0,8.0,17.0,0.0,4.0,4.0,2.0,9.0,14.0,8.0,0.0,0.0,0.0,0.0,0.0,0.0
jacksta01w,3,0,HOU,32.0,4.0,442.0,104.0,40.0,51.0,91.0,21.0,22.0,11.0,29.0,53.0,86.0,43.0,40.0,18.0,0.0,0.0,0.0,1.0,0.0,15.0,4.0,2.0,1.0,3.0,0.0,1.0,1.0,1.0,4.0,3.0,0.0,6.0,4.0,1.0,0.0,0.0,0.0
jacksta02w,2,0,POR,17.0,0.0,267.0,116.0,8.0,17.0,25.0,36.0,22.0,0.0,21.0,30.0,106.0,41.0,35.0,26.0,32.0,8.0,0.0,0.0,0.0,0.0,0.0,0.0,0.0,0.0,0.0,0.0,0.0,0.0,0.0,0.0,0.0,0.0,0.0,0.0,0.0,0.0,0.0
jacksta02w,3,0,POR,32.0,1.0,497.0,132.0,10.0,34.0,44.0,50.0,28.0,0.0,45.0,35.0,169.0,55.0,23.0,16.0,39.0,6.0,0.0,0.0,0.0,0.0,0.0,0.0,0.0,0.0,0.0,0.0,0.0,0.0,0.0,0.0,0.0,0.0,0.0,0.0,0.0,0.0,0.0
jacksta02w,4,0,PHO,32.0,10.0,692.0,314.0,20.0,39.0,59.0,95.0,55.0,1.0,64.0,59.0,291.0,122.0,66.0,46.0,76.0,24.0,0.0,0.0,0.0,0.0,0.0,0.0,0.0,0.0,0.0,0.0,0.0,0.0,0.0,0.0,0.0,0.0,0.0,0.0,0.0,0.0,0.0
jacksta02w,5,0,WAS,34.0,34.0,958.0,300.0,24.0,58.0,82.0,146.0,52.0,4.0,76.0,62.0,361.0,124.0,21.0,17.0,99.0,35.0,0.0,0.0,0.0,0.0,0.0,0.0,0.0,0.0,0.0,0.0,0.0,0.0,0.0,0.0,0.0,0.0,0.0,0.0,0.0,0.0,0.0
jacksta02w,6,0,WAS,25.0,12.0,405.0,135.0,7.0,30.0,37.0,45.0,20.0,1.0,28.0,21.0,135.0,57.0,16.0,11.0,25.0,10.0,0.0,3.0,0.0,42.0,17.0,0.0,1.0,1.0,4.0,0.0,0.0,2.0,7.0,13.0,6.0,2.0,2.0,5.0,3.0,0.0,0.0
jacksta02w,7,0,PHO,8.0,0.0,66.0,9.0,1.0,5.0,6.0,10.0,5.0,0.0,4.0,5.0,26.0,4.0,2.0,0.0,9.0,1.0,0.0,0.0,0.0,0.0,0.0,0.0,0.0,0.0,0.0,0.0,0.0,0.0,0.0,0.0,0.0,0.0,0.0,0.0,0.0,0.0,0.0
jacksti02w,8,0,NYL,27.63,15.03,590.39,224.03,29.59,68.73,98.32,47.71,23.73,9.81,43.11,57.02,190.87,81.15,62.0,47.06,43.3,14.66,0.41,2.11,1.27,47.78,17.62,2.66,5.57,8.24,3.76,1.55,0.91,3.1,4.73,15.76,6.45,4.92,3.58,3.32,1.13,0.03,0.1
jacksti02w,9,0,NYL,34.0,0.0,474.0,173.0,31.0,73.0,104.0,19.0,23.0,12.0,49.0,66.0,154.0,64.0,79.0,45.0,0.0,0.0,0.0,3.0,0.0,43.0,23.0,5.0,8.0,13.0,4.0,2.0,1.0,6.0,3.0,17.0,8.0,9.0,7.0,0.0,0.0,0.0,0.0
jacksti02w,10,0,NYL,25.0,0.0,496.0,208.0,47.0,96.0,143.0,26.0,24.0,8.0,48.0,46.0,157.0,81.0,73.0,46.0,0.0,0.0,0.0,0.0,0.0,0.0,0.0,0.0,0.0,0.0,0.0,0.0,0.0,0.0,0.0,0.0,0.0,0.0,0.0,0.0,0.0,0.0,0.0
jacobam01w,5,0,MIN,28.7,17.01,651.85,232.97,33.24,71.39,104.63,51.13,24.66,12.93,46.39,61.6,201.87,85.06,63.94,47.89,44.05,14.97,0.58,2.22,1.39,53.69,18.96,2.43,6.16,8.59,4.55,1.83,1.16,3.5,5.1,16.68,6.86,5.2,4.12,3.5,1.13,0.02,0.06
jacobam01w,6,0,MIN,32.0,0.0,391.0,101.0,3.0,33.0,36.0,47.0,13.0,0.0,45.0,36.0,100.0,31.0,22.0,20.0,60.0,19.0,0.0,2.0,0.0,36.0,8.0,0.0,1.0,1.0,2.0,0.0,0.0,4.0,0.0,5.0,3.0,2.0,1.0,2.0,1.0,0.0,0.0
jacobam01w,7,0,MIN,33.0,0.0,478.0,121.0,4.0,15.0,19.0,68.0,19.0,4.0,46.0,34.0,104.0,40.0,29.0,21.0,53.0,20.0,0.0,0.0,0.0,0.0,0.0,0.0,0.0,0.0,0.0,0.0,0.0,0.0,0.0,0.0,0.0,0.0,0.0,0.0,0.0,0.0,0.0
jacobam01w,8,0,MIN,34.0,34.0,861.0,279.0,17.0,73.0,90.0,115.0,26.0,2.0,90.0,71.0,214.0,96.0,57.0,47.0,102.0,40.0,0.0,0.0,0.0,0.0,0.0,0.0,0.0,0.0,0.0,0.0,0.0,0.0,0.0,0.0,0.0,0.0,0.0,0.0,0.0,0.0,0.0
jacobam01w,9,2,LAS,29.0,0.0,328.0,93.0,4.0,16.0,20.0,40.0,9.0,0.0,41.0,31.0,102.0,34.0,13.0,8.0,65.0,17.0,0.0,0.0,0.0,0.0,0.0,0.0,0.0,0.0,0.0,0.0,0.0,0.0,0.0,0.0,0.0,0.0,0.0,0.0,0.0,0.0,0.0
jacobam01w,9,1,WAS,5.0,0.0,61.0,10.0,1.0,1.0,2.0,6.0,0.0,0.0,8.0,7.0,11.0,3.0,2.0,2.0,5.0,2.0,0.0,0.0,0.0,0.0,0.0,0.0,0.0,0.0,0.0,0.0,0.0,0.0,0.0,0.0,0.0,0.0,0.0,0.0,0.0,0.0,0.0
jamesta01w,7,0,WAS,25.54,14.06,551.91,185.83,24.96,56.79,81.75,42.45,20.43,9.74,39.28,53.91,160.15,67.6,52.41,38.9,34.99,11.74,0.55,2.0,1.09,44.98,14.88,1.82,4.73,6.55,3.21,1.47,0.67,2.84,4.28,12.66,5.27,4.5,3.36,2.66,0.98,0.04,0.04
jamesta01w,8,0,WAS,21.0,0.0,160.0,57.0,9.0,7.0,16.0,3.0,4.0,2.0,10.0,13.0,49.0,19.0,18.0,16.0,12.0,3.0,0.0,0.0,0.0,0.0,0.0,0.0,0.0,0.0,0.0,0.0,0.0,0.0,0.0,0.0,0.0,0.0,0.0,0.0,0.0,0.0,0.0
januabr01w,10,0,IND,28.09,16.51,621.77,243.43,31.76,73.59,105.35,52.2,25.52,12.22,47.11,63.24,204.69,87.19,69.31,52.68,47.79,16.38,0.56,2.5,1.31,55.1,20.23,2.49,6.44,8.93,4.32,1.95,1.01,4.04,5.19,17.52,7.26,5.39,4.28,4.31,1.42,0.02,0.05
jekaban01w,10,0,CON,28.09,16.51,621.77,243.43,31.76,73.59,105.35,52.2,25.52,12.22,47.11,63.24,204.69,87.19,69.31,52.68,47.79,16.38,0.56,2.5,1.31,55.1,20.23,2.49,6.44,8.93,4.32,1.95,1.01,4.04,5.19,17.52,7.26,5.39,4.28,4.31,1.42,0.02,0.05
joensca01w,8,0,CHI,27.63,15.03,590.39,224.03,29.59,68.73,98.32,47.71,23.73,9.81,43.11,57.02,190.87,81.15,62.0,47.06,43.3,14.66,0.41,2.11,1.27,47.78,17.62,2.66,5.57,8.24,3.76,1.55,0.91,3.1,4.73,15.76,6.45,4.92,3.58,3.32,1.13,0.03,0.1
joensca01w,9,0,CHI,19.0,0.0,271.0,95.0,6.0,27.0,33.0,32.0,17.0,1.0,13.0,18.0,79.0,31.0,13.0,11.0,45.0,22.0,0.0,0.0,0.0,0.0,0.0,0.0,0.0,0.0,0.0,0.0,0.0,0.0,0.0,0.0,0.0,0.0,0.0,0.0,0.0,0.0,0.0
johnsad01w,3,0,ORL,32.0,31.0,1100.0,436.0,30.0,60.0,90.0,54.0,24.0,3.0,56.0,59.0,393.0,175.0,38.0,34.0,148.0,52.0,1.0,3.0,3.0,111.0,34.0,3.0,1.0,4.0,8.0,1.0,1.0,7.0,7.0,42.0,14.0,4.0,3.0,10.0,3.0,0.0,0.0
johnsad01w,4,0,CON,32.0,2.0,602.0,166.0,14.0,32.0,46.0,22.0,15.0,2.0,26.0,40.0,181.0,68.0,17.0,12.0,61.0,18.0,0.0,0.0,0.0,0.0,0.0,0.0,0.0,0.0,0.0,0.0,0.0,0.0,0.0,0.0,0.0,0.0,0.0,0.0,0.0,0.0,0.0
johnsch01w,4,0,LAS,26.12,15.6,604.13,208.08,28.55,61.69,90.24,47.04,23.71,11.16,42.62,55.83,178.36,75.29,57.52,43.31,41.07,14.19,0.53,1.78,1.11,44.72,16.41,2.01,4.64,6.66,3.96,1.6,0.72,2.72,3.83,13.91,6.03,4.09,3.11,3.47,1.23,0.02,0.05
johnsja01w,2,0,ORL,27.47,15.65,612.86,211.84,30.0,62.37,92.37,47.2,24.88,10.88,46.06,62.03,178.46,77.47,60.54,44.63,37.18,12.27,0.68,1.69,0.94,39.12,12.03,2.0,4.03,6.03,2.86,1.51,0.62,2.58,3.48,10.52,4.54,2.79,2.14,2.45,0.81,0.03,0.02
johnsla01w,2,0,UTA,29.0,6.0,481.0,144.0,14.0,38.0,52.0,26.0,12.0,2.0,34.0,65.0,129.0,52.0,43.0,28.0,36.0,12.0,0.0,0.0,0.0,0.0,0.0,0.0,0.0,0.0,0.0,0.0,0.0,0.0,0.0,0.0,0.0,0.0,0.0,0.0,0.0,0.0,0.0
johnsla01w,3,0,UTA,26.0,0.0,228.0,50.0,4.0,15.0,19.0,7.0,2.0,1.0,13.0,26.0,65.0,17.0,14.0,11.0,30.0,5.0,0.0,2.0,0.0,15.0,4.0,0.0,1.0,1.0,0.0,0.0,1.0,3.0,4.0,4.0,1.0,2.0,2.0,3.0,0.0,0.0,0.0
johnsla01w,4,0,SAS,28.0,1.0,269.0,75.0,8.0,11.0,19.0,10.0,7.0,2.0,15.0,36.0,76.0,25.0,20.0,15.0,32.0,10.0,1.0,5.0,0.0,40.0,17.0,2.0,2.0,4.0,2.0,0.0,0.0,1.0,2.0,14.0,7.0,2.0,1.0,9.0,2.0,0.0,0.0
johnsla01w,5,0,HOU,31.0,1.0,279.0,58.0,7.0,18.0,25.0,9.0,3.0,1.0,14.0,31.0,71.0,18.0,22.0,16.0,23.0,6.0,0.0,0.0,0.0,0.0,0.0,0.0,0.0,0.0,0.0,0.0,0.0,0.0,0.0,0.0,0.0,0.0,0.0,0.0,0.0,0.0,0.0
johnspo01w,2,0,CLE,12.0,0.0,57.0,17.0,7.0,7.0,14.0,2.0,0.0,1.0,8.0,9.0,10.0,5.0,12.0,7.0,0.0,0.0,0.0,4.0,0.0,6.0,7.0,1.0,1.0,2.0,1.0,0.0,0.0,0.0,0.0,3.0,3.0,2.0,1.0,0.0,0.0,0.0,0.0
johnspo01w,3,0,MIA,18.0,0.0,119.0,28.0,12.0,19.0,31.0,4.0,0.0,2.0,10.0,12.0,27.0,12.0,9.0,4.0,0.0,0.0,0.0,1.0,0.0,4.0,0.0,1.0,1.0,2.0,1.0,0.0,0.0,1.0,1.0,0.0,0.0,0.0,0.0,0.0,0.0,0.0,0.0
johnspo01w,4,0,CLE,31.0,30.0,801.0,217.0,58.0,82.0,140.0,32.0,27.0,15.0,53.0,75.0,149.0,78.0,97.0,61.0,0.0,0.0,0.0,0.0,0.0,0.0,0.0,0.0,0.0,0.0,0.0,0.0,0.0,0.0,0.0,0.0,0.0,0.0,0.0,0.0,0.0,0.0,0.0
johnspo01w,5,0,HOU,30.0,2.0,416.0,89.0,31.0,51.0,82.0,19.0,12.0,10.0,19.0,35.0,63.0,35.0,34.0,19.0,0.0,0.0,0.0,3.0,0.0,20.0,2.0,0.0,4.0,4.0,3.0,1.0,2.0,0.0,1.0,1.0,1.0,0.0,0.0,0.0,0.0,0.0,0.0
johnssh01w,2,0,ORL,32.0,32.0,1126.0,381.0,53.0,102.0,155.0,169.0,58.0,7.0,102.0,83.0,309.0,122.0,144.0,107.0,90.0,30.0,0.0,3.0,3.0,119.0,18.0,4.0,17.0,21.0,14.0,5.0,2.0,7.0,9.0,27.0,6.0,8.0,4.0,13.0,2.0,0.0,0.0
johnssh01w,3,0,ORL,26.0,22.0,785.0,302.0,15.0,62.0,77.0,68.0,34.0,6.0,54.0,66.0,245.0,90.0,111.0,84.0,104.0,38.0,0.0,0.0,0.0,0.0,0.0,0.0,0.0,0.0,0.0,0.0,0.0,0.0,0.0,0.0,0.0,0.0,0.0,0.0,0.0,0.0,0.0
johnssh01w,4,0,CON,31.0,31.0,1110.0,499.0,49.0,80.0,129.0,163.0,51.0,7.0,98.0,78.0,389.0,157.0,214.0,164.0,77.0,21.0,1.0,0.0,0.0,0.0,0.0,0.0,0.0,0.0,0.0,0.0,0.0,0.0,0.0,0.0,0.0,0.0,0.0,0.0,0.0,0.0,0.0
johnssh01w,5,0,SAS,34.0,34.0,1107.0,420.0,39.0,95.0,134.0,196.0,44.0,3.0,107.0,77.0,319.0,138.0,171.0,125.0,73.0,19.0,0.0,4.0,4.0,131.0,45.0,3.0,9.0,12.0,19.0,7.0,1.0,11.0,11.0,29.0,13.0,18.0,14.0,10.0,5.0,0.0,0.0
johnssh01w,6,0,SAS,31.0,30.0,954.0,287.0,14.0,68.0,82.0,136.0,48.0,4.0,99.0,69.0,234.0,89.0,107.0,82.0,76.0,27.0,2.0,0.0,0.0,0.0,0.0,0.0,0.0,0.0,0.0,0.0,0.0,0.0,0.0,0.0,0.0,0.0,0.0,0.0,0.0,0.0,0.0
johnssh01w,7,0,SAS,34.0,33.0,1104.0,317.0,17.0,74.0,91.0,158.0,46.0,5.0,113.0,78.0,241.0,88.0,136.0,113.0,90.0,28.0,1.0,0.0,0.0,0.0,0.0,0.0,0.0,0.0,0.0,0.0,0.0,0.0,0.0,0.0,0.0,0.0,0.0,0.0,0.0,0.0,0.0
johnssh01w,8,0,DET,32.0,32.0,874.0,318.0,31.0,64.0,95.0,117.0,60.0,5.0,75.0,78.0,256.0,104.0,97.0,78.0,91.0,32.0,0.0,0.0,0.0,0.0,0.0,0.0,0.0,0.0,0.0,0.0,0.0,0.0,0.0,0.0,0.0,0.0,0.0,0.0,0.0,0.0,0.0
johnssh01w,9,0,HOU,33.0,8.0,559.0,193.0,18.0,43.0,61.0,56.0,20.0,2.0,40.0,68.0,166.0,57.0,61.0,50.0,70.0,29.0,0.0,11.0,1.0,186.0,57.0,8.0,17.0,25.0,28.0,5.0,2.0,13.0,13.0,53.0,19.0,13.0,10.0,26.0,9.0,0.0,0.0
johnssh01w,10,0,SEA,33.0,32.0,1014.0,253.0,31.0,76.0,107.0,168.0,52.0,9.0,78.0,84.0,211.0,80.0,83.0,62.0,97.0,31.0,0.0,0.0,0.0,0.0,0.0,0.0,0.0,0.0,0.0,0.0,0.0,0.0,0.0,0.0,0.0,0.0,0.0,0.0,0.0,0.0,0.0
johnste01w,6,0,WAS,26.65,15.15,595.55,202.63,28.15,62.64,90.79,45.87,22.75,11.35,41.56,56.01,175.03,74.17,56.05,41.7,35.87,12.58,0.49,2.27,1.3,51.9,17.12,2.49,5.36,7.85,3.75,2.1,1.04,3.58,4.45,15.18,6.27,4.4,3.37,3.32,1.21,0.01,0.04
johnste01w,7,0,LAS,34.0,34.0,973.0,315.0,13.0,91.0,104.0,177.0,44.0,1.0,88.0,99.0,273.0,125.0,66.0,52.0,43.0,13.0,2.0,0.0,0.0,0.0,0.0,0.0,0.0,0.0,0.0,0.0,0.0,0.0,0.0,0.0,0.0,0.0,0.0,0.0,0.0,0.0,1.0
johnste01w,8,0,LAS,32.0,30.0,808.0,255.0,15.0,82.0,97.0,161.0,47.0,1.0,70.0,57.0,254.0,102.0,60.0,48.0,26.0,3.0,0.0,5.0,5.0,140.0,46.0,3.0,6.0,9.0,24.0,8.0,0.0,10.0,12.0,48.0,20.0,6.0,5.0,5.0,1.0,0.0,0.0
johnste01w,9,0,LAS,11.0,11.0,206.0,70.0,4.0,25.0,29.0,30.0,8.0,1.0,31.0,17.0,88.0,29.0,16.0,11.0,3.0,1.0,0.0,0.0,0.0,0.0,0.0,0.0,0.0,0.0,0.0,0.0,0.0,0.0,0.0,0.0,0.0,0.0,0.0,0.0,0.0,0.0,0.0
johnste01w,10,0,PHO,23.0,8.0,393.0,96.0,12.0,31.0,43.0,71.0,24.0,2.0,37.0,38.0,101.0,35.0,36.0,26.0,10.0,0.0,0.0,6.0,0.0,115.0,48.0,3.0,11.0,14.0,21.0,6.0,1.0,13.0,10.0,44.0,20.0,7.0,6.0,7.0,2.0,0.0,0.0
johnsti01w,2,0,HOU,31.0,29.0,687.0,131.0,59.0,88.0,147.0,10.0,10.0,16.0,17.0,86.0,100.0,48.0,50.0,35.0,0.0,0.0,1.0,6.0,6.0,135.0,22.0,12.0,17.0,29.0,1.0,3.0,2.0,7.0,15.0,20.0,10.0,2.0,2.0,0.0,0.0,0.0,0.0
johnsti01w,3,0,HOU,32.0,28.0,672.0,148.0,44.0,94.0,138.0,22.0,12.0,15.0,42.0,67.0,138.0,62.0,28.0,24.0,0.0,0.0,0.0,2.0,2.0,71.0,18.0,4.0,13.0,17.0,3.0,0.0,3.0,4.0,5.0,17.0,7.0,7.0,4.0,0.0,0.0,0.0,0.0
johnsti01w,4,0,HOU,32.0,32.0,815.0,201.0,73.0,100.0,173.0,39.0,17.0,24.0,38.0,67.0,178.0,77.0,58.0,47.0,2.0,0.0,0.0,3.0,3.0,51.0,8.0,2.0,7.0,9.0,1.0,0.0,6.0,4.0,8.0,9.0,4.0,0.0,0.0,0.0,0.0,0.0,0.0
johnsti01w,5,0,HOU,22.0,3.0,359.0,77.0,19.0,44.0,63.0,13.0,3.0,7.0,20.0,33.0,62.0,30.0,23.0,17.0,0.0,0.0,0.0,3.0,0.0,31.0,0.0,2.0,4.0,6.0,0.0,2.0,0.0,1.0,4.0,6.0,0.0,0.0,0.0,0.0,0.0,0.0,0.0
johnsti01w,7,0,SEA,33.0,11.0,660.0,142.0,30.0,92.0,122.0,27.0,9.0,17.0,31.0,72.0,118.0,59.0,32.0,24.0,0.0,0.0,1.0,0.0,0.0,0.0,0.0,0.0,0.0,0.0,0.0,0.0,0.0,0.0,0.0,0.0,0.0,0.0,0.0,0.0,0.0,0.0,0.0
johnsvi01w,2,0,NYL,31.0,31.0,1023.0,380.0,40.0,97.0,137.0,77.0,22.0,5.0,57.0,48.0,324.0,143.0,76.0,67.0,71.0,27.0,0.0,7.0,7.0,237.0,72.0,10.0,25.0,35.0,24.0,8.0,0.0,13.0,14.0,71.0,27.0,14.0,12.0,22.0,6.0,0.0,0.0
johnsvi01w,3,0,NYL,32.0,32.0,939.0,353.0,23.0,84.0,107.0,87.0,35.0,4.0,52.0,62.0,326.0,135.0,70.0,53.0,82.0,30.0,1.0,6.0,6.0,218.0,89.0,7.0,20.0,27.0,28.0,13.0,2.0,14.0,11.0,75.0,34.0,15.0,15.0,22.0,6.0,0.0,0.0
johnsvi01w,4,0,NYL,31.0,31.0,1028.0,359.0,42.0,67.0,109.0,86.0,27.0,4.0,45.0,60.0,305.0,139.0,61.0,49.0,76.0,32.0,0.0,8.0,8.0,244.0,98.0,8.0,22.0,30.0,24.0,7.0,0.0,11.0,10.0,75.0,36.0,16.0,12.0,27.0,14.0,0.0,0.0
johnsvi01w,5,0,NYL,32.0,32.0,1042.0,430.0,30.0,65.0,95.0,75.0,29.0,7.0,55.0,65.0,345.0,158.0,92.0,79.0,96.0,35.0,0.0,0.0,0.0,0.0,0.0,0.0,0.0,0.0,0.0,0.0,0.0,0.0,0.0,0.0,0.0,0.0,0.0,0.0,0.0,0.0,0.0
johnsvi01w,6,0,NYL,34.0,34.0,1119.0,321.0,37.0,84.0,121.0,124.0,25.0,4.0,71.0,75.0,293.0,121.0,70.0,62.0,60.0,17.0,0.0,5.0,5.0,161.0,41.0,11.0,11.0,22.0,16.0,5.0,1.0,4.0,10.0,39.0,14.0,12.0,11.0,10.0,2.0,0.0,0.0
johnsvi01w,7,0,SAS,34.0,34.0,1023.0,353.0,37.0,81.0,118.0,92.0,23.0,2.0,44.0,56.0,272.0,129.0,84.0,65.0,84.0,30.0,0.0,2.0,2.0,73.0,26.0,0.0,6.0,6.0,7.0,1.0,0.0,4.0,7.0,22.0,10.0,8.0,6.0,3.0,0.0,0.0,0.0
johnsvi01w,8,0,SAS,34.0,34.0,1004.0,337.0,55.0,112.0,167.0,122.0,28.0,3.0,59.0,61.0,317.0,119.0,90.0,76.0,69.0,23.0,0.0,0.0,0.0,0.0,0.0,0.0,0.0,0.0,0.0,0.0,0.0,0.0,0.0,0.0,0.0,0.0,0.0,0.0,0.0,0.0,0.0
johnsvi01w,9,0,SAS,30.0,29.0,852.0,243.0,51.0,93.0,144.0,104.0,34.0,8.0,36.0,46.0,214.0,95.0,39.0,32.0,49.0,21.0,0.0,5.0,5.0,165.0,47.0,9.0,20.0,29.0,23.0,6.0,1.0,9.0,11.0,49.0,18.0,6.0,3.0,19.0,8.0,0.0,0.0
johnsvi01w,10,0,SAS,32.0,32.0,892.0,213.0,39.0,130.0,169.0,115.0,26.0,5.0,49.0,42.0,198.0,87.0,36.0,28.0,39.0,11.0,0.0,9.0,9.0,274.0,75.0,10.0,32.0,42.0,28.0,9.0,0.0,19.0,13.0,65.0,32.0,11.0,7.0,10.0,4.0,0.0,1.0
jonesas01w,3,0,WAS,25.23,13.75,548.8,181.49,26.81,57.19,84.0,40.49,21.88,9.7,39.26,50.48,160.77,66.49,49.2,36.53,35.69,11.98,0.41,1.74,1.06,41.03,13.2,1.91,4.14,6.05,3.08,1.38,0.95,2.43,3.52,11.93,4.9,3.33,2.48,2.82,0.93,0.02,0.05
jonesas01w,4,0,WAS,32.0,5.0,612.0,208.0,39.0,50.0,89.0,28.0,13.0,17.0,39.0,88.0,233.0,93.0,33.0,20.0,10.0,2.0,2.0,5.0,0.0,63.0,18.0,3.0,5.0,8.0,3.0,0.0,1.0,1.0,13.0,19.0,8.0,2.0,1.0,2.0,1.0,0.0,0.0
jonesas01w,5,0,CON,34.0,10.0,748.0,290.0,62.0,73.0,135.0,52.0,16.0,25.0,63.0,109.0,279.0,121.0,55.0,41.0,17.0,7.0,1.0,0.0,0.0,0.0,0.0,0.0,0.0,0.0,0.0,0.0,0.0,0.0,0.0,0.0,0.0,0.0,0.0,0.0,0.0,0.0,0.0
jonesas01w,6,0,CON,34.0,1.0,699.0,235.0,51.0,67.0,118.0,39.0,20.0,18.0,53.0,82.0,239.0,96.0,48.0,41.0,6.0,2.0,0.0,8.0,0.0,171.0,59.0,8.0,13.0,21.0,11.0,5.0,1.0,18.0,10.0,53.0,26.0,11.0,7.0,0.0,0.0,0.0,0.0
jonesas01w,7,0,CON,33.0,4.0,705.0,301.0,54.0,67.0,121.0,40.0,10.0,7.0,51.0,70.0,275.0,133.0,56.0,33.0,5.0,2.0,0.0,8.0,0.0,178.0,71.0,8.0,20.0,28.0,7.0,2.0,4.0,11.0,23.0,60.0,29.0,23.0,13.0,2.0,0.0,0.0,0.0
jonesas01w,8,0,CON,34.0,2.0,777.0,377.0,59.0,124.0,183.0,46.0,23.0,20.0,60.0,74.0,334.0,155.0,79.0,62.0,19.0,5.0,0.0,5.0,0.0,113.0,35.0,10.0,12.0,22.0,10.0,3.0,3.0,8.0,13.0,51.0,14.0,16.0,7.0,2.0,0.0,0.0,0.0
jonesas01w,9,0,CON,30.0,30.0,942.0,459.0,65.0,118.0,183.0,75.0,25.0,23.0,91.0,90.0,430.0,193.0,94.0,72.0,12.0,1.0,1.0,3.0,3.0,116.0,47.0,7.0,17.0,24.0,10.0,3.0,2.0,5.0,11.0,44.0,22.0,3.0,2.0,1.0,1.0,0.0,0.0
jonesas01w,10,0,CON,33.0,33.0,963.0,561.0,73.0,128.0,201.0,81.0,20.0,26.0,74.0,85.0,461.0,223.0,139.0,110.0,23.0,5.0,2.0,3.0,3.0,98.0,45.0,9.0,13.0,22.0,4.0,2.0,1.0,7.0,9.0,47.0,17.0,12.0,11.0,2.0,0.0,0.0,0.0
jonesch01w,5,0,DET,28.7,17.01,651.85,232.97,33.24,71.39,104.63,51.13,24.66,12.93,46.39,61.6,201.87,85.06,63.94,47.89,44.05,14.97,0.58,2.22,1.39,53.69,18.96,2.43,6.16,8.59,4.55,1.83,1.16,3.5,5.1,16.68,6.86,5.2,4.12,3.5,1.13,0.02,0.06
jonesch01w,6,1,DET,31.0,8.0,397.0,107.0,8.0,26.0,34.0,45.0,18.0,5.0,40.0,41.0,103.0,37.0,31.0,25.0,32.0,8.0,0.0,2.0,0.0,10.0,2.0,0.0,0.0,0.0,1.0,0.0,0.0,1.0,2.0,4.0,1.0,0.0,0.0,0.0,0.0,0.0,0.0
jonesch01w,6,2,MIN,21.0,0.0,329.0,125.0,8.0,23.0,31.0,23.0,13.0,2.0,23.0,42.0,113.0,46.0,19.0,15.0,37.0,18.0,0.0,0.0,0.0,0.0,0.0,0.0,0.0,0.0,0.0,0.0,0.0,0.0,0.0,0.0,0.0,0.0,0.0,0.0,0.0,0.0,0.0
jonesch01w,7,0,MIN,10.0,9.0,281.0,81.0,10.0,23.0,33.0,30.0,13.0,3.0,17.0,26.0,83.0,29.0,19.0,12.0,32.0,11.0,0.0,0.0,0.0,0.0,0.0,0.0,0.0,0.0,0.0,0.0,0.0,0.0,0.0,0.0,0.0,0.0,0.0,0.0,0.0,0.0,0.0
jonesme01w,2,0,CLE,32.0,32.0,948.0,352.0,52.0,87.0,139.0,63.0,29.0,2.0,60.0,86.0,323.0,153.0,47.0,32.0,45.0,14.0,2.0,6.0,6.0,207.0,83.0,11.0,32.0,43.0,11.0,7.0,0.0,8.0,14.0,86.0,34.0,12.0,9.0,20.0,6.0,0.0,0.0
jonesme01w,3,0,CLE,30.0,30.0,998.0,404.0,43.0,121.0,164.0,45.0,29.0,4.0,53.0,59.0,377.0,165.0,82.0,65.0,34.0,9.0,0.0,3.0,3.0,103.0,36.0,8.0,10.0,18.0,9.0,1.0,1.0,3.0,5.0,32.0,15.0,5.0,5.0,3.0,1.0,0.0,0.0
jonesme01w,4,0,CLE,32.0,32.0,1094.0,391.0,33.0,143.0,176.0,72.0,44.0,4.0,55.0,60.0,393.0,157.0,79.0,62.0,54.0,15.0,0.0,0.0,0.0,0.0,0.0,0.0,0.0,0.0,0.0,0.0,0.0,0.0,0.0,0.0,0.0,0.0,0.0,0.0,0.0,0.0,0.0
jonesme01w,5,0,DET,34.0,15.0,672.0,164.0,18.0,79.0,97.0,44.0,22.0,3.0,36.0,59.0,196.0,66.0,39.0,28.0,13.0,4.0,0.0,3.0,0.0,37.0,5.0,3.0,2.0,5.0,0.0,0.0,0.0,2.0,2.0,5.0,2.0,2.0,1.0,1.0,0.0,0.0,0.0
kellycr01w,9,0,SAC,26.3,13.75,549.16,209.96,28.39,66.05,94.44,44.4,21.72,10.61,42.77,53.46,179.59,76.48,55.67,42.66,40.99,14.34,0.44,2.46,1.36,56.15,22.09,2.92,7.19,10.11,4.72,1.89,1.15,3.64,5.21,19.28,8.05,5.13,3.95,5.4,2.05,0.05,0.07
kellycr01w,10,2,DET,33.0,4.0,551.0,243.0,47.0,62.0,109.0,15.0,18.0,5.0,41.0,61.0,138.0,62.0,140.0,119.0,1.0,0.0,0.0,3.0,3.0,80.0,37.0,4.0,6.0,10.0,4.0,1.0,0.0,2.0,8.0,20.0,14.0,10.0,9.0,0.0,0.0,0.0,0.0
kellycr01w,10,1,SAC,11.0,0.0,84.0,31.0,6.0,8.0,14.0,4.0,4.0,1.0,11.0,16.0,22.0,8.0,18.0,15.0,0.0,0.0,0.0,3.0,0.0,15.0,4.0,0.0,2.0,2.0,2.0,0.0,0.0,0.0,2.0,0.0,0.0,4.0,4.0,0.0,0.0,0.0,0.0
kingbsu01w,6,0,MIN,26.65,15.15,595.55,202.63,28.15,62.64,90.79,45.87,22.75,11.35,41.56,56.01,175.03,74.17,56.05,41.7,35.87,12.58,0.49,2.27,1.3,51.9,17.12,2.49,5.36,7.85,3.75,2.1,1.04,3.58,4.45,15.18,6.27,4.4,3.37,3.32,1.21,0.01,0.04
kingija01w,2,0,DET,27.47,15.65,612.86,211.84,30.0,62.37,92.37,47.2,24.88,10.88,46.06,62.03,178.46,77.47,60.54,44.63,37.18,12.27,0.68,1.69,0.94,39.12,12.03,2.0,4.03,6.03,2.86,1.51,0.62,2.58,3.48,10.52,4.54,2.79,2.14,2.45,0.81,0.03,0.02
kingija01w,5,1,DET,29.0,17.0,625.0,169.0,20.0,43.0,63.0,74.0,31.0,8.0,53.0,42.0,142.0,55.0,36.0,26.0,88.0,33.0,0.0,0.0,0.0,0.0,0.0,0.0,0.0,0.0,0.0,0.0,0.0,0.0,0.0,0.0,0.0,0.0,0.0,0.0,0.0,0.0,0.0
kingija01w,5,2,PHO,5.0,0.0,15.0,3.0,0.0,1.0,1.0,1.0,0.0,0.0,2.0,1.0,0.0,0.0,4.0,3.0,0.0,0.0,0.0,0.0,0.0,0.0,0.0,0.0,0.0,0.0,0.0,0.0,0.0,0.0,0.0,0.0,0.0,0.0,0.0,0.0,0.0,0.0,0.0
kingija01w,7,0,SAS,13.0,0.0,128.0,20.0,5.0,8.0,13.0,12.0,5.0,2.0,7.0,10.0,18.0,6.0,7.0,5.0,7.0,3.0,0.0,0.0,0.0,0.0,0.0,0.0,0.0,0.0,0.0,0.0,0.0,0.0,0.0,0.0,0.0,0.0,0.0,0.0,0.0,0.0,0.0
klimezu01w,3,0,IND,25.23,13.75,548.8,181.49,26.81,57.19,84.0,40.49,21.88,9.7,39.26,50.48,160.77,66.49,49.2,36.53,35.69,11.98,0.41,1.74,1.06,41.03,13.2,1.91,4.14,6.05,3.08,1.38,0.95,2.43,3.52,11.93,4.9,3.33,2.48,2.82,0.93,0.02,0.05
klimezu01w,4,0,IND,11.0,0.0,39.0,5.0,1.0,4.0,5.0,2.0,1.0,1.0,2.0,2.0,12.0,2.0,1.0,1.0,0.0,0.0,0.0,0.0,0.0,0.0,0.0,0.0,0.0,0.0,0.0,0.0,0.0,0.0,0.0,0.0,0.0,0.0,0.0,0.0,0.0,0.0,0.0
koehnla01w,6,0,WAS,26.65,15.15,595.55,202.63,28.15,62.64,90.79,45.87,22.75,11.35,41.56,56.01,175.03,74.17,56.05,41.7,35.87,12.58,0.49,2.27,1.3,51.9,17.12,2.49,5.36,7.85,3.75,2.1,1.04,3.58,4.45,15.18,6.27,4.4,3.37,3.32,1.21,0.01,0.04
koehnla01w,7,0,WAS,30.0,0.0,230.0,113.0,4.0,7.0,11.0,10.0,2.0,0.0,6.0,15.0,79.0,37.0,5.0,4.0,75.0,35.0,0.0,0.0,0.0,0.0,0.0,0.0,0.0,0.0,0.0,0.0,0.0,0.0,0.0,0.0,0.0,0.0,0.0,0.0,0.0,0.0,0.0
koehnla01w,8,0,WAS,32.0,0.0,161.0,71.0,0.0,12.0,12.0,8.0,2.0,2.0,5.0,16.0,46.0,23.0,4.0,3.0,42.0,22.0,0.0,2.0,0.0,0.0,0.0,0.0,0.0,0.0,0.0,0.0,0.0,0.0,0.0,0.0,0.0,0.0,0.0,0.0,0.0,0.0,0.0
koehnla01w,9,0,WAS,28.0,0.0,109.0,40.0,0.0,8.0,8.0,5.0,0.0,0.0,3.0,8.0,36.0,13.0,2.0,2.0,33.0,12.0,0.0,0.0,0.0,0.0,0.0,0.0,0.0,0.0,0.0,0.0,0.0,0.0,0.0,0.0,0.0,0.0,0.0,0.0,0.0,0.0,0.0
korstil01w,2,0,PHO,27.47,15.65,612.86,211.84,30.0,62.37,92.37,47.2,24.88,10.88,46.06,62.03,178.46,77.47,60.54,44.63,37.18,12.27,0.68,1.69,0.94,39.12,12.03,2.0,4.03,6.03,2.86,1.51,0.62,2.58,3.48,10.52,4.54,2.79,2.14,2.45,0.81,0.03,0.02
kostaan01w,7,0,HOU,25.54,14.06,551.91,185.83,24.96,56.79,81.75,42.45,20.43,9.74,39.28,53.91,160.15,67.6,52.41,38.9,34.99,11.74,0.55,2.0,1.09,44.98,14.88,1.82,4.73,6.55,3.21,1.47,0.67,2.84,4.28,12.66,5.27,4.5,3.36,2.66,0.98,0.04,0.04
kraayca01w,6,0,NYL,26.65,15.15,595.55,202.63,28.15,62.64,90.79,45.87,22.75,11.35,41.56,56.01,175.03,74.17,56.05,41.7,35.87,12.58,0.49,2.27,1.3,51.9,17.12,2.49,5.36,7.85,3.75,2.1,1.04,3.58,4.45,15.18,6.27,4.4,3.37,3.32,1.21,0.01,0.04
kraayca01w,7,0,NYL,17.0,0.0,196.0,69.0,13.0,14.0,27.0,5.0,4.0,8.0,17.0,21.0,55.0,23.0,15.0,14.0,24.0,9.0,0.0,2.0,0.0,37.0,8.0,2.0,5.0,7.0,0.0,0.0,0.0,2.0,6.0,3.0,1.0,6.0,5.0,1.0,1.0,0.0,0.0
kraayca01w,8,0,NYL,34.0,13.0,903.0,298.0,46.0,112.0,158.0,32.0,16.0,15.0,62.0,71.0,239.0,106.0,72.0,55.0,93.0,31.0,0.0,0.0,0.0,0.0,0.0,0.0,0.0,0.0,0.0,0.0,0.0,0.0,0.0,0.0,0.0,0.0,0.0,0.0,0.0,0.0,0.0
kraayca01w,9,0,NYL,34.0,34.0,967.0,366.0,38.0,116.0,154.0,51.0,32.0,20.0,84.0,84.0,298.0,129.0,70.0,55.0,129.0,53.0,0.0,3.0,3.0,87.0,38.0,4.0,14.0,18.0,2.0,2.0,3.0,4.0,9.0,33.0,14.0,5.0,5.0,12.0,5.0,0.0,0.0
kraayca01w,10,0,NYL,34.0,34.0,961.0,326.0,50.0,159.0,209.0,49.0,28.0,26.0,55.0,95.0,298.0,114.0,51.0,36.0,165.0,62.0,2.0,6.0,6.0,202.0,44.0,14.0,31.0,45.0,17.0,4.0,3.0,10.0,15.0,45.0,16.0,4.0,2.0,29.0,10.0,0.0,0.0
kubikni01w,2,0,PHO,4.0,0.0,19.0,6.0,0.0,2.0,2.0,2.0,0.0,0.0,3.0,4.0,3.0,1.0,4.0,4.0,1.0,0.0,0.0,2.0,0.0,5.0,2.0,0.0,0.0,0.0,0.0,0.0,0.0,1.0,2.0,2.0,0.0,2.0,2.0,0.0,0.0,0.0,0.0
lacyje01w,7,0,PHO,25.54,14.06,551.91,185.83,24.96,56.79,81.75,42.45,20.43,9.74,39.28,53.91,160.15,67.6,52.41,38.9,34.99,11.74,0.55,2.0,1.09,44.98,14.88,1.82,4.73,6.55,3.21,1.47,0.67,2.84,4.28,12.66,5.27,4.5,3.36,2.66,0.98,0.04,0.04
lacyje01w,8,0,PHO,33.0,3.0,504.0,162.0,42.0,60.0,102.0,14.0,12.0,12.0,45.0,102.0,128.0,61.0,58.0,40.0,4.0,0.0,1.0,0.0,0.0,0.0,0.0,0.0,0.0,0.0,0.0,0.0,0.0,0.0,0.0,0.0,0.0,0.0,0.0,0.0,0.0,0.0,0.0
lacyje01w,9,0,ATL,20.0,0.0,94.0,35.0,10.0,9.0,19.0,2.0,3.0,0.0,10.0,26.0,29.0,12.0,18.0,10.0,3.0,1.0,0.0,1.0,0.0,3.0,2.0,0.0,0.0,0.0,0.0,0.0,0.0,0.0,2.0,2.0,1.0,2.0,0.0,0.0,0.0,0.0,0.0
lacyje01w,10,0,ATL,33.0,22.0,605.0,189.0,35.0,54.0,89.0,27.0,18.0,6.0,37.0,97.0,190.0,74.0,55.0,37.0,21.0,4.0,1.0,0.0,0.0,0.0,0.0,0.0,0.0,0.0,0.0,0.0,0.0,0.0,0.0,0.0,0.0,0.0,0.0,0.0,0.0,0.0,0.0
lambesh01w,3,0,CHA,25.23,13.75,548.8,181.49,26.81,57.19,84.0,40.49,21.88,9.7,39.26,50.48,160.77,66.49,49.2,36.53,35.69,11.98,0.41,1.74,1.06,41.03,13.2,1.91,4.14,6.05,3.08,1.38,0.95,2.43,3.52,11.93,4.9,3.33,2.48,2.82,0.93,0.02,0.05
lambesh01w,4,0,DET,3.0,0.0,16.0,2.0,2.0,1.0,3.0,3.0,1.0,0.0,2.0,1.0,3.0,1.0,0.0,0.0,0.0,0.0,0.0,0.0,0.0,0.0,0.0,0.0,0.0,0.0,0.0,0.0,0.0,0.0,0.0,0.0,0.0,0.0,0.0,0.0,0.0,0.0,0.0
lambesh01w,5,0,HOU,27.0,1.0,187.0,87.0,10.0,18.0,28.0,14.0,5.0,0.0,29.0,15.0,66.0,24.0,41.0,32.0,16.0,7.0,0.0,7.0,0.0,14.0,5.0,0.0,2.0,2.0,1.0,0.0,0.0,4.0,3.0,6.0,2.0,0.0,0.0,3.0,1.0,0.0,0.0
lambesh01w,6,0,DET,34.0,25.0,788.0,197.0,19.0,49.0,68.0,88.0,26.0,4.0,82.0,46.0,177.0,75.0,51.0,40.0,27.0,7.0,0.0,0.0,0.0,0.0,0.0,0.0,0.0,0.0,0.0,0.0,0.0,0.0,0.0,0.0,0.0,0.0,0.0,0.0,0.0,0.0,0.0
langhcr01w,9,0,WAS,26.3,13.75,549.16,209.96,28.39,66.05,94.44,44.4,21.72,10.61,42.77,53.46,179.59,76.48,55.67,42.66,40.99,14.34,0.44,2.46,1.36,56.15,22.09,2.92,7.19,10.11,4.72,1.89,1.15,3.64,5.21,19.28,8.05,5.13,3.95,5.4,2.05,0.05,0.07
langhcr01w,10,0,WAS,34.0,6.0,529.0,164.0,53.0,83.0,136.0,15.0,15.0,6.0,36.0,54.0,109.0,68.0,51.0,28.0,0.0,0.0,1.0,0.0,0.0,0.0,0.0,0.0,0.0,0.0,0.0,0.0,0.0,0.0,0.0,0.0,0.0,0.0,0.0,0.0,0.0,0.0,0.0
larkier01w,9,0,NYL,26.3,13.75,549.16,209.96,28.39,66.05,94.44,44.4,21.72,10.61,42.77,53.46,179.59,76.48,55.67,42.66,40.99,14.34,0.44,2.46,1.36,56.15,22.09,2.92,7.19,10.11,4.72,1.89,1.15,3.64,5.21,19.28,8.05,5.13,3.95,5.4,2.05,0.05,0.07
larkier01w,10,0,NYL,27.0,0.0,335.0,129.0,38.0,35.0,73.0,18.0,10.0,7.0,35.0,54.0,94.0,48.0,56.0,33.0,0.0,0.0,0.0,6.0,0.0,87.0,26.0,12.0,17.0,29.0,1.0,3.0,1.0,8.0,12.0,24.0,11.0,10.0,4.0,0.0,0.0,0.0,0.0
lassiam01w,2,0,HOU,27.47,15.65,612.86,211.84,30.0,62.37,92.37,47.2,24.88,10.88,46.06,62.03,178.46,77.47,60.54,44.63,37.18,12.27,0.68,1.69,0.94,39.12,12.03,2.0,4.03,6.03,2.86,1.51,0.62,2.58,3.48,10.52,4.54,2.79,2.14,2.45,0.81,0.03,0.02
lassiam01w,3,1,HOU,32.0,18.0,613.0,138.0,27.0,83.0,110.0,34.0,16.0,21.0,35.0,66.0,139.0,51.0,15.0,10.0,67.0,26.0,0.0,2.0,0.0,54.0,19.0,1.0,8.0,9.0,0.0,0.0,3.0,2.0,4.0,16.0,7.0,2.0,2.0,9.0,3.0,0.0,0.0
lassiam01w,3,2,SEA,6.0,0.0,46.0,1.0,1.0,5.0,6.0,2.0,2.0,2.0,2.0,4.0,10.0,0.0,2.0,1.0,5.0,0.0,0.0,0.0,0.0,0.0,0.0,0.0,0.0,0.0,0.0,0.0,0.0,0.0,0.0,0.0,0.0,0.0,0.0,0.0,0.0,0.0,0.0
lassiam01w,4,0,SEA,24.0,22.0,554.0,126.0,23.0,40.0,63.0,55.0,27.0,19.0,49.0,58.0,130.0,47.0,17.0,12.0,66.0,20.0,1.0,2.0,2.0,46.0,10.0,0.0,7.0,7.0,4.0,3.0,1.0,5.0,4.0,15.0,4.0,0.0,0.0,9.0,2.0,0.0,0.0
lassiam01w,5,0,MIN,32.0,18.0,733.0,163.0,33.0,79.0,112.0,42.0,27.0,26.0,42.0,92.0,156.0,60.0,30.0,19.0,73.0,24.0,2.0,0.0,0.0,0.0,0.0,0.0,0.0,0.0,0.0,0.0,0.0,0.0,0.0,0.0,0.0,0.0,0.0,0.0,0.0,0.0,0.0
lassiam01w,6,0,MIN,33.0,12.0,563.0,127.0,15.0,65.0,80.0,37.0,21.0,22.0,40.0,74.0,135.0,47.0,9.0,6.0,89.0,27.0,0.0,2.0,0.0,30.0,9.0,0.0,4.0,4.0,1.0,2.0,3.0,4.0,5.0,7.0,3.0,0.0,0.0,6.0,3.0,0.0,0.0
lassiam01w,7,0,CHI,31.0,3.0,388.0,107.0,10.0,36.0,46.0,23.0,14.0,4.0,29.0,55.0,115.0,38.0,11.0,7.0,72.0,24.0,0.0,0.0,0.0,0.0,0.0,0.0,0.0,0.0,0.0,0.0,0.0,0.0,0.0,0.0,0.0,0.0,0.0,0.0,0.0,0.0,0.0
lattaiv01w,8,0,DET,27.63,15.03,590.39,224.03,29.59,68.73,98.32,47.71,23.73,9.81,43.11,57.02,190.87,81.15,62.0,47.06,43.3,14.66,0.41,2.11,1.27,47.78,17.62,2.66,5.57,8.24,3.76,1.55,0.91,3.1,4.73,15.76,6.45,4.92,3.58,3.32,1.13,0.03,0.1
lattaiv01w,9,0,ATL,31.0,1.0,221.0,93.0,4.0,15.0,19.0,20.0,8.0,2.0,16.0,24.0,87.0,34.0,7.0,3.0,49.0,22.0,0.0,10.0,0.0,47.0,19.0,0.0,3.0,3.0,3.0,2.0,0.0,2.0,3.0,19.0,5.0,6.0,4.0,15.0,5.0,0.0,0.0
lattaiv01w,10,0,ATL,34.0,31.0,960.0,388.0,13.0,59.0,72.0,123.0,45.0,1.0,61.0,83.0,343.0,124.0,106.0,85.0,160.0,55.0,0.0,0.0,0.0,0.0,0.0,0.0,0.0,0.0,0.0,0.0,0.0,0.0,0.0,0.0,0.0,0.0,0.0,0.0,0.0,0.0,0.0
lawsoed01w,6,2,HOU,26.65,15.15,595.55,202.63,28.15,62.64,90.79,45.87,22.75,11.35,41.56,56.01,175.03,74.17,56.05,41.7,35.87,12.58,0.49,2.27,1.3,51.9,17.12,2.49,5.36,7.85,3.75,2.1,1.04,3.58,4.45,15.18,6.27,4.4,3.37,3.32,1.21,0.01,0.04
lawsoed01w,6,1,NYL,17.0,0.0,114.0,25.0,1.0,6.0,7.0,4.0,2.0,1.0,12.0,5.0,24.0,8.0,4.0,4.0,13.0,5.0,0.0,1.0,0.0,1.0,0.0,0.0,0.0,0.0,0.0,0.0,0.0,0.0,0.0,0.0,0.0,0.0,0.0,0.0,0.0,0.0,0.0
lawsoed01w,7,0,SEA,2.0,0.0,12.0,2.0,0.0,2.0,2.0,0.0,0.0,0.0,0.0,2.0,4.0,0.0,2.0,2.0,2.0,0.0,0.0,0.0,0.0,0.0,0.0,0.0,0.0,0.0,0.0,0.0,0.0,0.0,0.0,0.0,0.0,0.0,0.0,0.0,0.0,0.0,0.0
lawsoed01w,9,0,SAS,26.0,0.0,209.0,43.0,2.0,19.0,21.0,29.0,15.0,1.0,19.0,20.0,45.0,17.0,6.0,4.0,19.0,5.0,0.0,3.0,0.0,11.0,4.0,0.0,0.0,0.0,1.0,0.0,0.0,0.0,0.0,4.0,1.0,2.0,1.0,4.0,1.0,0.0,0.0
lawsoed01w,10,0,SAS,30.0,1.0,280.0,100.0,9.0,22.0,31.0,26.0,12.0,0.0,25.0,29.0,80.0,36.0,9.0,6.0,47.0,22.0,0.0,5.0,0.0,84.0,25.0,3.0,9.0,12.0,9.0,3.0,0.0,5.0,5.0,22.0,7.0,4.0,4.0,15.0,7.0,0.0,0.0
lawsoka01w,4,0,SAC,26.12,15.6,604.13,208.08,28.55,61.69,90.24,47.04,23.71,11.16,42.62,55.83,178.36,75.29,57.52,43.31,41.07,14.19,0.53,1.78,1.11,44.72,16.41,2.01,4.64,6.66,3.96,1.6,0.72,2.72,3.83,13.91,6.03,4.09,3.11,3.47,1.23,0.02,0.05
lawsoka01w,5,0,SAC,34.0,0.0,769.0,263.0,30.0,77.0,107.0,56.0,15.0,5.0,42.0,45.0,227.0,89.0,40.0,31.0,135.0,54.0,0.0,6.0,0.0,154.0,32.0,2.0,21.0,23.0,16.0,1.0,2.0,4.0,8.0,42.0,9.0,8.0,7.0,23.0,7.0,0.0,0.0
lawsoka01w,6,0,SAC,34.0,10.0,827.0,294.0,12.0,65.0,77.0,68.0,21.0,8.0,53.0,41.0,245.0,103.0,44.0,37.0,134.0,51.0,0.0,6.0,0.0,153.0,58.0,3.0,12.0,15.0,11.0,8.0,1.0,5.0,10.0,54.0,20.0,9.0,8.0,24.0,10.0,0.0,0.0
lawsoka01w,7,0,SAC,24.0,1.0,508.0,192.0,7.0,26.0,33.0,37.0,13.0,3.0,22.0,28.0,148.0,65.0,31.0,26.0,81.0,36.0,0.0,8.0,2.0,208.0,90.0,2.0,27.0,29.0,18.0,8.0,1.0,11.0,9.0,67.0,29.0,18.0,17.0,29.0,15.0,0.0,0.0
lawsoka01w,8,0,SAC,34.0,6.0,749.0,277.0,11.0,54.0,65.0,56.0,20.0,4.0,43.0,37.0,242.0,96.0,39.0,36.0,123.0,49.0,0.0,9.0,9.0,289.0,110.0,14.0,17.0,31.0,14.0,9.0,1.0,12.0,14.0,87.0,39.0,14.0,11.0,48.0,21.0,0.0,0.0
lawsoka01w,9,0,SAC,34.0,0.0,774.0,375.0,24.0,56.0,80.0,67.0,29.0,8.0,49.0,49.0,340.0,128.0,88.0,74.0,133.0,45.0,0.0,3.0,0.0,75.0,37.0,1.0,6.0,7.0,9.0,3.0,2.0,2.0,5.0,26.0,13.0,7.0,6.0,13.0,5.0,0.0,0.0
lawsoka01w,10,0,SAC,32.0,32.0,829.0,391.0,16.0,66.0,82.0,67.0,28.0,2.0,48.0,41.0,343.0,139.0,58.0,53.0,139.0,60.0,0.0,3.0,3.0,81.0,29.0,1.0,14.0,15.0,13.0,2.0,0.0,7.0,5.0,23.0,11.0,5.0,4.0,8.0,3.0,0.0,0.0
lazicka01w,2,0,NYL,27.47,15.65,612.86,211.84,30.0,62.37,92.37,47.2,24.88,10.88,46.06,62.03,178.46,77.47,60.54,44.63,37.18,12.27,0.68,1.69,0.94,39.12,12.03,2.0,4.03,6.03,2.86,1.51,0.62,2.58,3.48,10.52,4.54,2.79,2.14,2.45,0.81,0.03,0.02
lehnish01w,10,0,ATL,28.09,16.51,621.77,243.43,31.76,73.59,105.35,52.2,25.52,12.22,47.11,63.24,204.69,87.19,69.31,52.68,47.79,16.38,0.56,2.5,1.31,55.1,20.23,2.49,6.44,8.93,4.32,1.95,1.01,4.04,5.19,17.52,7.26,5.39,4.28,4.31,1.42,0.02,0.05
lennobe01w,2,0,MIN,32.0,31.0,984.0,541.0,53.0,125.0,178.0,82.0,53.0,9.0,97.0,112.0,471.0,201.0,105.0,84.0,139.0,55.0,4.0,0.0,0.0,0.0,0.0,0.0,0.0,0.0,0.0,0.0,0.0,0.0,0.0,0.0,0.0,0.0,0.0,0.0,0.0,0.0,1.0
lennobe01w,3,2,MIA,11.0,7.0,241.0,121.0,13.0,41.0,54.0,16.0,10.0,4.0,25.0,29.0,110.0,41.0,20.0,19.0,52.0,20.0,0.0,0.0,0.0,0.0,0.0,0.0,0.0,0.0,0.0,0.0,0.0,0.0,0.0,0.0,0.0,0.0,0.0,0.0,0.0,0.0,0.0
lennobe01w,3,1,MIN,26.0,3.0,581.0,310.0,18.0,55.0,73.0,47.0,25.0,5.0,62.0,79.0,307.0,110.0,58.0,44.0,131.0,46.0,2.0,0.0,0.0,0.0,0.0,0.0,0.0,0.0,0.0,0.0,0.0,0.0,0.0,0.0,0.0,0.0,0.0,0.0,0.0,0.0,0.0
lennobe01w,4,0,CLE,5.0,1.0,138.0,31.0,2.0,14.0,16.0,16.0,5.0,0.0,20.0,23.0,48.0,10.0,10.0,6.0,23.0,5.0,1.0,0.0,0.0,0.0,0.0,0.0,0.0,0.0,0.0,0.0,0.0,0.0,0.0,0.0,0.0,0.0,0.0,0.0,0.0,0.0,0.0
lennobe01w,5,0,SEA,34.0,1.0,560.0,258.0,19.0,70.0,89.0,32.0,14.0,4.0,58.0,77.0,269.0,100.0,36.0,26.0,103.0,32.0,0.0,3.0,0.0,45.0,21.0,1.0,6.0,7.0,3.0,3.0,0.0,4.0,7.0,19.0,9.0,2.0,1.0,5.0,2.0,0.0,0.0
lennobe01w,6,0,SEA,32.0,32.0,920.0,358.0,28.0,131.0,159.0,79.0,34.0,3.0,77.0,89.0,330.0,139.0,68.0,58.0,83.0,22.0,0.0,8.0,8.0,251.0,117.0,4.0,25.0,29.0,21.0,8.0,1.0,23.0,21.0,97.0,44.0,24.0,21.0,18.0,8.0,0.0,1.0
lennobe01w,7,0,SEA,28.0,26.0,800.0,346.0,21.0,103.0,124.0,57.0,35.0,5.0,75.0,82.0,314.0,123.0,87.0,76.0,78.0,24.0,0.0,3.0,3.0,94.0,46.0,1.0,13.0,14.0,8.0,3.0,0.0,6.0,9.0,38.0,15.0,14.0,13.0,12.0,3.0,0.0,0.0
lennobe01w,8,0,SEA,34.0,34.0,891.0,465.0,34.0,103.0,137.0,73.0,36.0,5.0,98.0,92.0,423.0,191.0,71.0,54.0,90.0,29.0,2.0,3.0,3.0,90.0,35.0,2.0,15.0,17.0,15.0,5.0,0.0,8.0,4.0,44.0,13.0,7.0,4.0,19.0,5.0,0.0,0.0
lennobe01w,9,0,ATL,34.0,34.0,937.0,454.0,47.0,113.0,160.0,92.0,36.0,5.0,91.0,75.0,362.0,155.0,121.0,110.0,99.0,34.0,0.0,2.0,2.0,62.0,36.0,5.0,8.0,13.0,4.0,2.0,0.0,4.0,9.0,36.0,13.0,5.0,5.0,13.0,5.0,1.0,0.0
lennobe01w,10,0,LAS,34.0,33.0,1010.0,595.0,36.0,107.0,143.0,81.0,45.0,3.0,114.0,92.0,499.0,207.0,138.0,118.0,176.0,63.0,0.0,0.0,0.0,0.0,0.0,0.0,0.0,0.0,0.0,0.0,0.0,0.0,0.0,0.0,0.0,0.0,0.0,0.0,0.0,0.0,0.0
leslili01w,2,0,LAS,32.0,32.0,1028.0,570.0,75.0,231.0,306.0,60.0,31.0,74.0,103.0,134.0,430.0,197.0,205.0,169.0,32.0,7.0,7.0,4.0,4.0,139.0,75.0,10.0,31.0,41.0,8.0,1.0,5.0,13.0,14.0,57.0,28.0,23.0,19.0,3.0,0.0,0.0,0.0
leslili01w,3,0,LAS,31.0,31.0,1033.0,606.0,88.0,210.0,298.0,73.0,34.0,71.0,98.0,132.0,467.0,221.0,193.0,142.0,60.0,22.0,3.0,7.0,7.0,260.0,156.0,28.0,58.0,86.0,21.0,12.0,31.0,26.0,22.0,118.0,58.0,50.0,37.0,7.0,3.0,0.0,3.0
leslili01w,4,0,LAS,31.0,31.0,1060.0,523.0,78.0,244.0,322.0,83.0,46.0,90.0,108.0,123.0,406.0,189.0,183.0,133.0,37.0,12.0,7.0,6.0,6.0,232.0,116.0,10.0,37.0,47.0,11.0,11.0,17.0,8.0,22.0,86.0,46.0,26.0,19.0,8.0,5.0,0.0,2.0
leslili01w,5,0,LAS,23.0,23.0,792.0,424.0,76.0,155.0,231.0,46.0,31.0,63.0,65.0,93.0,373.0,165.0,133.0,82.0,37.0,12.0,3.0,9.0,9.0,327.0,187.0,22.0,58.0,80.0,23.0,12.0,28.0,24.0,39.0,137.0,74.0,54.0,38.0,3.0,1.0,1.0,0.0
leslili01w,6,0,LAS,34.0,34.0,1150.0,598.0,60.0,276.0,336.0,88.0,50.0,98.0,110.0,130.0,451.0,223.0,205.0,146.0,22.0,6.0,5.0,3.0,3.0,110.0,34.0,4.0,22.0,26.0,2.0,1.0,8.0,8.0,10.0,31.0,14.0,8.0,6.0,0.0,0.0,0.0,2.0
leslili01w,7,0,LAS,34.0,34.0,1096.0,517.0,70.0,178.0,248.0,87.0,67.0,71.0,100.0,122.0,464.0,204.0,174.0,102.0,34.0,7.0,2.0,2.0,2.0,67.0,18.0,4.0,9.0,13.0,7.0,5.0,3.0,2.0,8.0,14.0,5.0,13.0,8.0,0.0,0.0,0.0,0.0
leslili01w,9,0,LAS,34.0,34.0,1043.0,680.0,83.0,240.0,323.0,108.0,51.0,57.0,126.0,115.0,503.0,257.0,243.0,158.0,20.0,8.0,4.0,5.0,5.0,163.0,63.0,12.0,24.0,36.0,9.0,4.0,8.0,17.0,20.0,65.0,20.0,29.0,22.0,3.0,1.0,0.0,2.0
leslili01w,10,0,LAS,33.0,33.0,1059.0,497.0,84.0,209.0,293.0,80.0,49.0,97.0,119.0,117.0,406.0,188.0,177.0,117.0,17.0,4.0,2.0,6.0,6.0,192.0,83.0,12.0,41.0,53.0,13.0,7.0,17.0,26.0,29.0,64.0,33.0,24.0,15.0,4.0,2.0,2.0,1.0
leuchye01w,7,0,CHA,25.54,14.06,551.91,185.83,24.96,56.79,81.75,42.45,20.43,9.74,39.28,53.91,160.15,67.6,52.41,38.9,34.99,11.74,0.55,2.0,1.09,44.98,14.88,1.82,4.73,6.55,3.21,1.47,0.67,2.84,4.28,12.66,5.27,4.5,3.36,2.66,0.98,0.04,0.04
leuchye01w,8,0,WAS,4.0,0.0,38.0,12.0,2.0,3.0,5.0,3.0,0.0,1.0,1.0,5.0,10.0,5.0,4.0,2.0,0.0,0.0,0.0,0.0,0.0,0.0,0.0,0.0,0.0,0.0,0.0,0.0,0.0,0.0,0.0,0.0,0.0,0.0,0.0,0.0,0.0,0.0,0.0
levanni01w,2,0,LAS,27.47,15.65,612.86,211.84,30.0,62.37,92.37,47.2,24.88,10.88,46.06,62.03,178.46,77.47,60.54,44.63,37.18,12.27,0.68,1.69,0.94,39.12,12.03,2.0,4.03,6.03,2.86,1.51,0.62,2.58,3.48,10.52,4.54,2.79,2.14,2.45,0.81,0.03,0.02
lewista01w,3,0,SEA,25.23,13.75,548.8,181.49,26.81,57.19,84.0,40.49,21.88,9.7,39.26,50.48,160.77,66.49,49.2,36.53,35.69,11.98,0.41,1.74,1.06,41.03,13.2,1.91,4.14,6.05,3.08,1.38,0.95,2.43,3.52,11.93,4.9,3.33,2.48,2.82,0.93,0.02,0.05
lewisty01w,2,0,HOU,27.47,15.65,612.86,211.84,30.0,62.37,92.37,47.2,24.88,10.88,46.06,62.03,178.46,77.47,60.54,44.63,37.18,12.27,0.68,1.69,0.94,39.12,12.03,2.0,4.03,6.03,2.86,1.51,0.62,2.58,3.48,10.52,4.54,2.79,2.14,2.45,0.81,0.03,0.02
lewisty01w,3,0,HOU,29.0,4.0,419.0,97.0,21.0,41.0,62.0,15.0,11.0,4.0,26.0,26.0,92.0,39.0,17.0,11.0,20.0,8.0,0.0,2.0,0.0,6.0,0.0,0.0,0.0,0.0,2.0,0.0,0.0,0.0,1.0,1.0,0.0,0.0,0.0,0.0,0.0,0.0,0.0
lewisty01w,4,0,CHA,17.0,1.0,145.0,34.0,6.0,12.0,18.0,9.0,3.0,3.0,9.0,18.0,30.0,13.0,8.0,5.0,8.0,3.0,0.0,0.0,0.0,0.0,0.0,0.0,0.0,0.0,0.0,0.0,0.0,0.0,0.0,0.0,0.0,0.0,0.0,0.0,0.0,0.0,0.0
lewisty01w,5,0,CHA,23.0,0.0,234.0,70.0,11.0,22.0,33.0,20.0,10.0,6.0,16.0,18.0,62.0,26.0,12.0,11.0,13.0,7.0,0.0,2.0,0.0,29.0,14.0,2.0,1.0,3.0,4.0,0.0,1.0,0.0,2.0,8.0,4.0,6.0,5.0,1.0,1.0,0.0,0.0
lewisty01w,6,1,CHA,34.0,2.0,617.0,246.0,23.0,34.0,57.0,44.0,27.0,7.0,44.0,47.0,210.0,91.0,58.0,44.0,50.0,20.0,1.0,0.0,0.0,0.0,0.0,0.0,0.0,0.0,0.0,0.0,0.0,0.0,0.0,0.0,0.0,0.0,0.0,0.0,0.0,0.0,0.0
lewisty01w,6,2,MIN,10.0,1.0,166.0,47.0,10.0,10.0,20.0,13.0,3.0,3.0,11.0,7.0,61.0,19.0,16.0,8.0,12.0,1.0,0.0,0.0,0.0,0.0,0.0,0.0,0.0,0.0,0.0,0.0,0.0,0.0,0.0,0.0,0.0,0.0,0.0,0.0,0.0,0.0,0.0
lewisty01w,7,0,MIN,11.0,0.0,90.0,28.0,0.0,5.0,5.0,7.0,3.0,1.0,11.0,7.0,27.0,10.0,9.0,7.0,3.0,1.0,0.0,0.0,0.0,0.0,0.0,0.0,0.0,0.0,0.0,0.0,0.0,0.0,0.0,0.0,0.0,0.0,0.0,0.0,0.0,0.0,0.0
liebena01w,9,0,DET,26.3,13.75,549.16,209.96,28.39,66.05,94.44,44.4,21.72,10.61,42.77,53.46,179.59,76.48,55.67,42.66,40.99,14.34,0.44,2.46,1.36,56.15,22.09,2.92,7.19,10.11,4.72,1.89,1.15,3.64,5.21,19.28,8.05,5.13,3.95,5.4,2.05,0.05,0.07
littlca01w,8,0,SAS,27.63,15.03,590.39,224.03,29.59,68.73,98.32,47.71,23.73,9.81,43.11,57.02,190.87,81.15,62.0,47.06,43.3,14.66,0.41,2.11,1.27,47.78,17.62,2.66,5.57,8.24,3.76,1.55,0.91,3.1,4.73,15.76,6.45,4.92,3.58,3.32,1.13,0.03,0.1
littlca01w,9,1,ATL,34.0,7.0,711.0,132.0,57.0,95.0,152.0,23.0,30.0,11.0,40.0,70.0,131.0,54.0,40.0,21.0,11.0,3.0,0.0,5.0,0.0,87.0,18.0,4.0,7.0,11.0,4.0,2.0,6.0,4.0,10.0,14.0,6.0,12.0,6.0,0.0,0.0,0.0,0.0
littlca01w,9,2,SEA,13.0,2.0,221.0,62.0,18.0,22.0,40.0,9.0,10.0,7.0,18.0,34.0,50.0,21.0,27.0,16.0,10.0,4.0,0.0,0.0,0.0,0.0,0.0,0.0,0.0,0.0,0.0,0.0,0.0,0.0,0.0,0.0,0.0,0.0,0.0,0.0,0.0,0.0,0.0
littlca01w,10,0,SEA,19.0,13.0,442.0,185.0,29.0,54.0,83.0,27.0,18.0,6.0,42.0,52.0,141.0,75.0,45.0,30.0,15.0,5.0,2.0,3.0,3.0,105.0,35.0,4.0,6.0,10.0,1.0,3.0,0.0,10.0,9.0,27.0,9.0,18.0,15.0,4.0,2.0,0.0,0.0
lobore01w,2,0,NYL,27.47,15.65,612.86,211.84,30.0,62.37,92.37,47.2,24.88,10.88,46.06,62.03,178.46,77.47,60.54,44.63,37.18,12.27,0.68,1.69,0.94,39.12,12.03,2.0,4.03,6.03,2.86,1.51,0.62,2.58,3.48,10.52,4.54,2.79,2.14,2.45,0.81,0.03,0.02
lobore01w,3,0,HOU,16.0,0.0,85.0,17.0,2.0,12.0,14.0,1.0,2.0,0.0,7.0,16.0,22.0,7.0,4.0,2.0,2.0,1.0,0.0,0.0,0.0,0.0,0.0,0.0,0.0,0.0,0.0,0.0,0.0,0.0,0.0,0.0,0.0,0.0,0.0,0.0,0.0,0.0,0.0
lobore01w,4,0,CON,21.0,0.0,132.0,34.0,9.0,14.0,23.0,12.0,1.0,5.0,11.0,10.0,32.0,15.0,4.0,1.0,7.0,3.0,0.0,0.0,0.0,0.0,0.0,0.0,0.0,0.0,0.0,0.0,0.0,0.0,0.0,0.0,0.0,0.0,0.0,0.0,0.0,0.0,0.0
lovelst01w,2,0,SEA,23.0,1.0,324.0,99.0,19.0,38.0,57.0,16.0,13.0,2.0,35.0,42.0,103.0,36.0,31.0,25.0,9.0,2.0,0.0,0.0,0.0,0.0,0.0,0.0,0.0,0.0,0.0,0.0,0.0,0.0,0.0,0.0,0.0,0.0,0.0,0.0,0.0,0.0,0.0
lovelst01w,5,0,MIN,22.0,2.0,211.0,76.0,14.0,18.0,32.0,9.0,8.0,5.0,18.0,23.0,71.0,27.0,17.0,12.0,26.0,10.0,0.0,0.0,0.0,0.0,0.0,0.0,0.0,0.0,0.0,0.0,0.0,0.0,0.0,0.0,0.0,0.0,0.0,0.0,0.0,0.0,0.0
lovelst01w,6,0,MIN,34.0,0.0,388.0,121.0,25.0,41.0,66.0,20.0,18.0,9.0,45.0,47.0,122.0,49.0,24.0,20.0,17.0,3.0,0.0,2.0,0.0,17.0,6.0,1.0,2.0,3.0,1.0,0.0,1.0,1.0,0.0,4.0,2.0,4.0,2.0,1.0,0.0,0.0,0.0
lovelst01w,7,0,CHI,34.0,2.0,594.0,209.0,35.0,72.0,107.0,31.0,24.0,11.0,37.0,57.0,173.0,70.0,54.0,43.0,63.0,26.0,0.0,0.0,0.0,0.0,0.0,0.0,0.0,0.0,0.0,0.0,0.0,0.0,0.0,0.0,0.0,0.0,0.0,0.0,0.0,0.0,0.0
lovelst01w,8,0,WAS,34.0,6.0,623.0,253.0,48.0,88.0,136.0,22.0,19.0,20.0,53.0,69.0,229.0,95.0,56.0,44.0,63.0,19.0,0.0,0.0,0.0,0.0,0.0,0.0,0.0,0.0,0.0,0.0,0.0,0.0,0.0,0.0,0.0,0.0,0.0,0.0,0.0,0.0,0.0
lovelst01w,9,1,ATL,9.0,0.0,105.0,24.0,6.0,7.0,13.0,2.0,4.0,0.0,7.0,13.0,21.0,9.0,8.0,4.0,7.0,2.0,0.0,0.0,0.0,0.0,0.0,0.0,0.0,0.0,0.0,0.0,0.0,0.0,0.0,0.0,0.0,0.0,0.0,0.0,0.0,0.0,0.0
lovelst01w,9,2,DET,15.0,7.0,258.0,91.0,20.0,34.0,54.0,15.0,17.0,10.0,18.0,34.0,89.0,36.0,13.0,9.0,24.0,10.0,2.0,0.0,0.0,0.0,0.0,0.0,0.0,0.0,0.0,0.0,0.0,0.0,0.0,0.0,0.0,0.0,0.0,0.0,0.0,0.0,0.0
luckepa01w,2,0,PHO,27.47,15.65,612.86,211.84,30.0,62.37,92.37,47.2,24.88,10.88,46.06,62.03,178.46,77.47,60.54,44.63,37.18,12.27,0.68,1.69,0.94,39.12,12.03,2.0,4.03,6.03,2.86,1.51,0.62,2.58,3.48,10.52,4.54,2.79,2.14,2.45,0.81,0.03,0.02
luzhe01w,2,0,WAS,27.47,15.65,612.86,211.84,30.0,62.37,92.37,47.2,24.88,10.88,46.06,62.03,178.46,77.47,60.54,44.63,37.18,12.27,0.68,1.69,0.94,39.12,12.03,2.0,4.03,6.03,2.86,1.51,0.62,2.58,3.48,10.52,4.54,2.79,2.14,2.45,0.81,0.03,0.02
luzhe01w,3,0,WAS,32.0,3.0,489.0,164.0,10.0,27.0,37.0,55.0,28.0,5.0,43.0,47.0,136.0,55.0,25.0,22.0,82.0,32.0,0.0,0.0,0.0,0.0,0.0,0.0,0.0,0.0,0.0,0.0,0.0,0.0,0.0,0.0,0.0,0.0,0.0,0.0,0.0,0.0,0.0
luzhe01w,4,0,WAS,32.0,0.0,474.0,187.0,9.0,23.0,32.0,48.0,18.0,5.0,43.0,40.0,148.0,65.0,19.0,15.0,106.0,42.0,0.0,4.0,0.0,46.0,18.0,0.0,3.0,3.0,8.0,2.0,0.0,3.0,2.0,12.0,7.0,0.0,0.0,8.0,4.0,0.0,0.0
lyttlsa01w,6,0,HOU,26.65,15.15,595.55,202.63,28.15,62.64,90.79,45.87,22.75,11.35,41.56,56.01,175.03,74.17,56.05,41.7,35.87,12.58,0.49,2.27,1.3,51.9,17.12,2.49,5.36,7.85,3.75,2.1,1.04,3.58,4.45,15.18,6.27,4.4,3.37,3.32,1.21,0.01,0.04
lyttlsa01w,7,0,HOU,33.0,0.0,460.0,140.0,35.0,90.0,125.0,17.0,20.0,3.0,23.0,45.0,101.0,59.0,40.0,22.0,0.0,0.0,0.0,5.0,0.0,34.0,10.0,2.0,10.0,12.0,0.0,2.0,0.0,0.0,5.0,5.0,3.0,6.0,4.0,0.0,0.0,0.0,0.0
lyttlsa01w,8,0,HOU,29.0,2.0,380.0,106.0,40.0,74.0,114.0,8.0,25.0,4.0,18.0,61.0,87.0,40.0,42.0,26.0,0.0,0.0,0.0,2.0,0.0,31.0,11.0,0.0,10.0,10.0,0.0,1.0,0.0,2.0,4.0,5.0,4.0,4.0,3.0,0.0,0.0,0.0,0.0
lyttlsa01w,9,0,HOU,31.0,25.0,506.0,183.0,66.0,98.0,164.0,30.0,37.0,20.0,40.0,62.0,156.0,77.0,51.0,29.0,0.0,0.0,0.0,0.0,0.0,0.0,0.0,0.0,0.0,0.0,0.0,0.0,0.0,0.0,0.0,0.0,0.0,0.0,0.0,0.0,0.0,0.0,0.0
lyttlsa01w,10,0,ATL,27.0,9.0,489.0,222.0,49.0,119.0,168.0,24.0,40.0,27.0,30.0,64.0,158.0,92.0,51.0,38.0,0.0,0.0,2.0,0.0,0.0,0.0,0.0,0.0,0.0,0.0,0.0,0.0,0.0,0.0,0.0,0.0,0.0,0.0,0.0,0.0,0.0,0.0,0.0
mabikmw01w,2,0,LAS,32.0,32.0,940.0,394.0,45.0,134.0,179.0,98.0,58.0,18.0,51.0,117.0,335.0,130.0,89.0,73.0,159.0,61.0,2.0,4.0,4.0,136.0,70.0,6.0,15.0,21.0,4.0,6.0,4.0,5.0,14.0,46.0,25.0,4.0,3.0,32.0,17.0,0.0,0.0
mabikmw01w,3,0,LAS,28.0,24.0,828.0,313.0,22.0,108.0,130.0,87.0,39.0,11.0,44.0,74.0,256.0,99.0,79.0,68.0,123.0,47.0,0.0,7.0,7.0,231.0,63.0,6.0,40.0,46.0,17.0,7.0,6.0,10.0,21.0,66.0,21.0,14.0,11.0,40.0,10.0,0.0,0.0
mabikmw01w,4,0,LAS,32.0,32.0,1050.0,539.0,32.0,135.0,167.0,92.0,38.0,9.0,62.0,90.0,444.0,188.0,118.0,99.0,175.0,64.0,1.0,6.0,6.0,212.0,88.0,11.0,30.0,41.0,25.0,8.0,1.0,10.0,19.0,82.0,31.0,26.0,18.0,25.0,8.0,0.0,0.0
mabikmw01w,5,0,LAS,32.0,30.0,1042.0,441.0,34.0,107.0,141.0,82.0,30.0,18.0,74.0,105.0,388.0,158.0,112.0,97.0,106.0,28.0,3.0,9.0,9.0,344.0,129.0,10.0,40.0,50.0,21.0,14.0,2.0,20.0,29.0,121.0,53.0,13.0,11.0,34.0,12.0,0.0,0.0
mabikmw01w,6,0,LAS,31.0,31.0,965.0,445.0,39.0,83.0,122.0,75.0,36.0,3.0,48.0,88.0,383.0,159.0,108.0,89.0,94.0,38.0,0.0,3.0,3.0,107.0,56.0,3.0,5.0,8.0,10.0,7.0,0.0,6.0,10.0,46.0,17.0,16.0,15.0,20.0,7.0,0.0,0.0
mabikmw01w,7,0,LAS,17.0,14.0,367.0,99.0,8.0,19.0,27.0,29.0,15.0,0.0,14.0,43.0,122.0,39.0,20.0,10.0,49.0,11.0,0.0,1.0,1.0,11.0,2.0,0.0,0.0,0.0,0.0,0.0,0.0,2.0,0.0,4.0,1.0,0.0,0.0,2.0,0.0,0.0,0.0
mabikmw01w,8,0,LAS,32.0,32.0,679.0,272.0,17.0,47.0,64.0,48.0,19.0,6.0,37.0,77.0,244.0,92.0,63.0,56.0,96.0,32.0,0.0,5.0,4.0,140.0,77.0,7.0,13.0,20.0,10.0,7.0,0.0,8.0,21.0,67.0,26.0,17.0,12.0,30.0,13.0,1.0,0.0
mabikmw01w,9,0,HOU,33.0,23.0,762.0,267.0,16.0,110.0,126.0,72.0,28.0,4.0,73.0,90.0,258.0,94.0,57.0,43.0,116.0,36.0,1.0,0.0,0.0,0.0,0.0,0.0,0.0,0.0,0.0,0.0,0.0,0.0,0.0,0.0,0.0,0.0,0.0,0.0,0.0,0.0,0.0
macchla01w,5,0,LAS,28.7,17.01,651.85,232.97,33.24,71.39,104.63,51.13,24.66,12.93,46.39,61.6,201.87,85.06,63.94,47.89,44.05,14.97,0.58,2.22,1.39,53.69,18.96,2.43,6.16,8.59,4.55,1.83,1.16,3.5,5.1,16.68,6.86,5.2,4.12,3.5,1.13,0.02,0.06
macchla01w,6,0,LAS,25.0,15.0,410.0,152.0,23.0,38.0,61.0,14.0,21.0,6.0,29.0,56.0,106.0,52.0,55.0,41.0,26.0,7.0,0.0,1.0,0.0,15.0,2.0,1.0,3.0,4.0,1.0,1.0,0.0,3.0,4.0,6.0,1.0,0.0,0.0,1.0,0.0,0.0,0.0
machacl01w,2,0,CHA,31.0,1.0,421.0,110.0,20.0,52.0,72.0,18.0,13.0,4.0,19.0,66.0,83.0,48.0,25.0,14.0,1.0,0.0,1.0,4.0,0.0,47.0,12.0,6.0,5.0,11.0,0.0,1.0,1.0,1.0,6.0,8.0,4.0,6.0,4.0,0.0,0.0,0.0,0.0
machacl01w,3,0,ORL,30.0,8.0,580.0,163.0,34.0,87.0,121.0,17.0,16.0,16.0,41.0,95.0,126.0,63.0,57.0,37.0,0.0,0.0,2.0,8.0,0.0,132.0,38.0,7.0,12.0,19.0,2.0,3.0,3.0,6.0,11.0,32.0,17.0,6.0,4.0,0.0,0.0,0.0,0.0
mahonme01w,7,0,CON,25.54,14.06,551.91,185.83,24.96,56.79,81.75,42.45,20.43,9.74,39.28,53.91,160.15,67.6,52.41,38.9,34.99,11.74,0.55,2.0,1.09,44.98,14.88,1.82,4.73,6.55,3.21,1.47,0.67,2.84,4.28,12.66,5.27,4.5,3.36,2.66,0.98,0.04,0.04
mahonme01w,8,0,CON,31.0,1.0,351.0,76.0,15.0,51.0,66.0,24.0,7.0,1.0,25.0,38.0,85.0,26.0,19.0,17.0,29.0,7.0,0.0,4.0,0.0,13.0,0.0,0.0,2.0,2.0,0.0,0.0,0.0,2.0,2.0,4.0,0.0,0.0,0.0,3.0,0.0,0.0,0.0
mahonsh01w,3,0,PHO,15.0,3.0,158.0,27.0,10.0,20.0,30.0,4.0,2.0,1.0,5.0,14.0,38.0,11.0,8.0,4.0,5.0,1.0,0.0,0.0,0.0,0.0,0.0,0.0,0.0,0.0,0.0,0.0,0.0,0.0,0.0,0.0,0.0,0.0,0.0,0.0,0.0,0.0,0.0
maigaha01w,3,0,SAC,25.23,13.75,548.8,181.49,26.81,57.19,84.0,40.49,21.88,9.7,39.26,50.48,160.77,66.49,49.2,36.53,35.69,11.98,0.41,1.74,1.06,41.03,13.2,1.91,4.14,6.05,3.08,1.38,0.95,2.43,3.52,11.93,4.9,3.33,2.48,2.82,0.93,0.02,0.05
maigaha01w,4,0,SAC,23.0,3.0,197.0,40.0,18.0,19.0,37.0,9.0,15.0,3.0,23.0,37.0,53.0,13.0,30.0,14.0,0.0,0.0,0.0,0.0,0.0,0.0,0.0,0.0,0.0,0.0,0.0,0.0,0.0,0.0,0.0,0.0,0.0,0.0,0.0,0.0,0.0,0.0,0.0
maigaha01w,5,0,SAC,22.0,0.0,190.0,42.0,13.0,24.0,37.0,14.0,18.0,2.0,14.0,27.0,52.0,17.0,20.0,8.0,0.0,0.0,0.0,4.0,0.0,15.0,2.0,1.0,2.0,3.0,2.0,0.0,0.0,5.0,4.0,3.0,1.0,0.0,0.0,0.0,0.0,0.0,0.0
maigaha01w,6,0,SAC,34.0,0.0,480.0,140.0,35.0,36.0,71.0,25.0,29.0,6.0,49.0,63.0,132.0,62.0,29.0,16.0,0.0,0.0,0.0,6.0,0.0,68.0,5.0,3.0,3.0,6.0,4.0,7.0,0.0,7.0,11.0,13.0,2.0,4.0,1.0,1.0,0.0,0.0,0.0
maigaha01w,7,0,SAC,34.0,0.0,408.0,129.0,31.0,36.0,67.0,30.0,24.0,6.0,42.0,69.0,131.0,59.0,35.0,11.0,0.0,0.0,0.0,8.0,0.0,82.0,30.0,5.0,8.0,13.0,4.0,5.0,3.0,8.0,16.0,26.0,13.0,6.0,4.0,0.0,0.0,1.0,0.0
maigaha01w,8,0,HOU,34.0,7.0,537.0,177.0,35.0,38.0,73.0,30.0,32.0,9.0,45.0,80.0,158.0,75.0,48.0,27.0,1.0,0.0,1.0,9.0,0.0,118.0,36.0,8.0,7.0,15.0,12.0,6.0,1.0,10.0,23.0,42.0,16.0,5.0,4.0,0.0,0.0,0.0,0.0
maigaha01w,9,0,HOU,34.0,34.0,1008.0,310.0,39.0,98.0,137.0,77.0,57.0,3.0,70.0,113.0,269.0,122.0,78.0,65.0,5.0,1.0,1.0,0.0,0.0,0.0,0.0,0.0,0.0,0.0,0.0,0.0,0.0,0.0,0.0,0.0,0.0,0.0,0.0,0.0,0.0,0.0,0.0
maigaha01w,10,0,SAC,26.0,22.0,590.0,202.0,30.0,55.0,85.0,39.0,33.0,8.0,57.0,64.0,177.0,87.0,39.0,27.0,2.0,1.0,0.0,0.0,0.0,0.0,0.0,0.0,0.0,0.0,0.0,0.0,0.0,0.0,0.0,0.0,0.0,0.0,0.0,0.0,0.0,0.0,0.0
malcona01w,2,0,IND,27.47,15.65,612.86,211.84,30.0,62.37,92.37,47.2,24.88,10.88,46.06,62.03,178.46,77.47,60.54,44.63,37.18,12.27,0.68,1.69,0.94,39.12,12.03,2.0,4.03,6.03,2.86,1.51,0.62,2.58,3.48,10.52,4.54,2.79,2.14,2.45,0.81,0.03,0.02
malcona01w,3,0,IND,31.0,23.0,705.0,257.0,31.0,60.0,91.0,26.0,13.0,3.0,48.0,75.0,212.0,90.0,62.0,54.0,56.0,23.0,2.0,0.0,0.0,0.0,0.0,0.0,0.0,0.0,0.0,0.0,0.0,0.0,0.0,0.0,0.0,0.0,0.0,0.0,0.0,0.0,0.0
malloso01w,4,0,PHO,26.12,15.6,604.13,208.08,28.55,61.69,90.24,47.04,23.71,11.16,42.62,55.83,178.36,75.29,57.52,43.31,41.07,14.19,0.53,1.78,1.11,44.72,16.41,2.01,4.64,6.66,3.96,1.6,0.72,2.72,3.83,13.91,6.03,4.09,3.11,3.47,1.23,0.02,0.05
maltsev01w,8,0,CON,27.63,15.03,590.39,224.03,29.59,68.73,98.32,47.71,23.73,9.81,43.11,57.02,190.87,81.15,62.0,47.06,43.3,14.66,0.41,2.11,1.27,47.78,17.62,2.66,5.57,8.24,3.76,1.55,0.91,3.1,4.73,15.76,6.45,4.92,3.58,3.32,1.13,0.03,0.1
mannkr01w,6,0,MIN,26.65,15.15,595.55,202.63,28.15,62.64,90.79,45.87,22.75,11.35,41.56,56.01,175.03,74.17,56.05,41.7,35.87,12.58,0.49,2.27,1.3,51.9,17.12,2.49,5.36,7.85,3.75,2.1,1.04,3.58,4.45,15.18,6.27,4.4,3.37,3.32,1.21,0.01,0.04
mannkr01w,7,0,MIN,24.0,0.0,185.0,71.0,11.0,24.0,35.0,11.0,8.0,1.0,7.0,16.0,60.0,30.0,16.0,11.0,9.0,0.0,0.0,0.0,0.0,0.0,0.0,0.0,0.0,0.0,0.0,0.0,0.0,0.0,0.0,0.0,0.0,0.0,0.0,0.0,0.0,0.0,0.0
mannkr01w,8,0,MIN,33.0,33.0,894.0,245.0,23.0,90.0,113.0,94.0,19.0,7.0,50.0,71.0,238.0,92.0,34.0,25.0,96.0,36.0,0.0,0.0,0.0,0.0,0.0,0.0,0.0,0.0,0.0,0.0,0.0,0.0,0.0,0.0,0.0,0.0,0.0,0.0,0.0,0.0,0.0
mannkr01w,9,1,ATL,34.0,17.0,882.0,258.0,39.0,83.0,122.0,43.0,31.0,7.0,27.0,81.0,256.0,96.0,37.0,29.0,106.0,37.0,1.0,0.0,0.0,0.0,0.0,0.0,0.0,0.0,0.0,0.0,0.0,0.0,0.0,0.0,0.0,0.0,0.0,0.0,0.0,0.0,0.0
mannkr01w,9,2,IND,13.0,8.0,223.0,45.0,9.0,10.0,19.0,14.0,8.0,4.0,14.0,23.0,44.0,18.0,5.0,5.0,8.0,4.0,0.0,0.0,0.0,0.0,0.0,0.0,0.0,0.0,0.0,0.0,0.0,0.0,0.0,0.0,0.0,0.0,0.0,0.0,0.0,0.0,0.0
mannkr01w,10,0,WAS,5.0,0.0,31.0,2.0,1.0,3.0,4.0,1.0,1.0,1.0,1.0,0.0,4.0,1.0,0.0,0.0,1.0,0.0,0.0,3.0,0.0,30.0,10.0,1.0,0.0,1.0,1.0,1.0,0.0,4.0,4.0,9.0,4.0,0.0,0.0,6.0,2.0,0.0,0.0
mapprh01w,2,0,LAS,30.0,30.0,856.0,357.0,60.0,145.0,205.0,64.0,30.0,24.0,59.0,112.0,300.0,138.0,88.0,73.0,22.0,8.0,3.0,0.0,0.0,0.0,0.0,0.0,0.0,0.0,0.0,0.0,0.0,0.0,0.0,0.0,0.0,0.0,0.0,0.0,0.0,0.0,0.0
mapprh01w,4,0,LAS,30.0,0.0,395.0,126.0,34.0,45.0,79.0,14.0,16.0,6.0,25.0,60.0,123.0,51.0,32.0,24.0,3.0,0.0,0.0,5.0,0.0,27.0,6.0,1.0,6.0,7.0,3.0,0.0,0.0,2.0,5.0,9.0,3.0,0.0,0.0,0.0,0.0,0.0,0.0
marcimi01w,2,0,SEA,32.0,0.0,537.0,177.0,11.0,48.0,59.0,73.0,37.0,6.0,67.0,79.0,154.0,58.0,75.0,43.0,54.0,18.0,2.0,0.0,0.0,0.0,0.0,0.0,0.0,0.0,0.0,0.0,0.0,0.0,0.0,0.0,0.0,0.0,0.0,0.0,0.0,0.0,0.0
marcimi01w,3,0,SEA,27.0,5.0,392.0,132.0,17.0,21.0,38.0,47.0,30.0,2.0,30.0,49.0,139.0,51.0,37.0,20.0,33.0,10.0,0.0,0.0,0.0,0.0,0.0,0.0,0.0,0.0,0.0,0.0,0.0,0.0,0.0,0.0,0.0,0.0,0.0,0.0,0.0,0.0,0.0
martima01w,2,0,MIN,30.0,13.0,456.0,132.0,25.0,42.0,67.0,21.0,17.0,13.0,29.0,81.0,118.0,54.0,32.0,19.0,19.0,5.0,1.0,0.0,0.0,0.0,0.0,0.0,0.0,0.0,0.0,0.0,0.0,0.0,0.0,0.0,0.0,0.0,0.0,0.0,0.0,0.0,0.0
martinu01w,6,0,MIN,26.65,15.15,595.55,202.63,28.15,62.64,90.79,45.87,22.75,11.35,41.56,56.01,175.03,74.17,56.05,41.7,35.87,12.58,0.49,2.27,1.3,51.9,17.12,2.49,5.36,7.85,3.75,2.1,1.04,3.58,4.45,15.18,6.27,4.4,3.37,3.32,1.21,0.01,0.04
mascira01w,5,0,LAS,28.7,17.01,651.85,232.97,33.24,71.39,104.63,51.13,24.66,12.93,46.39,61.6,201.87,85.06,63.94,47.89,44.05,14.97,0.58,2.22,1.39,53.69,18.96,2.43,6.16,8.59,4.55,1.83,1.16,3.5,5.1,16.68,6.86,5.2,4.12,3.5,1.13,0.02,0.06
mascira01w,6,0,LAS,17.0,0.0,116.0,28.0,1.0,4.0,5.0,8.0,1.0,0.0,5.0,23.0,25.0,10.0,10.0,4.0,11.0,4.0,0.0,1.0,0.0,2.0,0.0,0.0,0.0,0.0,0.0,0.0,0.0,0.0,1.0,0.0,0.0,0.0,0.0,0.0,0.0,0.0,0.0
mascira01w,9,0,LAS,33.0,1.0,463.0,122.0,20.0,27.0,47.0,23.0,15.0,1.0,21.0,51.0,104.0,44.0,20.0,15.0,46.0,19.0,0.0,2.0,1.0,47.0,24.0,2.0,1.0,3.0,4.0,1.0,0.0,1.0,6.0,17.0,8.0,4.0,4.0,10.0,4.0,0.0,0.0
matteca01w,6,0,CHA,26.65,15.15,595.55,202.63,28.15,62.64,90.79,45.87,22.75,11.35,41.56,56.01,175.03,74.17,56.05,41.7,35.87,12.58,0.49,2.27,1.3,51.9,17.12,2.49,5.36,7.85,3.75,2.1,1.04,3.58,4.45,15.18,6.27,4.4,3.37,3.32,1.21,0.01,0.04
maxwemo01w,2,0,IND,32.0,32.0,1029.0,332.0,40.0,120.0,160.0,63.0,49.0,16.0,64.0,92.0,285.0,110.0,58.0,50.0,156.0,62.0,0.0,0.0,0.0,0.0,0.0,0.0,0.0,0.0,0.0,0.0,0.0,0.0,0.0,0.0,0.0,0.0,0.0,0.0,0.0,0.0,0.0
maxwemo01w,3,0,IND,15.0,3.0,238.0,47.0,12.0,26.0,38.0,14.0,5.0,3.0,22.0,19.0,53.0,16.0,12.0,8.0,31.0,7.0,0.0,0.0,0.0,0.0,0.0,0.0,0.0,0.0,0.0,0.0,0.0,0.0,0.0,0.0,0.0,0.0,0.0,0.0,0.0,0.0,0.0
mazzake01w,5,0,CHA,28.7,17.01,651.85,232.97,33.24,71.39,104.63,51.13,24.66,12.93,46.39,61.6,201.87,85.06,63.94,47.89,44.05,14.97,0.58,2.22,1.39,53.69,18.96,2.43,6.16,8.59,4.55,1.83,1.16,3.5,5.1,16.68,6.86,5.2,4.12,3.5,1.13,0.02,0.06
mazzake01w,6,0,CHA,34.0,0.0,339.0,79.0,9.0,24.0,33.0,9.0,7.0,2.0,20.0,22.0,92.0,31.0,6.0,4.0,52.0,13.0,0.0,0.0,0.0,0.0,0.0,0.0,0.0,0.0,0.0,0.0,0.0,0.0,0.0,0.0,0.0,0.0,0.0,0.0,0.0,0.0,0.0
mazzake01w,7,0,CHA,27.0,2.0,226.0,64.0,14.0,17.0,31.0,7.0,9.0,0.0,7.0,9.0,72.0,21.0,10.0,8.0,46.0,14.0,0.0,0.0,0.0,0.0,0.0,0.0,0.0,0.0,0.0,0.0,0.0,0.0,0.0,0.0,0.0,0.0,0.0,0.0,0.0,0.0,0.0
mazzake01w,8,0,PHO,34.0,0.0,725.0,302.0,23.0,76.0,99.0,64.0,47.0,6.0,48.0,37.0,277.0,105.0,33.0,28.0,167.0,64.0,0.0,0.0,0.0,0.0,0.0,0.0,0.0,0.0,0.0,0.0,0.0,0.0,0.0,0.0,0.0,0.0,0.0,0.0,0.0,0.0,0.0
mazzake01w,9,0,PHO,34.0,3.0,488.0,182.0,11.0,45.0,56.0,38.0,26.0,2.0,20.0,28.0,165.0,64.0,15.0,15.0,114.0,39.0,0.0,9.0,0.0,131.0,58.0,7.0,11.0,18.0,6.0,4.0,0.0,1.0,9.0,45.0,19.0,2.0,2.0,42.0,18.0,0.0,0.0
mazzake01w,10,0,PHO,34.0,2.0,641.0,197.0,15.0,51.0,66.0,38.0,24.0,2.0,18.0,44.0,205.0,68.0,6.0,5.0,169.0,56.0,0.0,0.0,0.0,0.0,0.0,0.0,0.0,0.0,0.0,0.0,0.0,0.0,0.0,0.0,0.0,0.0,0.0,0.0,0.0,0.0,0.0
mccaibr01w,3,0,CLE,25.23,13.75,548.8,181.49,26.81,57.19,84.0,40.49,21.88,9.7,39.26,50.48,160.77,66.49,49.2,36.53,35.69,11.98,0.41,1.74,1.06,41.03,13.2,1.91,4.14,6.05,3.08,1.38,0.95,2.43,3.52,11.93,4.9,3.33,2.48,2.82,0.93,0.02,0.05
mccaiti01w,2,0,ORL,25.0,0.0,214.0,51.0,2.0,9.0,11.0,5.0,3.0,1.0,9.0,18.0,49.0,15.0,18.0,16.0,22.0,5.0,0.0,2.0,0.0,11.0,6.0,0.0,1.0,1.0,1.0,0.0,0.0,1.0,4.0,3.0,2.0,0.0,0.0,3.0,2.0,0.0,0.0
mccaiti01w,3,0,ORL,32.0,9.0,442.0,97.0,7.0,31.0,38.0,36.0,10.0,8.0,34.0,52.0,109.0,35.0,9.0,6.0,67.0,21.0,0.0,0.0,0.0,0.0,0.0,0.0,0.0,0.0,0.0,0.0,0.0,0.0,0.0,0.0,0.0,0.0,0.0,0.0,0.0,0.0,0.0
mccanra01w,10,0,MIN,28.09,16.51,621.77,243.43,31.76,73.59,105.35,52.2,25.52,12.22,47.11,63.24,204.69,87.19,69.31,52.68,47.79,16.38,0.56,2.5,1.31,55.1,20.23,2.49,6.44,8.93,4.32,1.95,1.01,4.04,5.19,17.52,7.26,5.39,4.28,4.31,1.42,0.02,0.05
mccarja01w,6,0,CHA,26.65,15.15,595.55,202.63,28.15,62.64,90.79,45.87,22.75,11.35,41.56,56.01,175.03,74.17,56.05,41.7,35.87,12.58,0.49,2.27,1.3,51.9,17.12,2.49,5.36,7.85,3.75,2.1,1.04,3.58,4.45,15.18,6.27,4.4,3.37,3.32,1.21,0.01,0.04
mccarja01w,7,0,CHA,28.0,3.0,311.0,50.0,32.0,44.0,76.0,11.0,12.0,7.0,22.0,39.0,50.0,17.0,25.0,16.0,0.0,0.0,0.0,0.0,0.0,0.0,0.0,0.0,0.0,0.0,0.0,0.0,0.0,0.0,0.0,0.0,0.0,0.0,0.0,0.0,0.0,0.0,0.0
mccarja01w,8,0,NYL,30.0,3.0,421.0,136.0,40.0,65.0,105.0,25.0,17.0,20.0,28.0,51.0,118.0,54.0,44.0,28.0,0.0,0.0,1.0,0.0,0.0,0.0,0.0,0.0,0.0,0.0,0.0,0.0,0.0,0.0,0.0,0.0,0.0,0.0,0.0,0.0,0.0,0.0,0.0
mccarja01w,9,0,NYL,32.0,21.0,677.0,332.0,45.0,107.0,152.0,36.0,39.0,20.0,79.0,72.0,249.0,136.0,72.0,60.0,1.0,0.0,1.0,3.0,3.0,98.0,42.0,3.0,14.0,17.0,10.0,8.0,4.0,9.0,13.0,41.0,17.0,14.0,8.0,0.0,0.0,0.0,1.0
mccarja01w,10,0,NYL,31.0,31.0,816.0,425.0,52.0,116.0,168.0,66.0,45.0,26.0,67.0,78.0,314.0,168.0,115.0,89.0,8.0,0.0,1.0,6.0,6.0,165.0,83.0,6.0,25.0,31.0,8.0,6.0,9.0,19.0,22.0,71.0,35.0,23.0,13.0,2.0,0.0,0.0,0.0
mccarst01w,2,0,IND,32.0,12.0,635.0,230.0,14.0,46.0,60.0,57.0,31.0,6.0,47.0,49.0,166.0,66.0,86.0,71.0,70.0,27.0,0.0,0.0,0.0,0.0,0.0,0.0,0.0,0.0,0.0,0.0,0.0,0.0,0.0,0.0,0.0,0.0,0.0,0.0,0.0,0.0,0.0
mccarst01w,4,0,IND,30.0,0.0,504.0,169.0,13.0,42.0,55.0,58.0,26.0,14.0,38.0,50.0,137.0,52.0,55.0,42.0,57.0,23.0,0.0,0.0,0.0,0.0,0.0,0.0,0.0,0.0,0.0,0.0,0.0,0.0,0.0,0.0,0.0,0.0,0.0,0.0,0.0,0.0,0.0
mccarst01w,5,0,IND,28.0,10.0,577.0,194.0,14.0,27.0,41.0,58.0,34.0,6.0,37.0,60.0,173.0,60.0,48.0,45.0,84.0,29.0,0.0,0.0,0.0,0.0,0.0,0.0,0.0,0.0,0.0,0.0,0.0,0.0,0.0,0.0,0.0,0.0,0.0,0.0,0.0,0.0,0.0
mccouan01w,10,0,ATL,28.09,16.51,621.77,243.43,31.76,73.59,105.35,52.2,25.52,12.22,47.11,63.24,204.69,87.19,69.31,52.68,47.79,16.38,0.56,2.5,1.31,55.1,20.23,2.49,6.44,8.93,4.32,1.95,1.01,4.04,5.19,17.52,7.26,5.39,4.28,4.31,1.42,0.02,0.05
mccrani01w,2,0,WAS,32.0,32.0,1046.0,497.0,22.0,34.0,56.0,85.0,45.0,5.0,89.0,79.0,385.0,167.0,147.0,113.0,151.0,50.0,0.0,2.0,2.0,70.0,15.0,2.0,4.0,6.0,13.0,1.0,0.0,10.0,6.0,16.0,7.0,0.0,0.0,7.0,1.0,0.0,0.0
mccrani01w,3,0,IND,32.0,32.0,828.0,351.0,22.0,34.0,56.0,47.0,26.0,0.0,73.0,68.0,290.0,119.0,128.0,91.0,95.0,22.0,1.0,0.0,0.0,0.0,0.0,0.0,0.0,0.0,0.0,0.0,0.0,0.0,0.0,0.0,0.0,0.0,0.0,0.0,0.0,0.0,0.0
mccrani01w,4,0,IND,32.0,32.0,1058.0,369.0,29.0,68.0,97.0,70.0,28.0,3.0,82.0,73.0,318.0,132.0,103.0,84.0,66.0,21.0,2.0,3.0,3.0,99.0,24.0,1.0,3.0,4.0,11.0,1.0,0.0,5.0,4.0,27.0,10.0,5.0,3.0,6.0,1.0,0.0,0.0
mccrani01w,5,0,PHO,34.0,32.0,734.0,131.0,18.0,33.0,51.0,49.0,37.0,2.0,44.0,67.0,138.0,52.0,24.0,20.0,32.0,7.0,1.0,0.0,0.0,0.0,0.0,0.0,0.0,0.0,0.0,0.0,0.0,0.0,0.0,0.0,0.0,0.0,0.0,0.0,0.0,0.0,0.0
mccrani01w,6,0,SAS,27.0,9.0,371.0,69.0,10.0,19.0,29.0,13.0,7.0,0.0,18.0,35.0,67.0,30.0,7.0,4.0,11.0,5.0,0.0,0.0,0.0,0.0,0.0,0.0,0.0,0.0,0.0,0.0,0.0,0.0,0.0,0.0,0.0,0.0,0.0,0.0,0.0,0.0,0.0
mccrani01w,7,0,CHI,23.0,5.0,302.0,38.0,7.0,13.0,20.0,16.0,11.0,0.0,18.0,26.0,62.0,15.0,11.0,7.0,20.0,1.0,0.0,0.0,0.0,0.0,0.0,0.0,0.0,0.0,0.0,0.0,0.0,0.0,0.0,0.0,0.0,0.0,0.0,0.0,0.0,0.0,0.0
mccrini01w,2,0,LAS,32.0,0.0,488.0,101.0,9.0,23.0,32.0,65.0,29.0,8.0,48.0,41.0,77.0,39.0,14.0,7.0,33.0,16.0,0.0,4.0,0.0,49.0,10.0,3.0,4.0,7.0,10.0,1.0,0.0,5.0,2.0,12.0,3.0,4.0,3.0,4.0,1.0,0.0,0.0
mccrini01w,3,0,LAS,28.0,0.0,350.0,64.0,3.0,9.0,12.0,63.0,21.0,0.0,22.0,19.0,63.0,28.0,7.0,3.0,12.0,5.0,0.0,7.0,0.0,41.0,5.0,0.0,4.0,4.0,6.0,5.0,0.0,4.0,5.0,2.0,1.0,4.0,2.0,1.0,1.0,0.0,0.0
mccrini01w,4,0,LAS,32.0,0.0,356.0,51.0,9.0,14.0,23.0,53.0,22.0,3.0,24.0,22.0,49.0,20.0,11.0,7.0,15.0,4.0,0.0,5.0,0.0,22.0,8.0,0.0,1.0,1.0,2.0,2.0,0.0,1.0,2.0,7.0,3.0,1.0,1.0,2.0,1.0,0.0,0.0
mcculda01w,2,0,IND,29.0,2.0,456.0,175.0,45.0,37.0,82.0,19.0,16.0,22.0,37.0,63.0,153.0,63.0,63.0,46.0,17.0,3.0,1.0,0.0,0.0,0.0,0.0,0.0,0.0,0.0,0.0,0.0,0.0,0.0,0.0,0.0,0.0,0.0,0.0,0.0,0.0,0.0,0.0
mcculda01w,3,0,SEA,8.0,2.0,90.0,28.0,4.0,13.0,17.0,5.0,0.0,2.0,7.0,12.0,18.0,5.0,18.0,17.0,2.0,1.0,0.0,0.0,0.0,0.0,0.0,0.0,0.0,0.0,0.0,0.0,0.0,0.0,0.0,0.0,0.0,0.0,0.0,0.0,0.0,0.0,0.0
mcculda01w,4,0,SEA,4.0,1.0,43.0,2.0,3.0,4.0,7.0,1.0,1.0,0.0,2.0,5.0,12.0,0.0,2.0,2.0,3.0,0.0,0.0,0.0,0.0,0.0,0.0,0.0,0.0,0.0,0.0,0.0,0.0,0.0,0.0,0.0,0.0,0.0,0.0,0.0,0.0,0.0,0.0
mcgheca01w,2,0,ORL,32.0,0.0,408.0,87.0,27.0,37.0,64.0,23.0,21.0,5.0,31.0,58.0,83.0,30.0,39.0,27.0,3.0,0.0,0.0,3.0,0.0,37.0,5.0,4.0,1.0,5.0,1.0,4.0,0.0,3.0,3.0,7.0,1.0,3.0,3.0,0.0,0.0,0.0,0.0
mcgheca01w,3,0,ORL,17.0,0.0,71.0,14.0,3.0,7.0,10.0,0.0,1.0,1.0,6.0,9.0,24.0,6.0,4.0,2.0,0.0,0.0,0.0,0.0,0.0,0.0,0.0,0.0,0.0,0.0,0.0,0.0,0.0,0.0,0.0,0.0,0.0,0.0,0.0,0.0,0.0,0.0,0.0
mckivte01w,4,0,CHA,26.12,15.6,604.13,208.08,28.55,61.69,90.24,47.04,23.71,11.16,42.62,55.83,178.36,75.29,57.52,43.31,41.07,14.19,0.53,1.78,1.11,44.72,16.41,2.01,4.64,6.66,3.96,1.6,0.72,2.72,3.83,13.91,6.03,4.09,3.11,3.47,1.23,0.02,0.05
mckivte01w,5,0,CHA,31.0,1.0,341.0,105.0,37.0,54.0,91.0,6.0,14.0,24.0,27.0,58.0,78.0,41.0,31.0,23.0,1.0,0.0,0.0,2.0,0.0,13.0,0.0,2.0,0.0,2.0,0.0,0.0,1.0,0.0,2.0,2.0,0.0,0.0,0.0,0.0,0.0,0.0,0.0
mckivte01w,6,0,CHA,9.0,0.0,77.0,35.0,9.0,9.0,18.0,0.0,2.0,6.0,5.0,21.0,27.0,14.0,14.0,7.0,0.0,0.0,0.0,0.0,0.0,0.0,0.0,0.0,0.0,0.0,0.0,0.0,0.0,0.0,0.0,0.0,0.0,0.0,0.0,0.0,0.0,0.0,0.0
mckivte01w,8,0,PHO,31.0,1.0,362.0,113.0,29.0,36.0,65.0,7.0,14.0,18.0,26.0,71.0,91.0,44.0,36.0,25.0,0.0,0.0,0.0,0.0,0.0,0.0,0.0,0.0,0.0,0.0,0.0,0.0,0.0,0.0,0.0,0.0,0.0,0.0,0.0,0.0,0.0,0.0,0.0
mcwilta01w,2,0,ORL,32.0,32.0,1098.0,438.0,90.0,154.0,244.0,54.0,59.0,31.0,83.0,86.0,330.0,173.0,122.0,87.0,17.0,5.0,0.0,3.0,3.0,107.0,43.0,6.0,17.0,23.0,5.0,2.0,3.0,5.0,8.0,38.0,18.0,9.0,7.0,2.0,0.0,0.0,0.0
mcwilta01w,3,0,ORL,32.0,32.0,1059.0,403.0,114.0,129.0,243.0,69.0,52.0,50.0,80.0,74.0,331.0,157.0,117.0,87.0,10.0,2.0,1.0,0.0,0.0,0.0,0.0,0.0,0.0,0.0,0.0,0.0,0.0,0.0,0.0,0.0,0.0,0.0,0.0,0.0,0.0,0.0,0.0
mcwilta01w,4,0,CON,13.0,12.0,383.0,110.0,21.0,42.0,63.0,13.0,19.0,14.0,22.0,40.0,82.0,41.0,31.0,27.0,3.0,1.0,1.0,0.0,0.0,0.0,0.0,0.0,0.0,0.0,0.0,0.0,0.0,0.0,0.0,0.0,0.0,0.0,0.0,0.0,0.0,0.0,0.0
mcwilta01w,5,0,CON,34.0,34.0,983.0,354.0,78.0,149.0,227.0,49.0,43.0,33.0,54.0,103.0,301.0,133.0,102.0,76.0,43.0,12.0,1.0,4.0,4.0,122.0,65.0,9.0,21.0,30.0,5.0,6.0,2.0,6.0,10.0,47.0,24.0,17.0,16.0,5.0,1.0,0.0,0.0
mcwilta01w,6,0,CON,34.0,34.0,1133.0,413.0,83.0,161.0,244.0,63.0,48.0,45.0,73.0,96.0,352.0,168.0,128.0,77.0,12.0,0.0,1.0,8.0,8.0,252.0,83.0,19.0,40.0,59.0,15.0,12.0,6.0,13.0,22.0,87.0,35.0,18.0,12.0,2.0,1.0,0.0,0.0
mcwilta01w,7,0,CON,34.0,34.0,1083.0,471.0,78.0,170.0,248.0,65.0,37.0,25.0,59.0,80.0,364.0,180.0,136.0,107.0,18.0,4.0,1.0,8.0,8.0,284.0,127.0,22.0,53.0,75.0,13.0,9.0,11.0,16.0,23.0,94.0,48.0,38.0,30.0,3.0,1.0,0.0,1.0
mcwilta01w,8,0,LAS,32.0,32.0,996.0,410.0,104.0,202.0,306.0,80.0,35.0,31.0,78.0,75.0,329.0,164.0,110.0,81.0,8.0,1.0,0.0,5.0,5.0,164.0,64.0,16.0,31.0,47.0,11.0,2.0,4.0,9.0,17.0,63.0,27.0,15.0,10.0,3.0,0.0,0.0,0.0
mcwilta01w,9,2,DET,29.0,27.0,851.0,321.0,69.0,101.0,170.0,49.0,34.0,30.0,50.0,75.0,255.0,125.0,88.0,68.0,13.0,3.0,1.0,0.0,0.0,0.0,0.0,0.0,0.0,0.0,0.0,0.0,0.0,0.0,0.0,0.0,0.0,0.0,0.0,0.0,0.0,0.0,0.0
mcwilta01w,9,1,WAS,7.0,7.0,185.0,75.0,17.0,30.0,47.0,13.0,3.0,5.0,9.0,18.0,64.0,27.0,22.0,20.0,1.0,1.0,0.0,9.0,9.0,293.0,116.0,19.0,44.0,63.0,19.0,9.0,12.0,17.0,22.0,98.0,48.0,22.0,19.0,2.0,1.0,0.0,0.0
mcwilta01w,10,0,DET,26.0,26.0,862.0,347.0,59.0,132.0,191.0,41.0,44.0,25.0,75.0,62.0,280.0,147.0,63.0,46.0,25.0,7.0,0.0,0.0,0.0,0.0,0.0,0.0,0.0,0.0,0.0,0.0,0.0,0.0,0.0,0.0,0.0,0.0,0.0,0.0,0.0,0.0,0.0
melvich01w,2,0,CLE,32.0,32.0,904.0,373.0,69.0,103.0,172.0,61.0,29.0,18.0,62.0,113.0,289.0,136.0,137.0,100.0,7.0,1.0,4.0,6.0,6.0,183.0,53.0,16.0,24.0,40.0,11.0,5.0,3.0,11.0,20.0,38.0,20.0,18.0,13.0,1.0,0.0,0.0,0.0
melvich01w,3,0,CLE,27.0,20.0,754.0,266.0,66.0,88.0,154.0,50.0,24.0,16.0,45.0,81.0,215.0,102.0,86.0,60.0,2.0,2.0,0.0,3.0,2.0,81.0,24.0,6.0,6.0,12.0,6.0,2.0,2.0,6.0,5.0,16.0,8.0,11.0,8.0,0.0,0.0,0.0,0.0
melvich01w,4,0,CLE,32.0,32.0,1055.0,399.0,84.0,110.0,194.0,57.0,28.0,18.0,74.0,104.0,330.0,153.0,131.0,90.0,6.0,3.0,2.0,0.0,0.0,0.0,0.0,0.0,0.0,0.0,0.0,0.0,0.0,0.0,0.0,0.0,0.0,0.0,0.0,0.0,0.0,0.0,0.0
melvich01w,5,0,WAS,34.0,34.0,1061.0,444.0,82.0,133.0,215.0,52.0,28.0,22.0,67.0,108.0,333.0,159.0,176.0,123.0,11.0,3.0,0.0,3.0,3.0,104.0,50.0,3.0,10.0,13.0,5.0,2.0,4.0,8.0,10.0,31.0,12.0,34.0,26.0,1.0,0.0,0.0,0.0
melvich01w,6,0,WAS,34.0,16.0,825.0,293.0,63.0,68.0,131.0,37.0,15.0,18.0,52.0,89.0,256.0,104.0,111.0,85.0,0.0,0.0,0.0,3.0,3.0,104.0,41.0,7.0,18.0,25.0,6.0,1.0,4.0,2.0,10.0,31.0,13.0,21.0,15.0,0.0,0.0,0.0,0.0
melvich01w,7,0,WAS,34.0,34.0,1051.0,397.0,82.0,117.0,199.0,25.0,31.0,14.0,61.0,113.0,305.0,150.0,138.0,93.0,16.0,4.0,1.0,0.0,0.0,0.0,0.0,0.0,0.0,0.0,0.0,0.0,0.0,0.0,0.0,0.0,0.0,0.0,0.0,0.0,0.0,0.0,0.0
melvich01w,8,2,CHI,34.0,34.0,999.0,405.0,84.0,140.0,224.0,45.0,34.0,26.0,62.0,109.0,294.0,153.0,151.0,99.0,2.0,0.0,1.0,2.0,2.0,58.0,11.0,10.0,5.0,15.0,0.0,0.0,0.0,5.0,11.0,15.0,5.0,4.0,1.0,0.0,0.0,1.0,0.0
melvich01w,8,1,WAS,29.0,25.0,853.0,288.0,66.0,127.0,193.0,37.0,32.0,22.0,69.0,88.0,233.0,109.0,110.0,69.0,5.0,1.0,0.0,0.0,0.0,0.0,0.0,0.0,0.0,0.0,0.0,0.0,0.0,0.0,0.0,0.0,0.0,0.0,0.0,0.0,0.0,0.0,0.0
melvich01w,9,0,CHI,3.0,3.0,82.0,34.0,7.0,13.0,20.0,0.0,6.0,0.0,2.0,13.0,26.0,9.0,19.0,16.0,2.0,0.0,0.0,0.0,0.0,0.0,0.0,0.0,0.0,0.0,0.0,0.0,0.0,0.0,0.0,0.0,0.0,0.0,0.0,0.0,0.0,0.0,0.0
melvich01w,10,0,WAS,34.0,18.0,759.0,278.0,85.0,87.0,172.0,50.0,31.0,10.0,49.0,99.0,221.0,98.0,132.0,81.0,3.0,1.0,1.0,0.0,0.0,0.0,0.0,0.0,0.0,0.0,0.0,0.0,0.0,0.0,0.0,0.0,0.0,0.0,0.0,0.0,0.0,0.0,0.0
mendigi01w,5,0,SAC,28.7,17.01,651.85,232.97,33.24,71.39,104.63,51.13,24.66,12.93,46.39,61.6,201.87,85.06,63.94,47.89,44.05,14.97,0.58,2.22,1.39,53.69,18.96,2.43,6.16,8.59,4.55,1.83,1.16,3.5,5.1,16.68,6.86,5.2,4.12,3.5,1.13,0.02,0.06
miaomi01w,6,0,SAC,26.65,15.15,595.55,202.63,28.15,62.64,90.79,45.87,22.75,11.35,41.56,56.01,175.03,74.17,56.05,41.7,35.87,12.58,0.49,2.27,1.3,51.9,17.12,2.49,5.36,7.85,3.75,2.1,1.04,3.58,4.45,15.18,6.27,4.4,3.37,3.32,1.21,0.01,0.04
millebr01w,10,0,DET,28.09,16.51,621.77,243.43,31.76,73.59,105.35,52.2,25.52,12.22,47.11,63.24,204.69,87.19,69.31,52.68,47.79,16.38,0.56,2.5,1.31,55.1,20.23,2.49,6.44,8.93,4.32,1.95,1.01,4.04,5.19,17.52,7.26,5.39,4.28,4.31,1.42,0.02,0.05
milleco01w,2,0,WAS,27.47,15.65,612.86,211.84,30.0,62.37,92.37,47.2,24.88,10.88,46.06,62.03,178.46,77.47,60.54,44.63,37.18,12.27,0.68,1.69,0.94,39.12,12.03,2.0,4.03,6.03,2.86,1.51,0.62,2.58,3.48,10.52,4.54,2.79,2.14,2.45,0.81,0.03,0.02
milleco01w,3,0,WAS,20.0,0.0,137.0,34.0,5.0,4.0,9.0,8.0,6.0,0.0,13.0,10.0,40.0,13.0,11.0,6.0,6.0,2.0,0.0,0.0,0.0,0.0,0.0,0.0,0.0,0.0,0.0,0.0,0.0,0.0,0.0,0.0,0.0,0.0,0.0,0.0,0.0,0.0,0.0
milleco01w,4,0,WAS,32.0,32.0,904.0,298.0,44.0,72.0,116.0,82.0,33.0,2.0,59.0,84.0,263.0,114.0,56.0,46.0,64.0,24.0,0.0,5.0,5.0,163.0,54.0,7.0,8.0,15.0,12.0,2.0,0.0,7.0,13.0,50.0,21.0,10.0,6.0,11.0,6.0,0.0,1.0
milleco01w,5,0,WAS,33.0,33.0,1076.0,413.0,55.0,72.0,127.0,86.0,39.0,7.0,53.0,95.0,382.0,172.0,53.0,37.0,89.0,32.0,1.0,0.0,0.0,0.0,0.0,0.0,0.0,0.0,0.0,0.0,0.0,0.0,0.0,0.0,0.0,0.0,0.0,0.0,0.0,0.0,0.0
milleco01w,6,0,WAS,33.0,8.0,637.0,160.0,35.0,28.0,63.0,43.0,18.0,3.0,27.0,60.0,167.0,72.0,14.0,11.0,19.0,5.0,0.0,3.0,0.0,51.0,16.0,3.0,4.0,7.0,2.0,5.0,0.0,2.0,2.0,19.0,7.0,2.0,2.0,0.0,0.0,0.0,0.0
milleco01w,7,0,WAS,34.0,4.0,500.0,153.0,24.0,35.0,59.0,44.0,26.0,3.0,28.0,53.0,160.0,68.0,10.0,8.0,24.0,9.0,0.0,0.0,0.0,0.0,0.0,0.0,0.0,0.0,0.0,0.0,0.0,0.0,0.0,0.0,0.0,0.0,0.0,0.0,0.0,0.0,0.0
milleco01w,8,0,WAS,34.0,4.0,658.0,206.0,36.0,55.0,91.0,59.0,34.0,4.0,49.0,73.0,171.0,84.0,29.0,26.0,30.0,12.0,1.0,2.0,0.0,38.0,16.0,2.0,4.0,6.0,2.0,1.0,0.0,4.0,7.0,15.0,7.0,4.0,1.0,2.0,1.0,0.0,0.0
milleco01w,9,0,WAS,30.0,2.0,455.0,120.0,20.0,29.0,49.0,25.0,19.0,2.0,29.0,45.0,116.0,47.0,16.0,16.0,25.0,10.0,0.0,0.0,0.0,0.0,0.0,0.0,0.0,0.0,0.0,0.0,0.0,0.0,0.0,0.0,0.0,0.0,0.0,0.0,0.0,0.0,0.0
milleco01w,10,0,ATL,34.0,6.0,710.0,179.0,46.0,39.0,85.0,47.0,26.0,5.0,58.0,63.0,217.0,77.0,16.0,10.0,53.0,15.0,0.0,0.0,0.0,0.0,0.0,0.0,0.0,0.0,0.0,0.0,0.0,0.0,0.0,0.0,0.0,0.0,0.0,0.0,0.0,0.0,0.0
milleke01w,2,0,CHA,27.47,15.65,612.86,211.84,30.0,62.37,92.37,47.2,24.88,10.88,46.06,62.03,178.46,77.47,60.54,44.63,37.18,12.27,0.68,1.69,0.94,39.12,12.03,2.0,4.03,6.03,2.86,1.51,0.62,2.58,3.48,10.52,4.54,2.79,2.14,2.45,0.81,0.03,0.02
milleke01w,3,0,CHA,26.0,0.0,225.0,55.0,11.0,17.0,28.0,14.0,9.0,0.0,9.0,14.0,57.0,22.0,5.0,4.0,19.0,7.0,0.0,2.0,0.0,8.0,0.0,0.0,0.0,0.0,0.0,0.0,0.0,0.0,0.0,2.0,0.0,2.0,0.0,0.0,0.0,0.0,0.0
milleke01w,4,0,CHA,32.0,0.0,554.0,211.0,31.0,37.0,68.0,49.0,22.0,1.0,27.0,39.0,177.0,79.0,38.0,29.0,51.0,24.0,0.0,2.0,0.0,13.0,5.0,0.0,2.0,2.0,0.0,0.0,0.0,1.0,3.0,4.0,2.0,0.0,0.0,1.0,1.0,0.0,0.0
milleke01w,5,0,IND,34.0,0.0,523.0,189.0,20.0,33.0,53.0,47.0,18.0,2.0,35.0,44.0,167.0,68.0,40.0,31.0,52.0,22.0,0.0,2.0,0.0,23.0,8.0,0.0,1.0,1.0,2.0,0.0,0.0,1.0,2.0,10.0,4.0,0.0,0.0,2.0,0.0,0.0,0.0
milleke01w,6,0,IND,34.0,34.0,1096.0,348.0,28.0,80.0,108.0,106.0,37.0,5.0,74.0,81.0,326.0,126.0,57.0,50.0,112.0,46.0,3.0,0.0,0.0,0.0,0.0,0.0,0.0,0.0,0.0,0.0,0.0,0.0,0.0,0.0,0.0,0.0,0.0,0.0,0.0,0.0,1.0
milleke01w,7,0,PHO,34.0,34.0,1057.0,348.0,26.0,60.0,86.0,81.0,40.0,2.0,53.0,81.0,278.0,122.0,79.0,67.0,114.0,37.0,1.0,4.0,4.0,155.0,40.0,0.0,7.0,7.0,10.0,5.0,0.0,5.0,13.0,39.0,12.0,10.0,7.0,17.0,9.0,0.0,0.0
milleke01w,8,0,PHO,27.0,24.0,814.0,296.0,41.0,103.0,144.0,94.0,28.0,6.0,73.0,74.0,259.0,109.0,62.0,48.0,79.0,30.0,0.0,0.0,0.0,0.0,0.0,0.0,0.0,0.0,0.0,0.0,0.0,0.0,0.0,0.0,0.0,0.0,0.0,0.0,0.0,0.0,0.0
milleke01w,9,0,PHO,34.0,34.0,1040.0,321.0,47.0,121.0,168.0,156.0,42.0,5.0,86.0,94.0,240.0,115.0,82.0,64.0,70.0,27.0,1.0,9.0,9.0,297.0,105.0,19.0,29.0,48.0,32.0,12.0,1.0,18.0,18.0,77.0,35.0,33.0,27.0,26.0,8.0,0.0,0.0
milleke01w,10,0,MIN,34.0,34.0,945.0,283.0,50.0,98.0,148.0,135.0,22.0,4.0,84.0,66.0,262.0,107.0,58.0,49.0,52.0,20.0,0.0,0.0,0.0,0.0,0.0,0.0,0.0,0.0,0.0,0.0,0.0,0.0,0.0,0.0,0.0,0.0,0.0,0.0,0.0,0.0,0.0
millsta01w,2,0,WAS,31.0,0.0,295.0,130.0,39.0,41.0,80.0,9.0,10.0,8.0,37.0,71.0,105.0,46.0,51.0,38.0,0.0,0.0,1.0,2.0,0.0,21.0,11.0,2.0,1.0,3.0,0.0,0.0,0.0,3.0,7.0,7.0,4.0,8.0,3.0,0.0,0.0,0.0,0.0
millsta01w,3,0,WAS,30.0,0.0,319.0,64.0,40.0,65.0,105.0,6.0,14.0,4.0,25.0,72.0,69.0,23.0,31.0,18.0,1.0,0.0,0.0,0.0,0.0,0.0,0.0,0.0,0.0,0.0,0.0,0.0,0.0,0.0,0.0,0.0,0.0,0.0,0.0,0.0,0.0,0.0,0.0
millsta01w,4,0,SAS,4.0,0.0,17.0,0.0,0.0,3.0,3.0,0.0,1.0,0.0,2.0,3.0,4.0,0.0,2.0,0.0,0.0,0.0,0.0,0.0,0.0,0.0,0.0,0.0,0.0,0.0,0.0,0.0,0.0,0.0,0.0,0.0,0.0,0.0,0.0,0.0,0.0,0.0,0.0
millsta01w,8,0,DET,29.0,0.0,185.0,58.0,27.0,28.0,55.0,7.0,4.0,2.0,23.0,58.0,49.0,20.0,31.0,18.0,0.0,0.0,1.0,0.0,0.0,0.0,0.0,0.0,0.0,0.0,0.0,0.0,0.0,0.0,0.0,0.0,0.0,0.0,0.0,0.0,0.0,0.0,0.0
miltode01w,2,0,LAS,32.0,32.0,983.0,378.0,55.0,139.0,194.0,68.0,44.0,29.0,67.0,124.0,293.0,150.0,102.0,76.0,8.0,2.0,3.0,4.0,4.0,136.0,50.0,11.0,11.0,22.0,12.0,6.0,2.0,10.0,14.0,37.0,20.0,12.0,10.0,0.0,0.0,1.0,0.0
miltode01w,3,0,LAS,32.0,27.0,938.0,330.0,71.0,98.0,169.0,68.0,49.0,29.0,58.0,101.0,296.0,134.0,63.0,50.0,35.0,12.0,0.0,7.0,7.0,226.0,86.0,12.0,32.0,44.0,20.0,7.0,10.0,11.0,22.0,64.0,35.0,19.0,13.0,8.0,3.0,0.0,0.0
miltode01w,4,0,LAS,32.0,25.0,966.0,362.0,65.0,146.0,211.0,45.0,50.0,35.0,94.0,122.0,271.0,132.0,104.0,77.0,50.0,21.0,3.0,6.0,3.0,204.0,78.0,9.0,32.0,41.0,8.0,10.0,9.0,11.0,22.0,60.0,27.0,16.0,15.0,16.0,9.0,0.0,0.0
miltode01w,5,0,LAS,31.0,30.0,1086.0,416.0,59.0,161.0,220.0,64.0,49.0,41.0,79.0,109.0,328.0,139.0,143.0,115.0,61.0,23.0,3.0,9.0,9.0,338.0,131.0,20.0,37.0,57.0,25.0,17.0,13.0,20.0,40.0,106.0,47.0,35.0,27.0,18.0,10.0,1.0,0.0
miltode01w,6,0,WAS,19.0,19.0,604.0,186.0,35.0,55.0,90.0,31.0,23.0,10.0,48.0,63.0,161.0,65.0,62.0,45.0,37.0,11.0,1.0,0.0,0.0,0.0,0.0,0.0,0.0,0.0,0.0,0.0,0.0,0.0,0.0,0.0,0.0,0.0,0.0,0.0,0.0,0.0,0.0
miltode01w,7,0,WAS,33.0,30.0,1069.0,394.0,45.0,127.0,172.0,58.0,57.0,18.0,75.0,117.0,331.0,138.0,99.0,79.0,119.0,39.0,4.0,0.0,0.0,0.0,0.0,0.0,0.0,0.0,0.0,0.0,0.0,0.0,0.0,0.0,0.0,0.0,0.0,0.0,0.0,0.0,0.0
miltode01w,8,0,WAS,23.0,20.0,675.0,335.0,23.0,89.0,112.0,48.0,35.0,17.0,67.0,87.0,265.0,125.0,63.0,51.0,79.0,34.0,2.0,2.0,2.0,69.0,28.0,7.0,11.0,18.0,5.0,3.0,1.0,6.0,5.0,29.0,11.0,2.0,2.0,9.0,4.0,0.0,0.0
miltode01w,9,0,LAS,34.0,34.0,1141.0,456.0,45.0,172.0,217.0,55.0,52.0,38.0,121.0,107.0,473.0,165.0,116.0,98.0,119.0,28.0,2.0,0.0,0.0,0.0,0.0,0.0,0.0,0.0,0.0,0.0,0.0,0.0,0.0,0.0,0.0,0.0,0.0,0.0,0.0,0.0,0.0
miltode01w,10,0,LAS,31.0,31.0,1016.0,431.0,64.0,132.0,196.0,73.0,34.0,18.0,99.0,109.0,344.0,165.0,93.0,72.0,81.0,29.0,0.0,6.0,6.0,206.0,64.0,14.0,22.0,36.0,11.0,8.0,4.0,13.0,23.0,59.0,24.0,15.0,11.0,14.0,5.0,0.0,0.0
mitchle01w,9,0,NYL,26.3,13.75,549.16,209.96,28.39,66.05,94.44,44.4,21.72,10.61,42.77,53.46,179.59,76.48,55.67,42.66,40.99,14.34,0.44,2.46,1.36,56.15,22.09,2.92,7.19,10.11,4.72,1.89,1.15,3.64,5.21,19.28,8.05,5.13,3.95,5.4,2.05,0.05,0.07
mitchle01w,10,0,NYL,34.0,5.0,518.0,131.0,14.0,43.0,57.0,97.0,17.0,3.0,39.0,43.0,105.0,39.0,42.0,34.0,47.0,19.0,0.0,6.0,0.0,62.0,29.0,0.0,2.0,2.0,8.0,0.0,0.0,6.0,5.0,21.0,9.0,6.0,6.0,10.0,5.0,0.0,0.0
moeggli01w,7,0,CHI,25.54,14.06,551.91,185.83,24.96,56.79,81.75,42.45,20.43,9.74,39.28,53.91,160.15,67.6,52.41,38.9,34.99,11.74,0.55,2.0,1.09,44.98,14.88,1.82,4.73,6.55,3.21,1.47,0.67,2.84,4.28,12.66,5.27,4.5,3.36,2.66,0.98,0.04,0.04
moeggli01w,8,0,CHI,27.0,1.0,277.0,58.0,27.0,19.0,46.0,17.0,10.0,6.0,15.0,14.0,63.0,20.0,30.0,14.0,12.0,4.0,0.0,0.0,0.0,0.0,0.0,0.0,0.0,0.0,0.0,0.0,0.0,0.0,0.0,0.0,0.0,0.0,0.0,0.0,0.0,0.0,0.0
moisead01w,2,0,PHO,27.47,15.65,612.86,211.84,30.0,62.37,92.37,47.2,24.88,10.88,46.06,62.03,178.46,77.47,60.54,44.63,37.18,12.27,0.68,1.69,0.94,39.12,12.03,2.0,4.03,6.03,2.86,1.51,0.62,2.58,3.48,10.52,4.54,2.79,2.14,2.45,0.81,0.03,0.02
moisead01w,3,0,PHO,7.0,0.0,123.0,41.0,4.0,12.0,16.0,17.0,6.0,0.0,16.0,11.0,36.0,14.0,12.0,9.0,12.0,4.0,0.0,0.0,0.0,0.0,0.0,0.0,0.0,0.0,0.0,0.0,0.0,0.0,0.0,0.0,0.0,0.0,0.0,0.0,0.0,0.0,0.0
moisead01w,8,0,PHO,32.0,4.0,619.0,193.0,15.0,45.0,60.0,79.0,30.0,3.0,72.0,53.0,164.0,63.0,60.0,48.0,66.0,19.0,0.0,0.0,0.0,0.0,0.0,0.0,0.0,0.0,0.0,0.0,0.0,0.0,0.0,0.0,0.0,0.0,0.0,0.0,0.0,0.0,0.0
montaan01w,10,0,MIN,28.09,16.51,621.77,243.43,31.76,73.59,105.35,52.2,25.52,12.22,47.11,63.24,204.69,87.19,69.31,52.68,47.79,16.38,0.56,2.5,1.31,55.1,20.23,2.49,6.44,8.93,4.32,1.95,1.01,4.04,5.19,17.52,7.26,5.39,4.28,4.31,1.42,0.02,0.05
montgre01w,10,0,MIN,28.09,16.51,621.77,243.43,31.76,73.59,105.35,52.2,25.52,12.22,47.11,63.24,204.69,87.19,69.31,52.68,47.79,16.38,0.56,2.5,1.31,55.1,20.23,2.49,6.44,8.93,4.32,1.95,1.01,4.04,5.19,17.52,7.26,5.39,4.28,4.31,1.42,0.02,0.05
mooreja01w,3,0,IND,25.23,13.75,548.8,181.49,26.81,57.19,84.0,40.49,21.88,9.7,39.26,50.48,160.77,66.49,49.2,36.53,35.69,11.98,0.41,1.74,1.06,41.03,13.2,1.91,4.14,6.05,3.08,1.38,0.95,2.43,3.52,11.93,4.9,3.33,2.48,2.82,0.93,0.02,0.05
mooreje01w,6,1,CHA,26.65,15.15,595.55,202.63,28.15,62.64,90.79,45.87,22.75,11.35,41.56,56.01,175.03,74.17,56.05,41.7,35.87,12.58,0.49,2.27,1.3,51.9,17.12,2.49,5.36,7.85,3.75,2.1,1.04,3.58,4.45,15.18,6.27,4.4,3.37,3.32,1.21,0.01,0.04
mooreje01w,6,2,LAS,6.0,0.0,49.0,3.0,1.0,4.0,5.0,2.0,0.0,0.0,4.0,9.0,3.0,1.0,2.0,1.0,0.0,0.0,1.0,0.0,0.0,0.0,0.0,0.0,0.0,0.0,0.0,0.0,0.0,0.0,0.0,0.0,0.0,0.0,0.0,0.0,0.0,0.0,0.0
mooreje01w,7,0,LAS,15.0,0.0,109.0,8.0,4.0,4.0,8.0,1.0,4.0,0.0,5.0,21.0,8.0,4.0,0.0,0.0,0.0,0.0,0.0,0.0,0.0,0.0,0.0,0.0,0.0,0.0,0.0,0.0,0.0,0.0,0.0,0.0,0.0,0.0,0.0,0.0,0.0,0.0,0.0
mooreje01w,8,0,LAS,34.0,33.0,653.0,147.0,35.0,63.0,98.0,24.0,22.0,9.0,28.0,79.0,136.0,59.0,38.0,29.0,2.0,0.0,1.0,5.0,5.0,89.0,24.0,5.0,11.0,16.0,5.0,2.0,0.0,3.0,14.0,22.0,11.0,2.0,2.0,0.0,0.0,0.0,0.0
mooreje01w,9,0,LAS,29.0,17.0,440.0,123.0,36.0,52.0,88.0,18.0,6.0,6.0,33.0,64.0,121.0,48.0,42.0,27.0,0.0,0.0,1.0,0.0,0.0,0.0,0.0,0.0,0.0,0.0,0.0,0.0,0.0,0.0,0.0,0.0,0.0,0.0,0.0,0.0,0.0,0.0,0.0
mooreje01w,10,0,IND,28.0,2.0,309.0,39.0,17.0,28.0,45.0,17.0,4.0,5.0,17.0,48.0,43.0,14.0,16.0,11.0,0.0,0.0,0.0,6.0,0.0,52.0,8.0,0.0,5.0,5.0,3.0,0.0,0.0,3.0,8.0,9.0,3.0,2.0,2.0,0.0,0.0,0.0,0.0
moorelo01w,6,0,NYL,26.65,15.15,595.55,202.63,28.15,62.64,90.79,45.87,22.75,11.35,41.56,56.01,175.03,74.17,56.05,41.7,35.87,12.58,0.49,2.27,1.3,51.9,17.12,2.49,5.36,7.85,3.75,2.1,1.04,3.58,4.45,15.18,6.27,4.4,3.37,3.32,1.21,0.01,0.04
moorelo01w,7,0,NYL,24.0,0.0,182.0,22.0,4.0,23.0,27.0,19.0,10.0,0.0,25.0,12.0,23.0,9.0,9.0,4.0,2.0,0.0,0.0,1.0,0.0,1.0,0.0,0.0,0.0,0.0,0.0,0.0,0.0,0.0,0.0,0.0,0.0,0.0,0.0,0.0,0.0,0.0,0.0
moorelo01w,8,0,NYL,34.0,29.0,952.0,208.0,31.0,113.0,144.0,122.0,61.0,10.0,65.0,90.0,201.0,68.0,51.0,37.0,96.0,35.0,0.0,0.0,0.0,0.0,0.0,0.0,0.0,0.0,0.0,0.0,0.0,0.0,0.0,0.0,0.0,0.0,0.0,0.0,0.0,0.0,0.0
moorelo01w,9,0,NYL,34.0,33.0,1163.0,327.0,40.0,98.0,138.0,163.0,75.0,5.0,99.0,93.0,289.0,119.0,58.0,34.0,135.0,55.0,1.0,3.0,3.0,113.0,31.0,1.0,14.0,15.0,15.0,6.0,0.0,6.0,4.0,32.0,12.0,4.0,2.0,17.0,5.0,0.0,0.0
moorelo01w,10,0,NYL,29.0,29.0,809.0,154.0,30.0,82.0,112.0,132.0,44.0,4.0,77.0,71.0,161.0,55.0,24.0,20.0,83.0,24.0,0.0,6.0,6.0,178.0,43.0,2.0,19.0,21.0,25.0,9.0,0.0,11.0,11.0,48.0,15.0,8.0,4.0,23.0,9.0,0.0,0.0
moorena01w,8,0,MIN,27.63,15.03,590.39,224.03,29.59,68.73,98.32,47.71,23.73,9.81,43.11,57.02,190.87,81.15,62.0,47.06,43.3,14.66,0.41,2.11,1.27,47.78,17.62,2.66,5.57,8.24,3.76,1.55,0.91,3.1,4.73,15.76,6.45,4.92,3.58,3.32,1.13,0.03,0.1
moorena01w,9,0,MIN,19.0,0.0,87.0,21.0,3.0,12.0,15.0,4.0,3.0,0.0,7.0,21.0,26.0,7.0,8.0,6.0,8.0,1.0,0.0,0.0,0.0,0.0,0.0,0.0,0.0,0.0,0.0,0.0,0.0,0.0,0.0,0.0,0.0,0.0,0.0,0.0,0.0,0.0,0.0
mooreta01w,3,1,MIA,25.23,13.75,548.8,181.49,26.81,57.19,84.0,40.49,21.88,9.7,39.26,50.48,160.77,66.49,49.2,36.53,35.69,11.98,0.41,1.74,1.06,41.03,13.2,1.91,4.14,6.05,3.08,1.38,0.95,2.43,3.52,11.93,4.9,3.33,2.48,2.82,0.93,0.02,0.05
mooreta01w,3,2,MIN,5.0,3.0,83.0,28.0,3.0,4.0,7.0,10.0,7.0,0.0,11.0,16.0,25.0,8.0,10.0,10.0,9.0,2.0,0.0,0.0,0.0,0.0,0.0,0.0,0.0,0.0,0.0,0.0,0.0,0.0,0.0,0.0,0.0,0.0,0.0,0.0,0.0,0.0,0.0
mooreta01w,4,1,DET,26.0,20.0,653.0,196.0,20.0,56.0,76.0,78.0,23.0,9.0,74.0,65.0,172.0,63.0,53.0,44.0,68.0,26.0,0.0,0.0,0.0,0.0,0.0,0.0,0.0,0.0,0.0,0.0,0.0,0.0,0.0,0.0,0.0,0.0,0.0,0.0,0.0,0.0,0.0
mooreta01w,4,2,PHO,15.0,0.0,66.0,21.0,3.0,6.0,9.0,4.0,4.0,2.0,6.0,5.0,16.0,8.0,6.0,5.0,4.0,0.0,0.0,0.0,0.0,0.0,0.0,0.0,0.0,0.0,0.0,0.0,0.0,0.0,0.0,0.0,0.0,0.0,0.0,0.0,0.0,0.0,0.0
mooreta01w,5,0,PHO,11.0,0.0,110.0,33.0,3.0,16.0,19.0,8.0,5.0,4.0,10.0,9.0,26.0,11.0,13.0,11.0,5.0,0.0,0.0,0.0,0.0,0.0,0.0,0.0,0.0,0.0,0.0,0.0,0.0,0.0,0.0,0.0,0.0,0.0,0.0,0.0,0.0,0.0,0.0
mooreta01w,6,0,NYL,32.0,0.0,387.0,82.0,7.0,21.0,28.0,53.0,26.0,9.0,34.0,46.0,61.0,27.0,29.0,25.0,10.0,3.0,0.0,0.0,0.0,0.0,0.0,0.0,0.0,0.0,0.0,0.0,0.0,0.0,0.0,0.0,0.0,0.0,0.0,0.0,0.0,0.0,0.0
mooreta01w,7,0,LAS,7.0,0.0,48.0,11.0,0.0,7.0,7.0,6.0,0.0,0.0,4.0,6.0,6.0,4.0,2.0,2.0,3.0,1.0,0.0,0.0,0.0,0.0,0.0,0.0,0.0,0.0,0.0,0.0,0.0,0.0,0.0,0.0,0.0,0.0,0.0,0.0,0.0,0.0,0.0
mooreta01w,8,0,HOU,34.0,33.0,634.0,206.0,16.0,55.0,71.0,65.0,33.0,8.0,38.0,59.0,145.0,68.0,66.0,53.0,49.0,17.0,0.0,4.0,4.0,87.0,31.0,3.0,9.0,12.0,11.0,3.0,1.0,8.0,7.0,19.0,10.0,11.0,7.0,6.0,4.0,0.0,0.0
moosca01w,3,0,MIA,25.23,13.75,548.8,181.49,26.81,57.19,84.0,40.49,21.88,9.7,39.26,50.48,160.77,66.49,49.2,36.53,35.69,11.98,0.41,1.74,1.06,41.03,13.2,1.91,4.14,6.05,3.08,1.38,0.95,2.43,3.52,11.93,4.9,3.33,2.48,2.82,0.93,0.02,0.05
mosbybe01w,8,0,WAS,27.63,15.03,590.39,224.03,29.59,68.73,98.32,47.71,23.73,9.81,43.11,57.02,190.87,81.15,62.0,47.06,43.3,14.66,0.41,2.11,1.27,47.78,17.62,2.66,5.57,8.24,3.76,1.55,0.91,3.1,4.73,15.76,6.45,4.92,3.58,3.32,1.13,0.03,0.1
mosbybe01w,9,0,WAS,28.0,0.0,279.0,83.0,25.0,53.0,78.0,10.0,8.0,6.0,19.0,22.0,62.0,30.0,28.0,23.0,1.0,0.0,0.0,0.0,0.0,0.0,0.0,0.0,0.0,0.0,0.0,0.0,0.0,0.0,0.0,0.0,0.0,0.0,0.0,0.0,0.0,0.0,0.0
mosbybe01w,10,0,WAS,24.0,1.0,183.0,48.0,17.0,36.0,53.0,2.0,2.0,7.0,12.0,20.0,51.0,20.0,12.0,8.0,0.0,0.0,0.0,0.0,0.0,0.0,0.0,0.0,0.0,0.0,0.0,0.0,0.0,0.0,0.0,0.0,0.0,0.0,0.0,0.0,0.0,0.0,0.0
moweje01w,2,0,POR,27.47,15.65,612.86,211.84,30.0,62.37,92.37,47.2,24.88,10.88,46.06,62.03,178.46,77.47,60.54,44.63,37.18,12.27,0.68,1.69,0.94,39.12,12.03,2.0,4.03,6.03,2.86,1.51,0.62,2.58,3.48,10.52,4.54,2.79,2.14,2.45,0.81,0.03,0.02
moweje01w,3,0,POR,5.0,0.0,17.0,6.0,1.0,2.0,3.0,0.0,0.0,1.0,2.0,5.0,3.0,3.0,0.0,0.0,0.0,0.0,0.0,0.0,0.0,0.0,0.0,0.0,0.0,0.0,0.0,0.0,0.0,0.0,0.0,0.0,0.0,0.0,0.0,0.0,0.0,0.0,0.0
moweje01w,4,0,LAS,5.0,0.0,16.0,1.0,1.0,0.0,1.0,0.0,0.0,0.0,1.0,3.0,1.0,0.0,2.0,1.0,0.0,0.0,0.0,0.0,0.0,0.0,0.0,0.0,0.0,0.0,0.0,0.0,0.0,0.0,0.0,0.0,0.0,0.0,0.0,0.0,0.0,0.0,0.0
murphsh01w,8,0,MIN,27.63,15.03,590.39,224.03,29.59,68.73,98.32,47.71,23.73,9.81,43.11,57.02,190.87,81.15,62.0,47.06,43.3,14.66,0.41,2.11,1.27,47.78,17.62,2.66,5.57,8.24,3.76,1.55,0.91,3.1,4.73,15.76,6.45,4.92,3.58,3.32,1.13,0.03,0.1
murphsh01w,9,2,DET,32.0,0.0,436.0,165.0,50.0,54.0,104.0,17.0,19.0,8.0,20.0,48.0,145.0,54.0,46.0,39.0,66.0,18.0,0.0,0.0,0.0,0.0,0.0,0.0,0.0,0.0,0.0,0.0,0.0,0.0,0.0,0.0,0.0,0.0,0.0,0.0,0.0,0.0,0.0
murphsh01w,9,1,MIN,13.0,3.0,122.0,33.0,8.0,13.0,21.0,7.0,6.0,2.0,9.0,16.0,40.0,12.0,6.0,4.0,19.0,5.0,0.0,0.0,0.0,0.0,0.0,0.0,0.0,0.0,0.0,0.0,0.0,0.0,0.0,0.0,0.0,0.0,0.0,0.0,0.0,0.0,0.0
murphsh01w,9,3,WAS,2.0,0.0,5.0,2.0,2.0,0.0,2.0,0.0,0.0,0.0,0.0,2.0,5.0,1.0,0.0,0.0,0.0,0.0,0.0,0.0,0.0,0.0,0.0,0.0,0.0,0.0,0.0,0.0,0.0,0.0,0.0,0.0,0.0,0.0,0.0,0.0,0.0,0.0,0.0
murphsh01w,10,0,IND,2.0,0.0,11.0,2.0,3.0,0.0,3.0,1.0,0.0,0.0,2.0,1.0,3.0,1.0,0.0,0.0,1.0,0.0,0.0,0.0,0.0,0.0,0.0,0.0,0.0,0.0,0.0,0.0,0.0,0.0,0.0,0.0,0.0,0.0,0.0,0.0,0.0,0.0,0.0
nagyan01w,2,0,NYL,23.0,23.0,694.0,97.0,10.0,53.0,63.0,118.0,17.0,8.0,55.0,55.0,79.0,31.0,26.0,21.0,39.0,14.0,0.0,0.0,0.0,0.0,0.0,0.0,0.0,0.0,0.0,0.0,0.0,0.0,0.0,0.0,0.0,0.0,0.0,0.0,0.0,0.0,0.0
nagyan01w,3,0,SAC,23.0,0.0,213.0,34.0,0.0,9.0,9.0,24.0,2.0,3.0,23.0,25.0,31.0,13.0,4.0,2.0,12.0,6.0,1.0,4.0,0.0,30.0,8.0,0.0,4.0,4.0,3.0,0.0,1.0,3.0,2.0,4.0,3.0,3.0,2.0,0.0,0.0,0.0,0.0
nanch01w,10,0,CHI,28.09,16.51,621.77,243.43,31.76,73.59,105.35,52.2,25.52,12.22,47.11,63.24,204.69,87.19,69.31,52.68,47.79,16.38,0.56,2.5,1.31,55.1,20.23,2.49,6.44,8.93,4.32,1.95,1.01,4.04,5.19,17.52,7.26,5.39,4.28,4.31,1.42,0.02,0.05
ndiayas01w,2,0,DET,32.0,32.0,868.0,346.0,65.0,122.0,187.0,40.0,23.0,22.0,64.0,87.0,333.0,158.0,51.0,29.0,6.0,1.0,0.0,0.0,0.0,0.0,0.0,0.0,0.0,0.0,0.0,0.0,0.0,0.0,0.0,0.0,0.0,0.0,0.0,0.0,0.0,0.0,0.0
ndiayas01w,3,0,DET,32.0,31.0,913.0,376.0,60.0,111.0,171.0,49.0,22.0,28.0,73.0,82.0,341.0,156.0,76.0,59.0,15.0,5.0,1.0,0.0,0.0,0.0,0.0,0.0,0.0,0.0,0.0,0.0,0.0,0.0,0.0,0.0,0.0,0.0,0.0,0.0,0.0,0.0,0.0
ndiayas01w,4,0,DET,32.0,32.0,776.0,275.0,44.0,118.0,162.0,39.0,17.0,12.0,58.0,65.0,270.0,126.0,39.0,23.0,2.0,0.0,0.0,0.0,0.0,0.0,0.0,0.0,0.0,0.0,0.0,0.0,0.0,0.0,0.0,0.0,0.0,0.0,0.0,0.0,0.0,0.0,0.0
ndiayas01w,5,0,IND,11.0,2.0,70.0,20.0,5.0,9.0,14.0,1.0,3.0,1.0,9.0,3.0,21.0,10.0,2.0,0.0,0.0,0.0,0.0,2.0,0.0,6.0,1.0,0.0,0.0,0.0,1.0,0.0,0.0,0.0,1.0,0.0,0.0,2.0,1.0,0.0,0.0,0.0,0.0
ndiayas01w,7,0,HOU,10.0,0.0,74.0,12.0,2.0,9.0,11.0,4.0,1.0,3.0,8.0,7.0,19.0,5.0,4.0,2.0,0.0,0.0,0.0,0.0,0.0,0.0,0.0,0.0,0.0,0.0,0.0,0.0,0.0,0.0,0.0,0.0,0.0,0.0,0.0,0.0,0.0,0.0,0.0
ndiayas01w,8,0,SEA,11.0,3.0,127.0,35.0,10.0,20.0,30.0,8.0,1.0,1.0,10.0,14.0,35.0,16.0,6.0,3.0,0.0,0.0,0.0,0.0,0.0,0.0,0.0,0.0,0.0,0.0,0.0,0.0,0.0,0.0,0.0,0.0,0.0,0.0,0.0,0.0,0.0,0.0,0.0
ndongem01w,7,0,LAS,25.54,14.06,551.91,185.83,24.96,56.79,81.75,42.45,20.43,9.74,39.28,53.91,160.15,67.6,52.41,38.9,34.99,11.74,0.55,2.0,1.09,44.98,14.88,1.82,4.73,6.55,3.21,1.47,0.67,2.84,4.28,12.66,5.27,4.5,3.36,2.66,0.98,0.04,0.04
nemcoev01w,2,0,CLE,14.0,14.0,443.0,185.0,9.0,32.0,41.0,23.0,15.0,8.0,27.0,29.0,164.0,67.0,24.0,22.0,71.0,29.0,0.0,0.0,0.0,0.0,0.0,0.0,0.0,0.0,0.0,0.0,0.0,0.0,0.0,0.0,0.0,0.0,0.0,0.0,0.0,0.0,0.0
nevescl01w,2,0,DET,30.0,20.0,636.0,179.0,8.0,27.0,35.0,59.0,31.0,1.0,55.0,30.0,166.0,63.0,30.0,25.0,92.0,28.0,0.0,0.0,0.0,0.0,0.0,0.0,0.0,0.0,0.0,0.0,0.0,0.0,0.0,0.0,0.0,0.0,0.0,0.0,0.0,0.0,0.0
nevescl01w,3,0,MIA,22.0,15.0,407.0,95.0,3.0,26.0,29.0,34.0,21.0,0.0,28.0,21.0,94.0,34.0,8.0,8.0,52.0,19.0,0.0,0.0,0.0,0.0,0.0,0.0,0.0,0.0,0.0,0.0,0.0,0.0,0.0,0.0,0.0,0.0,0.0,0.0,0.0,0.0,0.0
newtoch01w,6,0,SAC,26.65,15.15,595.55,202.63,28.15,62.64,90.79,45.87,22.75,11.35,41.56,56.01,175.03,74.17,56.05,41.7,35.87,12.58,0.49,2.27,1.3,51.9,17.12,2.49,5.36,7.85,3.75,2.1,1.04,3.58,4.45,15.18,6.27,4.4,3.37,3.32,1.21,0.01,0.04
newtoch01w,7,0,CHI,34.0,34.0,715.0,148.0,32.0,34.0,66.0,55.0,24.0,9.0,37.0,102.0,149.0,60.0,36.0,22.0,25.0,6.0,0.0,8.0,8.0,182.0,46.0,4.0,10.0,14.0,8.0,2.0,0.0,11.0,19.0,42.0,18.0,12.0,8.0,4.0,2.0,0.0,0.0
newtoch01w,8,0,SAC,27.0,11.0,648.0,176.0,19.0,52.0,71.0,58.0,36.0,7.0,40.0,69.0,155.0,52.0,80.0,59.0,49.0,13.0,0.0,0.0,0.0,0.0,0.0,0.0,0.0,0.0,0.0,0.0,0.0,0.0,0.0,0.0,0.0,0.0,0.0,0.0,0.0,0.0,0.0
newtoch01w,9,0,SAC,34.0,34.0,696.0,219.0,28.0,34.0,62.0,46.0,31.0,6.0,42.0,96.0,197.0,74.0,78.0,60.0,33.0,11.0,2.0,3.0,3.0,46.0,9.0,4.0,3.0,7.0,3.0,5.0,1.0,3.0,13.0,12.0,3.0,2.0,2.0,1.0,1.0,0.0,0.0
newtoch01w,10,0,SAC,26.0,0.0,393.0,117.0,13.0,22.0,35.0,28.0,30.0,1.0,25.0,56.0,95.0,38.0,51.0,39.0,7.0,2.0,0.0,3.0,0.0,44.0,13.0,0.0,2.0,2.0,3.0,2.0,0.0,2.0,8.0,7.0,5.0,2.0,2.0,1.0,1.0,1.0,0.0
ngarsch01w,7,0,NYL,25.54,14.06,551.91,185.83,24.96,56.79,81.75,42.45,20.43,9.74,39.28,53.91,160.15,67.6,52.41,38.9,34.99,11.74,0.55,2.0,1.09,44.98,14.88,1.82,4.73,6.55,3.21,1.47,0.67,2.84,4.28,12.66,5.27,4.5,3.36,2.66,0.98,0.04,0.04
ngoyibe01w,3,0,NYL,25.23,13.75,548.8,181.49,26.81,57.19,84.0,40.49,21.88,9.7,39.26,50.48,160.77,66.49,49.2,36.53,35.69,11.98,0.41,1.74,1.06,41.03,13.2,1.91,4.14,6.05,3.08,1.38,0.95,2.43,3.52,11.93,4.9,3.33,2.48,2.82,0.93,0.02,0.05
ngoyibe01w,6,0,SAS,7.0,0.0,12.0,6.0,1.0,4.0,5.0,0.0,0.0,2.0,0.0,2.0,5.0,3.0,0.0,0.0,0.0,0.0,0.0,3.0,0.0,10.0,8.0,1.0,2.0,3.0,0.0,0.0,0.0,1.0,2.0,5.0,3.0,5.0,2.0,0.0,0.0,0.0,0.0
ngoyibe01w,7,0,CHI,26.0,0.0,251.0,111.0,17.0,44.0,61.0,5.0,5.0,2.0,25.0,45.0,81.0,46.0,26.0,19.0,0.0,0.0,1.0,0.0,0.0,0.0,0.0,0.0,0.0,0.0,0.0,0.0,0.0,0.0,0.0,0.0,0.0,0.0,0.0,0.0,0.0,0.0,0.0
ngoyibe01w,9,0,IND,30.0,23.0,627.0,302.0,65.0,105.0,170.0,28.0,14.0,7.0,60.0,89.0,231.0,122.0,98.0,58.0,0.0,0.0,1.0,0.0,0.0,0.0,0.0,0.0,0.0,0.0,0.0,0.0,0.0,0.0,0.0,0.0,0.0,0.0,0.0,0.0,0.0,0.0,0.0
nieuwma01w,6,0,LAS,26.65,15.15,595.55,202.63,28.15,62.64,90.79,45.87,22.75,11.35,41.56,56.01,175.03,74.17,56.05,41.7,35.87,12.58,0.49,2.27,1.3,51.9,17.12,2.49,5.36,7.85,3.75,2.1,1.04,3.58,4.45,15.18,6.27,4.4,3.37,3.32,1.21,0.01,0.04
nnamach01w,9,0,ATL,26.3,13.75,549.16,209.96,28.39,66.05,94.44,44.4,21.72,10.61,42.77,53.46,179.59,76.48,55.67,42.66,40.99,14.34,0.44,2.46,1.36,56.15,22.09,2.92,7.19,10.11,4.72,1.89,1.15,3.64,5.21,19.28,8.05,5.13,3.95,5.4,2.05,0.05,0.07
nolande01w,2,0,DET,27.47,15.65,612.86,211.84,30.0,62.37,92.37,47.2,24.88,10.88,46.06,62.03,178.46,77.47,60.54,44.63,37.18,12.27,0.68,1.69,0.94,39.12,12.03,2.0,4.03,6.03,2.86,1.51,0.62,2.58,3.48,10.52,4.54,2.79,2.14,2.45,0.81,0.03,0.02
nolande01w,3,0,DET,27.0,0.0,545.0,192.0,16.0,37.0,53.0,30.0,17.0,6.0,35.0,43.0,194.0,64.0,53.0,43.0,73.0,21.0,0.0,0.0,0.0,0.0,0.0,0.0,0.0,0.0,0.0,0.0,0.0,0.0,0.0,0.0,0.0,0.0,0.0,0.0,0.0,0.0,0.0
nolande01w,4,0,DET,32.0,32.0,804.0,277.0,17.0,70.0,87.0,62.0,27.0,12.0,61.0,74.0,248.0,103.0,36.0,29.0,114.0,42.0,1.0,0.0,0.0,0.0,0.0,0.0,0.0,0.0,0.0,0.0,0.0,0.0,0.0,0.0,0.0,0.0,0.0,0.0,0.0,0.0,0.0
nolande01w,5,0,DET,32.0,32.0,954.0,396.0,12.0,95.0,107.0,83.0,41.0,14.0,69.0,65.0,312.0,136.0,96.0,76.0,114.0,48.0,0.0,8.0,8.0,257.0,124.0,4.0,25.0,29.0,21.0,10.0,2.0,13.0,21.0,96.0,44.0,16.0,15.0,47.0,21.0,0.0,0.0
nolande01w,6,0,DET,34.0,34.0,1138.0,464.0,29.0,105.0,134.0,112.0,66.0,12.0,90.0,75.0,435.0,166.0,124.0,99.0,114.0,33.0,1.0,3.0,3.0,119.0,54.0,3.0,11.0,14.0,7.0,5.0,0.0,10.0,5.0,45.0,18.0,15.0,14.0,13.0,4.0,0.0,0.0
nolande01w,7,0,DET,33.0,33.0,1213.0,524.0,31.0,125.0,156.0,121.0,55.0,14.0,100.0,64.0,462.0,184.0,160.0,128.0,90.0,28.0,0.0,2.0,2.0,79.0,37.0,1.0,7.0,8.0,7.0,2.0,2.0,6.0,4.0,37.0,15.0,7.0,6.0,4.0,1.0,0.0,0.0
nolande01w,8,0,DET,34.0,34.0,1088.0,468.0,32.0,121.0,153.0,124.0,47.0,11.0,86.0,79.0,425.0,172.0,100.0,85.0,113.0,39.0,1.0,10.0,10.0,357.0,178.0,8.0,33.0,41.0,39.0,16.0,2.0,27.0,19.0,148.0,72.0,30.0,25.0,21.0,9.0,0.0,1.0
nolande01w,9,0,DET,34.0,34.0,1175.0,553.0,35.0,113.0,148.0,132.0,49.0,12.0,82.0,69.0,480.0,221.0,79.0,65.0,117.0,46.0,0.0,11.0,11.0,412.0,208.0,10.0,59.0,69.0,45.0,9.0,3.0,21.0,29.0,188.0,80.0,30.0,27.0,47.0,21.0,0.0,0.0
nolande01w,10,0,DET,34.0,34.0,1144.0,538.0,26.0,107.0,133.0,150.0,42.0,10.0,73.0,68.0,465.0,216.0,73.0,63.0,115.0,43.0,1.0,9.0,9.0,349.0,158.0,8.0,33.0,41.0,26.0,19.0,3.0,24.0,24.0,156.0,56.0,33.0,31.0,44.0,15.0,0.0,0.0
nygaava01w,2,0,POR,32.0,28.0,843.0,253.0,50.0,71.0,121.0,30.0,17.0,5.0,38.0,98.0,209.0,91.0,54.0,41.0,90.0,30.0,2.0,0.0,0.0,0.0,0.0,0.0,0.0,0.0,0.0,0.0,0.0,0.0,0.0,0.0,0.0,0.0,0.0,0.0,0.0,0.0,0.0
nygaava01w,3,0,MIA,31.0,0.0,259.0,76.0,13.0,22.0,35.0,10.0,6.0,2.0,14.0,48.0,72.0,28.0,3.0,1.0,49.0,19.0,0.0,0.0,0.0,0.0,0.0,0.0,0.0,0.0,0.0,0.0,0.0,0.0,0.0,0.0,0.0,0.0,0.0,0.0,0.0,0.0,0.0
nygaava01w,4,0,LAS,29.0,22.0,443.0,120.0,27.0,40.0,67.0,9.0,11.0,1.0,13.0,49.0,101.0,43.0,13.0,10.0,64.0,24.0,0.0,0.0,0.0,0.0,0.0,0.0,0.0,0.0,0.0,0.0,0.0,0.0,0.0,0.0,0.0,0.0,0.0,0.0,0.0,0.0,0.0
ogayu01w,9,0,PHO,26.3,13.75,549.16,209.96,28.39,66.05,94.44,44.4,21.72,10.61,42.77,53.46,179.59,76.48,55.67,42.66,40.99,14.34,0.44,2.46,1.36,56.15,22.09,2.92,7.19,10.11,4.72,1.89,1.15,3.64,5.21,19.28,8.05,5.13,3.95,5.4,2.05,0.05,0.07
ohldeni01w,5,0,MIN,28.7,17.01,651.85,232.97,33.24,71.39,104.63,51.13,24.66,12.93,46.39,61.6,201.87,85.06,63.94,47.89,44.05,14.97,0.58,2.22,1.39,53.69,18.96,2.43,6.16,8.59,4.55,1.83,1.16,3.5,5.1,16.68,6.86,5.2,4.12,3.5,1.13,0.02,0.06
ohldeni01w,6,0,MIN,34.0,34.0,1018.0,397.0,83.0,111.0,194.0,60.0,16.0,45.0,74.0,103.0,308.0,136.0,177.0,125.0,2.0,0.0,1.0,2.0,2.0,74.0,28.0,4.0,6.0,10.0,9.0,1.0,0.0,6.0,5.0,23.0,11.0,10.0,6.0,0.0,0.0,0.0,0.0
ohldeni01w,7,0,MIN,34.0,34.0,1038.0,382.0,63.0,131.0,194.0,78.0,21.0,22.0,84.0,92.0,292.0,133.0,142.0,116.0,2.0,0.0,1.0,0.0,0.0,0.0,0.0,0.0,0.0,0.0,0.0,0.0,0.0,0.0,0.0,0.0,0.0,0.0,0.0,0.0,0.0,0.0,0.0
ohldeni01w,8,0,MIN,34.0,34.0,870.0,327.0,61.0,129.0,190.0,54.0,20.0,25.0,74.0,99.0,265.0,120.0,131.0,87.0,1.0,0.0,0.0,0.0,0.0,0.0,0.0,0.0,0.0,0.0,0.0,0.0,0.0,0.0,0.0,0.0,0.0,0.0,0.0,0.0,0.0,0.0,0.0
ohldeni01w,9,0,MIN,34.0,34.0,922.0,392.0,69.0,139.0,208.0,56.0,17.0,20.0,82.0,127.0,342.0,128.0,161.0,136.0,0.0,0.0,4.0,0.0,0.0,0.0,0.0,0.0,0.0,0.0,0.0,0.0,0.0,0.0,0.0,0.0,0.0,0.0,0.0,0.0,0.0,0.0,0.0
ohldeni01w,10,0,PHO,34.0,34.0,559.0,197.0,44.0,68.0,112.0,45.0,10.0,22.0,50.0,88.0,161.0,73.0,65.0,51.0,0.0,0.0,1.0,0.0,0.0,0.0,0.0,0.0,0.0,0.0,0.0,0.0,0.0,0.0,0.0,0.0,0.0,0.0,0.0,0.0,0.0,0.0,0.0
oneilkr01w,9,0,SEA,26.3,13.75,549.16,209.96,28.39,66.05,94.44,44.4,21.72,10.61,42.77,53.46,179.59,76.48,55.67,42.66,40.99,14.34,0.44,2.46,1.36,56.15,22.09,2.92,7.19,10.11,4.72,1.89,1.15,3.64,5.21,19.28,8.05,5.13,3.95,5.4,2.05,0.05,0.07
osipoir01w,7,0,DET,25.54,14.06,551.91,185.83,24.96,56.79,81.75,42.45,20.43,9.74,39.28,53.91,160.15,67.6,52.41,38.9,34.99,11.74,0.55,2.0,1.09,44.98,14.88,1.82,4.73,6.55,3.21,1.47,0.67,2.84,4.28,12.66,5.27,4.5,3.36,2.66,0.98,0.04,0.04
owenssh01w,3,0,CHA,31.0,16.0,605.0,131.0,47.0,50.0,97.0,21.0,11.0,26.0,54.0,95.0,131.0,51.0,54.0,29.0,0.0,0.0,3.0,0.0,0.0,0.0,0.0,0.0,0.0,0.0,0.0,0.0,0.0,0.0,0.0,0.0,0.0,0.0,0.0,0.0,0.0,0.0,0.0
pageda01w,9,0,CON,26.3,13.75,549.16,209.96,28.39,66.05,94.44,44.4,21.72,10.61,42.77,53.46,179.59,76.48,55.67,42.66,40.99,14.34,0.44,2.46,1.36,56.15,22.09,2.92,7.19,10.11,4.72,1.89,1.15,3.64,5.21,19.28,8.05,5.13,3.95,5.4,2.05,0.05,0.07
pagemu01w,2,0,WAS,32.0,32.0,1046.0,314.0,79.0,129.0,208.0,64.0,23.0,32.0,63.0,103.0,222.0,131.0,92.0,52.0,0.0,0.0,2.0,2.0,2.0,69.0,11.0,2.0,4.0,6.0,1.0,2.0,0.0,4.0,5.0,9.0,4.0,4.0,3.0,0.0,0.0,0.0,0.0
pagemu01w,3,0,WAS,32.0,32.0,989.0,225.0,74.0,103.0,177.0,55.0,30.0,36.0,60.0,88.0,231.0,100.0,36.0,21.0,17.0,4.0,2.0,0.0,0.0,0.0,0.0,0.0,0.0,0.0,0.0,0.0,0.0,0.0,0.0,0.0,0.0,0.0,0.0,0.0,0.0,0.0,0.0
pagemu01w,4,0,WAS,32.0,15.0,750.0,208.0,55.0,100.0,155.0,37.0,14.0,15.0,45.0,79.0,195.0,88.0,53.0,30.0,4.0,2.0,0.0,5.0,0.0,113.0,48.0,6.0,16.0,22.0,4.0,1.0,4.0,3.0,12.0,27.0,17.0,15.0,14.0,0.0,0.0,0.0,0.0
pagemu01w,5,0,WAS,34.0,34.0,850.0,213.0,62.0,90.0,152.0,35.0,18.0,24.0,41.0,101.0,220.0,83.0,56.0,42.0,12.0,5.0,0.0,0.0,0.0,0.0,0.0,0.0,0.0,0.0,0.0,0.0,0.0,0.0,0.0,0.0,0.0,0.0,0.0,0.0,0.0,0.0,0.0
pagemu01w,6,0,WAS,33.0,19.0,809.0,184.0,40.0,100.0,140.0,36.0,25.0,16.0,30.0,85.0,175.0,81.0,40.0,22.0,3.0,0.0,1.0,3.0,3.0,90.0,11.0,3.0,11.0,14.0,4.0,0.0,1.0,3.0,5.0,16.0,5.0,2.0,1.0,0.0,0.0,0.0,0.0
pagemu01w,7,0,LAS,34.0,4.0,589.0,108.0,21.0,62.0,83.0,25.0,15.0,9.0,23.0,56.0,119.0,47.0,8.0,8.0,22.0,6.0,0.0,0.0,0.0,0.0,0.0,0.0,0.0,0.0,0.0,0.0,0.0,0.0,0.0,0.0,0.0,0.0,0.0,0.0,0.0,0.0,0.0
pagemu01w,8,0,LAS,34.0,4.0,690.0,167.0,40.0,81.0,121.0,33.0,17.0,9.0,30.0,63.0,140.0,66.0,46.0,35.0,3.0,0.0,1.0,5.0,1.0,118.0,28.0,10.0,13.0,23.0,3.0,3.0,2.0,2.0,11.0,29.0,9.0,11.0,9.0,2.0,1.0,0.0,0.0
pagemu01w,9,0,LAS,34.0,8.0,627.0,163.0,33.0,78.0,111.0,45.0,14.0,9.0,25.0,68.0,170.0,71.0,24.0,19.0,10.0,2.0,0.0,0.0,0.0,0.0,0.0,0.0,0.0,0.0,0.0,0.0,0.0,0.0,0.0,0.0,0.0,0.0,0.0,0.0,0.0,0.0,0.0
paigeyo01w,6,0,IND,26.65,15.15,595.55,202.63,28.15,62.64,90.79,45.87,22.75,11.35,41.56,56.01,175.03,74.17,56.05,41.7,35.87,12.58,0.49,2.27,1.3,51.9,17.12,2.49,5.36,7.85,3.75,2.1,1.04,3.58,4.45,15.18,6.27,4.4,3.37,3.32,1.21,0.01,0.04
paliesa01w,7,0,DET,25.54,14.06,551.91,185.83,24.96,56.79,81.75,42.45,20.43,9.74,39.28,53.91,160.15,67.6,52.41,38.9,34.99,11.74,0.55,2.0,1.09,44.98,14.88,1.82,4.73,6.55,3.21,1.47,0.67,2.84,4.28,12.66,5.27,4.5,3.36,2.66,0.98,0.04,0.04
palmewe01w,2,0,DET,32.0,30.0,914.0,441.0,67.0,152.0,219.0,39.0,20.0,10.0,65.0,112.0,373.0,167.0,135.0,95.0,48.0,12.0,2.0,0.0,0.0,0.0,0.0,0.0,0.0,0.0,0.0,0.0,0.0,0.0,0.0,0.0,0.0,0.0,0.0,0.0,0.0,0.0,0.0
palmewe01w,3,1,DET,22.0,22.0,651.0,233.0,38.0,116.0,154.0,23.0,23.0,4.0,48.0,64.0,215.0,91.0,59.0,40.0,33.0,11.0,0.0,0.0,0.0,0.0,0.0,0.0,0.0,0.0,0.0,0.0,0.0,0.0,0.0,0.0,0.0,0.0,0.0,0.0,0.0,0.0,0.0
palmewe01w,3,2,ORL,16.0,16.0,464.0,184.0,27.0,69.0,96.0,20.0,13.0,2.0,34.0,44.0,153.0,65.0,53.0,35.0,60.0,19.0,0.0,0.0,0.0,0.0,0.0,0.0,0.0,0.0,0.0,0.0,0.0,0.0,0.0,0.0,0.0,0.0,0.0,0.0,0.0,0.0,0.0
palmewe01w,4,0,CON,16.0,16.0,501.0,180.0,20.0,73.0,93.0,21.0,22.0,6.0,23.0,46.0,148.0,65.0,39.0,27.0,60.0,23.0,0.0,0.0,0.0,0.0,0.0,0.0,0.0,0.0,0.0,0.0,0.0,0.0,0.0,0.0,0.0,0.0,0.0,0.0,0.0,0.0,0.0
palmewe01w,5,0,CON,32.0,1.0,433.0,149.0,29.0,77.0,106.0,16.0,11.0,3.0,35.0,62.0,147.0,58.0,28.0,23.0,46.0,10.0,0.0,4.0,0.0,64.0,29.0,1.0,11.0,12.0,3.0,0.0,0.0,7.0,9.0,22.0,13.0,3.0,2.0,4.0,1.0,0.0,0.0
palmewe01w,6,0,SAS,33.0,33.0,786.0,297.0,47.0,135.0,182.0,30.0,23.0,5.0,40.0,77.0,253.0,108.0,85.0,68.0,41.0,13.0,0.0,8.0,8.0,156.0,44.0,10.0,25.0,35.0,1.0,3.0,3.0,8.0,11.0,49.0,18.0,8.0,5.0,12.0,3.0,0.0,1.0
palmewe01w,7,0,SEA,34.0,29.0,882.0,326.0,53.0,140.0,193.0,33.0,20.0,7.0,42.0,74.0,242.0,125.0,70.0,52.0,56.0,24.0,0.0,0.0,0.0,0.0,0.0,0.0,0.0,0.0,0.0,0.0,0.0,0.0,0.0,0.0,0.0,0.0,0.0,0.0,0.0,0.0,0.0
palmewe01w,8,0,SEA,5.0,2.0,120.0,47.0,13.0,25.0,38.0,3.0,5.0,3.0,10.0,17.0,33.0,16.0,19.0,14.0,3.0,1.0,0.0,0.0,0.0,0.0,0.0,0.0,0.0,0.0,0.0,0.0,0.0,0.0,0.0,0.0,0.0,0.0,0.0,0.0,0.0,0.0,0.0
parisco01w,10,0,SAC,28.09,16.51,621.77,243.43,31.76,73.59,105.35,52.2,25.52,12.22,47.11,63.24,204.69,87.19,69.31,52.68,47.79,16.38,0.56,2.5,1.31,55.1,20.23,2.49,6.44,8.93,4.32,1.95,1.01,4.04,5.19,17.52,7.26,5.39,4.28,4.31,1.42,0.02,0.05
parkeca01w,9,0,LAS,26.3,13.75,549.16,209.96,28.39,66.05,94.44,44.4,21.72,10.61,42.77,53.46,179.59,76.48,55.67,42.66,40.99,14.34,0.44,2.46,1.36,56.15,22.09,2.92,7.19,10.11,4.72,1.89,1.15,3.64,5.21,19.28,8.05,5.13,3.95,5.4,2.05,0.05,0.07
parkeca01w,10,0,LAS,33.0,33.0,1109.0,610.0,84.0,229.0,313.0,113.0,42.0,75.0,93.0,91.0,442.0,231.0,187.0,137.0,26.0,11.0,2.0,6.0,6.0,219.0,90.0,20.0,39.0,59.0,23.0,9.0,13.0,17.0,16.0,74.0,34.0,29.0,22.0,7.0,0.0,0.0,2.0
pascafl01w,9,0,SEA,26.3,13.75,549.16,209.96,28.39,66.05,94.44,44.4,21.72,10.61,42.77,53.46,179.59,76.48,55.67,42.66,40.99,14.34,0.44,2.46,1.36,56.15,22.09,2.92,7.19,10.11,4.72,1.89,1.15,3.64,5.21,19.28,8.05,5.13,3.95,5.4,2.05,0.05,0.07
pavlimi01w,2,0,UTA,27.47,15.65,612.86,211.84,30.0,62.37,92.37,47.2,24.88,10.88,46.06,62.03,178.46,77.47,60.54,44.63,37.18,12.27,0.68,1.69,0.94,39.12,12.03,2.0,4.03,6.03,2.86,1.51,0.62,2.58,3.48,10.52,4.54,2.79,2.14,2.45,0.81,0.03,0.02
pavlimi01w,4,0,PHO,10.0,0.0,21.0,1.0,0.0,6.0,6.0,1.0,0.0,2.0,1.0,0.0,2.0,0.0,2.0,1.0,0.0,0.0,0.0,1.0,0.0,2.0,0.0,0.0,0.0,0.0,0.0,0.0,0.0,0.0,0.0,0.0,0.0,0.0,0.0,0.0,0.0,0.0,0.0
payeka01w,2,0,MIN,28.0,12.0,408.0,56.0,3.0,27.0,30.0,38.0,8.0,6.0,28.0,49.0,58.0,19.0,9.0,6.0,41.0,12.0,0.0,0.0,0.0,0.0,0.0,0.0,0.0,0.0,0.0,0.0,0.0,0.0,0.0,0.0,0.0,0.0,0.0,0.0,0.0,0.0,0.0
payeka01w,3,0,SEA,32.0,16.0,652.0,91.0,7.0,54.0,61.0,97.0,21.0,0.0,46.0,55.0,78.0,30.0,16.0,11.0,56.0,20.0,0.0,0.0,0.0,0.0,0.0,0.0,0.0,0.0,0.0,0.0,0.0,0.0,0.0,0.0,0.0,0.0,0.0,0.0,0.0,0.0,0.0
penicti01w,2,0,SAC,30.0,30.0,936.0,208.0,12.0,77.0,89.0,236.0,70.0,6.0,71.0,71.0,185.0,68.0,107.0,62.0,50.0,10.0,1.0,2.0,2.0,77.0,16.0,2.0,5.0,7.0,14.0,4.0,0.0,6.0,10.0,16.0,4.0,6.0,5.0,6.0,3.0,1.0,0.0
penicti01w,3,0,SAC,23.0,22.0,744.0,144.0,6.0,80.0,86.0,172.0,40.0,8.0,64.0,58.0,124.0,42.0,64.0,49.0,42.0,11.0,1.0,5.0,5.0,163.0,31.0,3.0,16.0,19.0,33.0,3.0,4.0,9.0,9.0,40.0,10.0,4.0,4.0,19.0,7.0,0.0,0.0
penicti01w,4,0,SAC,24.0,24.0,853.0,203.0,7.0,95.0,102.0,192.0,64.0,1.0,69.0,49.0,159.0,60.0,103.0,75.0,32.0,8.0,0.0,0.0,0.0,0.0,0.0,0.0,0.0,0.0,0.0,0.0,0.0,0.0,0.0,0.0,0.0,0.0,0.0,0.0,0.0,0.0,0.0
penicti01w,5,0,SAC,34.0,34.0,1089.0,183.0,29.0,90.0,119.0,229.0,61.0,1.0,81.0,76.0,205.0,62.0,76.0,44.0,60.0,15.0,1.0,6.0,6.0,143.0,25.0,1.0,13.0,14.0,18.0,6.0,3.0,7.0,12.0,24.0,8.0,8.0,7.0,8.0,2.0,0.0,0.0
penicti01w,6,0,SAC,33.0,32.0,970.0,199.0,14.0,88.0,102.0,163.0,64.0,2.0,72.0,64.0,178.0,63.0,70.0,50.0,68.0,23.0,0.0,6.0,6.0,193.0,25.0,4.0,16.0,20.0,32.0,15.0,2.0,19.0,17.0,27.0,6.0,16.0,11.0,15.0,2.0,0.0,0.0
penicti01w,7,0,SAC,34.0,33.0,927.0,195.0,8.0,89.0,97.0,149.0,48.0,6.0,67.0,64.0,172.0,54.0,100.0,79.0,41.0,8.0,0.0,6.0,6.0,162.0,32.0,2.0,22.0,24.0,31.0,6.0,1.0,14.0,9.0,31.0,10.0,15.0,12.0,4.0,0.0,0.0,0.0
penicti01w,8,0,SAC,34.0,34.0,846.0,183.0,10.0,81.0,91.0,116.0,58.0,2.0,67.0,56.0,171.0,58.0,77.0,61.0,31.0,6.0,0.0,9.0,9.0,213.0,45.0,0.0,21.0,21.0,34.0,11.0,0.0,11.0,14.0,51.0,15.0,17.0,11.0,14.0,4.0,0.0,1.0
penicti01w,9,0,SAC,32.0,32.0,757.0,181.0,18.0,65.0,83.0,144.0,49.0,1.0,60.0,59.0,188.0,59.0,73.0,60.0,14.0,3.0,1.0,3.0,3.0,69.0,18.0,3.0,4.0,7.0,15.0,7.0,0.0,10.0,9.0,22.0,6.0,10.0,6.0,3.0,0.0,0.0,0.0
penicti01w,10,0,SAC,33.0,33.0,856.0,284.0,19.0,80.0,99.0,172.0,67.0,4.0,87.0,80.0,222.0,83.0,136.0,110.0,28.0,8.0,1.0,3.0,3.0,94.0,41.0,2.0,10.0,12.0,19.0,7.0,1.0,5.0,7.0,37.0,18.0,3.0,2.0,4.0,3.0,0.0,0.0
pennjo01w,4,0,WAS,26.12,15.6,604.13,208.08,28.55,61.69,90.24,47.04,23.71,11.16,42.62,55.83,178.36,75.29,57.52,43.31,41.07,14.19,0.53,1.78,1.11,44.72,16.41,2.01,4.64,6.66,3.96,1.6,0.72,2.72,3.83,13.91,6.03,4.09,3.11,3.47,1.23,0.02,0.05
pennjo01w,5,0,SAS,30.0,0.0,288.0,86.0,19.0,33.0,52.0,16.0,15.0,1.0,20.0,28.0,78.0,31.0,33.0,22.0,13.0,2.0,0.0,0.0,0.0,0.0,0.0,0.0,0.0,0.0,0.0,0.0,0.0,0.0,0.0,0.0,0.0,0.0,0.0,0.0,0.0,0.0,0.0
perkiji01w,5,0,CHA,28.7,17.01,651.85,232.97,33.24,71.39,104.63,51.13,24.66,12.93,46.39,61.6,201.87,85.06,63.94,47.89,44.05,14.97,0.58,2.22,1.39,53.69,18.96,2.43,6.16,8.59,4.55,1.83,1.16,3.5,5.1,16.68,6.86,5.2,4.12,3.5,1.13,0.02,0.06
perkiji01w,6,0,CHA,4.0,0.0,17.0,3.0,1.0,2.0,3.0,1.0,3.0,0.0,1.0,2.0,5.0,0.0,4.0,3.0,0.0,0.0,0.0,0.0,0.0,0.0,0.0,0.0,0.0,0.0,0.0,0.0,0.0,0.0,0.0,0.0,0.0,0.0,0.0,0.0,0.0,0.0,0.0
perkiji01w,7,0,CHI,30.0,11.0,464.0,150.0,24.0,20.0,44.0,32.0,29.0,9.0,32.0,45.0,151.0,64.0,30.0,19.0,9.0,3.0,0.0,0.0,0.0,0.0,0.0,0.0,0.0,0.0,0.0,0.0,0.0,0.0,0.0,0.0,0.0,0.0,0.0,0.0,0.0,0.0,0.0
perkiji01w,8,0,CHI,30.0,27.0,841.0,282.0,33.0,74.0,107.0,97.0,43.0,13.0,56.0,72.0,299.0,105.0,67.0,54.0,65.0,18.0,0.0,0.0,0.0,0.0,0.0,0.0,0.0,0.0,0.0,0.0,0.0,0.0,0.0,0.0,0.0,0.0,0.0,0.0,0.0,0.0,0.0
perkiji01w,9,0,CHI,33.0,5.0,762.0,386.0,30.0,80.0,110.0,75.0,50.0,7.0,51.0,65.0,330.0,153.0,53.0,41.0,90.0,39.0,1.0,0.0,0.0,0.0,0.0,0.0,0.0,0.0,0.0,0.0,0.0,0.0,0.0,0.0,0.0,0.0,0.0,0.0,0.0,0.0,0.0
perkiji01w,10,0,CHI,34.0,34.0,1083.0,577.0,44.0,93.0,137.0,96.0,64.0,10.0,61.0,76.0,488.0,213.0,119.0,106.0,124.0,45.0,1.0,0.0,0.0,0.0,0.0,0.0,0.0,0.0,0.0,0.0,0.0,0.0,0.0,0.0,0.0,0.0,0.0,0.0,0.0,0.0,0.0
pettibr01w,2,0,PHO,32.0,6.0,583.0,189.0,19.0,41.0,60.0,46.0,31.0,4.0,39.0,62.0,168.0,60.0,61.0,49.0,75.0,20.0,1.0,2.0,0.0,41.0,21.0,1.0,4.0,5.0,6.0,1.0,0.0,3.0,7.0,18.0,7.0,2.0,2.0,11.0,5.0,0.0,0.0
pettibr01w,3,0,IND,32.0,1.0,497.0,172.0,30.0,30.0,60.0,50.0,28.0,4.0,38.0,47.0,159.0,53.0,56.0,46.0,63.0,20.0,1.0,0.0,0.0,0.0,0.0,0.0,0.0,0.0,0.0,0.0,0.0,0.0,0.0,0.0,0.0,0.0,0.0,0.0,0.0,0.0,0.0
pettibr01w,4,0,IND,32.0,0.0,375.0,113.0,17.0,22.0,39.0,17.0,8.0,0.0,24.0,22.0,107.0,38.0,39.0,28.0,43.0,9.0,0.0,3.0,0.0,43.0,16.0,6.0,3.0,9.0,2.0,0.0,0.0,4.0,0.0,15.0,5.0,7.0,5.0,3.0,1.0,0.0,0.0
pettibr01w,7,0,PHO,31.0,0.0,148.0,49.0,5.0,14.0,19.0,8.0,4.0,1.0,8.0,17.0,52.0,15.0,17.0,13.0,27.0,6.0,0.0,0.0,0.0,0.0,0.0,0.0,0.0,0.0,0.0,0.0,0.0,0.0,0.0,0.0,0.0,0.0,0.0,0.0,0.0,0.0,0.0
philler01w,7,0,CON,25.54,14.06,551.91,185.83,24.96,56.79,81.75,42.45,20.43,9.74,39.28,53.91,160.15,67.6,52.41,38.9,34.99,11.74,0.55,2.0,1.09,44.98,14.88,1.82,4.73,6.55,3.21,1.47,0.67,2.84,4.28,12.66,5.27,4.5,3.36,2.66,0.98,0.04,0.04
philler01w,9,0,CON,34.0,13.0,615.0,182.0,20.0,53.0,73.0,80.0,29.0,2.0,38.0,38.0,145.0,57.0,50.0,44.0,70.0,24.0,1.0,5.0,1.0,101.0,33.0,1.0,6.0,7.0,7.0,4.0,1.0,6.0,10.0,22.0,10.0,8.0,6.0,13.0,7.0,0.0,0.0
philler01w,10,0,CON,8.0,0.0,86.0,41.0,9.0,8.0,17.0,3.0,4.0,1.0,6.0,7.0,28.0,13.0,11.0,9.0,12.0,6.0,0.0,3.0,0.0,36.0,9.0,0.0,2.0,2.0,5.0,0.0,1.0,1.0,0.0,11.0,3.0,0.0,0.0,6.0,3.0,0.0,0.0
phillta01w,2,0,NYL,31.0,30.0,978.0,427.0,86.0,161.0,247.0,28.0,59.0,21.0,85.0,110.0,364.0,170.0,130.0,85.0,8.0,2.0,5.0,7.0,7.0,222.0,114.0,16.0,37.0,53.0,8.0,12.0,6.0,16.0,26.0,95.0,48.0,23.0,18.0,1.0,0.0,1.0,1.0
phillta01w,3,0,NYL,32.0,32.0,1049.0,489.0,89.0,168.0,257.0,34.0,48.0,17.0,84.0,110.0,410.0,208.0,125.0,73.0,4.0,0.0,0.0,6.0,6.0,202.0,68.0,15.0,34.0,49.0,10.0,9.0,6.0,17.0,17.0,62.0,26.0,34.0,16.0,1.0,0.0,1.0,0.0
phillta01w,4,0,NYL,32.0,31.0,1009.0,451.0,69.0,154.0,223.0,41.0,58.0,14.0,93.0,113.0,373.0,183.0,126.0,85.0,2.0,0.0,2.0,8.0,8.0,249.0,115.0,16.0,31.0,47.0,10.0,9.0,4.0,19.0,26.0,91.0,45.0,35.0,25.0,3.0,0.0,0.0,0.0
phillta01w,5,0,NYL,33.0,32.0,1033.0,372.0,99.0,181.0,280.0,56.0,56.0,28.0,92.0,118.0,358.0,142.0,134.0,87.0,5.0,1.0,3.0,0.0,0.0,0.0,0.0,0.0,0.0,0.0,0.0,0.0,0.0,0.0,0.0,0.0,0.0,0.0,0.0,0.0,0.0,0.0,0.0
phillta01w,6,0,HOU,13.0,13.0,311.0,87.0,28.0,42.0,70.0,16.0,14.0,10.0,33.0,41.0,95.0,33.0,46.0,21.0,0.0,0.0,1.0,0.0,0.0,0.0,0.0,0.0,0.0,0.0,0.0,0.0,0.0,0.0,0.0,0.0,0.0,0.0,0.0,0.0,0.0,0.0,0.0
phillta01w,7,0,HOU,32.0,1.0,366.0,111.0,30.0,49.0,79.0,14.0,11.0,8.0,30.0,56.0,94.0,40.0,48.0,31.0,0.0,0.0,0.0,5.0,0.0,53.0,13.0,1.0,8.0,9.0,1.0,1.0,0.0,4.0,6.0,12.0,5.0,4.0,3.0,0.0,0.0,0.0,0.0
phillta01w,8,0,HOU,21.0,2.0,222.0,59.0,12.0,35.0,47.0,4.0,9.0,5.0,23.0,37.0,52.0,20.0,29.0,19.0,0.0,0.0,1.0,0.0,0.0,0.0,0.0,0.0,0.0,0.0,0.0,0.0,0.0,0.0,0.0,0.0,0.0,0.0,0.0,0.0,0.0,0.0,0.0
pierspl01w,4,0,PHO,26.12,15.6,604.13,208.08,28.55,61.69,90.24,47.04,23.71,11.16,42.62,55.83,178.36,75.29,57.52,43.31,41.07,14.19,0.53,1.78,1.11,44.72,16.41,2.01,4.64,6.66,3.96,1.6,0.72,2.72,3.83,13.91,6.03,4.09,3.11,3.47,1.23,0.02,0.05
pierspl01w,5,0,PHO,33.0,5.0,602.0,198.0,37.0,43.0,80.0,22.0,19.0,13.0,42.0,87.0,177.0,67.0,101.0,64.0,2.0,0.0,1.0,0.0,0.0,0.0,0.0,0.0,0.0,0.0,0.0,0.0,0.0,0.0,0.0,0.0,0.0,0.0,0.0,0.0,0.0,0.0,0.0
pierspl01w,6,2,DET,31.0,25.0,803.0,290.0,46.0,85.0,131.0,26.0,26.0,17.0,49.0,102.0,253.0,112.0,109.0,66.0,3.0,0.0,4.0,0.0,0.0,0.0,0.0,0.0,0.0,0.0,0.0,0.0,0.0,0.0,0.0,0.0,0.0,0.0,0.0,0.0,0.0,0.0,0.0
pierspl01w,6,1,PHO,23.0,0.0,444.0,178.0,27.0,35.0,62.0,21.0,14.0,6.0,42.0,54.0,126.0,55.0,96.0,67.0,1.0,1.0,0.0,2.0,0.0,20.0,4.0,3.0,3.0,6.0,0.0,1.0,0.0,0.0,5.0,5.0,2.0,2.0,0.0,0.0,0.0,0.0,0.0
pierspl01w,7,0,DET,12.0,11.0,318.0,92.0,19.0,40.0,59.0,13.0,10.0,13.0,32.0,39.0,105.0,36.0,29.0,20.0,1.0,0.0,2.0,0.0,0.0,0.0,0.0,0.0,0.0,0.0,0.0,0.0,0.0,0.0,0.0,0.0,0.0,0.0,0.0,0.0,0.0,0.0,0.0
pierspl01w,8,0,DET,34.0,0.0,565.0,220.0,44.0,88.0,132.0,24.0,18.0,14.0,37.0,84.0,180.0,82.0,80.0,56.0,3.0,0.0,0.0,10.0,0.0,189.0,88.0,17.0,37.0,54.0,17.0,6.0,9.0,14.0,27.0,61.0,26.0,51.0,36.0,0.0,0.0,0.0,0.0
pierspl01w,9,0,DET,34.0,0.0,858.0,396.0,70.0,127.0,197.0,59.0,26.0,29.0,79.0,110.0,312.0,149.0,130.0,98.0,5.0,0.0,5.0,11.0,1.0,281.0,123.0,32.0,47.0,79.0,18.0,7.0,12.0,28.0,43.0,109.0,46.0,41.0,30.0,2.0,1.0,2.0,1.0
pierspl01w,10,0,DET,28.0,0.0,649.0,332.0,64.0,72.0,136.0,63.0,24.0,34.0,48.0,99.0,267.0,122.0,117.0,88.0,2.0,0.0,1.0,6.0,0.0,107.0,47.0,7.0,11.0,18.0,10.0,4.0,2.0,11.0,12.0,38.0,18.0,13.0,11.0,0.0,0.0,0.0,0.0
pondeca01w,7,0,PHO,25.54,14.06,551.91,185.83,24.96,56.79,81.75,42.45,20.43,9.74,39.28,53.91,160.15,67.6,52.41,38.9,34.99,11.74,0.55,2.0,1.09,44.98,14.88,1.82,4.73,6.55,3.21,1.47,0.67,2.84,4.28,12.66,5.27,4.5,3.36,2.66,0.98,0.04,0.04
pondeca01w,8,0,PHO,32.0,32.0,1067.0,624.0,37.0,70.0,107.0,98.0,37.0,4.0,45.0,84.0,495.0,219.0,163.0,139.0,126.0,47.0,3.0,0.0,0.0,0.0,0.0,0.0,0.0,0.0,0.0,0.0,0.0,0.0,0.0,0.0,0.0,0.0,0.0,0.0,0.0,0.0,0.0
pondeca01w,9,0,PHO,31.0,31.0,966.0,532.0,15.0,97.0,112.0,123.0,29.0,8.0,69.0,59.0,448.0,193.0,135.0,110.0,108.0,36.0,0.0,9.0,9.0,300.0,215.0,11.0,32.0,43.0,52.0,11.0,1.0,17.0,14.0,160.0,74.0,63.0,55.0,38.0,12.0,0.0,1.0
pondeca01w,10,0,PHO,32.0,32.0,1002.0,679.0,26.0,93.0,119.0,135.0,38.0,5.0,93.0,82.0,567.0,234.0,201.0,170.0,131.0,41.0,1.0,0.0,0.0,0.0,0.0,0.0,0.0,0.0,0.0,0.0,0.0,0.0,0.0,0.0,0.0,0.0,0.0,0.0,0.0,0.0,0.0
powelel01w,2,0,ORL,20.0,1.0,347.0,72.0,17.0,33.0,50.0,42.0,12.0,1.0,30.0,21.0,66.0,26.0,22.0,17.0,9.0,3.0,0.0,0.0,0.0,0.0,0.0,0.0,0.0,0.0,0.0,0.0,0.0,0.0,0.0,0.0,0.0,0.0,0.0,0.0,0.0,0.0,0.0
powelel01w,3,2,DET,32.0,32.0,1055.0,357.0,32.0,66.0,98.0,98.0,49.0,7.0,79.0,64.0,296.0,119.0,106.0,80.0,102.0,39.0,0.0,0.0,0.0,0.0,0.0,0.0,0.0,0.0,0.0,0.0,0.0,0.0,0.0,0.0,0.0,0.0,0.0,0.0,0.0,0.0,0.0
powelel01w,3,1,ORL,15.0,13.0,397.0,148.0,26.0,37.0,63.0,60.0,23.0,8.0,41.0,19.0,121.0,54.0,40.0,34.0,22.0,6.0,0.0,0.0,0.0,0.0,0.0,0.0,0.0,0.0,0.0,0.0,0.0,0.0,0.0,0.0,0.0,0.0,0.0,0.0,0.0,0.0,0.0
powelel01w,4,0,DET,15.0,1.0,308.0,88.0,7.0,25.0,32.0,30.0,20.0,4.0,30.0,31.0,99.0,35.0,26.0,16.0,11.0,2.0,0.0,0.0,0.0,0.0,0.0,0.0,0.0,0.0,0.0,0.0,0.0,0.0,0.0,0.0,0.0,0.0,0.0,0.0,0.0,0.0,0.0
powelel01w,5,0,DET,33.0,33.0,938.0,296.0,43.0,63.0,106.0,129.0,45.0,9.0,79.0,65.0,233.0,105.0,106.0,79.0,20.0,7.0,0.0,8.0,8.0,219.0,41.0,6.0,24.0,30.0,38.0,7.0,4.0,13.0,17.0,46.0,16.0,11.0,7.0,10.0,2.0,0.0,0.0
powelel01w,6,0,DET,30.0,26.0,760.0,133.0,31.0,53.0,84.0,134.0,36.0,8.0,61.0,67.0,138.0,52.0,50.0,29.0,0.0,0.0,0.0,3.0,3.0,97.0,23.0,4.0,2.0,6.0,21.0,10.0,0.0,8.0,7.0,14.0,7.0,17.0,9.0,0.0,0.0,0.0,0.0
powelel01w,7,1,CHI,29.0,21.0,671.0,163.0,25.0,55.0,80.0,77.0,29.0,4.0,51.0,62.0,142.0,62.0,65.0,39.0,2.0,0.0,0.0,2.0,0.0,32.0,0.0,2.0,5.0,7.0,5.0,3.0,0.0,2.0,5.0,0.0,0.0,0.0,0.0,0.0,0.0,0.0,0.0
powelel01w,7,2,DET,14.0,3.0,251.0,69.0,7.0,18.0,25.0,37.0,13.0,3.0,26.0,26.0,60.0,26.0,24.0,17.0,3.0,0.0,0.0,0.0,0.0,0.0,0.0,0.0,0.0,0.0,0.0,0.0,0.0,0.0,0.0,0.0,0.0,0.0,0.0,0.0,0.0,0.0,0.0
powelel01w,8,0,DET,11.0,0.0,120.0,14.0,7.0,6.0,13.0,15.0,3.0,0.0,9.0,9.0,16.0,3.0,14.0,8.0,2.0,0.0,0.0,0.0,0.0,0.0,0.0,0.0,0.0,0.0,0.0,0.0,0.0,0.0,0.0,0.0,0.0,0.0,0.0,0.0,0.0,0.0,0.0
powelel01w,9,0,DET,32.0,12.0,323.0,60.0,11.0,23.0,34.0,44.0,12.0,2.0,29.0,33.0,54.0,22.0,23.0,16.0,0.0,0.0,0.0,11.0,3.0,94.0,10.0,2.0,9.0,11.0,12.0,5.0,0.0,8.0,8.0,9.0,3.0,4.0,4.0,0.0,0.0,0.0,0.0
powelni01w,5,0,CHA,28.7,17.01,651.85,232.97,33.24,71.39,104.63,51.13,24.66,12.93,46.39,61.6,201.87,85.06,63.94,47.89,44.05,14.97,0.58,2.22,1.39,53.69,18.96,2.43,6.16,8.59,4.55,1.83,1.16,3.5,5.1,16.68,6.86,5.2,4.12,3.5,1.13,0.02,0.06
powelni01w,6,0,SAC,31.0,0.0,384.0,132.0,10.0,61.0,71.0,16.0,15.0,4.0,22.0,37.0,121.0,50.0,10.0,8.0,58.0,24.0,0.0,0.0,0.0,0.0,0.0,0.0,0.0,0.0,0.0,0.0,0.0,0.0,0.0,0.0,0.0,0.0,0.0,0.0,0.0,0.0,0.0
powelni01w,7,0,SAC,34.0,34.0,988.0,364.0,32.0,92.0,124.0,62.0,39.0,16.0,44.0,83.0,317.0,120.0,72.0,58.0,159.0,66.0,0.0,8.0,8.0,257.0,88.0,2.0,18.0,20.0,15.0,7.0,1.0,12.0,16.0,78.0,30.0,10.0,8.0,42.0,20.0,0.0,0.0
powelni01w,8,0,SAC,34.0,34.0,886.0,327.0,25.0,106.0,131.0,61.0,42.0,15.0,47.0,82.0,309.0,116.0,49.0,40.0,156.0,55.0,0.0,9.0,9.0,254.0,106.0,8.0,33.0,41.0,14.0,14.0,1.0,13.0,26.0,74.0,39.0,13.0,11.0,34.0,17.0,0.0,0.0
powelni01w,9,0,SAC,34.0,34.0,986.0,436.0,65.0,126.0,191.0,58.0,48.0,12.0,64.0,63.0,391.0,147.0,83.0,80.0,163.0,62.0,0.0,3.0,3.0,80.0,46.0,4.0,13.0,17.0,5.0,4.0,1.0,7.0,7.0,35.0,16.0,11.0,11.0,10.0,3.0,0.0,0.0
powelni01w,10,0,SAC,34.0,33.0,944.0,463.0,41.0,109.0,150.0,46.0,40.0,6.0,62.0,78.0,437.0,161.0,75.0,63.0,190.0,78.0,2.0,3.0,3.0,90.0,54.0,5.0,13.0,18.0,8.0,3.0,1.0,7.0,11.0,39.0,20.0,10.0,10.0,16.0,4.0,0.0,0.0
pricear01w,8,0,CHI,27.63,15.03,590.39,224.03,29.59,68.73,98.32,47.71,23.73,9.81,43.11,57.02,190.87,81.15,62.0,47.06,43.3,14.66,0.41,2.11,1.27,47.78,17.62,2.66,5.57,8.24,3.76,1.55,0.91,3.1,4.73,15.76,6.45,4.92,3.58,3.32,1.13,0.03,0.1
pricear01w,9,0,CHI,34.0,34.0,893.0,269.0,83.0,121.0,204.0,99.0,40.0,7.0,59.0,67.0,232.0,95.0,151.0,78.0,3.0,1.0,0.0,0.0,0.0,0.0,0.0,0.0,0.0,0.0,0.0,0.0,0.0,0.0,0.0,0.0,0.0,0.0,0.0,0.0,0.0,0.0,1.0
pricear01w,10,2,ATL,34.0,11.0,763.0,235.0,57.0,68.0,125.0,59.0,36.0,12.0,50.0,79.0,194.0,85.0,125.0,65.0,1.0,0.0,1.0,0.0,0.0,0.0,0.0,0.0,0.0,0.0,0.0,0.0,0.0,0.0,0.0,0.0,0.0,0.0,0.0,0.0,0.0,0.0,0.0
pricear01w,10,1,CHI,11.0,0.0,98.0,16.0,7.0,9.0,16.0,4.0,3.0,2.0,9.0,12.0,14.0,5.0,10.0,6.0,0.0,0.0,0.0,2.0,0.0,31.0,10.0,3.0,3.0,6.0,4.0,4.0,0.0,2.0,2.0,9.0,3.0,7.0,4.0,0.0,0.0,0.0,0.0
pridely01w,2,0,MIN,32.0,1.0,462.0,114.0,22.0,39.0,61.0,40.0,16.0,9.0,33.0,59.0,118.0,41.0,42.0,29.0,9.0,3.0,1.0,0.0,0.0,0.0,0.0,0.0,0.0,0.0,0.0,0.0,0.0,0.0,0.0,0.0,0.0,0.0,0.0,0.0,0.0,0.0,0.0
pridely01w,3,0,MIN,32.0,14.0,713.0,170.0,47.0,99.0,146.0,28.0,28.0,20.0,46.0,77.0,174.0,68.0,55.0,33.0,4.0,1.0,2.0,0.0,0.0,0.0,0.0,0.0,0.0,0.0,0.0,0.0,0.0,0.0,0.0,0.0,0.0,0.0,0.0,0.0,0.0,0.0,0.0
pridely01w,4,2,LAS,31.0,15.0,589.0,123.0,25.0,78.0,103.0,43.0,25.0,25.0,47.0,73.0,148.0,57.0,17.0,8.0,10.0,1.0,1.0,0.0,0.0,0.0,0.0,0.0,0.0,0.0,0.0,0.0,0.0,0.0,0.0,0.0,0.0,0.0,0.0,0.0,0.0,0.0,0.0
pridely01w,4,1,MIN,4.0,0.0,28.0,1.0,3.0,3.0,6.0,0.0,0.0,0.0,3.0,9.0,5.0,0.0,4.0,1.0,0.0,0.0,1.0,6.0,0.0,36.0,5.0,6.0,3.0,9.0,1.0,2.0,1.0,3.0,10.0,6.0,2.0,1.0,1.0,0.0,0.0,0.0,0.0
pringla01w,9,0,PHO,26.3,13.75,549.16,209.96,28.39,66.05,94.44,44.4,21.72,10.61,42.77,53.46,179.59,76.48,55.67,42.66,40.99,14.34,0.44,2.46,1.36,56.15,22.09,2.92,7.19,10.11,4.72,1.89,1.15,3.64,5.21,19.28,8.05,5.13,3.95,5.4,2.05,0.05,0.07
pringla01w,10,0,MIN,29.0,7.0,377.0,128.0,52.0,50.0,102.0,9.0,10.0,44.0,27.0,71.0,96.0,43.0,51.0,42.0,0.0,0.0,0.0,0.0,0.0,0.0,0.0,0.0,0.0,0.0,0.0,0.0,0.0,0.0,0.0,0.0,0.0,0.0,0.0,0.0,0.0,0.0,0.0
queenbr01w,7,0,CON,25.54,14.06,551.91,185.83,24.96,56.79,81.75,42.45,20.43,9.74,39.28,53.91,160.15,67.6,52.41,38.9,34.99,11.74,0.55,2.0,1.09,44.98,14.88,1.82,4.73,6.55,3.21,1.47,0.67,2.84,4.28,12.66,5.27,4.5,3.36,2.66,0.98,0.04,0.04
queenbr01w,9,0,CHI,4.0,0.0,10.0,2.0,0.0,0.0,0.0,0.0,0.0,0.0,1.0,0.0,1.0,0.0,2.0,2.0,0.0,0.0,0.0,0.0,0.0,0.0,0.0,0.0,0.0,0.0,0.0,0.0,0.0,0.0,0.0,0.0,0.0,0.0,0.0,0.0,0.0,0.0,0.0
quiglal01w,9,0,PHO,26.3,13.75,549.16,209.96,28.39,66.05,94.44,44.4,21.72,10.61,42.77,53.46,179.59,76.48,55.67,42.66,40.99,14.34,0.44,2.46,1.36,56.15,22.09,2.92,7.19,10.11,4.72,1.89,1.15,3.64,5.21,19.28,8.05,5.13,3.95,5.4,2.05,0.05,0.07
quiglal01w,10,0,PHO,14.0,0.0,100.0,29.0,6.0,5.0,11.0,4.0,6.0,1.0,6.0,9.0,39.0,13.0,2.0,1.0,11.0,2.0,0.0,0.0,0.0,0.0,0.0,0.0,0.0,0.0,0.0,0.0,0.0,0.0,0.0,0.0,0.0,0.0,0.0,0.0,0.0,0.0,0.0
quinnno01w,8,0,MIN,27.63,15.03,590.39,224.03,29.59,68.73,98.32,47.71,23.73,9.81,43.11,57.02,190.87,81.15,62.0,47.06,43.3,14.66,0.41,2.11,1.27,47.78,17.62,2.66,5.57,8.24,3.76,1.55,0.91,3.1,4.73,15.76,6.45,4.92,3.58,3.32,1.13,0.03,0.1
quinnno01w,9,0,MIN,34.0,19.0,670.0,96.0,18.0,71.0,89.0,148.0,29.0,13.0,67.0,40.0,124.0,37.0,24.0,15.0,38.0,7.0,0.0,0.0,0.0,0.0,0.0,0.0,0.0,0.0,0.0,0.0,0.0,0.0,0.0,0.0,0.0,0.0,0.0,0.0,0.0,0.0,0.0
quinnno01w,10,0,LAS,32.0,25.0,533.0,116.0,12.0,57.0,69.0,81.0,21.0,2.0,46.0,33.0,118.0,47.0,18.0,12.0,32.0,10.0,0.0,0.0,0.0,0.0,0.0,0.0,0.0,0.0,0.0,0.0,0.0,0.0,0.0,0.0,0.0,0.0,0.0,0.0,0.0,0.0,0.0
radunha01w,2,0,NYL,27.47,15.65,612.86,211.84,30.0,62.37,92.37,47.2,24.88,10.88,46.06,62.03,178.46,77.47,60.54,44.63,37.18,12.27,0.68,1.69,0.94,39.12,12.03,2.0,4.03,6.03,2.86,1.51,0.62,2.58,3.48,10.52,4.54,2.79,2.14,2.45,0.81,0.03,0.02
raglafe01w,3,0,SEA,25.23,13.75,548.8,181.49,26.81,57.19,84.0,40.49,21.88,9.7,39.26,50.48,160.77,66.49,49.2,36.53,35.69,11.98,0.41,1.74,1.06,41.03,13.2,1.91,4.14,6.05,3.08,1.38,0.95,2.43,3.52,11.93,4.9,3.33,2.48,2.82,0.93,0.02,0.05
raglafe01w,4,0,PHO,31.0,3.0,432.0,141.0,27.0,21.0,48.0,23.0,27.0,1.0,29.0,44.0,125.0,48.0,28.0,23.0,55.0,22.0,0.0,2.0,0.0,19.0,7.0,2.0,4.0,6.0,1.0,0.0,0.0,2.0,0.0,9.0,3.0,0.0,0.0,3.0,1.0,0.0,0.0
raglafe01w,5,0,HOU,3.0,0.0,39.0,5.0,0.0,2.0,2.0,2.0,2.0,0.0,3.0,4.0,12.0,1.0,2.0,2.0,5.0,1.0,0.0,0.0,0.0,0.0,0.0,0.0,0.0,0.0,0.0,0.0,0.0,0.0,0.0,0.0,0.0,0.0,0.0,0.0,0.0,0.0,0.0
raglafe01w,6,0,HOU,34.0,10.0,517.0,118.0,19.0,48.0,67.0,38.0,25.0,3.0,32.0,48.0,120.0,44.0,13.0,11.0,49.0,19.0,0.0,0.0,0.0,0.0,0.0,0.0,0.0,0.0,0.0,0.0,0.0,0.0,0.0,0.0,0.0,0.0,0.0,0.0,0.0,0.0,0.0
randase01w,2,0,SEA,27.47,15.65,612.86,211.84,30.0,62.37,92.37,47.2,24.88,10.88,46.06,62.03,178.46,77.47,60.54,44.63,37.18,12.27,0.68,1.69,0.94,39.12,12.03,2.0,4.03,6.03,2.86,1.51,0.62,2.58,3.48,10.52,4.54,2.79,2.14,2.45,0.81,0.03,0.02
randase01w,3,1,SEA,32.0,30.0,884.0,300.0,32.0,73.0,105.0,44.0,29.0,4.0,73.0,45.0,315.0,117.0,100.0,66.0,4.0,0.0,0.0,0.0,0.0,0.0,0.0,0.0,0.0,0.0,0.0,0.0,0.0,0.0,0.0,0.0,0.0,0.0,0.0,0.0,0.0,0.0,0.0
randase01w,3,2,UTA,21.0,16.0,458.0,134.0,38.0,30.0,68.0,29.0,20.0,1.0,36.0,33.0,133.0,47.0,51.0,36.0,19.0,4.0,0.0,0.0,0.0,0.0,0.0,0.0,0.0,0.0,0.0,0.0,0.0,0.0,0.0,0.0,0.0,0.0,0.0,0.0,0.0,0.0,0.0
randase01w,4,0,SAS,8.0,0.0,135.0,58.0,4.0,17.0,21.0,8.0,4.0,1.0,10.0,16.0,40.0,18.0,29.0,22.0,2.0,0.0,0.0,5.0,0.0,62.0,20.0,3.0,9.0,12.0,5.0,1.0,0.0,3.0,9.0,22.0,8.0,5.0,4.0,0.0,0.0,0.0,0.0
randase01w,5,0,SAS,33.0,1.0,339.0,88.0,25.0,28.0,53.0,23.0,11.0,0.0,44.0,41.0,90.0,32.0,45.0,24.0,1.0,0.0,0.0,0.0,0.0,0.0,0.0,0.0,0.0,0.0,0.0,0.0,0.0,0.0,0.0,0.0,0.0,0.0,0.0,0.0,0.0,0.0,0.0
rasmukr01w,2,0,MIA,1.0,0.0,9.0,0.0,1.0,1.0,2.0,1.0,1.0,0.0,1.0,2.0,0.0,0.0,0.0,0.0,0.0,0.0,0.0,0.0,0.0,0.0,0.0,0.0,0.0,0.0,0.0,0.0,0.0,0.0,0.0,0.0,0.0,0.0,0.0,0.0,0.0,0.0,0.0
rasmukr01w,3,0,MIA,28.0,3.0,416.0,75.0,33.0,55.0,88.0,16.0,11.0,14.0,31.0,48.0,86.0,31.0,16.0,12.0,4.0,1.0,0.0,3.0,0.0,23.0,1.0,3.0,3.0,6.0,0.0,1.0,0.0,6.0,1.0,5.0,0.0,2.0,1.0,0.0,0.0,0.0,0.0
rasmukr01w,4,0,IND,31.0,5.0,674.0,170.0,41.0,76.0,117.0,41.0,18.0,16.0,37.0,63.0,116.0,64.0,46.0,39.0,7.0,3.0,0.0,0.0,0.0,0.0,0.0,0.0,0.0,0.0,0.0,0.0,0.0,0.0,0.0,0.0,0.0,0.0,0.0,0.0,0.0,0.0,0.0
rasmukr01w,5,0,IND,33.0,25.0,814.0,226.0,44.0,71.0,115.0,64.0,24.0,15.0,48.0,65.0,200.0,94.0,39.0,31.0,15.0,7.0,0.0,0.0,0.0,0.0,0.0,0.0,0.0,0.0,0.0,0.0,0.0,0.0,0.0,0.0,0.0,0.0,0.0,0.0,0.0,0.0,0.0
rasmukr01w,6,2,CHA,33.0,4.0,692.0,152.0,41.0,72.0,113.0,47.0,21.0,14.0,35.0,51.0,135.0,56.0,38.0,30.0,27.0,10.0,0.0,0.0,0.0,0.0,0.0,0.0,0.0,0.0,0.0,0.0,0.0,0.0,0.0,0.0,0.0,0.0,0.0,0.0,0.0,0.0,0.0
rasmukr01w,6,1,HOU,3.0,0.0,29.0,6.0,2.0,3.0,5.0,2.0,1.0,0.0,1.0,8.0,4.0,2.0,0.0,0.0,3.0,2.0,0.0,0.0,0.0,0.0,0.0,0.0,0.0,0.0,0.0,0.0,0.0,0.0,0.0,0.0,0.0,0.0,0.0,0.0,0.0,0.0,0.0
rasmukr01w,7,0,PHO,24.0,19.0,522.0,121.0,26.0,50.0,76.0,22.0,13.0,16.0,19.0,56.0,98.0,47.0,30.0,22.0,15.0,5.0,0.0,0.0,0.0,0.0,0.0,0.0,0.0,0.0,0.0,0.0,0.0,0.0,0.0,0.0,0.0,0.0,0.0,0.0,0.0,0.0,0.0
rasmukr01w,8,0,CON,34.0,32.0,908.0,146.0,72.0,136.0,208.0,72.0,28.0,27.0,33.0,98.0,125.0,64.0,20.0,12.0,14.0,6.0,0.0,0.0,0.0,0.0,0.0,0.0,0.0,0.0,0.0,0.0,0.0,0.0,0.0,0.0,0.0,0.0,0.0,0.0,0.0,0.0,0.0
rasmukr01w,9,0,MIN,33.0,3.0,522.0,114.0,35.0,56.0,91.0,29.0,11.0,5.0,35.0,54.0,99.0,41.0,21.0,17.0,27.0,15.0,1.0,2.0,0.0,38.0,12.0,0.0,4.0,4.0,2.0,1.0,1.0,0.0,5.0,10.0,6.0,0.0,0.0,2.0,0.0,0.0,0.0
raymost01w,8,0,CHI,27.63,15.03,590.39,224.03,29.59,68.73,98.32,47.71,23.73,9.81,43.11,57.02,190.87,81.15,62.0,47.06,43.3,14.66,0.41,2.11,1.27,47.78,17.62,2.66,5.57,8.24,3.76,1.55,0.91,3.1,4.73,15.76,6.45,4.92,3.58,3.32,1.13,0.03,0.1
reddja01w,2,0,SEA,26.0,8.0,387.0,140.0,18.0,27.0,45.0,16.0,19.0,1.0,35.0,53.0,125.0,49.0,34.0,24.0,52.0,18.0,0.0,0.0,0.0,0.0,0.0,0.0,0.0,0.0,0.0,0.0,0.0,0.0,0.0,0.0,0.0,0.0,0.0,0.0,0.0,0.0,0.0
reddja01w,3,0,SEA,32.0,6.0,659.0,231.0,29.0,53.0,82.0,48.0,17.0,3.0,48.0,101.0,216.0,82.0,66.0,45.0,77.0,22.0,0.0,0.0,0.0,0.0,0.0,0.0,0.0,0.0,0.0,0.0,0.0,0.0,0.0,0.0,0.0,0.0,0.0,0.0,0.0,0.0,0.0
reedbr01w,2,0,PHO,32.0,30.0,1090.0,608.0,59.0,128.0,187.0,86.0,66.0,21.0,90.0,52.0,456.0,231.0,142.0,128.0,43.0,18.0,0.0,2.0,2.0,73.0,28.0,2.0,5.0,7.0,8.0,0.0,1.0,5.0,5.0,22.0,12.0,4.0,3.0,4.0,1.0,0.0,0.0
reedbr01w,3,0,PHO,1.0,0.0,13.0,3.0,0.0,3.0,3.0,0.0,0.0,0.0,0.0,0.0,8.0,1.0,1.0,1.0,0.0,0.0,0.0,0.0,0.0,0.0,0.0,0.0,0.0,0.0,0.0,0.0,0.0,0.0,0.0,0.0,0.0,0.0,0.0,0.0,0.0,0.0,0.0
reidtr01w,2,0,MIA,29.0,17.0,620.0,211.0,45.0,55.0,100.0,29.0,14.0,9.0,51.0,47.0,180.0,86.0,72.0,39.0,2.0,0.0,1.0,0.0,0.0,0.0,0.0,0.0,0.0,0.0,0.0,0.0,0.0,0.0,0.0,0.0,0.0,0.0,0.0,0.0,0.0,0.0,0.0
reidtr01w,3,0,PHO,21.0,2.0,278.0,80.0,10.0,27.0,37.0,13.0,15.0,5.0,25.0,28.0,63.0,32.0,26.0,16.0,0.0,0.0,0.0,3.0,0.0,21.0,4.0,1.0,4.0,5.0,1.0,1.0,0.0,2.0,1.0,5.0,2.0,4.0,0.0,0.0,0.0,0.0,0.0
reidtr01w,4,0,PHO,24.0,12.0,421.0,113.0,33.0,44.0,77.0,14.0,22.0,2.0,36.0,29.0,117.0,48.0,28.0,17.0,1.0,0.0,0.0,0.0,0.0,0.0,0.0,0.0,0.0,0.0,0.0,0.0,0.0,0.0,0.0,0.0,0.0,0.0,0.0,0.0,0.0,0.0,0.0
rileyru01w,2,0,MIA,27.47,15.65,612.86,211.84,30.0,62.37,92.37,47.2,24.88,10.88,46.06,62.03,178.46,77.47,60.54,44.63,37.18,12.27,0.68,1.69,0.94,39.12,12.03,2.0,4.03,6.03,2.86,1.51,0.62,2.58,3.48,10.52,4.54,2.79,2.14,2.45,0.81,0.03,0.02
rileyru01w,3,0,MIA,32.0,20.0,799.0,218.0,51.0,79.0,130.0,26.0,25.0,46.0,63.0,107.0,162.0,77.0,83.0,64.0,0.0,0.0,3.0,3.0,3.0,110.0,24.0,5.0,11.0,16.0,3.0,1.0,4.0,3.0,12.0,19.0,8.0,19.0,8.0,0.0,0.0,0.0,0.0
rileyru01w,4,0,DET,26.0,8.0,519.0,148.0,24.0,66.0,90.0,25.0,11.0,41.0,49.0,87.0,129.0,60.0,46.0,28.0,0.0,0.0,1.0,0.0,0.0,0.0,0.0,0.0,0.0,0.0,0.0,0.0,0.0,0.0,0.0,0.0,0.0,0.0,0.0,0.0,0.0,0.0,0.0
rileyru01w,5,0,DET,34.0,34.0,995.0,327.0,59.0,142.0,201.0,64.0,25.0,58.0,82.0,128.0,231.0,115.0,127.0,97.0,0.0,0.0,2.0,8.0,8.0,258.0,103.0,15.0,34.0,49.0,20.0,5.0,20.0,13.0,26.0,106.0,41.0,26.0,21.0,0.0,0.0,0.0,1.0
rileyru01w,6,0,DET,34.0,34.0,1037.0,378.0,68.0,131.0,199.0,50.0,31.0,53.0,82.0,121.0,343.0,153.0,87.0,71.0,2.0,1.0,2.0,3.0,3.0,95.0,29.0,7.0,8.0,15.0,9.0,2.0,6.0,2.0,9.0,21.0,9.0,15.0,11.0,0.0,0.0,0.0,0.0
rileyru01w,7,0,DET,33.0,33.0,855.0,251.0,43.0,113.0,156.0,39.0,23.0,46.0,68.0,131.0,267.0,100.0,60.0,48.0,12.0,3.0,4.0,2.0,2.0,54.0,17.0,3.0,8.0,11.0,0.0,1.0,2.0,5.0,10.0,17.0,7.0,0.0,0.0,3.0,3.0,1.0,0.0
rileyru01w,8,0,SAS,34.0,34.0,875.0,249.0,36.0,129.0,165.0,52.0,18.0,49.0,54.0,110.0,252.0,115.0,18.0,16.0,9.0,3.0,2.0,10.0,10.0,225.0,44.0,12.0,20.0,32.0,5.0,5.0,13.0,15.0,27.0,52.0,20.0,4.0,4.0,0.0,0.0,0.0,0.0
rileyru01w,9,0,SAS,30.0,29.0,773.0,176.0,32.0,116.0,148.0,37.0,27.0,59.0,69.0,114.0,194.0,72.0,29.0,27.0,27.0,5.0,1.0,5.0,5.0,132.0,30.0,6.0,19.0,25.0,11.0,3.0,13.0,8.0,19.0,31.0,14.0,0.0,0.0,4.0,2.0,0.0,0.0
rileyru01w,10,0,SAS,30.0,3.0,580.0,153.0,14.0,94.0,108.0,31.0,14.0,41.0,52.0,101.0,145.0,63.0,21.0,18.0,28.0,9.0,2.0,9.0,1.0,154.0,18.0,5.0,14.0,19.0,10.0,4.0,8.0,13.0,26.0,33.0,7.0,4.0,3.0,9.0,1.0,0.0,0.0
rizzoje01w,2,0,CLE,32.0,2.0,437.0,60.0,6.0,30.0,36.0,44.0,15.0,2.0,26.0,38.0,55.0,21.0,9.0,6.0,39.0,12.0,0.0,1.0,0.0,3.0,0.0,0.0,0.0,0.0,0.0,0.0,0.0,0.0,0.0,1.0,0.0,0.0,0.0,1.0,0.0,0.0,0.0
rizzoje01w,3,0,CLE,32.0,0.0,476.0,119.0,2.0,28.0,30.0,51.0,25.0,2.0,41.0,30.0,110.0,42.0,11.0,7.0,73.0,28.0,0.0,3.0,0.0,45.0,6.0,0.0,3.0,3.0,7.0,0.0,0.0,0.0,2.0,6.0,2.0,0.0,0.0,6.0,2.0,0.0,0.0
rizzoje01w,4,0,CLE,26.0,25.0,695.0,178.0,5.0,65.0,70.0,85.0,23.0,3.0,45.0,53.0,135.0,54.0,40.0,32.0,99.0,38.0,3.0,0.0,0.0,0.0,0.0,0.0,0.0,0.0,0.0,0.0,0.0,0.0,0.0,0.0,0.0,0.0,0.0,0.0,0.0,0.0,0.0
robinas01w,5,0,PHO,28.7,17.01,651.85,232.97,33.24,71.39,104.63,51.13,24.66,12.93,46.39,61.6,201.87,85.06,63.94,47.89,44.05,14.97,0.58,2.22,1.39,53.69,18.96,2.43,6.16,8.59,4.55,1.83,1.16,3.5,5.1,16.68,6.86,5.2,4.12,3.5,1.13,0.02,0.06
robinas01w,6,0,PHO,19.0,0.0,130.0,17.0,4.0,9.0,13.0,2.0,8.0,10.0,4.0,22.0,14.0,7.0,7.0,3.0,1.0,0.0,0.0,0.0,0.0,0.0,0.0,0.0,0.0,0.0,0.0,0.0,0.0,0.0,0.0,0.0,0.0,0.0,0.0,0.0,0.0,0.0,0.0
robinas01w,7,1,CHI,34.0,15.0,659.0,103.0,48.0,70.0,118.0,31.0,20.0,34.0,38.0,108.0,129.0,42.0,38.0,19.0,1.0,0.0,3.0,0.0,0.0,0.0,0.0,0.0,0.0,0.0,0.0,0.0,0.0,0.0,0.0,0.0,0.0,0.0,0.0,0.0,0.0,0.0,0.0
robinas01w,7,2,SEA,12.0,5.0,124.0,21.0,16.0,18.0,34.0,6.0,2.0,8.0,10.0,19.0,29.0,9.0,6.0,2.0,1.0,1.0,0.0,0.0,0.0,0.0,0.0,0.0,0.0,0.0,0.0,0.0,0.0,0.0,0.0,0.0,0.0,0.0,0.0,0.0,0.0,0.0,0.0
robinas01w,8,0,SEA,17.0,0.0,197.0,21.0,18.0,26.0,44.0,7.0,6.0,8.0,12.0,34.0,25.0,9.0,10.0,3.0,1.0,0.0,0.0,2.0,0.0,5.0,0.0,0.0,0.0,0.0,0.0,0.0,0.0,0.0,3.0,0.0,0.0,2.0,0.0,0.0,0.0,0.0,0.0
robinas01w,9,0,SEA,33.0,5.0,409.0,48.0,30.0,70.0,100.0,14.0,16.0,25.0,26.0,57.0,63.0,22.0,15.0,4.0,1.0,0.0,0.0,2.0,2.0,52.0,8.0,4.0,12.0,16.0,6.0,2.0,5.0,3.0,4.0,11.0,4.0,0.0,0.0,0.0,0.0,0.0,0.0
robinas01w,10,0,SEA,33.0,1.0,329.0,29.0,29.0,43.0,72.0,12.0,12.0,20.0,28.0,62.0,43.0,13.0,10.0,3.0,0.0,0.0,0.0,3.0,1.0,46.0,7.0,5.0,7.0,12.0,2.0,1.0,2.0,2.0,9.0,6.0,3.0,2.0,1.0,0.0,0.0,0.0,0.0
robincr01w,2,0,NYL,27.0,14.0,722.0,238.0,26.0,42.0,68.0,48.0,23.0,10.0,33.0,74.0,201.0,86.0,33.0,30.0,102.0,36.0,0.0,7.0,0.0,150.0,46.0,7.0,13.0,20.0,5.0,9.0,1.0,10.0,12.0,39.0,16.0,5.0,5.0,19.0,9.0,0.0,0.0
robincr01w,3,0,NYL,32.0,32.0,980.0,342.0,23.0,69.0,92.0,83.0,32.0,8.0,28.0,86.0,267.0,123.0,29.0,26.0,168.0,70.0,1.0,6.0,6.0,223.0,69.0,7.0,16.0,23.0,8.0,8.0,2.0,14.0,15.0,54.0,27.0,4.0,3.0,29.0,12.0,0.0,0.0
robincr01w,4,0,NYL,32.0,32.0,1068.0,378.0,22.0,70.0,92.0,81.0,48.0,12.0,52.0,101.0,302.0,126.0,72.0,59.0,181.0,67.0,0.0,8.0,8.0,259.0,67.0,8.0,16.0,24.0,14.0,8.0,2.0,5.0,17.0,65.0,23.0,9.0,9.0,39.0,12.0,0.0,0.0
robincr01w,5,0,NYL,33.0,33.0,1078.0,395.0,13.0,57.0,70.0,63.0,40.0,13.0,43.0,94.0,326.0,143.0,56.0,47.0,168.0,62.0,0.0,0.0,0.0,0.0,0.0,0.0,0.0,0.0,0.0,0.0,0.0,0.0,0.0,0.0,0.0,0.0,0.0,0.0,0.0,0.0,0.0
robincr01w,6,0,NYL,28.0,27.0,890.0,339.0,19.0,64.0,83.0,58.0,24.0,8.0,33.0,77.0,279.0,122.0,43.0,40.0,144.0,55.0,2.0,5.0,5.0,175.0,75.0,4.0,12.0,16.0,13.0,9.0,2.0,8.0,16.0,58.0,29.0,5.0,4.0,33.0,13.0,1.0,0.0
robincr01w,7,0,WAS,32.0,31.0,969.0,234.0,29.0,71.0,100.0,58.0,21.0,5.0,38.0,86.0,224.0,85.0,38.0,30.0,107.0,34.0,1.0,2.0,2.0,50.0,7.0,1.0,7.0,8.0,4.0,1.0,1.0,1.0,5.0,13.0,2.0,2.0,2.0,7.0,1.0,0.0,0.0
robincr01w,8,0,WAS,27.0,27.0,727.0,199.0,18.0,52.0,70.0,49.0,33.0,0.0,27.0,83.0,184.0,74.0,31.0,25.0,92.0,26.0,2.0,2.0,0.0,37.0,8.0,1.0,3.0,4.0,9.0,0.0,0.0,1.0,8.0,8.0,3.0,0.0,0.0,5.0,2.0,0.0,0.0
rossad01w,9,0,SAS,26.3,13.75,549.16,209.96,28.39,66.05,94.44,44.4,21.72,10.61,42.77,53.46,179.59,76.48,55.67,42.66,40.99,14.34,0.44,2.46,1.36,56.15,22.09,2.92,7.19,10.11,4.72,1.89,1.15,3.64,5.21,19.28,8.05,5.13,3.95,5.4,2.05,0.05,0.07
rushle01w,9,0,CHI,26.3,13.75,549.16,209.96,28.39,66.05,94.44,44.4,21.72,10.61,42.77,53.46,179.59,76.48,55.67,42.66,40.99,14.34,0.44,2.46,1.36,56.15,22.09,2.92,7.19,10.11,4.72,1.89,1.15,3.64,5.21,19.28,8.05,5.13,3.95,5.4,2.05,0.05,0.07
salesny01w,2,0,ORL,32.0,32.0,995.0,430.0,43.0,96.0,139.0,69.0,47.0,12.0,67.0,92.0,383.0,170.0,62.0,43.0,119.0,47.0,2.0,3.0,3.0,106.0,33.0,1.0,8.0,9.0,4.0,3.0,0.0,9.0,9.0,31.0,15.0,2.0,0.0,10.0,3.0,0.0,0.0
salesny01w,3,0,ORL,32.0,31.0,1039.0,433.0,57.0,115.0,172.0,58.0,70.0,6.0,72.0,109.0,379.0,166.0,74.0,58.0,137.0,43.0,0.0,0.0,0.0,0.0,0.0,0.0,0.0,0.0,0.0,0.0,0.0,0.0,0.0,0.0,0.0,0.0,0.0,0.0,0.0,0.0,0.0
salesny01w,4,0,CON,32.0,32.0,1042.0,431.0,36.0,84.0,120.0,60.0,60.0,7.0,71.0,97.0,376.0,155.0,106.0,84.0,115.0,37.0,0.0,0.0,0.0,0.0,0.0,0.0,0.0,0.0,0.0,0.0,0.0,0.0,0.0,0.0,0.0,0.0,0.0,0.0,0.0,0.0,0.0
salesny01w,5,0,CON,34.0,34.0,1106.0,548.0,27.0,118.0,145.0,92.0,46.0,13.0,73.0,107.0,468.0,194.0,144.0,116.0,114.0,44.0,3.0,4.0,4.0,131.0,47.0,1.0,12.0,13.0,9.0,5.0,3.0,7.0,12.0,40.0,17.0,18.0,13.0,6.0,0.0,0.0,0.0
salesny01w,6,0,CON,34.0,34.0,1096.0,517.0,33.0,102.0,135.0,97.0,75.0,8.0,76.0,98.0,486.0,210.0,77.0,56.0,129.0,41.0,0.0,8.0,8.0,260.0,118.0,12.0,31.0,43.0,11.0,25.0,6.0,20.0,22.0,102.0,44.0,22.0,15.0,29.0,15.0,0.0,0.0
salesny01w,7,0,CON,34.0,34.0,1074.0,532.0,36.0,88.0,124.0,74.0,61.0,10.0,64.0,96.0,482.0,201.0,108.0,81.0,116.0,49.0,0.0,8.0,8.0,270.0,115.0,10.0,22.0,32.0,19.0,16.0,8.0,16.0,20.0,101.0,37.0,31.0,25.0,38.0,16.0,0.0,0.0
salesny01w,8,0,CON,22.0,20.0,609.0,286.0,21.0,61.0,82.0,60.0,26.0,6.0,29.0,43.0,254.0,109.0,50.0,36.0,80.0,32.0,0.0,5.0,5.0,151.0,25.0,10.0,20.0,30.0,17.0,7.0,3.0,5.0,9.0,38.0,6.0,14.0,11.0,15.0,2.0,0.0,0.0
samsh01w,2,0,MIA,31.0,27.0,904.0,396.0,38.0,94.0,132.0,66.0,35.0,5.0,74.0,67.0,380.0,147.0,100.0,67.0,120.0,35.0,0.0,0.0,0.0,0.0,0.0,0.0,0.0,0.0,0.0,0.0,0.0,0.0,0.0,0.0,0.0,0.0,0.0,0.0,0.0,0.0,0.0
samsh01w,3,0,MIA,32.0,32.0,1100.0,444.0,41.0,96.0,137.0,88.0,55.0,8.0,87.0,67.0,417.0,180.0,76.0,57.0,98.0,27.0,0.0,3.0,3.0,109.0,31.0,4.0,6.0,10.0,4.0,5.0,0.0,8.0,11.0,31.0,10.0,11.0,9.0,9.0,2.0,1.0,0.0
samsh01w,4,0,MIN,32.0,32.0,1073.0,463.0,58.0,97.0,155.0,83.0,69.0,6.0,71.0,83.0,440.0,191.0,89.0,55.0,76.0,26.0,0.0,0.0,0.0,0.0,0.0,0.0,0.0,0.0,0.0,0.0,0.0,0.0,0.0,0.0,0.0,0.0,0.0,0.0,0.0,0.0,0.0
samsh01w,5,0,SEA,34.0,28.0,953.0,374.0,46.0,96.0,142.0,88.0,38.0,6.0,48.0,70.0,360.0,138.0,105.0,74.0,73.0,24.0,0.0,3.0,0.0,74.0,26.0,5.0,11.0,16.0,8.0,6.0,0.0,8.0,6.0,28.0,10.0,8.0,6.0,4.0,0.0,0.0,0.0
samsh01w,6,0,CHA,34.0,32.0,1018.0,310.0,42.0,97.0,139.0,82.0,53.0,6.0,63.0,108.0,284.0,117.0,76.0,65.0,42.0,11.0,1.0,8.0,8.0,248.0,59.0,13.0,31.0,44.0,28.0,10.0,0.0,25.0,21.0,76.0,25.0,9.0,6.0,12.0,3.0,0.0,0.0
samsh01w,7,0,CHA,34.0,33.0,1075.0,387.0,53.0,92.0,145.0,91.0,44.0,2.0,100.0,87.0,377.0,146.0,108.0,77.0,56.0,18.0,1.0,0.0,0.0,0.0,0.0,0.0,0.0,0.0,0.0,0.0,0.0,0.0,0.0,0.0,0.0,0.0,0.0,0.0,0.0,0.0,0.0
samsh01w,8,0,IND,34.0,34.0,990.0,359.0,53.0,119.0,172.0,90.0,55.0,3.0,73.0,78.0,343.0,137.0,102.0,64.0,78.0,21.0,0.0,0.0,0.0,0.0,0.0,0.0,0.0,0.0,0.0,0.0,0.0,0.0,0.0,0.0,0.0,0.0,0.0,0.0,0.0,0.0,0.0
samsh01w,9,0,DET,33.0,4.0,591.0,164.0,35.0,62.0,97.0,42.0,29.0,6.0,39.0,58.0,186.0,63.0,42.0,29.0,33.0,9.0,0.0,6.0,5.0,185.0,48.0,15.0,17.0,32.0,13.0,6.0,1.0,5.0,19.0,51.0,19.0,12.0,6.0,8.0,4.0,0.0,0.0
sanchis01w,5,0,DET,28.7,17.01,651.85,232.97,33.24,71.39,104.63,51.13,24.66,12.93,46.39,61.6,201.87,85.06,63.94,47.89,44.05,14.97,0.58,2.22,1.39,53.69,18.96,2.43,6.16,8.59,4.55,1.83,1.16,3.5,5.1,16.68,6.86,5.2,4.12,3.5,1.13,0.02,0.06
sandeam01w,8,0,DET,27.63,15.03,590.39,224.03,29.59,68.73,98.32,47.71,23.73,9.81,43.11,57.02,190.87,81.15,62.0,47.06,43.3,14.66,0.41,2.11,1.27,47.78,17.62,2.66,5.57,8.24,3.76,1.55,0.91,3.1,4.73,15.76,6.45,4.92,3.58,3.32,1.13,0.03,0.1
sanfona01w,4,0,WAS,26.12,15.6,604.13,208.08,28.55,61.69,90.24,47.04,23.71,11.16,42.62,55.83,178.36,75.29,57.52,43.31,41.07,14.19,0.53,1.78,1.11,44.72,16.41,2.01,4.64,6.66,3.96,1.6,0.72,2.72,3.83,13.91,6.03,4.09,3.11,3.47,1.23,0.02,0.05
sanfona01w,5,0,WAS,17.0,0.0,134.0,49.0,10.0,16.0,26.0,1.0,3.0,2.0,14.0,35.0,40.0,20.0,20.0,9.0,0.0,0.0,0.0,0.0,0.0,0.0,0.0,0.0,0.0,0.0,0.0,0.0,0.0,0.0,0.0,0.0,0.0,0.0,0.0,0.0,0.0,0.0,0.0
sanfona01w,6,0,WAS,31.0,29.0,653.0,169.0,53.0,101.0,154.0,18.0,18.0,16.0,37.0,99.0,126.0,63.0,75.0,43.0,0.0,0.0,0.0,3.0,3.0,62.0,13.0,8.0,11.0,19.0,0.0,2.0,1.0,7.0,12.0,12.0,4.0,6.0,5.0,0.0,0.0,0.0,0.0
sanfona01w,7,0,WAS,27.0,0.0,293.0,88.0,15.0,30.0,45.0,6.0,10.0,11.0,17.0,50.0,60.0,29.0,62.0,30.0,0.0,0.0,0.0,0.0,0.0,0.0,0.0,0.0,0.0,0.0,0.0,0.0,0.0,0.0,0.0,0.0,0.0,0.0,0.0,0.0,0.0,0.0,0.0
sanfona01w,8,0,WAS,34.0,19.0,885.0,301.0,69.0,134.0,203.0,36.0,28.0,21.0,72.0,118.0,216.0,112.0,125.0,77.0,0.0,0.0,2.0,2.0,2.0,60.0,13.0,7.0,9.0,16.0,1.0,3.0,0.0,2.0,5.0,15.0,5.0,11.0,3.0,1.0,0.0,0.0,0.0
sanfona01w,9,0,WAS,34.0,31.0,994.0,375.0,100.0,142.0,242.0,23.0,27.0,28.0,88.0,141.0,232.0,123.0,194.0,129.0,0.0,0.0,5.0,0.0,0.0,0.0,0.0,0.0,0.0,0.0,0.0,0.0,0.0,0.0,0.0,0.0,0.0,0.0,0.0,0.0,0.0,0.0,0.0
sanfona01w,10,0,WAS,34.0,28.0,795.0,229.0,77.0,116.0,193.0,40.0,21.0,11.0,83.0,138.0,199.0,90.0,123.0,49.0,0.0,0.0,3.0,0.0,0.0,0.0,0.0,0.0,0.0,0.0,0.0,0.0,0.0,0.0,0.0,0.0,0.0,0.0,0.0,0.0,0.0,0.0,0.0
sanniol01w,9,0,DET,26.3,13.75,549.16,209.96,28.39,66.05,94.44,44.4,21.72,10.61,42.77,53.46,179.59,76.48,55.67,42.66,40.99,14.34,0.44,2.46,1.36,56.15,22.09,2.92,7.19,10.11,4.72,1.89,1.15,3.64,5.21,19.28,8.05,5.13,3.95,5.4,2.05,0.05,0.07
sanniol01w,10,0,DET,31.0,9.0,325.0,106.0,26.0,38.0,64.0,6.0,11.0,7.0,40.0,59.0,82.0,41.0,37.0,24.0,1.0,0.0,0.0,9.0,0.0,66.0,16.0,5.0,11.0,16.0,3.0,3.0,0.0,4.0,11.0,16.0,7.0,4.0,2.0,0.0,0.0,0.0,0.0
santoal01w,2,0,SEA,3.0,0.0,11.0,3.0,0.0,3.0,3.0,0.0,0.0,0.0,2.0,3.0,1.0,1.0,6.0,1.0,0.0,0.0,0.0,0.0,0.0,0.0,0.0,0.0,0.0,0.0,0.0,0.0,0.0,0.0,0.0,0.0,0.0,0.0,0.0,0.0,0.0,0.0,0.0
santoke01w,2,0,DET,27.47,15.65,612.86,211.84,30.0,62.37,92.37,47.2,24.88,10.88,46.06,62.03,178.46,77.47,60.54,44.63,37.18,12.27,0.68,1.69,0.94,39.12,12.03,2.0,4.03,6.03,2.86,1.51,0.62,2.58,3.48,10.52,4.54,2.79,2.14,2.45,0.81,0.03,0.02
santoke01w,3,0,DET,14.0,0.0,153.0,52.0,11.0,16.0,27.0,5.0,3.0,3.0,12.0,23.0,42.0,20.0,18.0,12.0,1.0,0.0,0.0,0.0,0.0,0.0,0.0,0.0,0.0,0.0,0.0,0.0,0.0,0.0,0.0,0.0,0.0,0.0,0.0,0.0,0.0,0.0,0.0
santoke01w,9,0,SEA,12.0,0.0,169.0,44.0,12.0,20.0,32.0,7.0,3.0,9.0,14.0,20.0,42.0,16.0,20.0,12.0,0.0,0.0,0.0,0.0,0.0,0.0,0.0,0.0,0.0,0.0,0.0,0.0,0.0,0.0,0.0,0.0,0.0,0.0,0.0,0.0,0.0,0.0,0.0
sauerpa01w,2,0,CLE,12.0,0.0,66.0,20.0,3.0,13.0,16.0,3.0,2.0,1.0,6.0,10.0,14.0,8.0,5.0,4.0,0.0,0.0,0.0,1.0,0.0,2.0,0.0,0.0,1.0,1.0,0.0,0.0,0.0,0.0,1.0,0.0,0.0,0.0,0.0,0.0,0.0,0.0,0.0
sauerpa01w,3,0,CLE,2.0,0.0,4.0,2.0,1.0,1.0,2.0,0.0,0.0,1.0,1.0,1.0,3.0,1.0,0.0,0.0,0.0,0.0,0.0,1.0,0.0,4.0,2.0,0.0,1.0,1.0,0.0,0.0,0.0,1.0,0.0,3.0,1.0,0.0,0.0,0.0,0.0,0.0,0.0
saundja01w,2,0,PHO,27.47,15.65,612.86,211.84,30.0,62.37,92.37,47.2,24.88,10.88,46.06,62.03,178.46,77.47,60.54,44.63,37.18,12.27,0.68,1.69,0.94,39.12,12.03,2.0,4.03,6.03,2.86,1.51,0.62,2.58,3.48,10.52,4.54,2.79,2.14,2.45,0.81,0.03,0.02
saundja01w,3,0,PHO,28.0,6.0,253.0,68.0,13.0,27.0,40.0,7.0,10.0,8.0,14.0,28.0,77.0,25.0,25.0,17.0,3.0,1.0,0.0,0.0,0.0,0.0,0.0,0.0,0.0,0.0,0.0,0.0,0.0,0.0,0.0,0.0,0.0,0.0,0.0,0.0,0.0,0.0,0.0
saureau01w,2,0,WAS,27.47,15.65,612.86,211.84,30.0,62.37,92.37,47.2,24.88,10.88,46.06,62.03,178.46,77.47,60.54,44.63,37.18,12.27,0.68,1.69,0.94,39.12,12.03,2.0,4.03,6.03,2.86,1.51,0.62,2.58,3.48,10.52,4.54,2.79,2.14,2.45,0.81,0.03,0.02
saureau01w,3,0,WAS,25.0,3.0,455.0,76.0,11.0,31.0,42.0,43.0,24.0,4.0,41.0,39.0,111.0,33.0,24.0,7.0,26.0,3.0,0.0,0.0,0.0,0.0,0.0,0.0,0.0,0.0,0.0,0.0,0.0,0.0,0.0,0.0,0.0,0.0,0.0,0.0,0.0,0.0,0.0
schumke01w,2,0,IND,27.47,15.65,612.86,211.84,30.0,62.37,92.37,47.2,24.88,10.88,46.06,62.03,178.46,77.47,60.54,44.63,37.18,12.27,0.68,1.69,0.94,39.12,12.03,2.0,4.03,6.03,2.86,1.51,0.62,2.58,3.48,10.52,4.54,2.79,2.14,2.45,0.81,0.03,0.02
schumke01w,3,0,IND,28.0,5.0,380.0,112.0,23.0,47.0,70.0,10.0,5.0,29.0,21.0,41.0,93.0,46.0,20.0,17.0,5.0,3.0,0.0,0.0,0.0,0.0,0.0,0.0,0.0,0.0,0.0,0.0,0.0,0.0,0.0,0.0,0.0,0.0,0.0,0.0,0.0,0.0,0.0
schumke01w,4,0,IND,31.0,1.0,352.0,108.0,18.0,41.0,59.0,13.0,7.0,23.0,21.0,49.0,89.0,45.0,26.0,18.0,1.0,0.0,0.0,3.0,0.0,52.0,32.0,6.0,3.0,9.0,3.0,0.0,2.0,2.0,6.0,20.0,13.0,8.0,4.0,2.0,2.0,0.0,0.0
schumke01w,5,0,IND,34.0,1.0,480.0,189.0,40.0,59.0,99.0,20.0,7.0,24.0,32.0,63.0,169.0,81.0,27.0,23.0,9.0,4.0,0.0,0.0,0.0,0.0,0.0,0.0,0.0,0.0,0.0,0.0,0.0,0.0,0.0,0.0,0.0,0.0,0.0,0.0,0.0,0.0,0.0
schumke01w,6,0,IND,32.0,7.0,601.0,224.0,36.0,68.0,104.0,25.0,10.0,31.0,52.0,67.0,196.0,92.0,45.0,35.0,13.0,5.0,0.0,0.0,0.0,0.0,0.0,0.0,0.0,0.0,0.0,0.0,0.0,0.0,0.0,0.0,0.0,0.0,0.0,0.0,0.0,0.0,0.0
schumke01w,7,0,NYL,34.0,14.0,516.0,135.0,26.0,42.0,68.0,14.0,10.0,24.0,33.0,59.0,138.0,58.0,21.0,17.0,11.0,2.0,0.0,4.0,0.0,42.0,20.0,7.0,1.0,8.0,2.0,2.0,4.0,0.0,6.0,19.0,9.0,2.0,2.0,0.0,0.0,0.0,0.0
schumke01w,8,0,PHO,21.0,21.0,539.0,163.0,38.0,78.0,116.0,23.0,3.0,25.0,35.0,68.0,141.0,58.0,63.0,45.0,8.0,2.0,1.0,0.0,0.0,0.0,0.0,0.0,0.0,0.0,0.0,0.0,0.0,0.0,0.0,0.0,0.0,0.0,0.0,0.0,0.0,0.0,0.0
schumke01w,9,0,DET,34.0,0.0,543.0,151.0,29.0,118.0,147.0,12.0,17.0,25.0,34.0,66.0,125.0,57.0,46.0,34.0,7.0,3.0,0.0,9.0,0.0,118.0,11.0,15.0,14.0,29.0,3.0,4.0,8.0,5.0,17.0,31.0,5.0,2.0,1.0,0.0,0.0,0.0,0.0
schumke01w,10,0,DET,7.0,0.0,89.0,14.0,4.0,16.0,20.0,5.0,2.0,3.0,8.0,13.0,16.0,6.0,2.0,2.0,2.0,0.0,0.0,8.0,0.0,95.0,14.0,5.0,19.0,24.0,3.0,1.0,3.0,3.0,13.0,16.0,7.0,0.0,0.0,2.0,0.0,0.0,0.0
schwege01w,2,0,MIN,27.47,15.65,612.86,211.84,30.0,62.37,92.37,47.2,24.88,10.88,46.06,62.03,178.46,77.47,60.54,44.63,37.18,12.27,0.68,1.69,0.94,39.12,12.03,2.0,4.03,6.03,2.86,1.51,0.62,2.58,3.48,10.52,4.54,2.79,2.14,2.45,0.81,0.03,0.02
schwege01w,3,0,MIN,24.0,8.0,423.0,87.0,15.0,35.0,50.0,34.0,11.0,6.0,17.0,34.0,103.0,33.0,17.0,13.0,43.0,8.0,1.0,0.0,0.0,0.0,0.0,0.0,0.0,0.0,0.0,0.0,0.0,0.0,0.0,0.0,0.0,0.0,0.0,0.0,0.0,0.0,0.0
schwege01w,4,0,MIN,30.0,9.0,509.0,124.0,7.0,44.0,51.0,37.0,15.0,5.0,27.0,47.0,87.0,42.0,30.0,26.0,33.0,14.0,1.0,0.0,0.0,0.0,0.0,0.0,0.0,0.0,0.0,0.0,0.0,0.0,0.0,0.0,0.0,0.0,0.0,0.0,0.0,0.0,0.0
scottol01w,2,0,IND,28.0,0.0,369.0,100.0,28.0,52.0,80.0,28.0,12.0,10.0,45.0,83.0,89.0,37.0,40.0,26.0,2.0,0.0,2.0,0.0,0.0,0.0,0.0,0.0,0.0,0.0,0.0,0.0,0.0,0.0,0.0,0.0,0.0,0.0,0.0,0.0,0.0,0.0,0.0
scottol01w,3,0,IND,32.0,30.0,775.0,280.0,52.0,109.0,161.0,40.0,22.0,12.0,72.0,108.0,217.0,99.0,111.0,82.0,2.0,0.0,1.0,0.0,0.0,0.0,0.0,0.0,0.0,0.0,0.0,0.0,0.0,0.0,0.0,0.0,0.0,0.0,0.0,0.0,0.0,0.0,0.0
scottol01w,5,0,CHA,31.0,31.0,975.0,292.0,80.0,131.0,211.0,52.0,38.0,13.0,69.0,127.0,232.0,113.0,82.0,66.0,4.0,0.0,2.0,3.0,3.0,99.0,21.0,7.0,17.0,24.0,5.0,1.0,1.0,14.0,11.0,16.0,8.0,5.0,5.0,0.0,0.0,0.0,0.0
scottol01w,6,0,SAC,34.0,0.0,398.0,73.0,28.0,37.0,65.0,10.0,9.0,13.0,36.0,78.0,67.0,27.0,32.0,19.0,1.0,0.0,0.0,0.0,0.0,0.0,0.0,0.0,0.0,0.0,0.0,0.0,0.0,0.0,0.0,0.0,0.0,0.0,0.0,0.0,0.0,0.0,0.0
scottol01w,7,0,IND,18.0,0.0,170.0,38.0,17.0,16.0,33.0,5.0,4.0,2.0,22.0,27.0,39.0,14.0,20.0,10.0,0.0,0.0,0.0,7.0,0.0,38.0,9.0,2.0,5.0,7.0,5.0,0.0,1.0,3.0,8.0,8.0,4.0,2.0,1.0,0.0,0.0,0.0,0.0
scottol01w,8,0,PHO,21.0,0.0,159.0,50.0,8.0,25.0,33.0,7.0,7.0,2.0,15.0,29.0,53.0,23.0,8.0,4.0,1.0,0.0,0.0,2.0,0.0,26.0,10.0,3.0,2.0,5.0,0.0,1.0,0.0,3.0,5.0,9.0,5.0,0.0,0.0,1.0,0.0,0.0,0.0
scottol01w,9,0,PHO,8.0,0.0,32.0,8.0,2.0,2.0,4.0,2.0,3.0,1.0,3.0,6.0,7.0,1.0,8.0,6.0,0.0,0.0,0.0,1.0,0.0,2.0,0.0,0.0,0.0,0.0,0.0,0.0,0.0,0.0,0.0,1.0,0.0,0.0,0.0,0.0,0.0,0.0,0.0
shakiel01w,2,0,HOU,14.0,0.0,150.0,57.0,14.0,17.0,31.0,4.0,5.0,2.0,7.0,12.0,30.0,13.0,33.0,29.0,12.0,2.0,0.0,0.0,0.0,0.0,0.0,0.0,0.0,0.0,0.0,0.0,0.0,0.0,0.0,0.0,0.0,0.0,0.0,0.0,0.0,0.0,0.0
shakiel01w,3,0,CHA,26.0,2.0,203.0,38.0,15.0,20.0,35.0,9.0,6.0,2.0,9.0,11.0,38.0,12.0,23.0,14.0,7.0,0.0,0.0,1.0,0.0,1.0,0.0,0.0,0.0,0.0,0.0,0.0,0.0,0.0,0.0,0.0,0.0,0.0,0.0,0.0,0.0,0.0,0.0
sharpkb01w,4,0,NYL,26.12,15.6,604.13,208.08,28.55,61.69,90.24,47.04,23.71,11.16,42.62,55.83,178.36,75.29,57.52,43.31,41.07,14.19,0.53,1.78,1.11,44.72,16.41,2.01,4.64,6.66,3.96,1.6,0.72,2.72,3.83,13.91,6.03,4.09,3.11,3.47,1.23,0.02,0.05
sharpkb01w,5,0,NYL,30.0,0.0,398.0,94.0,11.0,21.0,32.0,37.0,14.0,0.0,26.0,15.0,71.0,28.0,39.0,31.0,24.0,7.0,0.0,0.0,0.0,0.0,0.0,0.0,0.0,0.0,0.0,0.0,0.0,0.0,0.0,0.0,0.0,0.0,0.0,0.0,0.0,0.0,0.0
sharpkb01w,7,0,IND,30.0,0.0,240.0,29.0,5.0,16.0,21.0,33.0,6.0,1.0,20.0,7.0,37.0,9.0,12.0,11.0,12.0,0.0,0.0,5.0,0.0,20.0,5.0,0.0,1.0,1.0,5.0,0.0,0.0,0.0,2.0,5.0,2.0,0.0,0.0,1.0,1.0,0.0,0.0
sharpkb01w,8,0,IND,23.0,0.0,155.0,22.0,3.0,6.0,9.0,23.0,7.0,0.0,8.0,3.0,35.0,8.0,3.0,3.0,15.0,3.0,0.0,0.0,0.0,0.0,0.0,0.0,0.0,0.0,0.0,0.0,0.0,0.0,0.0,0.0,0.0,0.0,0.0,0.0,0.0,0.0,0.0
sharpkb01w,9,0,CHI,34.0,0.0,454.0,109.0,10.0,22.0,32.0,49.0,13.0,0.0,26.0,17.0,97.0,40.0,29.0,21.0,28.0,8.0,0.0,6.0,0.0,46.0,7.0,2.0,3.0,5.0,3.0,1.0,0.0,2.0,1.0,10.0,1.0,6.0,5.0,3.0,0.0,0.0,0.0
sharpkb01w,10,0,CHI,34.0,6.0,598.0,106.0,7.0,38.0,45.0,49.0,14.0,0.0,31.0,27.0,90.0,39.0,29.0,19.0,28.0,9.0,0.0,0.0,0.0,0.0,0.0,0.0,0.0,0.0,0.0,0.0,0.0,0.0,0.0,0.0,0.0,0.0,0.0,0.0,0.0,0.0,0.0
shielas01w,8,0,HOU,27.63,15.03,590.39,224.03,29.59,68.73,98.32,47.71,23.73,9.81,43.11,57.02,190.87,81.15,62.0,47.06,43.3,14.66,0.41,2.11,1.27,47.78,17.62,2.66,5.57,8.24,3.76,1.55,0.91,3.1,4.73,15.76,6.45,4.92,3.58,3.32,1.13,0.03,0.1
shielas01w,9,2,DET,26.0,0.0,304.0,137.0,14.0,19.0,33.0,20.0,10.0,1.0,44.0,25.0,138.0,38.0,73.0,54.0,18.0,7.0,0.0,0.0,0.0,0.0,0.0,0.0,0.0,0.0,0.0,0.0,0.0,0.0,0.0,0.0,0.0,0.0,0.0,0.0,0.0,0.0,0.0
shielas01w,9,1,HOU,7.0,0.0,44.0,22.0,0.0,3.0,3.0,2.0,1.0,0.0,6.0,3.0,22.0,8.0,4.0,3.0,9.0,3.0,0.0,3.0,0.0,4.0,2.0,0.0,0.0,0.0,1.0,1.0,0.0,0.0,2.0,5.0,1.0,0.0,0.0,0.0,0.0,0.0,0.0
slauggw01w,5,0,MIN,28.7,17.01,651.85,232.97,33.24,71.39,104.63,51.13,24.66,12.93,46.39,61.6,201.87,85.06,63.94,47.89,44.05,14.97,0.58,2.22,1.39,53.69,18.96,2.43,6.16,8.59,4.55,1.83,1.16,3.5,5.1,16.68,6.86,5.2,4.12,3.5,1.13,0.02,0.06
slavtge01w,4,0,PHO,26.12,15.6,604.13,208.08,28.55,61.69,90.24,47.04,23.71,11.16,42.62,55.83,178.36,75.29,57.52,43.31,41.07,14.19,0.53,1.78,1.11,44.72,16.41,2.01,4.64,6.66,3.96,1.6,0.72,2.72,3.83,13.91,6.03,4.09,3.11,3.47,1.23,0.02,0.05
smithai01w,4,0,WAS,26.12,15.6,604.13,208.08,28.55,61.69,90.24,47.04,23.71,11.16,42.62,55.83,178.36,75.29,57.52,43.31,41.07,14.19,0.53,1.78,1.11,44.72,16.41,2.01,4.64,6.66,3.96,1.6,0.72,2.72,3.83,13.91,6.03,4.09,3.11,3.47,1.23,0.02,0.05
smithai01w,5,0,WAS,31.0,2.0,422.0,104.0,21.0,44.0,65.0,10.0,11.0,9.0,26.0,44.0,120.0,41.0,34.0,17.0,34.0,5.0,0.0,0.0,0.0,0.0,0.0,0.0,0.0,0.0,0.0,0.0,0.0,0.0,0.0,0.0,0.0,0.0,0.0,0.0,0.0,0.0,0.0
smithbr01w,9,0,PHO,26.3,13.75,549.16,209.96,28.39,66.05,94.44,44.4,21.72,10.61,42.77,53.46,179.59,76.48,55.67,42.66,40.99,14.34,0.44,2.46,1.36,56.15,22.09,2.92,7.19,10.11,4.72,1.89,1.15,3.64,5.21,19.28,8.05,5.13,3.95,5.4,2.05,0.05,0.07
smithbr01w,10,0,PHO,10.0,0.0,134.0,41.0,10.0,26.0,36.0,9.0,2.0,3.0,9.0,29.0,28.0,16.0,13.0,9.0,0.0,0.0,0.0,0.0,0.0,0.0,0.0,0.0,0.0,0.0,0.0,0.0,0.0,0.0,0.0,0.0,0.0,0.0,0.0,0.0,0.0,0.0,0.0
smithch02w,2,0,CHA,30.0,7.0,659.0,156.0,29.0,77.0,106.0,55.0,15.0,17.0,48.0,88.0,159.0,56.0,25.0,20.0,76.0,24.0,2.0,0.0,0.0,0.0,0.0,0.0,0.0,0.0,0.0,0.0,0.0,0.0,0.0,0.0,0.0,0.0,0.0,0.0,0.0,0.0,0.0
smithch02w,3,0,CHA,30.0,24.0,678.0,171.0,36.0,65.0,101.0,50.0,16.0,13.0,41.0,73.0,146.0,57.0,64.0,47.0,32.0,10.0,1.0,8.0,8.0,224.0,47.0,13.0,19.0,32.0,14.0,6.0,8.0,7.0,24.0,54.0,16.0,11.0,10.0,20.0,5.0,0.0,0.0
smithch02w,4,0,CHA,32.0,32.0,890.0,256.0,39.0,82.0,121.0,53.0,21.0,17.0,60.0,113.0,222.0,91.0,54.0,40.0,91.0,34.0,3.0,2.0,2.0,53.0,12.0,0.0,7.0,7.0,0.0,1.0,2.0,2.0,7.0,17.0,5.0,2.0,2.0,7.0,0.0,0.0,0.0
smithch02w,5,0,CHA,27.0,9.0,443.0,95.0,23.0,37.0,60.0,18.0,10.0,2.0,24.0,54.0,98.0,31.0,36.0,24.0,32.0,9.0,0.0,2.0,0.0,7.0,2.0,1.0,0.0,1.0,1.0,0.0,0.0,0.0,0.0,1.0,1.0,0.0,0.0,0.0,0.0,0.0,0.0
smithch02w,6,0,WAS,34.0,34.0,977.0,280.0,50.0,89.0,139.0,40.0,18.0,13.0,55.0,109.0,206.0,99.0,73.0,53.0,58.0,29.0,1.0,0.0,0.0,0.0,0.0,0.0,0.0,0.0,0.0,0.0,0.0,0.0,0.0,0.0,0.0,0.0,0.0,0.0,0.0,0.0,0.0
smithch02w,7,0,IND,34.0,34.0,1036.0,246.0,34.0,94.0,128.0,71.0,22.0,11.0,46.0,93.0,190.0,87.0,46.0,30.0,100.0,42.0,0.0,0.0,0.0,0.0,0.0,0.0,0.0,0.0,0.0,0.0,0.0,0.0,0.0,0.0,0.0,0.0,0.0,0.0,0.0,0.0,0.0
smithch03w,2,0,SEA,32.0,3.0,516.0,52.0,14.0,33.0,47.0,53.0,16.0,3.0,32.0,52.0,56.0,16.0,18.0,10.0,32.0,10.0,0.0,0.0,0.0,0.0,0.0,0.0,0.0,0.0,0.0,0.0,0.0,0.0,0.0,0.0,0.0,0.0,0.0,0.0,0.0,0.0,0.0
smithch03w,4,0,PHO,32.0,8.0,589.0,58.0,18.0,37.0,55.0,39.0,17.0,1.0,26.0,52.0,63.0,17.0,21.0,13.0,38.0,11.0,0.0,0.0,0.0,0.0,0.0,0.0,0.0,0.0,0.0,0.0,0.0,0.0,0.0,0.0,0.0,0.0,0.0,0.0,0.0,0.0,0.0
smithcr01w,7,0,PHO,25.54,14.06,551.91,185.83,24.96,56.79,81.75,42.45,20.43,9.74,39.28,53.91,160.15,67.6,52.41,38.9,34.99,11.74,0.55,2.0,1.09,44.98,14.88,1.82,4.73,6.55,3.21,1.47,0.67,2.84,4.28,12.66,5.27,4.5,3.36,2.66,0.98,0.04,0.04
smithcr01w,8,0,HOU,23.0,0.0,197.0,60.0,4.0,18.0,22.0,22.0,17.0,0.0,18.0,24.0,47.0,21.0,12.0,11.0,19.0,7.0,0.0,0.0,0.0,0.0,0.0,0.0,0.0,0.0,0.0,0.0,0.0,0.0,0.0,0.0,0.0,0.0,0.0,0.0,0.0,0.0,0.0
smithcr01w,9,1,MIN,27.0,23.0,683.0,170.0,12.0,41.0,53.0,72.0,34.0,3.0,56.0,50.0,156.0,62.0,21.0,19.0,70.0,27.0,0.0,0.0,0.0,0.0,0.0,0.0,0.0,0.0,0.0,0.0,0.0,0.0,0.0,0.0,0.0,0.0,0.0,0.0,0.0,0.0,0.0
smithcr01w,9,2,WAS,1.0,0.0,0.0,0.0,0.0,0.0,0.0,0.0,0.0,0.0,0.0,0.0,0.0,0.0,0.0,0.0,0.0,0.0,0.0,0.0,0.0,0.0,0.0,0.0,0.0,0.0,0.0,0.0,0.0,0.0,0.0,0.0,0.0,0.0,0.0,0.0,0.0,0.0,0.0
smithje01w,6,0,NYL,26.65,15.15,595.55,202.63,28.15,62.64,90.79,45.87,22.75,11.35,41.56,56.01,175.03,74.17,56.05,41.7,35.87,12.58,0.49,2.27,1.3,51.9,17.12,2.49,5.36,7.85,3.75,2.1,1.04,3.58,4.45,15.18,6.27,4.4,3.37,3.32,1.21,0.01,0.04
smithka01w,2,0,MIN,32.0,32.0,1193.0,646.0,28.0,65.0,93.0,90.0,44.0,7.0,76.0,71.0,482.0,203.0,175.0,152.0,232.0,88.0,0.0,0.0,0.0,0.0,0.0,0.0,0.0,0.0,0.0,0.0,0.0,0.0,0.0,0.0,0.0,0.0,0.0,0.0,0.0,0.0,0.0
smithka01w,3,0,MIN,32.0,32.0,1234.0,739.0,40.0,82.0,122.0,70.0,23.0,5.0,87.0,94.0,519.0,204.0,275.0,246.0,240.0,85.0,0.0,0.0,0.0,0.0,0.0,0.0,0.0,0.0,0.0,0.0,0.0,0.0,0.0,0.0,0.0,0.0,0.0,0.0,0.0,0.0,0.0
smithka01w,4,0,MIN,31.0,31.0,1138.0,512.0,24.0,68.0,92.0,79.0,32.0,7.0,70.0,87.0,401.0,162.0,153.0,126.0,188.0,62.0,2.0,0.0,0.0,0.0,0.0,0.0,0.0,0.0,0.0,0.0,0.0,0.0,0.0,0.0,0.0,0.0,0.0,0.0,0.0,0.0,0.0
smithka01w,5,0,MIN,34.0,34.0,1185.0,620.0,40.0,98.0,138.0,84.0,25.0,6.0,67.0,112.0,455.0,208.0,143.0,126.0,200.0,78.0,2.0,3.0,3.0,120.0,52.0,3.0,10.0,13.0,9.0,1.0,0.0,8.0,11.0,42.0,18.0,12.0,11.0,14.0,5.0,0.0,0.0
smithka01w,6,2,DET,23.0,23.0,800.0,432.0,17.0,67.0,84.0,52.0,23.0,6.0,51.0,63.0,318.0,137.0,109.0,98.0,139.0,60.0,1.0,0.0,0.0,0.0,0.0,0.0,0.0,0.0,0.0,0.0,0.0,0.0,0.0,0.0,0.0,0.0,0.0,0.0,0.0,0.0,0.0
smithka01w,6,1,MIN,13.0,9.0,394.0,124.0,11.0,17.0,28.0,26.0,5.0,3.0,17.0,27.0,107.0,40.0,34.0,26.0,55.0,18.0,0.0,2.0,2.0,67.0,21.0,2.0,4.0,6.0,1.0,2.0,0.0,2.0,5.0,26.0,7.0,5.0,5.0,10.0,2.0,0.0,0.0
smithka01w,7,0,DET,23.0,23.0,766.0,306.0,12.0,43.0,55.0,61.0,25.0,2.0,54.0,46.0,261.0,100.0,90.0,71.0,104.0,35.0,0.0,0.0,0.0,0.0,0.0,0.0,0.0,0.0,0.0,0.0,0.0,0.0,0.0,0.0,0.0,0.0,0.0,0.0,0.0,0.0,0.0
smithka01w,8,0,DET,34.0,34.0,1137.0,398.0,19.0,73.0,92.0,112.0,25.0,4.0,65.0,78.0,302.0,123.0,102.0,93.0,161.0,59.0,0.0,10.0,10.0,371.0,147.0,7.0,18.0,25.0,40.0,5.0,0.0,24.0,29.0,117.0,51.0,34.0,25.0,50.0,20.0,0.0,1.0
smithka01w,9,0,DET,34.0,34.0,1166.0,450.0,18.0,110.0,128.0,124.0,42.0,3.0,59.0,81.0,355.0,128.0,157.0,133.0,196.0,61.0,0.0,11.0,11.0,393.0,134.0,7.0,28.0,35.0,40.0,8.0,2.0,25.0,32.0,132.0,45.0,25.0,19.0,73.0,25.0,1.0,0.0
smithka01w,10,0,DET,34.0,34.0,1152.0,500.0,10.0,84.0,94.0,137.0,32.0,3.0,80.0,70.0,410.0,157.0,124.0,110.0,211.0,76.0,0.0,9.0,9.0,309.0,138.0,4.0,32.0,36.0,22.0,4.0,1.0,16.0,21.0,117.0,48.0,33.0,25.0,48.0,17.0,0.0,1.0
smithki01w,7,0,SAC,25.54,14.06,551.91,185.83,24.96,56.79,81.75,42.45,20.43,9.74,39.28,53.91,160.15,67.6,52.41,38.9,34.99,11.74,0.55,2.0,1.09,44.98,14.88,1.82,4.73,6.55,3.21,1.47,0.67,2.84,4.28,12.66,5.27,4.5,3.36,2.66,0.98,0.04,0.04
smithki01w,8,0,SAC,31.0,0.0,313.0,74.0,11.0,28.0,39.0,20.0,9.0,0.0,22.0,33.0,84.0,28.0,9.0,5.0,32.0,13.0,0.0,5.0,0.0,11.0,4.0,0.0,2.0,2.0,0.0,0.0,0.0,2.0,0.0,2.0,1.0,2.0,1.0,2.0,1.0,0.0,0.0
smithki01w,9,0,SAC,3.0,0.0,6.0,0.0,0.0,2.0,2.0,0.0,0.0,0.0,1.0,1.0,0.0,0.0,0.0,0.0,0.0,0.0,0.0,0.0,0.0,0.0,0.0,0.0,0.0,0.0,0.0,0.0,0.0,0.0,0.0,0.0,0.0,0.0,0.0,0.0,0.0,0.0,0.0
smithta01w,2,0,SAC,32.0,32.0,925.0,388.0,61.0,117.0,178.0,43.0,30.0,64.0,60.0,107.0,371.0,176.0,46.0,36.0,0.0,0.0,1.0,2.0,2.0,59.0,21.0,0.0,8.0,8.0,1.0,2.0,1.0,2.0,5.0,22.0,9.0,4.0,3.0,0.0,0.0,0.0,0.0
smithta01w,3,0,SAC,32.0,32.0,912.0,358.0,48.0,131.0,179.0,41.0,34.0,55.0,66.0,106.0,352.0,148.0,85.0,62.0,2.0,0.0,2.0,5.0,5.0,164.0,55.0,8.0,16.0,24.0,8.0,5.0,5.0,4.0,16.0,60.0,23.0,11.0,9.0,0.0,0.0,0.0,0.0
smithta01w,4,0,SAC,32.0,32.0,1063.0,469.0,56.0,132.0,188.0,40.0,27.0,46.0,59.0,126.0,435.0,184.0,101.0,86.0,42.0,15.0,4.0,0.0,0.0,0.0,0.0,0.0,0.0,0.0,0.0,0.0,0.0,0.0,0.0,0.0,0.0,0.0,0.0,0.0,0.0,0.0,0.0
smithta01w,5,0,SAC,34.0,34.0,986.0,430.0,61.0,126.0,187.0,52.0,43.0,32.0,56.0,103.0,427.0,188.0,58.0,41.0,49.0,13.0,2.0,6.0,6.0,176.0,77.0,9.0,37.0,46.0,11.0,5.0,3.0,11.0,17.0,73.0,29.0,20.0,14.0,15.0,5.0,0.0,0.0
smithta01w,6,0,CHA,34.0,33.0,908.0,380.0,46.0,92.0,138.0,50.0,38.0,25.0,53.0,86.0,401.0,165.0,56.0,45.0,29.0,5.0,0.0,6.0,6.0,185.0,95.0,11.0,20.0,31.0,8.0,9.0,12.0,11.0,17.0,86.0,38.0,22.0,17.0,9.0,2.0,0.0,0.0
smithta01w,7,0,CHA,31.0,31.0,1063.0,421.0,45.0,117.0,162.0,41.0,51.0,32.0,84.0,105.0,405.0,169.0,104.0,83.0,7.0,0.0,1.0,0.0,0.0,0.0,0.0,0.0,0.0,0.0,0.0,0.0,0.0,0.0,0.0,0.0,0.0,0.0,0.0,0.0,0.0,0.0,0.0
smithta01w,8,0,PHO,34.0,34.0,972.0,445.0,48.0,132.0,180.0,50.0,41.0,29.0,70.0,100.0,423.0,178.0,78.0,58.0,85.0,31.0,1.0,0.0,0.0,0.0,0.0,0.0,0.0,0.0,0.0,0.0,0.0,0.0,0.0,0.0,0.0,0.0,0.0,0.0,0.0,0.0,0.0
smithta01w,9,0,PHO,34.0,34.0,1072.0,428.0,54.0,166.0,220.0,44.0,40.0,56.0,56.0,101.0,399.0,165.0,99.0,78.0,61.0,20.0,1.0,9.0,9.0,286.0,105.0,16.0,54.0,70.0,15.0,9.0,16.0,13.0,32.0,91.0,37.0,20.0,16.0,31.0,15.0,0.0,0.0
smithta01w,10,0,PHO,25.0,25.0,722.0,277.0,50.0,126.0,176.0,28.0,28.0,29.0,41.0,98.0,266.0,111.0,45.0,39.0,46.0,16.0,3.0,0.0,0.0,0.0,0.0,0.0,0.0,0.0,0.0,0.0,0.0,0.0,0.0,0.0,0.0,0.0,0.0,0.0,0.0,0.0,0.0
smithty01w,8,0,DET,27.63,15.03,590.39,224.03,29.59,68.73,98.32,47.71,23.73,9.81,43.11,57.02,190.87,81.15,62.0,47.06,43.3,14.66,0.41,2.11,1.27,47.78,17.62,2.66,5.57,8.24,3.76,1.55,0.91,3.1,4.73,15.76,6.45,4.92,3.58,3.32,1.13,0.03,0.1
smithwa01w,9,0,DET,26.3,13.75,549.16,209.96,28.39,66.05,94.44,44.4,21.72,10.61,42.77,53.46,179.59,76.48,55.67,42.66,40.99,14.34,0.44,2.46,1.36,56.15,22.09,2.92,7.19,10.11,4.72,1.89,1.15,3.64,5.21,19.28,8.05,5.13,3.95,5.4,2.05,0.05,0.07
snellbe01w,6,0,PHO,26.65,15.15,595.55,202.63,28.15,62.64,90.79,45.87,22.75,11.35,41.56,56.01,175.03,74.17,56.05,41.7,35.87,12.58,0.49,2.27,1.3,51.9,17.12,2.49,5.36,7.85,3.75,2.1,1.04,3.58,4.45,15.18,6.27,4.4,3.37,3.32,1.21,0.01,0.04
snellbe01w,7,0,PHO,20.0,0.0,226.0,65.0,19.0,17.0,36.0,18.0,7.0,1.0,11.0,31.0,55.0,19.0,18.0,16.0,37.0,11.0,0.0,0.0,0.0,0.0,0.0,0.0,0.0,0.0,0.0,0.0,0.0,0.0,0.0,0.0,0.0,0.0,0.0,0.0,0.0,0.0,0.0
snellbe01w,8,0,PHO,30.0,0.0,250.0,100.0,11.0,28.0,39.0,19.0,15.0,3.0,17.0,28.0,90.0,35.0,10.0,10.0,63.0,20.0,0.0,0.0,0.0,0.0,0.0,0.0,0.0,0.0,0.0,0.0,0.0,0.0,0.0,0.0,0.0,0.0,0.0,0.0,0.0,0.0,0.0
snellbe01w,10,0,SAS,30.0,2.0,343.0,107.0,12.0,34.0,46.0,44.0,20.0,4.0,18.0,31.0,106.0,37.0,11.0,7.0,79.0,26.0,0.0,8.0,0.0,52.0,13.0,6.0,3.0,9.0,7.0,1.0,0.0,2.0,9.0,23.0,4.0,2.0,1.0,18.0,4.0,0.0,0.0
snowmi01w,3,0,HOU,25.23,13.75,548.8,181.49,26.81,57.19,84.0,40.49,21.88,9.7,39.26,50.48,160.77,66.49,49.2,36.53,35.69,11.98,0.41,1.74,1.06,41.03,13.2,1.91,4.14,6.05,3.08,1.38,0.95,2.43,3.52,11.93,4.9,3.33,2.48,2.82,0.93,0.02,0.05
snowmi01w,4,0,HOU,32.0,2.0,480.0,125.0,31.0,88.0,119.0,13.0,12.0,26.0,22.0,59.0,96.0,45.0,57.0,34.0,2.0,1.0,0.0,3.0,0.0,79.0,19.0,6.0,15.0,21.0,4.0,0.0,2.0,5.0,9.0,18.0,6.0,8.0,7.0,1.0,0.0,0.0,0.0
snowmi01w,5,0,HOU,34.0,34.0,1025.0,314.0,76.0,187.0,263.0,42.0,35.0,62.0,68.0,120.0,253.0,126.0,85.0,62.0,1.0,0.0,2.0,3.0,3.0,89.0,25.0,12.0,17.0,29.0,5.0,4.0,4.0,5.0,10.0,25.0,10.0,8.0,5.0,0.0,0.0,0.0,1.0
snowmi01w,6,0,HOU,31.0,31.0,893.0,276.0,62.0,177.0,239.0,31.0,28.0,35.0,71.0,89.0,229.0,104.0,113.0,68.0,0.0,0.0,0.0,0.0,0.0,0.0,0.0,0.0,0.0,0.0,0.0,0.0,0.0,0.0,0.0,0.0,0.0,0.0,0.0,0.0,0.0,0.0,0.0
snowmi01w,7,0,HOU,33.0,33.0,966.0,396.0,68.0,157.0,225.0,40.0,20.0,38.0,65.0,120.0,276.0,152.0,130.0,92.0,0.0,0.0,4.0,5.0,5.0,152.0,52.0,1.0,26.0,27.0,4.0,5.0,3.0,16.0,15.0,34.0,18.0,23.0,16.0,0.0,0.0,0.0,0.0
snowmi01w,8,0,HOU,34.0,34.0,995.0,442.0,78.0,191.0,269.0,47.0,33.0,38.0,88.0,121.0,349.0,178.0,129.0,86.0,0.0,0.0,3.0,2.0,2.0,57.0,31.0,3.0,9.0,12.0,4.0,2.0,6.0,2.0,9.0,17.0,10.0,12.0,11.0,0.0,0.0,0.0,0.0
snowmi01w,9,0,HOU,34.0,34.0,892.0,366.0,78.0,152.0,230.0,47.0,18.0,35.0,91.0,107.0,284.0,140.0,112.0,86.0,0.0,0.0,1.0,0.0,0.0,0.0,0.0,0.0,0.0,0.0,0.0,0.0,0.0,0.0,0.0,0.0,0.0,0.0,0.0,0.0,0.0,0.0,0.0
snowmi01w,10,0,ATL,34.0,34.0,856.0,336.0,75.0,155.0,230.0,43.0,18.0,31.0,64.0,111.0,238.0,126.0,119.0,83.0,2.0,1.0,3.0,0.0,0.0,0.0,0.0,0.0,0.0,0.0,0.0,0.0,0.0,0.0,0.0,0.0,0.0,0.0,0.0,0.0,0.0,0.0,0.0
spencsi01w,8,0,LAS,27.63,15.03,590.39,224.03,29.59,68.73,98.32,47.71,23.73,9.81,43.11,57.02,190.87,81.15,62.0,47.06,43.3,14.66,0.41,2.11,1.27,47.78,17.62,2.66,5.57,8.24,3.76,1.55,0.91,3.1,4.73,15.76,6.45,4.92,3.58,3.32,1.13,0.03,0.1
spencsi01w,9,0,LAS,34.0,22.0,828.0,327.0,48.0,90.0,138.0,42.0,27.0,11.0,35.0,86.0,300.0,118.0,42.0,37.0,123.0,54.0,0.0,0.0,0.0,0.0,0.0,0.0,0.0,0.0,0.0,0.0,0.0,0.0,0.0,0.0,0.0,0.0,0.0,0.0,0.0,0.0,0.0
spencsi01w,10,0,NYL,33.0,2.0,451.0,174.0,28.0,34.0,62.0,18.0,14.0,4.0,23.0,48.0,155.0,63.0,18.0,17.0,81.0,31.0,0.0,5.0,0.0,48.0,7.0,4.0,5.0,9.0,1.0,0.0,1.0,3.0,5.0,12.0,3.0,1.0,1.0,3.0,0.0,0.0,0.0
spornra01w,2,0,DET,27.47,15.65,612.86,211.84,30.0,62.37,92.37,47.2,24.88,10.88,46.06,62.03,178.46,77.47,60.54,44.63,37.18,12.27,0.68,1.69,0.94,39.12,12.03,2.0,4.03,6.03,2.86,1.51,0.62,2.58,3.48,10.52,4.54,2.79,2.14,2.45,0.81,0.03,0.02
stafftr01w,2,0,HOU,27.47,15.65,612.86,211.84,30.0,62.37,92.37,47.2,24.88,10.88,46.06,62.03,178.46,77.47,60.54,44.63,37.18,12.27,0.68,1.69,0.94,39.12,12.03,2.0,4.03,6.03,2.86,1.51,0.62,2.58,3.48,10.52,4.54,2.79,2.14,2.45,0.81,0.03,0.02
stafftr01w,3,0,MIA,30.0,4.0,365.0,113.0,37.0,48.0,85.0,16.0,12.0,2.0,26.0,42.0,106.0,39.0,52.0,35.0,1.0,0.0,0.0,2.0,0.0,16.0,4.0,2.0,1.0,3.0,1.0,2.0,2.0,0.0,3.0,5.0,1.0,4.0,2.0,0.0,0.0,0.0,0.0
staleda01w,2,0,CHA,32.0,32.0,1099.0,282.0,21.0,56.0,77.0,190.0,37.0,1.0,91.0,80.0,253.0,94.0,74.0,65.0,88.0,29.0,1.0,0.0,0.0,0.0,0.0,0.0,0.0,0.0,0.0,0.0,0.0,0.0,0.0,0.0,0.0,0.0,0.0,0.0,0.0,0.0,0.0
staleda01w,3,0,CHA,32.0,32.0,1152.0,298.0,11.0,60.0,71.0,179.0,52.0,1.0,100.0,54.0,281.0,107.0,57.0,51.0,89.0,33.0,0.0,8.0,8.0,301.0,94.0,3.0,15.0,18.0,35.0,9.0,2.0,34.0,19.0,77.0,32.0,21.0,17.0,26.0,13.0,0.0,0.0
staleda01w,4,0,CHA,32.0,32.0,1061.0,278.0,8.0,48.0,56.0,164.0,48.0,0.0,80.0,67.0,231.0,84.0,101.0,77.0,83.0,33.0,0.0,2.0,2.0,78.0,17.0,2.0,3.0,5.0,10.0,3.0,0.0,4.0,2.0,21.0,6.0,6.0,3.0,10.0,2.0,0.0,0.0
staleda01w,5,0,CHA,34.0,34.0,1086.0,269.0,14.0,44.0,58.0,174.0,49.0,4.0,78.0,76.0,216.0,90.0,73.0,61.0,72.0,28.0,0.0,2.0,2.0,58.0,18.0,1.0,4.0,5.0,7.0,4.0,0.0,4.0,6.0,17.0,6.0,5.0,2.0,8.0,4.0,0.0,0.0
staleda01w,6,1,CHA,34.0,34.0,1143.0,302.0,12.0,46.0,58.0,171.0,43.0,2.0,74.0,83.0,246.0,106.0,87.0,66.0,59.0,24.0,0.0,0.0,0.0,0.0,0.0,0.0,0.0,0.0,0.0,0.0,0.0,0.0,0.0,0.0,0.0,0.0,0.0,0.0,0.0,0.0,0.0
staleda01w,6,2,HOU,23.0,23.0,684.0,146.0,7.0,46.0,53.0,121.0,30.0,0.0,42.0,47.0,131.0,53.0,30.0,23.0,42.0,17.0,0.0,0.0,0.0,0.0,0.0,0.0,0.0,0.0,0.0,0.0,0.0,0.0,0.0,0.0,0.0,0.0,0.0,0.0,0.0,0.0,0.0
staleda01w,7,0,HOU,10.0,3.0,221.0,33.0,2.0,15.0,17.0,28.0,6.0,1.0,12.0,23.0,28.0,10.0,10.0,9.0,14.0,4.0,1.0,5.0,0.0,125.0,21.0,0.0,4.0,4.0,14.0,9.0,0.0,7.0,9.0,13.0,6.0,7.0,6.0,8.0,3.0,0.0,0.0
stansti01w,7,0,LAS,25.54,14.06,551.91,185.83,24.96,56.79,81.75,42.45,20.43,9.74,39.28,53.91,160.15,67.6,52.41,38.9,34.99,11.74,0.55,2.0,1.09,44.98,14.88,1.82,4.73,6.55,3.21,1.47,0.67,2.84,4.28,12.66,5.27,4.5,3.36,2.66,0.98,0.04,0.04
stansti01w,8,0,MIN,4.0,0.0,23.0,6.0,6.0,1.0,7.0,2.0,1.0,2.0,2.0,4.0,8.0,3.0,0.0,0.0,0.0,0.0,0.0,2.0,0.0,7.0,0.0,0.0,1.0,1.0,1.0,0.0,1.0,0.0,1.0,0.0,0.0,0.0,0.0,0.0,0.0,0.0,0.0
starbka01w,2,0,UTA,29.0,0.0,340.0,117.0,12.0,21.0,33.0,30.0,13.0,11.0,29.0,32.0,109.0,39.0,42.0,34.0,23.0,5.0,0.0,0.0,0.0,0.0,0.0,0.0,0.0,0.0,0.0,0.0,0.0,0.0,0.0,0.0,0.0,0.0,0.0,0.0,0.0,0.0,0.0
starbka01w,3,2,SEA,23.0,7.0,310.0,109.0,13.0,17.0,30.0,21.0,8.0,1.0,15.0,30.0,110.0,41.0,27.0,22.0,23.0,5.0,0.0,1.0,0.0,2.0,0.0,0.0,0.0,0.0,0.0,0.0,0.0,0.0,0.0,1.0,0.0,0.0,0.0,1.0,0.0,0.0,0.0
starbka01w,3,1,UTA,9.0,0.0,186.0,53.0,3.0,16.0,19.0,12.0,6.0,4.0,11.0,19.0,44.0,20.0,9.0,8.0,11.0,5.0,0.0,2.0,0.0,23.0,5.0,1.0,2.0,3.0,1.0,1.0,1.0,4.0,2.0,2.0,1.0,2.0,2.0,1.0,1.0,0.0,0.0
starbka01w,5,0,IND,15.0,0.0,88.0,26.0,0.0,7.0,7.0,7.0,9.0,4.0,2.0,16.0,25.0,10.0,7.0,4.0,8.0,2.0,0.0,0.0,0.0,0.0,0.0,0.0,0.0,0.0,0.0,0.0,0.0,0.0,0.0,0.0,0.0,0.0,0.0,0.0,0.0,0.0,0.0
stedika01w,2,0,SEA,29.0,0.0,309.0,91.0,11.0,28.0,39.0,14.0,11.0,10.0,17.0,22.0,95.0,36.0,7.0,2.0,53.0,17.0,0.0,2.0,0.0,10.0,0.0,1.0,0.0,1.0,1.0,0.0,0.0,2.0,0.0,2.0,0.0,0.0,0.0,2.0,0.0,0.0,0.0
stepama01w,2,0,PHO,15.0,1.0,170.0,57.0,15.0,33.0,48.0,8.0,4.0,9.0,22.0,42.0,54.0,24.0,15.0,9.0,0.0,0.0,1.0,0.0,0.0,0.0,0.0,0.0,0.0,0.0,0.0,0.0,0.0,0.0,0.0,0.0,0.0,0.0,0.0,0.0,0.0,0.0,0.0
stepama01w,6,0,PHO,32.0,31.0,815.0,334.0,66.0,135.0,201.0,41.0,43.0,64.0,50.0,110.0,282.0,143.0,78.0,48.0,2.0,0.0,3.0,0.0,0.0,0.0,0.0,0.0,0.0,0.0,0.0,0.0,0.0,0.0,0.0,0.0,0.0,0.0,0.0,0.0,0.0,0.0,0.0
stephst01w,5,0,DET,28.7,17.01,651.85,232.97,33.24,71.39,104.63,51.13,24.66,12.93,46.39,61.6,201.87,85.06,63.94,47.89,44.05,14.97,0.58,2.22,1.39,53.69,18.96,2.43,6.16,8.59,4.55,1.83,1.16,3.5,5.1,16.68,6.86,5.2,4.12,3.5,1.13,0.02,0.06
stevema01w,5,0,SAS,28.7,17.01,651.85,232.97,33.24,71.39,104.63,51.13,24.66,12.93,46.39,61.6,201.87,85.06,63.94,47.89,44.05,14.97,0.58,2.22,1.39,53.69,18.96,2.43,6.16,8.59,4.55,1.83,1.16,3.5,5.1,16.68,6.86,5.2,4.12,3.5,1.13,0.02,0.06
stevema01w,6,0,SEA,29.0,0.0,259.0,38.0,11.0,24.0,35.0,5.0,6.0,4.0,11.0,32.0,45.0,15.0,8.0,7.0,1.0,1.0,0.0,0.0,0.0,0.0,0.0,0.0,0.0,0.0,0.0,0.0,0.0,0.0,0.0,0.0,0.0,0.0,0.0,0.0,0.0,0.0,0.0
stevema01w,7,0,PHO,4.0,1.0,53.0,6.0,2.0,4.0,6.0,1.0,2.0,0.0,4.0,3.0,12.0,3.0,0.0,0.0,1.0,0.0,0.0,0.0,0.0,0.0,0.0,0.0,0.0,0.0,0.0,0.0,0.0,0.0,0.0,0.0,0.0,0.0,0.0,0.0,0.0,0.0,0.0
stileja01w,2,0,POR,27.47,15.65,612.86,211.84,30.0,62.37,92.37,47.2,24.88,10.88,46.06,62.03,178.46,77.47,60.54,44.63,37.18,12.27,0.68,1.69,0.94,39.12,12.03,2.0,4.03,6.03,2.86,1.51,0.62,2.58,3.48,10.52,4.54,2.79,2.14,2.45,0.81,0.03,0.02
stileja01w,3,0,POR,32.0,32.0,1023.0,478.0,24.0,53.0,77.0,55.0,24.0,3.0,68.0,75.0,385.0,156.0,149.0,116.0,116.0,50.0,0.0,0.0,0.0,0.0,0.0,0.0,0.0,0.0,0.0,0.0,0.0,0.0,0.0,0.0,0.0,0.0,0.0,0.0,0.0,0.0,1.0
stinsan01w,2,0,CHA,32.0,32.0,1123.0,565.0,35.0,101.0,136.0,121.0,55.0,23.0,86.0,77.0,463.0,214.0,134.0,99.0,106.0,38.0,0.0,0.0,0.0,0.0,0.0,0.0,0.0,0.0,0.0,0.0,0.0,0.0,0.0,0.0,0.0,0.0,0.0,0.0,0.0,0.0,0.0
stinsan01w,3,0,CHA,32.0,32.0,1006.0,450.0,39.0,98.0,137.0,88.0,43.0,19.0,70.0,59.0,370.0,179.0,79.0,63.0,65.0,29.0,0.0,8.0,8.0,278.0,96.0,12.0,37.0,49.0,26.0,13.0,2.0,18.0,18.0,95.0,37.0,21.0,17.0,13.0,5.0,0.0,0.0
stinsan01w,4,0,CHA,32.0,32.0,950.0,411.0,37.0,140.0,177.0,91.0,37.0,9.0,52.0,56.0,349.0,159.0,93.0,64.0,70.0,29.0,0.0,2.0,2.0,65.0,30.0,7.0,4.0,11.0,9.0,7.0,0.0,4.0,4.0,25.0,12.0,2.0,2.0,7.0,4.0,0.0,0.0
stinsan01w,5,0,CHA,34.0,34.0,1000.0,377.0,28.0,112.0,140.0,97.0,48.0,5.0,75.0,70.0,321.0,147.0,79.0,60.0,75.0,23.0,0.0,2.0,2.0,64.0,36.0,4.0,5.0,9.0,7.0,2.0,0.0,4.0,4.0,28.0,12.0,9.0,9.0,7.0,3.0,0.0,0.0
stinsan01w,6,0,DET,34.0,34.0,777.0,203.0,25.0,94.0,119.0,49.0,27.0,7.0,41.0,60.0,191.0,79.0,44.0,34.0,37.0,11.0,1.0,0.0,0.0,0.0,0.0,0.0,0.0,0.0,0.0,0.0,0.0,0.0,0.0,0.0,0.0,0.0,0.0,0.0,0.0,0.0,0.0
stiresh01w,2,0,MIN,21.0,0.0,117.0,35.0,6.0,8.0,14.0,7.0,6.0,0.0,14.0,22.0,29.0,13.0,6.0,4.0,10.0,5.0,0.0,0.0,0.0,0.0,0.0,0.0,0.0,0.0,0.0,0.0,0.0,0.0,0.0,0.0,0.0,0.0,0.0,0.0,0.0,0.0,0.0
stiresh01w,3,0,MIN,18.0,5.0,201.0,51.0,10.0,17.0,27.0,14.0,8.0,4.0,19.0,26.0,53.0,20.0,7.0,5.0,25.0,6.0,0.0,0.0,0.0,0.0,0.0,0.0,0.0,0.0,0.0,0.0,0.0,0.0,0.0,0.0,0.0,0.0,0.0,0.0,0.0,0.0,0.0
stockta01w,2,0,WAS,27.47,15.65,612.86,211.84,30.0,62.37,92.37,47.2,24.88,10.88,46.06,62.03,178.46,77.47,60.54,44.63,37.18,12.27,0.68,1.69,0.94,39.12,12.03,2.0,4.03,6.03,2.86,1.51,0.62,2.58,3.48,10.52,4.54,2.79,2.14,2.45,0.81,0.03,0.02
streiju01w,2,0,IND,27.0,6.0,424.0,121.0,25.0,46.0,71.0,44.0,16.0,23.0,32.0,67.0,117.0,46.0,35.0,27.0,6.0,2.0,1.0,0.0,0.0,0.0,0.0,0.0,0.0,0.0,0.0,0.0,0.0,0.0,0.0,0.0,0.0,0.0,0.0,0.0,0.0,0.0,0.0
streiju01w,6,0,IND,27.0,26.0,707.0,246.0,45.0,94.0,139.0,52.0,37.0,19.0,52.0,81.0,207.0,99.0,57.0,48.0,9.0,0.0,2.0,0.0,0.0,0.0,0.0,0.0,0.0,0.0,0.0,0.0,0.0,0.0,0.0,0.0,0.0,0.0,0.0,0.0,0.0,0.0,0.0
strotan01w,7,0,PHO,25.54,14.06,551.91,185.83,24.96,56.79,81.75,42.45,20.43,9.74,39.28,53.91,160.15,67.6,52.41,38.9,34.99,11.74,0.55,2.0,1.09,44.98,14.88,1.82,4.73,6.55,3.21,1.47,0.67,2.84,4.28,12.66,5.27,4.5,3.36,2.66,0.98,0.04,0.04
strotan01w,8,0,IND,8.0,0.0,39.0,16.0,2.0,3.0,5.0,2.0,1.0,2.0,0.0,3.0,14.0,6.0,0.0,0.0,10.0,4.0,0.0,0.0,0.0,0.0,0.0,0.0,0.0,0.0,0.0,0.0,0.0,0.0,0.0,0.0,0.0,0.0,0.0,0.0,0.0,0.0,0.0
strotan01w,9,0,ATL,12.0,0.0,69.0,28.0,6.0,3.0,9.0,3.0,0.0,0.0,2.0,5.0,31.0,10.0,2.0,2.0,15.0,6.0,0.0,3.0,0.0,15.0,7.0,0.0,3.0,3.0,2.0,1.0,0.0,0.0,1.0,7.0,3.0,0.0,0.0,3.0,1.0,0.0,0.0
summela01w,6,0,CON,26.65,15.15,595.55,202.63,28.15,62.64,90.79,45.87,22.75,11.35,41.56,56.01,175.03,74.17,56.05,41.7,35.87,12.58,0.49,2.27,1.3,51.9,17.12,2.49,5.36,7.85,3.75,2.1,1.04,3.58,4.45,15.18,6.27,4.4,3.37,3.32,1.21,0.01,0.04
summela01w,7,0,CON,11.0,0.0,43.0,10.0,5.0,5.0,10.0,3.0,2.0,0.0,4.0,11.0,9.0,3.0,5.0,4.0,0.0,0.0,0.0,2.0,0.0,2.0,0.0,0.0,0.0,0.0,0.0,0.0,0.0,0.0,0.0,0.0,0.0,0.0,0.0,0.0,0.0,0.0,0.0
sun-mju01w,4,0,SEA,26.12,15.6,604.13,208.08,28.55,61.69,90.24,47.04,23.71,11.16,42.62,55.83,178.36,75.29,57.52,43.31,41.07,14.19,0.53,1.78,1.11,44.72,16.41,2.01,4.64,6.66,3.96,1.6,0.72,2.72,3.83,13.91,6.03,4.09,3.11,3.47,1.23,0.02,0.05
suttota01w,2,0,CHA,27.47,15.65,612.86,211.84,30.0,62.37,92.37,47.2,24.88,10.88,46.06,62.03,178.46,77.47,60.54,44.63,37.18,12.27,0.68,1.69,0.94,39.12,12.03,2.0,4.03,6.03,2.86,1.51,0.62,2.58,3.48,10.52,4.54,2.79,2.14,2.45,0.81,0.03,0.02
suttota01w,3,0,CHA,29.0,21.0,602.0,196.0,51.0,78.0,129.0,11.0,21.0,39.0,40.0,84.0,147.0,72.0,72.0,52.0,0.0,0.0,1.0,8.0,8.0,167.0,60.0,10.0,16.0,26.0,4.0,1.0,11.0,8.0,25.0,46.0,25.0,14.0,10.0,0.0,0.0,0.0,0.0
suttota01w,4,0,CHA,32.0,29.0,885.0,382.0,76.0,115.0,191.0,15.0,29.0,36.0,49.0,125.0,243.0,129.0,174.0,124.0,0.0,0.0,3.0,2.0,2.0,56.0,15.0,4.0,8.0,12.0,0.0,1.0,1.0,7.0,6.0,14.0,7.0,6.0,1.0,0.0,0.0,0.0,0.0
suttota01w,5,0,CHA,34.0,33.0,864.0,286.0,73.0,128.0,201.0,15.0,19.0,50.0,59.0,132.0,233.0,98.0,131.0,90.0,0.0,0.0,2.0,2.0,1.0,32.0,4.0,1.0,5.0,6.0,0.0,0.0,3.0,2.0,5.0,7.0,2.0,0.0,0.0,0.0,0.0,0.0,0.0
suttota01w,6,0,CHA,34.0,34.0,970.0,325.0,63.0,148.0,211.0,15.0,31.0,71.0,71.0,111.0,224.0,106.0,162.0,113.0,0.0,0.0,1.0,0.0,0.0,0.0,0.0,0.0,0.0,0.0,0.0,0.0,0.0,0.0,0.0,0.0,0.0,0.0,0.0,0.0,0.0,0.0,0.0
suttota01w,7,0,CHA,34.0,33.0,887.0,318.0,64.0,115.0,179.0,14.0,30.0,37.0,69.0,138.0,218.0,111.0,141.0,96.0,0.0,0.0,5.0,0.0,0.0,0.0,0.0,0.0,0.0,0.0,0.0,0.0,0.0,0.0,0.0,0.0,0.0,0.0,0.0,0.0,0.0,0.0,0.0
suttota01w,8,0,IND,30.0,30.0,800.0,335.0,70.0,106.0,176.0,20.0,26.0,55.0,71.0,105.0,242.0,118.0,155.0,99.0,0.0,0.0,2.0,0.0,0.0,0.0,0.0,0.0,0.0,0.0,0.0,0.0,0.0,0.0,0.0,0.0,0.0,0.0,0.0,0.0,0.0,0.0,0.0
suttota01w,9,0,IND,34.0,33.0,860.0,409.0,66.0,118.0,184.0,30.0,35.0,47.0,85.0,115.0,307.0,149.0,155.0,111.0,0.0,0.0,1.0,6.0,6.0,123.0,42.0,7.0,21.0,28.0,4.0,1.0,12.0,8.0,15.0,43.0,15.0,21.0,12.0,0.0,0.0,0.0,0.0
suttota01w,10,0,IND,33.0,33.0,956.0,389.0,63.0,145.0,208.0,17.0,20.0,57.0,69.0,113.0,289.0,143.0,153.0,103.0,1.0,0.0,2.0,3.0,3.0,93.0,44.0,6.0,10.0,16.0,1.0,1.0,4.0,6.0,12.0,31.0,12.0,21.0,20.0,0.0,0.0,0.0,0.0
swanike01w,9,0,CON,26.3,13.75,549.16,209.96,28.39,66.05,94.44,44.4,21.72,10.61,42.77,53.46,179.59,76.48,55.67,42.66,40.99,14.34,0.44,2.46,1.36,56.15,22.09,2.92,7.19,10.11,4.72,1.89,1.15,3.64,5.21,19.28,8.05,5.13,3.95,5.4,2.05,0.05,0.07
swanike01w,10,0,PHO,25.0,6.0,231.0,41.0,5.0,24.0,29.0,26.0,14.0,1.0,20.0,17.0,47.0,13.0,10.0,8.0,30.0,7.0,0.0,0.0,0.0,0.0,0.0,0.0,0.0,0.0,0.0,0.0,0.0,0.0,0.0,0.0,0.0,0.0,0.0,0.0,0.0,0.0,0.0
swoopsh01w,3,0,HOU,31.0,31.0,1090.0,643.0,40.0,155.0,195.0,119.0,87.0,33.0,82.0,67.0,484.0,245.0,145.0,119.0,91.0,34.0,0.0,6.0,6.0,220.0,113.0,9.0,25.0,34.0,19.0,17.0,0.0,12.0,11.0,87.0,41.0,29.0,23.0,17.0,8.0,0.0,2.0
swoopsh01w,4,0,HOU,32.0,32.0,1154.0,592.0,30.0,128.0,158.0,107.0,88.0,23.0,87.0,50.0,509.0,221.0,154.0,127.0,80.0,23.0,0.0,3.0,3.0,127.0,73.0,10.0,12.0,22.0,17.0,12.0,2.0,8.0,7.0,63.0,25.0,25.0,20.0,9.0,3.0,0.0,2.0
swoopsh01w,5,0,HOU,31.0,30.0,1084.0,484.0,32.0,111.0,143.0,121.0,77.0,26.0,73.0,48.0,434.0,175.0,124.0,110.0,79.0,24.0,0.0,3.0,3.0,110.0,56.0,2.0,17.0,19.0,13.0,4.0,2.0,5.0,8.0,46.0,20.0,16.0,15.0,10.0,1.0,0.0,1.0
swoopsh01w,6,0,HOU,31.0,31.0,1070.0,459.0,38.0,115.0,153.0,91.0,47.0,16.0,59.0,56.0,429.0,181.0,90.0,77.0,65.0,20.0,0.0,0.0,0.0,0.0,0.0,0.0,0.0,0.0,0.0,0.0,0.0,0.0,0.0,0.0,0.0,0.0,0.0,0.0,0.0,0.0,0.0
swoopsh01w,7,0,HOU,33.0,33.0,1225.0,614.0,27.0,92.0,119.0,141.0,66.0,26.0,72.0,54.0,486.0,217.0,180.0,153.0,75.0,27.0,0.0,5.0,5.0,189.0,92.0,8.0,20.0,28.0,19.0,7.0,2.0,15.0,17.0,87.0,35.0,21.0,17.0,14.0,5.0,0.0,2.0
swoopsh01w,8,0,HOU,31.0,31.0,1111.0,482.0,34.0,149.0,183.0,115.0,64.0,9.0,74.0,46.0,436.0,180.0,127.0,97.0,90.0,25.0,0.0,2.0,2.0,62.0,22.0,0.0,5.0,5.0,3.0,2.0,2.0,2.0,2.0,18.0,7.0,8.0,7.0,6.0,1.0,0.0,1.0
swoopsh01w,9,0,SEA,3.0,3.0,106.0,23.0,3.0,14.0,17.0,11.0,5.0,1.0,9.0,3.0,25.0,9.0,4.0,4.0,7.0,1.0,0.0,0.0,0.0,0.0,0.0,0.0,0.0,0.0,0.0,0.0,0.0,0.0,0.0,0.0,0.0,0.0,0.0,0.0,0.0,0.0,0.0
tauradi01w,5,0,PHO,28.7,17.01,651.85,232.97,33.24,71.39,104.63,51.13,24.66,12.93,46.39,61.6,201.87,85.06,63.94,47.89,44.05,14.97,0.58,2.22,1.39,53.69,18.96,2.43,6.16,8.59,4.55,1.83,1.16,3.5,5.1,16.68,6.86,5.2,4.12,3.5,1.13,0.02,0.06
tauradi01w,6,0,PHO,34.0,34.0,1130.0,578.0,28.0,121.0,149.0,132.0,43.0,25.0,90.0,117.0,503.0,209.0,129.0,98.0,188.0,62.0,4.0,0.0,0.0,0.0,0.0,0.0,0.0,0.0,0.0,0.0,0.0,0.0,0.0,0.0,0.0,0.0,0.0,0.0,0.0,0.0,1.0
tauradi01w,7,0,PHO,33.0,33.0,1089.0,527.0,22.0,116.0,138.0,150.0,38.0,28.0,112.0,111.0,427.0,175.0,151.0,121.0,179.0,56.0,2.0,0.0,0.0,0.0,0.0,0.0,0.0,0.0,0.0,0.0,0.0,0.0,0.0,0.0,0.0,0.0,0.0,0.0,0.0,0.0,0.0
tauradi01w,8,0,PHO,34.0,34.0,1152.0,860.0,25.0,97.0,122.0,139.0,42.0,27.0,79.0,100.0,660.0,298.0,183.0,143.0,305.0,121.0,2.0,0.0,0.0,0.0,0.0,0.0,0.0,0.0,0.0,0.0,0.0,0.0,0.0,0.0,0.0,0.0,0.0,0.0,0.0,0.0,1.0
tauradi01w,9,0,PHO,32.0,32.0,1025.0,613.0,18.0,117.0,135.0,137.0,45.0,34.0,84.0,106.0,468.0,206.0,127.0,106.0,259.0,95.0,1.0,9.0,9.0,299.0,179.0,6.0,33.0,39.0,27.0,13.0,7.0,18.0,31.0,127.0,64.0,26.0,19.0,82.0,32.0,1.0,0.0
tauradi01w,10,0,PHO,34.0,34.0,1083.0,820.0,26.0,146.0,172.0,121.0,46.0,46.0,83.0,125.0,579.0,258.0,247.0,215.0,247.0,89.0,2.0,0.0,0.0,0.0,0.0,0.0,0.0,0.0,0.0,0.0,0.0,0.0,0.0,0.0,0.0,0.0,0.0,0.0,0.0,0.0,0.0
tayloli01w,5,0,PHO,28.7,17.01,651.85,232.97,33.24,71.39,104.63,51.13,24.66,12.93,46.39,61.6,201.87,85.06,63.94,47.89,44.05,14.97,0.58,2.22,1.39,53.69,18.96,2.43,6.16,8.59,4.55,1.83,1.16,3.5,5.1,16.68,6.86,5.2,4.12,3.5,1.13,0.02,0.06
taylope01w,2,0,CLE,27.47,15.65,612.86,211.84,30.0,62.37,92.37,47.2,24.88,10.88,46.06,62.03,178.46,77.47,60.54,44.63,37.18,12.27,0.68,1.69,0.94,39.12,12.03,2.0,4.03,6.03,2.86,1.51,0.62,2.58,3.48,10.52,4.54,2.79,2.14,2.45,0.81,0.03,0.02
taylope01w,3,0,CLE,32.0,0.0,561.0,230.0,36.0,76.0,112.0,44.0,35.0,11.0,38.0,46.0,225.0,86.0,46.0,36.0,73.0,22.0,0.0,3.0,0.0,59.0,21.0,2.0,7.0,9.0,3.0,6.0,1.0,5.0,4.0,25.0,8.0,4.0,3.0,11.0,2.0,0.0,0.0
taylope01w,4,0,CLE,30.0,26.0,908.0,391.0,51.0,107.0,158.0,68.0,37.0,11.0,58.0,66.0,320.0,133.0,102.0,87.0,111.0,38.0,0.0,0.0,0.0,0.0,0.0,0.0,0.0,0.0,0.0,0.0,0.0,0.0,0.0,0.0,0.0,0.0,0.0,0.0,0.0,0.0,0.0
taylope01w,5,0,PHO,34.0,33.0,898.0,398.0,44.0,104.0,148.0,80.0,38.0,10.0,60.0,53.0,340.0,143.0,95.0,78.0,99.0,34.0,0.0,3.0,3.0,99.0,45.0,1.0,12.0,13.0,3.0,6.0,1.0,6.0,10.0,36.0,16.0,12.0,10.0,10.0,3.0,0.0,0.0
taylope01w,6,0,PHO,33.0,33.0,1076.0,434.0,51.0,109.0,160.0,82.0,52.0,14.0,81.0,108.0,310.0,150.0,108.0,93.0,96.0,41.0,1.0,0.0,0.0,0.0,0.0,0.0,0.0,0.0,0.0,0.0,0.0,0.0,0.0,0.0,0.0,0.0,0.0,0.0,0.0,0.0,0.0
taylope01w,7,0,PHO,29.0,29.0,852.0,382.0,38.0,82.0,120.0,94.0,38.0,11.0,77.0,86.0,261.0,121.0,118.0,102.0,94.0,38.0,2.0,0.0,0.0,0.0,0.0,0.0,0.0,0.0,0.0,0.0,0.0,0.0,0.0,0.0,0.0,0.0,0.0,0.0,0.0,0.0,0.0
taylope01w,8,0,PHO,20.0,8.0,536.0,277.0,32.0,81.0,113.0,51.0,29.0,9.0,29.0,57.0,220.0,98.0,66.0,57.0,65.0,24.0,1.0,0.0,0.0,0.0,0.0,0.0,0.0,0.0,0.0,0.0,0.0,0.0,0.0,0.0,0.0,0.0,0.0,0.0,0.0,0.0,0.0
taylope01w,10,0,PHO,34.0,34.0,1010.0,605.0,73.0,141.0,214.0,98.0,51.0,22.0,77.0,120.0,397.0,198.0,198.0,175.0,90.0,34.0,2.0,9.0,9.0,311.0,174.0,24.0,47.0,71.0,34.0,16.0,10.0,25.0,33.0,112.0,52.0,68.0,62.0,20.0,8.0,0.0,0.0
teaslni01w,3,0,LAS,25.23,13.75,548.8,181.49,26.81,57.19,84.0,40.49,21.88,9.7,39.26,50.48,160.77,66.49,49.2,36.53,35.69,11.98,0.41,1.74,1.06,41.03,13.2,1.91,4.14,6.05,3.08,1.38,0.95,2.43,3.52,11.93,4.9,3.33,2.48,2.82,0.93,0.02,0.05
teaslni01w,4,0,LAS,32.0,32.0,882.0,204.0,17.0,67.0,84.0,140.0,25.0,9.0,68.0,63.0,166.0,67.0,40.0,30.0,100.0,40.0,1.0,6.0,6.0,184.0,49.0,3.0,10.0,13.0,47.0,9.0,1.0,22.0,22.0,42.0,14.0,19.0,16.0,22.0,5.0,1.0,0.0
teaslni01w,5,0,LAS,34.0,34.0,1189.0,392.0,30.0,145.0,175.0,214.0,39.0,15.0,108.0,68.0,288.0,112.0,112.0,98.0,165.0,70.0,0.0,9.0,9.0,312.0,70.0,11.0,29.0,40.0,71.0,12.0,0.0,27.0,23.0,67.0,22.0,20.0,16.0,45.0,10.0,0.0,1.0
teaslni01w,6,0,LAS,34.0,34.0,1105.0,336.0,29.0,87.0,116.0,207.0,43.0,7.0,103.0,89.0,278.0,108.0,68.0,52.0,165.0,68.0,0.0,3.0,3.0,88.0,19.0,1.0,2.0,3.0,16.0,2.0,1.0,14.0,10.0,19.0,5.0,4.0,4.0,15.0,5.0,0.0,0.0
teaslni01w,7,0,WAS,19.0,19.0,551.0,141.0,6.0,47.0,53.0,70.0,23.0,4.0,47.0,38.0,135.0,45.0,26.0,22.0,94.0,29.0,0.0,2.0,1.0,61.0,22.0,2.0,3.0,5.0,14.0,3.0,0.0,3.0,4.0,21.0,7.0,9.0,6.0,11.0,2.0,0.0,0.0
teaslni01w,8,0,WAS,34.0,34.0,975.0,364.0,13.0,76.0,89.0,183.0,44.0,11.0,77.0,81.0,318.0,118.0,92.0,76.0,151.0,52.0,1.0,2.0,2.0,67.0,20.0,1.0,9.0,10.0,8.0,1.0,0.0,7.0,5.0,21.0,7.0,7.0,6.0,9.0,0.0,0.0,0.0
teaslni01w,10,1,ATL,33.0,33.0,746.0,172.0,19.0,54.0,73.0,109.0,23.0,6.0,62.0,80.0,152.0,51.0,45.0,42.0,85.0,28.0,0.0,0.0,0.0,0.0,0.0,0.0,0.0,0.0,0.0,0.0,0.0,0.0,0.0,0.0,0.0,0.0,0.0,0.0,0.0,0.0,0.0
teaslni01w,10,2,DET,10.0,10.0,234.0,39.0,2.0,15.0,17.0,35.0,9.0,1.0,12.0,28.0,30.0,12.0,10.0,8.0,17.0,7.0,0.0,0.0,0.0,0.0,0.0,0.0,0.0,0.0,0.0,0.0,0.0,0.0,0.0,0.0,0.0,0.0,0.0,0.0,0.0,0.0,0.0
teilaza01w,7,0,WAS,25.54,14.06,551.91,185.83,24.96,56.79,81.75,42.45,20.43,9.74,39.28,53.91,160.15,67.6,52.41,38.9,34.99,11.74,0.55,2.0,1.09,44.98,14.88,1.82,4.73,6.55,3.21,1.47,0.67,2.84,4.28,12.66,5.27,4.5,3.36,2.66,0.98,0.04,0.04
terryka01w,7,0,IND,25.54,14.06,551.91,185.83,24.96,56.79,81.75,42.45,20.43,9.74,39.28,53.91,160.15,67.6,52.41,38.9,34.99,11.74,0.55,2.0,1.09,44.98,14.88,1.82,4.73,6.55,3.21,1.47,0.67,2.84,4.28,12.66,5.27,4.5,3.36,2.66,0.98,0.04,0.04
terryka01w,8,0,IND,10.0,0.0,53.0,23.0,4.0,10.0,14.0,0.0,0.0,3.0,8.0,14.0,19.0,11.0,5.0,1.0,0.0,0.0,0.0,0.0,0.0,0.0,0.0,0.0,0.0,0.0,0.0,0.0,0.0,0.0,0.0,0.0,0.0,0.0,0.0,0.0,0.0,0.0,0.0
terryka01w,9,2,ATL,9.0,0.0,54.0,9.0,5.0,9.0,14.0,1.0,2.0,3.0,11.0,18.0,12.0,3.0,4.0,3.0,0.0,0.0,1.0,0.0,0.0,0.0,0.0,0.0,0.0,0.0,0.0,0.0,0.0,0.0,0.0,0.0,0.0,0.0,0.0,0.0,0.0,0.0,0.0
terryka01w,9,1,IND,20.0,8.0,275.0,92.0,27.0,37.0,64.0,10.0,10.0,11.0,37.0,52.0,76.0,36.0,33.0,20.0,0.0,0.0,0.0,0.0,0.0,0.0,0.0,0.0,0.0,0.0,0.0,0.0,0.0,0.0,0.0,0.0,0.0,0.0,0.0,0.0,0.0,0.0,0.0
thomaca01w,8,0,CHI,27.63,15.03,590.39,224.03,29.59,68.73,98.32,47.71,23.73,9.81,43.11,57.02,190.87,81.15,62.0,47.06,43.3,14.66,0.41,2.11,1.27,47.78,17.62,2.66,5.57,8.24,3.76,1.55,0.91,3.1,4.73,15.76,6.45,4.92,3.58,3.32,1.13,0.03,0.1
thomach01w,5,0,LAS,28.7,17.01,651.85,232.97,33.24,71.39,104.63,51.13,24.66,12.93,46.39,61.6,201.87,85.06,63.94,47.89,44.05,14.97,0.58,2.22,1.39,53.69,18.96,2.43,6.16,8.59,4.55,1.83,1.16,3.5,5.1,16.68,6.86,5.2,4.12,3.5,1.13,0.02,0.06
thomach01w,6,0,LAS,31.0,8.0,547.0,165.0,43.0,77.0,120.0,23.0,18.0,14.0,27.0,80.0,143.0,66.0,41.0,28.0,11.0,5.0,0.0,3.0,3.0,100.0,24.0,11.0,12.0,23.0,2.0,1.0,1.0,2.0,14.0,22.0,12.0,0.0,0.0,1.0,0.0,0.0,0.0
thomach01w,7,0,LAS,32.0,0.0,520.0,122.0,28.0,76.0,104.0,17.0,11.0,19.0,25.0,102.0,96.0,48.0,32.0,22.0,12.0,4.0,1.0,2.0,0.0,38.0,8.0,1.0,1.0,2.0,2.0,0.0,2.0,2.0,7.0,4.0,3.0,1.0,1.0,1.0,1.0,0.0,0.0
thomach01w,8,0,LAS,27.0,1.0,539.0,164.0,43.0,100.0,143.0,26.0,20.0,14.0,42.0,80.0,133.0,65.0,47.0,30.0,20.0,4.0,1.0,5.0,0.0,107.0,30.0,1.0,15.0,16.0,4.0,3.0,6.0,1.0,13.0,22.0,12.0,5.0,4.0,3.0,2.0,0.0,0.0
thomach01w,9,0,LAS,34.0,19.0,640.0,287.0,66.0,113.0,179.0,18.0,22.0,9.0,46.0,119.0,237.0,114.0,70.0,53.0,17.0,6.0,2.0,0.0,0.0,0.0,0.0,0.0,0.0,0.0,0.0,0.0,0.0,0.0,0.0,0.0,0.0,0.0,0.0,0.0,0.0,0.0,0.0
thomach01w,10,0,MIN,20.0,0.0,159.0,29.0,10.0,30.0,40.0,6.0,2.0,8.0,8.0,33.0,34.0,12.0,8.0,4.0,6.0,1.0,0.0,0.0,0.0,0.0,0.0,0.0,0.0,0.0,0.0,0.0,0.0,0.0,0.0,0.0,0.0,0.0,0.0,0.0,0.0,0.0,0.0
thomala01w,4,0,CLE,26.12,15.6,604.13,208.08,28.55,61.69,90.24,47.04,23.71,11.16,42.62,55.83,178.36,75.29,57.52,43.31,41.07,14.19,0.53,1.78,1.11,44.72,16.41,2.01,4.64,6.66,3.96,1.6,0.72,2.72,3.83,13.91,6.03,4.09,3.11,3.47,1.23,0.02,0.05
thomala01w,5,0,SAS,32.0,25.0,852.0,345.0,63.0,101.0,164.0,37.0,28.0,13.0,42.0,62.0,296.0,137.0,90.0,71.0,6.0,0.0,1.0,3.0,3.0,100.0,41.0,6.0,17.0,23.0,4.0,1.0,4.0,6.0,11.0,32.0,14.0,17.0,13.0,2.0,0.0,0.0,0.0
thomala01w,6,0,SAS,31.0,30.0,964.0,440.0,48.0,90.0,138.0,42.0,25.0,11.0,56.0,99.0,350.0,171.0,113.0,95.0,8.0,3.0,1.0,0.0,0.0,0.0,0.0,0.0,0.0,0.0,0.0,0.0,0.0,0.0,0.0,0.0,0.0,0.0,0.0,0.0,0.0,0.0,0.0
thomala01w,7,0,SAS,21.0,12.0,505.0,185.0,18.0,50.0,68.0,22.0,7.0,8.0,33.0,42.0,161.0,69.0,49.0,44.0,7.0,3.0,0.0,0.0,0.0,0.0,0.0,0.0,0.0,0.0,0.0,0.0,0.0,0.0,0.0,0.0,0.0,0.0,0.0,0.0,0.0,0.0,0.0
thomala01w,8,0,LAS,19.0,0.0,369.0,157.0,27.0,55.0,82.0,22.0,14.0,7.0,27.0,49.0,124.0,56.0,59.0,45.0,0.0,0.0,1.0,0.0,0.0,0.0,0.0,0.0,0.0,0.0,0.0,0.0,0.0,0.0,0.0,0.0,0.0,0.0,0.0,0.0,0.0,0.0,0.0
thomala01w,9,1,DET,27.0,7.0,487.0,208.0,27.0,34.0,61.0,32.0,9.0,7.0,29.0,63.0,174.0,77.0,46.0,38.0,38.0,16.0,0.0,0.0,0.0,0.0,0.0,0.0,0.0,0.0,0.0,0.0,0.0,0.0,0.0,0.0,0.0,0.0,0.0,0.0,0.0,0.0,0.0
thomala01w,9,2,MIN,7.0,0.0,40.0,8.0,2.0,3.0,5.0,1.0,1.0,1.0,2.0,3.0,15.0,4.0,0.0,0.0,2.0,0.0,0.0,0.0,0.0,0.0,0.0,0.0,0.0,0.0,0.0,0.0,0.0,0.0,0.0,0.0,0.0,0.0,0.0,0.0,0.0,0.0,0.0
thomast01w,2,0,POR,32.0,31.0,863.0,163.0,48.0,78.0,126.0,101.0,54.0,15.0,68.0,93.0,163.0,58.0,74.0,44.0,12.0,3.0,1.0,0.0,0.0,0.0,0.0,0.0,0.0,0.0,0.0,0.0,0.0,0.0,0.0,0.0,0.0,0.0,0.0,0.0,0.0,0.0,0.0
thomast01w,3,0,POR,32.0,1.0,413.0,59.0,31.0,39.0,70.0,41.0,30.0,10.0,40.0,57.0,60.0,22.0,35.0,15.0,7.0,0.0,0.0,0.0,0.0,0.0,0.0,0.0,0.0,0.0,0.0,0.0,0.0,0.0,0.0,0.0,0.0,0.0,0.0,0.0,0.0,0.0,0.0
thomast01w,4,2,DET,32.0,6.0,621.0,143.0,34.0,60.0,94.0,67.0,42.0,12.0,36.0,62.0,148.0,51.0,61.0,31.0,39.0,10.0,0.0,0.0,0.0,0.0,0.0,0.0,0.0,0.0,0.0,0.0,0.0,0.0,0.0,0.0,0.0,0.0,0.0,0.0,0.0,0.0,0.0
thomast01w,4,1,PHO,11.0,0.0,82.0,15.0,5.0,11.0,16.0,5.0,9.0,1.0,6.0,10.0,16.0,5.0,11.0,4.0,5.0,1.0,0.0,4.0,0.0,13.0,0.0,0.0,3.0,3.0,0.0,1.0,0.0,1.0,1.0,1.0,0.0,0.0,0.0,0.0,0.0,0.0,0.0
thomast01w,5,0,DET,19.0,1.0,187.0,46.0,10.0,17.0,27.0,10.0,11.0,8.0,10.0,14.0,46.0,15.0,16.0,10.0,22.0,6.0,0.0,0.0,0.0,0.0,0.0,0.0,0.0,0.0,0.0,0.0,0.0,0.0,0.0,0.0,0.0,0.0,0.0,0.0,0.0,0.0,0.0
thomast01w,6,1,DET,1.0,0.0,1.0,0.0,0.0,0.0,0.0,0.0,0.0,0.0,0.0,0.0,0.0,0.0,0.0,0.0,0.0,0.0,0.0,3.0,0.0,7.0,3.0,0.0,1.0,1.0,0.0,1.0,0.0,0.0,1.0,1.0,1.0,0.0,0.0,1.0,1.0,0.0,0.0
thomast01w,6,2,MIN,17.0,0.0,133.0,12.0,10.0,10.0,20.0,8.0,8.0,3.0,3.0,15.0,12.0,2.0,20.0,8.0,1.0,0.0,0.0,0.0,0.0,0.0,0.0,0.0,0.0,0.0,0.0,0.0,0.0,0.0,0.0,0.0,0.0,0.0,0.0,0.0,0.0,0.0,0.0
thompal01w,2,0,IND,31.0,26.0,792.0,310.0,48.0,109.0,157.0,41.0,24.0,4.0,53.0,85.0,255.0,131.0,42.0,30.0,40.0,18.0,4.0,0.0,0.0,0.0,0.0,0.0,0.0,0.0,0.0,0.0,0.0,0.0,0.0,0.0,0.0,0.0,0.0,0.0,0.0,0.0,0.0
thompal01w,3,0,IND,22.0,7.0,381.0,186.0,21.0,42.0,63.0,25.0,9.0,7.0,22.0,24.0,174.0,76.0,23.0,17.0,43.0,17.0,0.0,0.0,0.0,0.0,0.0,0.0,0.0,0.0,0.0,0.0,0.0,0.0,0.0,0.0,0.0,0.0,0.0,0.0,0.0,0.0,0.0
thompal01w,5,0,SEA,18.0,2.0,314.0,97.0,12.0,30.0,42.0,14.0,7.0,2.0,18.0,20.0,109.0,39.0,17.0,12.0,29.0,7.0,0.0,1.0,0.0,2.0,2.0,0.0,0.0,0.0,0.0,0.0,0.0,0.0,0.0,1.0,1.0,0.0,0.0,0.0,0.0,0.0,0.0
thompal01w,6,0,SEA,23.0,2.0,182.0,52.0,8.0,16.0,24.0,9.0,6.0,0.0,7.0,9.0,54.0,24.0,2.0,1.0,16.0,3.0,0.0,8.0,0.0,83.0,39.0,6.0,9.0,15.0,6.0,2.0,1.0,7.0,6.0,33.0,15.0,3.0,3.0,12.0,6.0,0.0,0.0
thompti01w,2,0,HOU,32.0,32.0,1087.0,540.0,68.0,177.0,245.0,48.0,47.0,25.0,84.0,88.0,407.0,191.0,123.0,103.0,132.0,55.0,0.0,6.0,6.0,233.0,76.0,17.0,31.0,48.0,10.0,5.0,5.0,10.0,19.0,62.0,25.0,18.0,17.0,23.0,9.0,0.0,1.0
thompti01w,3,0,HOU,30.0,30.0,1102.0,579.0,84.0,149.0,233.0,58.0,29.0,22.0,87.0,74.0,528.0,199.0,163.0,137.0,150.0,44.0,0.0,2.0,2.0,68.0,29.0,4.0,8.0,12.0,7.0,1.0,0.0,10.0,5.0,20.0,11.0,5.0,4.0,5.0,3.0,0.0,0.0
thompti01w,4,0,HOU,29.0,29.0,1052.0,485.0,67.0,150.0,217.0,62.0,25.0,20.0,92.0,76.0,408.0,176.0,113.0,93.0,108.0,40.0,0.0,3.0,3.0,128.0,43.0,9.0,15.0,24.0,4.0,6.0,3.0,2.0,12.0,44.0,16.0,10.0,7.0,12.0,4.0,0.0,0.0
thompti01w,5,0,HOU,28.0,28.0,974.0,472.0,39.0,126.0,165.0,47.0,18.0,23.0,69.0,65.0,426.0,176.0,104.0,81.0,114.0,39.0,0.0,3.0,3.0,106.0,45.0,3.0,11.0,14.0,5.0,2.0,6.0,6.0,9.0,46.0,18.0,7.0,6.0,13.0,3.0,0.0,0.0
thompti01w,6,0,HOU,26.0,26.0,943.0,520.0,44.0,113.0,157.0,48.0,22.0,23.0,70.0,68.0,448.0,180.0,147.0,116.0,108.0,44.0,0.0,0.0,0.0,0.0,0.0,0.0,0.0,0.0,0.0,0.0,0.0,0.0,0.0,0.0,0.0,0.0,0.0,0.0,0.0,0.0,0.0
thompti01w,7,0,HOU,15.0,15.0,439.0,152.0,17.0,40.0,57.0,22.0,12.0,4.0,32.0,32.0,150.0,62.0,21.0,16.0,40.0,12.0,0.0,5.0,5.0,168.0,69.0,10.0,18.0,28.0,6.0,2.0,6.0,9.0,15.0,57.0,28.0,14.0,10.0,10.0,3.0,0.0,0.0
thompti01w,8,0,HOU,21.0,21.0,696.0,392.0,31.0,87.0,118.0,47.0,20.0,13.0,52.0,53.0,304.0,139.0,92.0,74.0,96.0,40.0,0.0,2.0,2.0,63.0,27.0,3.0,2.0,5.0,3.0,2.0,1.0,5.0,7.0,21.0,8.0,9.0,9.0,5.0,2.0,0.0,1.0
thompti01w,9,0,HOU,34.0,34.0,1234.0,639.0,65.0,164.0,229.0,94.0,29.0,23.0,112.0,62.0,495.0,208.0,205.0,171.0,130.0,52.0,0.0,0.0,0.0,0.0,0.0,0.0,0.0,0.0,0.0,0.0,0.0,0.0,0.0,0.0,0.0,0.0,0.0,0.0,0.0,0.0,0.0
thompti01w,10,0,LAS,30.0,29.0,1074.0,542.0,48.0,160.0,208.0,64.0,33.0,20.0,112.0,74.0,456.0,188.0,128.0,110.0,139.0,56.0,0.0,0.0,0.0,0.0,0.0,0.0,0.0,0.0,0.0,0.0,0.0,0.0,0.0,0.0,0.0,0.0,0.0,0.0,0.0,0.0,0.0
thorbsh01w,7,0,MIN,25.54,14.06,551.91,185.83,24.96,56.79,81.75,42.45,20.43,9.74,39.28,53.91,160.15,67.6,52.41,38.9,34.99,11.74,0.55,2.0,1.09,44.98,14.88,1.82,4.73,6.55,3.21,1.47,0.67,2.84,4.28,12.66,5.27,4.5,3.36,2.66,0.98,0.04,0.04
thorbsh01w,8,0,SEA,22.0,0.0,141.0,16.0,4.0,14.0,18.0,19.0,4.0,2.0,14.0,11.0,27.0,5.0,8.0,5.0,8.0,1.0,0.0,0.0,0.0,0.0,0.0,0.0,0.0,0.0,0.0,0.0,0.0,0.0,0.0,0.0,0.0,0.0,0.0,0.0,0.0,0.0,0.0
thorner01w,4,0,NYL,26.12,15.6,604.13,208.08,28.55,61.69,90.24,47.04,23.71,11.16,42.62,55.83,178.36,75.29,57.52,43.31,41.07,14.19,0.53,1.78,1.11,44.72,16.41,2.01,4.64,6.66,3.96,1.6,0.72,2.72,3.83,13.91,6.03,4.09,3.11,3.47,1.23,0.02,0.05
thorner01w,5,0,NYL,23.0,0.0,181.0,44.0,3.0,8.0,11.0,16.0,4.0,1.0,13.0,8.0,42.0,13.0,10.0,10.0,33.0,8.0,0.0,0.0,0.0,0.0,0.0,0.0,0.0,0.0,0.0,0.0,0.0,0.0,0.0,0.0,0.0,0.0,0.0,0.0,0.0,0.0,0.0
thorner01w,6,0,NYL,17.0,1.0,156.0,34.0,0.0,8.0,8.0,8.0,4.0,1.0,9.0,5.0,45.0,12.0,2.0,1.0,31.0,9.0,0.0,2.0,0.0,3.0,3.0,0.0,0.0,0.0,0.0,0.0,0.0,0.0,0.0,1.0,1.0,0.0,0.0,1.0,1.0,0.0,0.0
thorner01w,7,0,NYL,21.0,0.0,203.0,56.0,4.0,10.0,14.0,13.0,4.0,0.0,7.0,12.0,54.0,21.0,4.0,4.0,29.0,10.0,0.0,2.0,0.0,10.0,2.0,0.0,0.0,0.0,0.0,0.0,0.0,0.0,1.0,2.0,1.0,0.0,0.0,0.0,0.0,0.0,0.0
thorner01w,8,0,NYL,27.0,1.0,378.0,166.0,9.0,29.0,38.0,33.0,6.0,1.0,21.0,22.0,132.0,55.0,31.0,28.0,65.0,28.0,0.0,0.0,0.0,0.0,0.0,0.0,0.0,0.0,0.0,0.0,0.0,0.0,0.0,0.0,0.0,0.0,0.0,0.0,0.0,0.0,0.0
thorner01w,9,0,NYL,29.0,29.0,883.0,281.0,17.0,70.0,87.0,73.0,25.0,1.0,48.0,40.0,245.0,104.0,34.0,25.0,123.0,48.0,0.0,3.0,3.0,74.0,13.0,1.0,8.0,9.0,6.0,2.0,0.0,3.0,1.0,11.0,5.0,0.0,0.0,8.0,3.0,0.0,0.0
thorner01w,10,0,CHI,32.0,5.0,380.0,101.0,2.0,18.0,20.0,36.0,7.0,2.0,20.0,22.0,106.0,36.0,11.0,10.0,71.0,19.0,0.0,6.0,0.0,62.0,24.0,0.0,2.0,2.0,6.0,1.0,0.0,5.0,1.0,12.0,7.0,7.0,6.0,7.0,4.0,0.0,0.0
tilliic01w,5,0,DET,28.7,17.01,651.85,232.97,33.24,71.39,104.63,51.13,24.66,12.93,46.39,61.6,201.87,85.06,63.94,47.89,44.05,14.97,0.58,2.22,1.39,53.69,18.96,2.43,6.16,8.59,4.55,1.83,1.16,3.5,5.1,16.68,6.86,5.2,4.12,3.5,1.13,0.02,0.06
tilliic01w,7,0,NYL,31.0,1.0,287.0,83.0,13.0,26.0,39.0,13.0,9.0,8.0,23.0,23.0,74.0,35.0,12.0,7.0,18.0,6.0,0.0,3.0,0.0,18.0,2.0,0.0,1.0,1.0,1.0,0.0,0.0,1.0,3.0,1.0,1.0,0.0,0.0,0.0,0.0,0.0,0.0
tilliic01w,8,2,DET,25.0,0.0,256.0,86.0,21.0,34.0,55.0,11.0,10.0,4.0,22.0,46.0,89.0,32.0,22.0,16.0,29.0,6.0,2.0,0.0,0.0,0.0,0.0,0.0,0.0,0.0,0.0,0.0,0.0,0.0,0.0,0.0,0.0,0.0,0.0,0.0,0.0,0.0,0.0
tilliic01w,8,1,LAS,8.0,1.0,26.0,4.0,2.0,5.0,7.0,1.0,0.0,0.0,7.0,3.0,6.0,2.0,0.0,0.0,2.0,0.0,0.0,0.0,0.0,0.0,0.0,0.0,0.0,0.0,0.0,0.0,0.0,0.0,0.0,0.0,0.0,0.0,0.0,0.0,0.0,0.0,0.0
timmsmi01w,2,0,PHO,8.0,8.0,176.0,30.0,2.0,14.0,16.0,18.0,15.0,2.0,18.0,22.0,30.0,11.0,4.0,4.0,17.0,4.0,0.0,0.0,0.0,0.0,0.0,0.0,0.0,0.0,0.0,0.0,0.0,0.0,0.0,0.0,0.0,0.0,0.0,0.0,0.0,0.0,0.0
tolivkr01w,10,0,CHI,28.09,16.51,621.77,243.43,31.76,73.59,105.35,52.2,25.52,12.22,47.11,63.24,204.69,87.19,69.31,52.68,47.79,16.38,0.56,2.5,1.31,55.1,20.23,2.49,6.44,8.93,4.32,1.95,1.01,4.04,5.19,17.52,7.26,5.39,4.28,4.31,1.42,0.02,0.05
torniel01w,2,0,DET,32.0,32.0,869.0,330.0,41.0,69.0,110.0,82.0,29.0,13.0,68.0,73.0,241.0,122.0,93.0,85.0,8.0,1.0,0.0,0.0,0.0,0.0,0.0,0.0,0.0,0.0,0.0,0.0,0.0,0.0,0.0,0.0,0.0,0.0,0.0,0.0,0.0,0.0,0.0
torrele01w,2,0,MIA,27.47,15.65,612.86,211.84,30.0,62.37,92.37,47.2,24.88,10.88,46.06,62.03,178.46,77.47,60.54,44.63,37.18,12.27,0.68,1.69,0.94,39.12,12.03,2.0,4.03,6.03,2.86,1.51,0.62,2.58,3.48,10.52,4.54,2.79,2.14,2.45,0.81,0.03,0.02
turneba01w,7,0,SEA,25.54,14.06,551.91,185.83,24.96,56.79,81.75,42.45,20.43,9.74,39.28,53.91,160.15,67.6,52.41,38.9,34.99,11.74,0.55,2.0,1.09,44.98,14.88,1.82,4.73,6.55,3.21,1.47,0.67,2.84,4.28,12.66,5.27,4.5,3.36,2.66,0.98,0.04,0.04
turneba01w,8,0,HOU,34.0,9.0,622.0,216.0,26.0,60.0,86.0,48.0,13.0,6.0,47.0,56.0,159.0,71.0,77.0,64.0,40.0,10.0,0.0,3.0,0.0,53.0,7.0,2.0,6.0,8.0,5.0,1.0,2.0,0.0,1.0,9.0,3.0,0.0,0.0,3.0,1.0,0.0,0.0
turneba01w,9,0,CON,22.0,2.0,263.0,92.0,9.0,33.0,42.0,20.0,8.0,4.0,21.0,25.0,72.0,29.0,41.0,27.0,30.0,7.0,0.0,0.0,0.0,0.0,0.0,0.0,0.0,0.0,0.0,0.0,0.0,0.0,0.0,0.0,0.0,0.0,0.0,0.0,0.0,0.0,0.0
turneba01w,10,0,CON,34.0,6.0,663.0,273.0,23.0,85.0,108.0,52.0,12.0,14.0,40.0,62.0,192.0,80.0,89.0,69.0,118.0,44.0,0.0,3.0,0.0,57.0,16.0,3.0,7.0,10.0,1.0,0.0,1.0,3.0,6.0,22.0,5.0,2.0,2.0,14.0,4.0,0.0,0.0
tuvicsl01w,2,0,PHO,27.47,15.65,612.86,211.84,30.0,62.37,92.37,47.2,24.88,10.88,46.06,62.03,178.46,77.47,60.54,44.63,37.18,12.27,0.68,1.69,0.94,39.12,12.03,2.0,4.03,6.03,2.86,1.51,0.62,2.58,3.48,10.52,4.54,2.79,2.14,2.45,0.81,0.03,0.02
tuvicsl01w,3,0,PHO,30.0,0.0,325.0,54.0,18.0,45.0,63.0,17.0,16.0,17.0,28.0,49.0,42.0,13.0,59.0,28.0,0.0,0.0,0.0,0.0,0.0,0.0,0.0,0.0,0.0,0.0,0.0,0.0,0.0,0.0,0.0,0.0,0.0,0.0,0.0,0.0,0.0,0.0,0.0
tuvicsl01w,4,0,PHO,26.0,1.0,320.0,86.0,11.0,52.0,63.0,11.0,9.0,9.0,31.0,53.0,77.0,30.0,32.0,25.0,6.0,1.0,0.0,0.0,0.0,0.0,0.0,0.0,0.0,0.0,0.0,0.0,0.0,0.0,0.0,0.0,0.0,0.0,0.0,0.0,0.0,0.0,0.0
tuvicsl01w,5,0,PHO,17.0,14.0,365.0,127.0,31.0,36.0,67.0,12.0,10.0,15.0,32.0,61.0,116.0,45.0,46.0,37.0,4.0,0.0,2.0,0.0,0.0,0.0,0.0,0.0,0.0,0.0,0.0,0.0,0.0,0.0,0.0,0.0,0.0,0.0,0.0,0.0,0.0,0.0,0.0
udokamf01w,4,0,HOU,26.12,15.6,604.13,208.08,28.55,61.69,90.24,47.04,23.71,11.16,42.62,55.83,178.36,75.29,57.52,43.31,41.07,14.19,0.53,1.78,1.11,44.72,16.41,2.01,4.64,6.66,3.96,1.6,0.72,2.72,3.83,13.91,6.03,4.09,3.11,3.47,1.23,0.02,0.05
udokamf01w,5,0,LAS,25.0,3.0,251.0,80.0,22.0,29.0,51.0,4.0,4.0,2.0,21.0,38.0,64.0,32.0,23.0,16.0,1.0,0.0,0.0,1.0,0.0,6.0,1.0,0.0,1.0,1.0,0.0,0.0,0.0,2.0,2.0,0.0,0.0,2.0,1.0,0.0,0.0,0.0,0.0
ujhelpe01w,4,0,DET,26.12,15.6,604.13,208.08,28.55,61.69,90.24,47.04,23.71,11.16,42.62,55.83,178.36,75.29,57.52,43.31,41.07,14.19,0.53,1.78,1.11,44.72,16.41,2.01,4.64,6.66,3.96,1.6,0.72,2.72,3.83,13.91,6.03,4.09,3.11,3.47,1.23,0.02,0.05
umoh-it01w,4,0,HOU,26.12,15.6,604.13,208.08,28.55,61.69,90.24,47.04,23.71,11.16,42.62,55.83,178.36,75.29,57.52,43.31,41.07,14.19,0.53,1.78,1.11,44.72,16.41,2.01,4.64,6.66,3.96,1.6,0.72,2.72,3.83,13.91,6.03,4.09,3.11,3.47,1.23,0.02,0.05
vangomi01w,2,0,MIN,28.0,1.0,199.0,69.0,16.0,26.0,42.0,5.0,3.0,4.0,30.0,37.0,50.0,25.0,35.0,19.0,0.0,0.0,0.0,0.0,0.0,0.0,0.0,0.0,0.0,0.0,0.0,0.0,0.0,0.0,0.0,0.0,0.0,0.0,0.0,0.0,0.0,0.0,0.0
vangomi01w,3,0,MIN,22.0,8.0,243.0,41.0,15.0,19.0,34.0,12.0,3.0,6.0,18.0,36.0,40.0,15.0,20.0,11.0,1.0,0.0,0.0,0.0,0.0,0.0,0.0,0.0,0.0,0.0,0.0,0.0,0.0,0.0,0.0,0.0,0.0,0.0,0.0,0.0,0.0,0.0,0.0
vangomi01w,4,0,MIN,22.0,13.0,352.0,100.0,29.0,35.0,64.0,14.0,6.0,11.0,20.0,53.0,90.0,41.0,22.0,16.0,7.0,2.0,2.0,0.0,0.0,0.0,0.0,0.0,0.0,0.0,0.0,0.0,0.0,0.0,0.0,0.0,0.0,0.0,0.0,0.0,0.0,0.0,0.0
vangomi01w,5,0,MIN,31.0,1.0,528.0,175.0,32.0,75.0,107.0,17.0,10.0,20.0,56.0,87.0,162.0,70.0,52.0,35.0,1.0,0.0,2.0,3.0,0.0,31.0,9.0,0.0,1.0,1.0,3.0,1.0,3.0,4.0,11.0,7.0,2.0,8.0,5.0,0.0,0.0,0.0,0.0
vaughki01w,10,0,NYL,28.09,16.51,621.77,243.43,31.76,73.59,105.35,52.2,25.52,12.22,47.11,63.24,204.69,87.19,69.31,52.68,47.79,16.38,0.56,2.5,1.31,55.1,20.23,2.49,6.44,8.93,4.32,1.95,1.01,4.04,5.19,17.52,7.26,5.39,4.28,4.31,1.42,0.02,0.05
vaughkr01w,9,0,WAS,26.3,13.75,549.16,209.96,28.39,66.05,94.44,44.4,21.72,10.61,42.77,53.46,179.59,76.48,55.67,42.66,40.99,14.34,0.44,2.46,1.36,56.15,22.09,2.92,7.19,10.11,4.72,1.89,1.15,3.64,5.21,19.28,8.05,5.13,3.95,5.4,2.05,0.05,0.07
vealkr01w,2,0,PHO,27.47,15.65,612.86,211.84,30.0,62.37,92.37,47.2,24.88,10.88,46.06,62.03,178.46,77.47,60.54,44.63,37.18,12.27,0.68,1.69,0.94,39.12,12.03,2.0,4.03,6.03,2.86,1.51,0.62,2.58,3.48,10.52,4.54,2.79,2.14,2.45,0.81,0.03,0.02
vealkr01w,3,0,PHO,29.0,14.0,658.0,116.0,14.0,46.0,60.0,125.0,33.0,4.0,82.0,58.0,125.0,35.0,42.0,32.0,50.0,14.0,0.0,0.0,0.0,0.0,0.0,0.0,0.0,0.0,0.0,0.0,0.0,0.0,0.0,0.0,0.0,0.0,0.0,0.0,0.0,0.0,0.0
vilipda01w,7,0,LAS,25.54,14.06,551.91,185.83,24.96,56.79,81.75,42.45,20.43,9.74,39.28,53.91,160.15,67.6,52.41,38.9,34.99,11.74,0.55,2.0,1.09,44.98,14.88,1.82,4.73,6.55,3.21,1.47,0.67,2.84,4.28,12.66,5.27,4.5,3.36,2.66,0.98,0.04,0.04
vodicka01w,2,0,SEA,23.0,19.0,489.0,200.0,28.0,69.0,97.0,22.0,13.0,12.0,57.0,63.0,171.0,68.0,78.0,60.0,20.0,4.0,0.0,0.0,0.0,0.0,0.0,0.0,0.0,0.0,0.0,0.0,0.0,0.0,0.0,0.0,0.0,0.0,0.0,0.0,0.0,0.0,0.0
vodicka01w,3,0,SEA,29.0,4.0,405.0,150.0,25.0,46.0,71.0,23.0,16.0,7.0,34.0,56.0,122.0,51.0,44.0,38.0,25.0,10.0,0.0,0.0,0.0,0.0,0.0,0.0,0.0,0.0,0.0,0.0,0.0,0.0,0.0,0.0,0.0,0.0,0.0,0.0,0.0,0.0,0.0
vodicka01w,4,0,SEA,32.0,30.0,817.0,295.0,61.0,115.0,176.0,47.0,36.0,18.0,55.0,96.0,245.0,114.0,67.0,54.0,38.0,13.0,1.0,2.0,2.0,61.0,25.0,2.0,8.0,10.0,3.0,2.0,0.0,2.0,3.0,16.0,7.0,11.0,10.0,2.0,1.0,0.0,0.0
vodicka01w,5,0,SEA,28.0,27.0,709.0,284.0,55.0,88.0,143.0,31.0,20.0,21.0,53.0,101.0,213.0,101.0,101.0,82.0,5.0,0.0,4.0,0.0,0.0,0.0,0.0,0.0,0.0,0.0,0.0,0.0,0.0,0.0,0.0,0.0,0.0,0.0,0.0,0.0,0.0,0.0,0.0
vodicka01w,6,0,PHO,34.0,34.0,873.0,273.0,65.0,103.0,168.0,55.0,32.0,12.0,73.0,110.0,241.0,94.0,108.0,84.0,2.0,1.0,5.0,8.0,8.0,204.0,49.0,13.0,17.0,30.0,6.0,7.0,7.0,13.0,16.0,47.0,19.0,18.0,11.0,0.0,0.0,0.0,0.0
vodicka01w,7,0,PHO,28.0,25.0,821.0,305.0,60.0,136.0,196.0,63.0,28.0,22.0,58.0,86.0,257.0,127.0,72.0,48.0,7.0,3.0,2.0,0.0,0.0,0.0,0.0,0.0,0.0,0.0,0.0,0.0,0.0,0.0,0.0,0.0,0.0,0.0,0.0,0.0,0.0,0.0,0.0
vodopna01w,6,0,SEA,26.65,15.15,595.55,202.63,28.15,62.64,90.79,45.87,22.75,11.35,41.56,56.01,175.03,74.17,56.05,41.7,35.87,12.58,0.49,2.27,1.3,51.9,17.12,2.49,5.36,7.85,3.75,2.1,1.04,3.58,4.45,15.18,6.27,4.4,3.37,3.32,1.21,0.01,0.04
walkeas01w,10,0,SEA,28.09,16.51,621.77,243.43,31.76,73.59,105.35,52.2,25.52,12.22,47.11,63.24,204.69,87.19,69.31,52.68,47.79,16.38,0.56,2.5,1.31,55.1,20.23,2.49,6.44,8.93,4.32,1.95,1.01,4.04,5.19,17.52,7.26,5.39,4.28,4.31,1.42,0.02,0.05
walkeay01w,3,0,DET,25.23,13.75,548.8,181.49,26.81,57.19,84.0,40.49,21.88,9.7,39.26,50.48,160.77,66.49,49.2,36.53,35.69,11.98,0.41,1.74,1.06,41.03,13.2,1.91,4.14,6.05,3.08,1.38,0.95,2.43,3.52,11.93,4.9,3.33,2.48,2.82,0.93,0.02,0.05
walkeay01w,4,0,DET,32.0,0.0,548.0,162.0,56.0,62.0,118.0,17.0,12.0,34.0,29.0,56.0,167.0,63.0,49.0,34.0,9.0,2.0,0.0,0.0,0.0,0.0,0.0,0.0,0.0,0.0,0.0,0.0,0.0,0.0,0.0,0.0,0.0,0.0,0.0,0.0,0.0,0.0,0.0
walkeay01w,5,0,DET,34.0,1.0,271.0,56.0,34.0,37.0,71.0,10.0,10.0,11.0,19.0,33.0,70.0,24.0,21.0,8.0,0.0,0.0,0.0,4.0,0.0,24.0,5.0,3.0,3.0,6.0,0.0,4.0,1.0,1.0,0.0,5.0,1.0,3.0,3.0,0.0,0.0,0.0,0.0
walkeay01w,6,2,CHA,18.0,1.0,148.0,18.0,10.0,16.0,26.0,6.0,1.0,4.0,5.0,13.0,28.0,8.0,6.0,2.0,0.0,0.0,0.0,2.0,0.0,4.0,0.0,0.0,0.0,0.0,1.0,0.0,0.0,1.0,1.0,0.0,0.0,0.0,0.0,0.0,0.0,0.0,0.0
walkeay01w,6,1,DET,9.0,0.0,92.0,12.0,4.0,14.0,18.0,6.0,2.0,2.0,3.0,11.0,16.0,4.0,8.0,4.0,0.0,0.0,0.0,0.0,0.0,0.0,0.0,0.0,0.0,0.0,0.0,0.0,0.0,0.0,0.0,0.0,0.0,0.0,0.0,0.0,0.0,0.0,0.0
walkeay01w,7,0,CHA,12.0,11.0,241.0,59.0,16.0,31.0,47.0,13.0,6.0,10.0,16.0,15.0,52.0,25.0,12.0,9.0,0.0,0.0,0.0,0.0,0.0,0.0,0.0,0.0,0.0,0.0,0.0,0.0,0.0,0.0,0.0,0.0,0.0,0.0,0.0,0.0,0.0,0.0,0.0
walkeay01w,8,0,DET,25.0,0.0,181.0,46.0,11.0,20.0,31.0,3.0,10.0,10.0,4.0,31.0,37.0,17.0,21.0,12.0,0.0,0.0,0.0,0.0,0.0,0.0,0.0,0.0,0.0,0.0,0.0,0.0,0.0,0.0,0.0,0.0,0.0,0.0,0.0,0.0,0.0,0.0,0.0
walkede01w,2,0,POR,30.0,1.0,311.0,92.0,29.0,18.0,47.0,19.0,17.0,7.0,35.0,69.0,88.0,35.0,47.0,22.0,2.0,0.0,1.0,0.0,0.0,0.0,0.0,0.0,0.0,0.0,0.0,0.0,0.0,0.0,0.0,0.0,0.0,0.0,0.0,0.0,0.0,0.0,0.0
walkede01w,3,0,POR,21.0,0.0,297.0,113.0,29.0,29.0,58.0,10.0,7.0,12.0,35.0,51.0,100.0,44.0,40.0,23.0,3.0,2.0,0.0,0.0,0.0,0.0,0.0,0.0,0.0,0.0,0.0,0.0,0.0,0.0,0.0,0.0,0.0,0.0,0.0,0.0,0.0,0.0,0.0
walkede01w,4,0,SAC,31.0,29.0,848.0,339.0,55.0,99.0,154.0,51.0,26.0,33.0,90.0,97.0,287.0,139.0,95.0,59.0,12.0,2.0,0.0,0.0,0.0,0.0,0.0,0.0,0.0,0.0,0.0,0.0,0.0,0.0,0.0,0.0,0.0,0.0,0.0,0.0,0.0,0.0,0.0
walkede01w,5,0,SAC,34.0,21.0,740.0,307.0,61.0,88.0,149.0,47.0,25.0,23.0,69.0,95.0,242.0,111.0,143.0,83.0,15.0,2.0,0.0,6.0,6.0,170.0,59.0,14.0,13.0,27.0,10.0,1.0,3.0,21.0,17.0,55.0,24.0,20.0,11.0,0.0,0.0,0.0,0.0
walkede01w,6,0,SAC,34.0,34.0,884.0,284.0,72.0,71.0,143.0,86.0,26.0,13.0,86.0,109.0,267.0,111.0,103.0,62.0,10.0,0.0,1.0,6.0,6.0,173.0,71.0,11.0,9.0,20.0,14.0,6.0,8.0,18.0,12.0,54.0,30.0,17.0,11.0,0.0,0.0,0.0,0.0
walkede01w,7,0,SAC,22.0,19.0,598.0,311.0,47.0,70.0,117.0,48.0,28.0,13.0,69.0,66.0,234.0,125.0,93.0,60.0,1.0,1.0,1.0,6.0,0.0,165.0,61.0,7.0,11.0,18.0,21.0,3.0,0.0,17.0,19.0,52.0,26.0,12.0,9.0,0.0,0.0,0.0,0.0
walkede01w,8,0,SAC,23.0,8.0,438.0,213.0,55.0,37.0,92.0,32.0,15.0,7.0,36.0,53.0,181.0,79.0,84.0,55.0,0.0,0.0,1.0,9.0,9.0,220.0,95.0,22.0,15.0,37.0,23.0,6.0,5.0,20.0,24.0,93.0,41.0,23.0,13.0,0.0,0.0,0.0,0.0
walkede01w,9,0,SAC,5.0,5.0,105.0,44.0,17.0,8.0,25.0,6.0,3.0,3.0,15.0,11.0,42.0,17.0,14.0,10.0,0.0,0.0,0.0,0.0,0.0,0.0,0.0,0.0,0.0,0.0,0.0,0.0,0.0,0.0,0.0,0.0,0.0,0.0,0.0,0.0,0.0,0.0,0.0
walkede01w,10,0,SAC,7.0,0.0,52.0,11.0,4.0,2.0,6.0,1.0,5.0,0.0,10.0,10.0,11.0,5.0,2.0,1.0,0.0,0.0,0.0,3.0,0.0,47.0,20.0,4.0,10.0,14.0,1.0,2.0,0.0,6.0,8.0,16.0,8.0,5.0,4.0,0.0,0.0,0.0,0.0
walkema01w,9,0,HOU,26.3,13.75,549.16,209.96,28.39,66.05,94.44,44.4,21.72,10.61,42.77,53.46,179.59,76.48,55.67,42.66,40.99,14.34,0.44,2.46,1.36,56.15,22.09,2.92,7.19,10.11,4.72,1.89,1.15,3.64,5.21,19.28,8.05,5.13,3.95,5.4,2.05,0.05,0.07
walsema01w,2,0,SAC,27.47,15.65,612.86,211.84,30.0,62.37,92.37,47.2,24.88,10.88,46.06,62.03,178.46,77.47,60.54,44.63,37.18,12.27,0.68,1.69,0.94,39.12,12.03,2.0,4.03,6.03,2.86,1.51,0.62,2.58,3.48,10.52,4.54,2.79,2.14,2.45,0.81,0.03,0.02
walsema01w,3,0,WAS,4.0,0.0,8.0,4.0,2.0,0.0,2.0,0.0,0.0,0.0,2.0,2.0,2.0,1.0,2.0,2.0,0.0,0.0,0.0,0.0,0.0,0.0,0.0,0.0,0.0,0.0,0.0,0.0,0.0,0.0,0.0,0.0,0.0,0.0,0.0,0.0,0.0,0.0,0.0
washico01w,2,0,HOU,25.0,0.0,236.0,43.0,3.0,16.0,19.0,24.0,16.0,0.0,19.0,19.0,33.0,12.0,20.0,16.0,15.0,3.0,0.0,6.0,0.0,92.0,14.0,4.0,7.0,11.0,6.0,5.0,1.0,8.0,4.0,9.0,3.0,6.0,5.0,7.0,3.0,0.0,0.0
washico01w,3,1,HOU,32.0,32.0,1013.0,169.0,20.0,98.0,118.0,122.0,69.0,9.0,57.0,63.0,177.0,63.0,22.0,14.0,81.0,29.0,1.0,2.0,2.0,74.0,7.0,2.0,7.0,9.0,5.0,2.0,0.0,2.0,5.0,17.0,3.0,0.0,0.0,10.0,1.0,0.0,0.0
washico01w,3,2,IND,21.0,15.0,349.0,44.0,7.0,34.0,41.0,31.0,13.0,0.0,20.0,38.0,50.0,17.0,2.0,2.0,21.0,8.0,1.0,0.0,0.0,0.0,0.0,0.0,0.0,0.0,0.0,0.0,0.0,0.0,0.0,0.0,0.0,0.0,0.0,0.0,0.0,0.0,0.0
washico01w,4,0,IND,11.0,8.0,325.0,80.0,7.0,26.0,33.0,48.0,23.0,2.0,24.0,22.0,70.0,26.0,20.0,14.0,31.0,14.0,0.0,3.0,3.0,110.0,25.0,1.0,5.0,6.0,14.0,3.0,0.0,6.0,10.0,27.0,9.0,1.0,1.0,16.0,6.0,0.0,0.0
washito01w,2,0,WAS,19.0,0.0,103.0,26.0,6.0,8.0,14.0,5.0,2.0,0.0,4.0,4.0,29.0,8.0,6.0,4.0,14.0,6.0,0.0,1.0,0.0,4.0,0.0,0.0,0.0,0.0,0.0,0.0,0.0,1.0,1.0,0.0,0.0,0.0,0.0,0.0,0.0,0.0,0.0
washito01w,3,0,WAS,30.0,2.0,336.0,101.0,19.0,24.0,43.0,10.0,4.0,2.0,14.0,5.0,114.0,41.0,11.0,9.0,29.0,10.0,0.0,0.0,0.0,0.0,0.0,0.0,0.0,0.0,0.0,0.0,0.0,0.0,0.0,0.0,0.0,0.0,0.0,0.0,0.0,0.0,0.0
washito01w,4,2,SEA,25.0,0.0,291.0,73.0,27.0,11.0,38.0,15.0,3.0,2.0,16.0,6.0,86.0,28.0,13.0,11.0,18.0,6.0,0.0,4.0,0.0,52.0,20.0,1.0,2.0,3.0,2.0,3.0,0.0,1.0,4.0,14.0,7.0,5.0,4.0,5.0,2.0,0.0,0.0
washito01w,4,1,WAS,11.0,0.0,121.0,33.0,7.0,4.0,11.0,5.0,4.0,0.0,5.0,8.0,33.0,13.0,5.0,5.0,8.0,2.0,0.0,0.0,0.0,0.0,0.0,0.0,0.0,0.0,0.0,0.0,0.0,0.0,0.0,0.0,0.0,0.0,0.0,0.0,0.0,0.0,0.0
wautean01w,2,0,CLE,32.0,0.0,598.0,199.0,47.0,82.0,129.0,37.0,21.0,24.0,63.0,75.0,149.0,78.0,58.0,43.0,2.0,0.0,0.0,6.0,0.0,107.0,28.0,5.0,13.0,18.0,5.0,3.0,3.0,8.0,7.0,27.0,13.0,6.0,2.0,2.0,0.0,0.0,0.0
wautean01w,3,0,CLE,24.0,14.0,622.0,234.0,35.0,79.0,114.0,35.0,17.0,13.0,50.0,55.0,153.0,87.0,75.0,60.0,2.0,0.0,0.0,3.0,3.0,86.0,34.0,6.0,4.0,10.0,2.0,2.0,3.0,4.0,10.0,19.0,13.0,9.0,8.0,0.0,0.0,0.0,0.0
wautean01w,5,0,NYL,28.0,25.0,802.0,314.0,45.0,95.0,140.0,39.0,16.0,21.0,59.0,74.0,217.0,120.0,87.0,74.0,1.0,0.0,0.0,0.0,0.0,0.0,0.0,0.0,0.0,0.0,0.0,0.0,0.0,0.0,0.0,0.0,0.0,0.0,0.0,0.0,0.0,0.0,0.0
wautean01w,6,0,NYL,13.0,4.0,271.0,82.0,10.0,30.0,40.0,21.0,4.0,8.0,21.0,28.0,66.0,29.0,29.0,23.0,3.0,1.0,0.0,0.0,0.0,0.0,0.0,0.0,0.0,0.0,0.0,0.0,0.0,0.0,0.0,0.0,0.0,0.0,0.0,0.0,0.0,0.0,0.0
wautean01w,9,0,SAS,28.0,28.0,879.0,383.0,47.0,137.0,184.0,41.0,18.0,23.0,71.0,91.0,279.0,151.0,105.0,79.0,2.0,2.0,1.0,0.0,0.0,0.0,0.0,0.0,0.0,0.0,0.0,0.0,0.0,0.0,0.0,0.0,0.0,0.0,0.0,0.0,0.0,0.0,0.0
wautean01w,10,0,SAS,32.0,31.0,980.0,471.0,47.0,192.0,239.0,56.0,36.0,38.0,70.0,75.0,366.0,195.0,98.0,70.0,31.0,11.0,0.0,9.0,9.0,300.0,121.0,13.0,39.0,52.0,14.0,6.0,12.0,17.0,26.0,108.0,48.0,27.0,24.0,12.0,1.0,0.0,0.0
weathte01w,2,0,NYL,32.0,32.0,1078.0,205.0,16.0,93.0,109.0,205.0,65.0,5.0,86.0,85.0,153.0,67.0,81.0,60.0,44.0,11.0,0.0,7.0,7.0,253.0,32.0,2.0,17.0,19.0,49.0,19.0,0.0,20.0,20.0,34.0,12.0,11.0,7.0,5.0,1.0,1.0,0.0
weathte01w,3,0,NYL,32.0,32.0,974.0,207.0,29.0,89.0,118.0,203.0,55.0,4.0,81.0,83.0,167.0,72.0,79.0,53.0,26.0,10.0,1.0,6.0,6.0,198.0,23.0,7.0,15.0,22.0,28.0,7.0,0.0,5.0,16.0,38.0,8.0,4.0,4.0,11.0,3.0,0.0,0.0
weathte01w,4,0,NYL,32.0,32.0,954.0,108.0,23.0,63.0,86.0,181.0,42.0,3.0,78.0,88.0,114.0,39.0,54.0,28.0,20.0,2.0,2.0,8.0,8.0,241.0,53.0,8.0,27.0,35.0,53.0,8.0,0.0,14.0,18.0,40.0,19.0,18.0,15.0,2.0,0.0,0.0,0.0
weathte01w,5,0,LAS,34.0,34.0,824.0,98.0,19.0,78.0,97.0,149.0,28.0,5.0,62.0,60.0,96.0,37.0,32.0,24.0,4.0,0.0,0.0,0.0,0.0,0.0,0.0,0.0,0.0,0.0,0.0,0.0,0.0,0.0,0.0,0.0,0.0,0.0,0.0,0.0,0.0,0.0,0.0
weberma01w,8,0,NYL,27.63,15.03,590.39,224.03,29.59,68.73,98.32,47.71,23.73,9.81,43.11,57.02,190.87,81.15,62.0,47.06,43.3,14.66,0.41,2.11,1.27,47.78,17.62,2.66,5.57,8.24,3.76,1.55,0.91,3.1,4.73,15.76,6.45,4.92,3.58,3.32,1.13,0.03,0.1
weckeke01w,6,0,SAS,26.65,15.15,595.55,202.63,28.15,62.64,90.79,45.87,22.75,11.35,41.56,56.01,175.03,74.17,56.05,41.7,35.87,12.58,0.49,2.27,1.3,51.9,17.12,2.49,5.36,7.85,3.75,2.1,1.04,3.58,4.45,15.18,6.27,4.4,3.37,3.32,1.21,0.01,0.04
weckeke01w,7,0,SAS,1.0,0.0,11.0,4.0,0.0,0.0,0.0,2.0,1.0,0.0,1.0,0.0,6.0,2.0,0.0,0.0,3.0,0.0,0.0,0.0,0.0,0.0,0.0,0.0,0.0,0.0,0.0,0.0,0.0,0.0,0.0,0.0,0.0,0.0,0.0,0.0,0.0,0.0,0.0
weckeke01w,8,0,SAS,34.0,11.0,578.0,190.0,22.0,62.0,84.0,47.0,11.0,3.0,32.0,42.0,214.0,75.0,27.0,21.0,56.0,19.0,0.0,0.0,0.0,0.0,0.0,0.0,0.0,0.0,0.0,0.0,0.0,0.0,0.0,0.0,0.0,0.0,0.0,0.0,0.0,0.0,0.0
weckeke01w,9,0,WAS,14.0,1.0,73.0,16.0,4.0,4.0,8.0,4.0,3.0,1.0,3.0,7.0,20.0,6.0,6.0,4.0,4.0,0.0,0.0,2.0,0.0,5.0,3.0,0.0,1.0,1.0,0.0,1.0,0.0,2.0,1.0,1.0,1.0,1.0,1.0,0.0,0.0,0.0,0.0
whaleli01w,5,0,CON,28.7,17.01,651.85,232.97,33.24,71.39,104.63,51.13,24.66,12.93,46.39,61.6,201.87,85.06,63.94,47.89,44.05,14.97,0.58,2.22,1.39,53.69,18.96,2.43,6.16,8.59,4.55,1.83,1.16,3.5,5.1,16.68,6.86,5.2,4.12,3.5,1.13,0.02,0.06
whaleli01w,6,0,CON,31.0,30.0,946.0,275.0,21.0,69.0,90.0,148.0,39.0,0.0,94.0,72.0,183.0,83.0,122.0,89.0,57.0,20.0,0.0,8.0,8.0,255.0,107.0,5.0,13.0,18.0,41.0,11.0,3.0,17.0,23.0,65.0,30.0,53.0,43.0,11.0,4.0,0.0,0.0
whaleli01w,7,0,CON,34.0,34.0,1047.0,411.0,29.0,99.0,128.0,172.0,42.0,2.0,89.0,90.0,290.0,135.0,156.0,125.0,46.0,16.0,0.0,7.0,7.0,220.0,78.0,6.0,18.0,24.0,23.0,6.0,1.0,20.0,11.0,57.0,19.0,48.0,37.0,15.0,3.0,0.0,0.0
whaleli01w,8,0,CON,33.0,33.0,861.0,296.0,17.0,105.0,122.0,153.0,34.0,2.0,79.0,56.0,226.0,88.0,124.0,112.0,62.0,8.0,0.0,5.0,5.0,154.0,63.0,3.0,16.0,19.0,11.0,4.0,1.0,18.0,11.0,56.0,19.0,25.0,18.0,21.0,7.0,0.0,0.0
whaleli01w,9,0,CON,34.0,34.0,1040.0,454.0,33.0,129.0,162.0,169.0,73.0,3.0,75.0,85.0,333.0,156.0,158.0,124.0,86.0,18.0,0.0,3.0,3.0,110.0,40.0,2.0,19.0,21.0,15.0,1.0,0.0,11.0,8.0,43.0,14.0,10.0,9.0,13.0,3.0,0.0,0.0
whaleli01w,10,0,CON,31.0,31.0,908.0,435.0,33.0,141.0,174.0,166.0,45.0,1.0,58.0,87.0,306.0,141.0,157.0,126.0,80.0,27.0,0.0,3.0,3.0,90.0,40.0,3.0,11.0,14.0,12.0,4.0,0.0,7.0,7.0,30.0,12.0,15.0,13.0,12.0,3.0,0.0,0.0
whitede01w,5,0,NYL,28.7,17.01,651.85,232.97,33.24,71.39,104.63,51.13,24.66,12.93,46.39,61.6,201.87,85.06,63.94,47.89,44.05,14.97,0.58,2.22,1.39,53.69,18.96,2.43,6.16,8.59,4.55,1.83,1.16,3.5,5.1,16.68,6.86,5.2,4.12,3.5,1.13,0.02,0.06
whitede01w,6,0,NYL,31.0,2.0,420.0,82.0,51.0,67.0,118.0,9.0,8.0,10.0,36.0,37.0,68.0,37.0,17.0,8.0,0.0,0.0,0.0,5.0,0.0,34.0,2.0,3.0,3.0,6.0,1.0,2.0,0.0,4.0,6.0,5.0,1.0,0.0,0.0,0.0,0.0,0.0,0.0
whiteer01w,9,0,HOU,26.3,13.75,549.16,209.96,28.39,66.05,94.44,44.4,21.72,10.61,42.77,53.46,179.59,76.48,55.67,42.66,40.99,14.34,0.44,2.46,1.36,56.15,22.09,2.92,7.19,10.11,4.72,1.89,1.15,3.64,5.21,19.28,8.05,5.13,3.95,5.4,2.05,0.05,0.07
whiteer01w,10,0,IND,34.0,2.0,426.0,121.0,14.0,33.0,47.0,47.0,23.0,3.0,48.0,60.0,88.0,25.0,78.0,70.0,7.0,1.0,0.0,0.0,0.0,0.0,0.0,0.0,0.0,0.0,0.0,0.0,0.0,0.0,0.0,0.0,0.0,0.0,0.0,0.0,0.0,0.0,0.0
whiteta01w,6,0,IND,26.65,15.15,595.55,202.63,28.15,62.64,90.79,45.87,22.75,11.35,41.56,56.01,175.03,74.17,56.05,41.7,35.87,12.58,0.49,2.27,1.3,51.9,17.12,2.49,5.36,7.85,3.75,2.1,1.04,3.58,4.45,15.18,6.27,4.4,3.37,3.32,1.21,0.01,0.04
whiteta01w,7,0,IND,34.0,3.0,693.0,242.0,21.0,32.0,53.0,53.0,30.0,7.0,70.0,62.0,254.0,85.0,58.0,47.0,81.0,25.0,1.0,4.0,0.0,16.0,0.0,2.0,0.0,2.0,1.0,0.0,0.0,0.0,1.0,8.0,0.0,0.0,0.0,1.0,0.0,0.0,0.0
whiteta01w,8,0,IND,34.0,0.0,745.0,302.0,32.0,50.0,82.0,52.0,27.0,9.0,51.0,66.0,304.0,113.0,76.0,57.0,88.0,19.0,1.0,2.0,0.0,35.0,9.0,0.0,3.0,3.0,2.0,0.0,0.0,4.0,6.0,10.0,4.0,1.0,0.0,4.0,1.0,0.0,0.0
whiteta01w,9,0,IND,34.0,9.0,841.0,368.0,25.0,65.0,90.0,65.0,36.0,10.0,99.0,76.0,352.0,136.0,63.0,53.0,127.0,43.0,2.0,5.0,1.0,82.0,9.0,2.0,7.0,9.0,10.0,5.0,2.0,9.0,10.0,15.0,4.0,0.0,0.0,6.0,1.0,0.0,0.0
whiteta01w,10,0,CON,33.0,22.0,894.0,328.0,27.0,74.0,101.0,80.0,43.0,14.0,85.0,88.0,325.0,119.0,60.0,51.0,120.0,39.0,0.0,3.0,0.0,42.0,16.0,2.0,1.0,3.0,2.0,2.0,0.0,6.0,5.0,16.0,6.0,3.0,3.0,4.0,1.0,0.0,0.0
whitiva01w,2,0,MIN,27.47,15.65,612.86,211.84,30.0,62.37,92.37,47.2,24.88,10.88,46.06,62.03,178.46,77.47,60.54,44.63,37.18,12.27,0.68,1.69,0.94,39.12,12.03,2.0,4.03,6.03,2.86,1.51,0.62,2.58,3.48,10.52,4.54,2.79,2.14,2.45,0.81,0.03,0.02
whitiva01w,3,0,MIN,26.0,15.0,462.0,88.0,25.0,58.0,83.0,16.0,15.0,14.0,34.0,62.0,90.0,24.0,54.0,40.0,1.0,0.0,0.0,0.0,0.0,0.0,0.0,0.0,0.0,0.0,0.0,0.0,0.0,0.0,0.0,0.0,0.0,0.0,0.0,0.0,0.0,0.0,0.0
whitmta01w,2,0,NYL,32.0,16.0,689.0,277.0,34.0,71.0,105.0,20.0,17.0,17.0,53.0,102.0,253.0,109.0,84.0,59.0,3.0,0.0,1.0,7.0,7.0,196.0,81.0,9.0,18.0,27.0,6.0,3.0,9.0,15.0,22.0,65.0,31.0,24.0,18.0,2.0,1.0,0.0,0.0
whitmta01w,3,0,NYL,32.0,29.0,752.0,226.0,29.0,68.0,97.0,19.0,17.0,10.0,33.0,70.0,222.0,96.0,58.0,33.0,2.0,1.0,0.0,6.0,6.0,152.0,42.0,10.0,12.0,22.0,4.0,4.0,4.0,7.0,13.0,44.0,18.0,10.0,6.0,1.0,0.0,0.0,0.0
whitmta01w,4,0,NYL,32.0,32.0,977.0,406.0,43.0,98.0,141.0,23.0,27.0,43.0,49.0,102.0,310.0,148.0,150.0,110.0,1.0,0.0,1.0,8.0,8.0,271.0,129.0,8.0,28.0,36.0,10.0,3.0,4.0,9.0,20.0,93.0,51.0,37.0,26.0,3.0,1.0,0.0,0.0
whitmta01w,5,0,LAS,33.0,29.0,823.0,271.0,38.0,84.0,122.0,25.0,35.0,22.0,57.0,100.0,242.0,110.0,76.0,50.0,3.0,1.0,1.0,0.0,0.0,0.0,0.0,0.0,0.0,0.0,0.0,0.0,0.0,0.0,0.0,0.0,0.0,0.0,0.0,0.0,0.0,0.0,0.0
whitmta01w,6,0,LAS,34.0,5.0,595.0,210.0,38.0,68.0,106.0,17.0,12.0,5.0,34.0,73.0,173.0,77.0,72.0,49.0,16.0,7.0,0.0,3.0,0.0,39.0,10.0,0.0,6.0,6.0,1.0,0.0,0.0,3.0,4.0,10.0,4.0,2.0,2.0,2.0,0.0,0.0,0.0
whitmta01w,7,0,IND,34.0,34.0,917.0,327.0,54.0,89.0,143.0,42.0,33.0,14.0,57.0,110.0,265.0,115.0,106.0,92.0,19.0,5.0,1.0,2.0,2.0,48.0,18.0,2.0,1.0,3.0,1.0,1.0,0.0,7.0,7.0,14.0,6.0,8.0,5.0,1.0,1.0,0.0,0.0
whitmta01w,8,0,IND,34.0,34.0,1057.0,528.0,53.0,112.0,165.0,61.0,46.0,12.0,94.0,91.0,435.0,199.0,140.0,115.0,38.0,15.0,1.0,2.0,2.0,69.0,53.0,4.0,9.0,13.0,2.0,1.0,0.0,10.0,9.0,40.0,19.0,13.0,13.0,7.0,2.0,1.0,0.0
whitmta01w,9,0,CON,34.0,25.0,880.0,370.0,45.0,125.0,170.0,51.0,20.0,11.0,84.0,86.0,335.0,139.0,93.0,71.0,70.0,21.0,1.0,6.0,0.0,184.0,99.0,6.0,26.0,32.0,16.0,3.0,1.0,18.0,19.0,87.0,39.0,13.0,8.0,23.0,13.0,0.0,0.0
whitmta01w,10,0,CON,34.0,33.0,911.0,429.0,40.0,121.0,161.0,47.0,20.0,13.0,68.0,95.0,392.0,160.0,96.0,75.0,108.0,34.0,1.0,3.0,3.0,87.0,30.0,6.0,8.0,14.0,6.0,4.0,0.0,8.0,5.0,32.0,12.0,9.0,6.0,7.0,0.0,0.0,0.0
whittje01w,2,0,WAS,27.47,15.65,612.86,211.84,30.0,62.37,92.37,47.2,24.88,10.88,46.06,62.03,178.46,77.47,60.54,44.63,37.18,12.27,0.68,1.69,0.94,39.12,12.03,2.0,4.03,6.03,2.86,1.51,0.62,2.58,3.48,10.52,4.54,2.79,2.14,2.45,0.81,0.03,0.02
whittkh01w,9,0,IND,26.3,13.75,549.16,209.96,28.39,66.05,94.44,44.4,21.72,10.61,42.77,53.46,179.59,76.48,55.67,42.66,40.99,14.34,0.44,2.46,1.36,56.15,22.09,2.92,7.19,10.11,4.72,1.89,1.15,3.64,5.21,19.28,8.05,5.13,3.95,5.4,2.05,0.05,0.07
whittkh01w,10,0,IND,22.0,0.0,186.0,43.0,10.0,24.0,34.0,6.0,9.0,11.0,12.0,42.0,44.0,17.0,17.0,9.0,0.0,0.0,0.0,3.0,0.0,24.0,4.0,1.0,6.0,7.0,1.0,1.0,1.0,3.0,4.0,8.0,2.0,0.0,0.0,0.0,0.0,0.0,0.0
wickssu01w,2,0,NYL,32.0,12.0,680.0,156.0,49.0,100.0,149.0,21.0,26.0,39.0,50.0,78.0,143.0,55.0,62.0,45.0,5.0,1.0,1.0,7.0,0.0,131.0,23.0,11.0,16.0,27.0,3.0,7.0,9.0,5.0,21.0,26.0,9.0,4.0,4.0,1.0,1.0,0.0,0.0
wickssu01w,3,0,NYL,30.0,3.0,602.0,157.0,36.0,102.0,138.0,37.0,36.0,30.0,43.0,86.0,130.0,61.0,52.0,35.0,7.0,0.0,2.0,6.0,0.0,118.0,28.0,10.0,10.0,20.0,5.0,2.0,6.0,8.0,17.0,27.0,12.0,5.0,4.0,0.0,0.0,0.0,1.0
wiggica01w,9,0,MIN,26.3,13.75,549.16,209.96,28.39,66.05,94.44,44.4,21.72,10.61,42.77,53.46,179.59,76.48,55.67,42.66,40.99,14.34,0.44,2.46,1.36,56.15,22.09,2.92,7.19,10.11,4.72,1.89,1.15,3.64,5.21,19.28,8.05,5.13,3.95,5.4,2.05,0.05,0.07
wiggica01w,10,0,MIN,30.0,1.0,824.0,472.0,39.0,58.0,97.0,90.0,54.0,7.0,57.0,113.0,340.0,137.0,197.0,161.0,121.0,37.0,5.0,0.0,0.0,0.0,0.0,0.0,0.0,0.0,0.0,0.0,0.0,0.0,0.0,0.0,0.0,0.0,0.0,0.0,0.0,0.0,1.0
wilkibr01w,7,0,SAC,25.54,14.06,551.91,185.83,24.96,56.79,81.75,42.45,20.43,9.74,39.28,53.91,160.15,67.6,52.41,38.9,34.99,11.74,0.55,2.0,1.09,44.98,14.88,1.82,4.73,6.55,3.21,1.47,0.67,2.84,4.28,12.66,5.27,4.5,3.36,2.66,0.98,0.04,0.04
wilkibr01w,9,0,SAS,4.0,0.0,14.0,6.0,0.0,0.0,0.0,1.0,0.0,0.0,2.0,5.0,7.0,3.0,0.0,0.0,0.0,0.0,0.0,0.0,0.0,0.0,0.0,0.0,0.0,0.0,0.0,0.0,0.0,0.0,0.0,0.0,0.0,0.0,0.0,0.0,0.0,0.0,0.0
williad01w,2,0,PHO,28.0,2.0,351.0,78.0,24.0,47.0,71.0,16.0,14.0,4.0,29.0,42.0,72.0,29.0,38.0,20.0,0.0,0.0,0.0,2.0,0.0,30.0,5.0,1.0,3.0,4.0,1.0,0.0,2.0,1.0,3.0,4.0,2.0,2.0,1.0,0.0,0.0,0.0,0.0
williad01w,3,0,PHO,25.0,1.0,375.0,96.0,21.0,54.0,75.0,11.0,15.0,5.0,34.0,43.0,113.0,38.0,28.0,20.0,0.0,0.0,0.0,0.0,0.0,0.0,0.0,0.0,0.0,0.0,0.0,0.0,0.0,0.0,0.0,0.0,0.0,0.0,0.0,0.0,0.0,0.0,0.0
williad01w,4,0,PHO,32.0,30.0,878.0,200.0,64.0,156.0,220.0,35.0,48.0,29.0,63.0,88.0,169.0,79.0,60.0,42.0,0.0,0.0,0.0,0.0,0.0,0.0,0.0,0.0,0.0,0.0,0.0,0.0,0.0,0.0,0.0,0.0,0.0,0.0,0.0,0.0,0.0,0.0,0.0
williad01w,5,1,PHO,34.0,33.0,985.0,334.0,68.0,184.0,252.0,31.0,57.0,19.0,73.0,95.0,351.0,141.0,85.0,52.0,1.0,0.0,1.0,0.0,0.0,0.0,0.0,0.0,0.0,0.0,0.0,0.0,0.0,0.0,0.0,0.0,0.0,0.0,0.0,0.0,0.0,0.0,0.0
williad01w,5,2,SAS,11.0,8.0,145.0,65.0,10.0,11.0,21.0,5.0,11.0,5.0,15.0,16.0,60.0,27.0,14.0,11.0,0.0,0.0,0.0,0.0,0.0,0.0,0.0,0.0,0.0,0.0,0.0,0.0,0.0,0.0,0.0,0.0,0.0,0.0,0.0,0.0,0.0,0.0,0.0
williad01w,7,0,MIN,12.0,0.0,149.0,32.0,6.0,22.0,28.0,8.0,8.0,1.0,12.0,19.0,45.0,15.0,7.0,2.0,0.0,0.0,0.0,0.0,0.0,0.0,0.0,0.0,0.0,0.0,0.0,0.0,0.0,0.0,0.0,0.0,0.0,0.0,0.0,0.0,0.0,0.0,0.0
williad01w,8,0,SAC,32.0,0.0,488.0,157.0,40.0,109.0,149.0,8.0,25.0,8.0,19.0,60.0,134.0,60.0,69.0,37.0,1.0,0.0,1.0,0.0,0.0,0.0,0.0,0.0,0.0,0.0,0.0,0.0,0.0,0.0,0.0,0.0,0.0,0.0,0.0,0.0,0.0,0.0,0.0
williad01w,9,0,SAC,34.0,2.0,609.0,211.0,61.0,91.0,152.0,28.0,22.0,6.0,57.0,65.0,179.0,85.0,52.0,41.0,0.0,0.0,1.0,3.0,0.0,50.0,14.0,7.0,9.0,16.0,2.0,1.0,1.0,6.0,5.0,17.0,5.0,5.0,4.0,0.0,0.0,0.0,0.0
willian01w,6,0,PHO,26.65,15.15,595.55,202.63,28.15,62.64,90.79,45.87,22.75,11.35,41.56,56.01,175.03,74.17,56.05,41.7,35.87,12.58,0.49,2.27,1.3,51.9,17.12,2.49,5.36,7.85,3.75,2.1,1.04,3.58,4.45,15.18,6.27,4.4,3.37,3.32,1.21,0.01,0.04
willian01w,7,0,DET,16.0,0.0,149.0,40.0,9.0,14.0,23.0,9.0,4.0,7.0,11.0,17.0,50.0,15.0,7.0,6.0,18.0,4.0,0.0,0.0,0.0,0.0,0.0,0.0,0.0,0.0,0.0,0.0,0.0,0.0,0.0,0.0,0.0,0.0,0.0,0.0,0.0,0.0,0.0
willile01w,5,0,CON,28.7,17.01,651.85,232.97,33.24,71.39,104.63,51.13,24.66,12.93,46.39,61.6,201.87,85.06,63.94,47.89,44.05,14.97,0.58,2.22,1.39,53.69,18.96,2.43,6.16,8.59,4.55,1.83,1.16,3.5,5.1,16.68,6.86,5.2,4.12,3.5,1.13,0.02,0.06
willile01w,6,0,CON,23.0,0.0,175.0,68.0,22.0,21.0,43.0,7.0,8.0,2.0,12.0,16.0,38.0,24.0,26.0,20.0,1.0,0.0,0.0,8.0,0.0,60.0,17.0,8.0,11.0,19.0,1.0,0.0,1.0,3.0,4.0,18.0,7.0,4.0,3.0,0.0,0.0,0.0,0.0
willile01w,7,0,CON,18.0,0.0,91.0,24.0,10.0,7.0,17.0,3.0,2.0,0.0,14.0,16.0,17.0,7.0,20.0,10.0,0.0,0.0,0.0,3.0,0.0,10.0,2.0,0.0,1.0,1.0,0.0,0.0,1.0,1.0,0.0,2.0,0.0,2.0,2.0,0.0,0.0,0.0,0.0
willile01w,8,0,CON,29.0,0.0,209.0,63.0,20.0,35.0,55.0,17.0,5.0,0.0,15.0,23.0,53.0,25.0,13.0,7.0,10.0,6.0,0.0,3.0,0.0,10.0,5.0,3.0,1.0,4.0,0.0,0.0,1.0,1.0,0.0,5.0,2.0,0.0,0.0,1.0,1.0,0.0,0.0
willile01w,9,0,PHO,28.0,5.0,320.0,58.0,27.0,50.0,77.0,11.0,8.0,6.0,19.0,44.0,52.0,20.0,25.0,18.0,4.0,0.0,0.0,3.0,0.0,41.0,16.0,5.0,5.0,10.0,2.0,0.0,1.0,3.0,5.0,8.0,6.0,3.0,3.0,1.0,1.0,0.0,0.0
willile01w,10,0,PHO,34.0,27.0,834.0,343.0,86.0,116.0,202.0,29.0,22.0,7.0,46.0,116.0,244.0,139.0,81.0,60.0,27.0,5.0,2.0,0.0,0.0,0.0,0.0,0.0,0.0,0.0,0.0,0.0,0.0,0.0,0.0,0.0,0.0,0.0,0.0,0.0,0.0,0.0,0.0
willile02w,3,0,DET,25.23,13.75,548.8,181.49,26.81,57.19,84.0,40.49,21.88,9.7,39.26,50.48,160.77,66.49,49.2,36.53,35.69,11.98,0.41,1.74,1.06,41.03,13.2,1.91,4.14,6.05,3.08,1.38,0.95,2.43,3.52,11.93,4.9,3.33,2.48,2.82,0.93,0.02,0.05
willili01w,7,0,LAS,25.54,14.06,551.91,185.83,24.96,56.79,81.75,42.45,20.43,9.74,39.28,53.91,160.15,67.6,52.41,38.9,34.99,11.74,0.55,2.0,1.09,44.98,14.88,1.82,4.73,6.55,3.21,1.47,0.67,2.84,4.28,12.66,5.27,4.5,3.36,2.66,0.98,0.04,0.04
willili01w,8,1,LAS,24.0,0.0,320.0,111.0,13.0,30.0,43.0,10.0,26.0,0.0,17.0,25.0,91.0,35.0,31.0,22.0,52.0,19.0,0.0,5.0,0.0,65.0,16.0,6.0,7.0,13.0,7.0,1.0,0.0,3.0,4.0,22.0,6.0,2.0,1.0,12.0,3.0,0.0,0.0
willili01w,8,2,NYL,8.0,0.0,77.0,18.0,2.0,7.0,9.0,4.0,4.0,1.0,10.0,10.0,20.0,7.0,4.0,2.0,9.0,2.0,0.0,0.0,0.0,0.0,0.0,0.0,0.0,0.0,0.0,0.0,0.0,0.0,0.0,0.0,0.0,0.0,0.0,0.0,0.0,0.0,0.0
willili01w,9,0,NYL,16.0,0.0,157.0,61.0,12.0,15.0,27.0,9.0,10.0,0.0,24.0,14.0,61.0,21.0,8.0,5.0,44.0,14.0,0.0,2.0,0.0,13.0,5.0,0.0,0.0,0.0,0.0,0.0,0.0,0.0,1.0,6.0,2.0,0.0,0.0,3.0,1.0,0.0,0.0
willili01w,10,0,SAC,34.0,2.0,458.0,191.0,8.0,50.0,58.0,14.0,29.0,5.0,31.0,45.0,140.0,59.0,30.0,29.0,94.0,44.0,0.0,6.0,0.0,28.0,2.0,2.0,1.0,3.0,1.0,2.0,2.0,6.0,2.0,4.0,1.0,0.0,0.0,3.0,0.0,0.0,0.0
willina01w,2,0,UTA,29.0,29.0,1039.0,543.0,132.0,204.0,336.0,51.0,35.0,18.0,79.0,124.0,365.0,179.0,228.0,182.0,5.0,3.0,3.0,0.0,0.0,0.0,0.0,0.0,0.0,0.0,0.0,0.0,0.0,0.0,0.0,0.0,0.0,0.0,0.0,0.0,0.0,0.0,0.0
willina01w,3,0,UTA,31.0,31.0,1064.0,439.0,111.0,197.0,308.0,55.0,41.0,10.0,70.0,128.0,349.0,171.0,133.0,97.0,4.0,0.0,4.0,2.0,2.0,57.0,21.0,7.0,9.0,16.0,0.0,3.0,1.0,5.0,10.0,16.0,8.0,6.0,5.0,0.0,0.0,1.0,0.0
willina01w,4,0,IND,31.0,31.0,1008.0,351.0,105.0,150.0,255.0,38.0,38.0,16.0,72.0,122.0,285.0,124.0,132.0,98.0,12.0,5.0,4.0,5.0,5.0,186.0,70.0,21.0,25.0,46.0,7.0,5.0,7.0,8.0,16.0,47.0,25.0,28.0,19.0,4.0,1.0,1.0,0.0
willina01w,5,0,IND,34.0,34.0,1054.0,457.0,109.0,146.0,255.0,46.0,43.0,21.0,70.0,138.0,363.0,176.0,148.0,105.0,1.0,0.0,2.0,0.0,0.0,0.0,0.0,0.0,0.0,0.0,0.0,0.0,0.0,0.0,0.0,0.0,0.0,0.0,0.0,0.0,0.0,0.0,0.0
willina01w,6,0,IND,34.0,34.0,956.0,349.0,93.0,142.0,235.0,62.0,40.0,23.0,65.0,122.0,293.0,133.0,119.0,83.0,4.0,0.0,3.0,0.0,0.0,0.0,0.0,0.0,0.0,0.0,0.0,0.0,0.0,0.0,0.0,0.0,0.0,0.0,0.0,0.0,0.0,0.0,0.0
williri01w,2,0,IND,32.0,29.0,1014.0,352.0,22.0,73.0,95.0,101.0,76.0,3.0,69.0,69.0,274.0,112.0,108.0,79.0,131.0,49.0,1.0,0.0,0.0,0.0,0.0,0.0,0.0,0.0,0.0,0.0,0.0,0.0,0.0,0.0,0.0,0.0,0.0,0.0,0.0,0.0,0.0
williri01w,3,2,HOU,32.0,29.0,1042.0,380.0,25.0,79.0,104.0,114.0,72.0,11.0,100.0,71.0,293.0,115.0,130.0,109.0,109.0,41.0,0.0,0.0,0.0,0.0,0.0,0.0,0.0,0.0,0.0,0.0,0.0,0.0,0.0,0.0,0.0,0.0,0.0,0.0,0.0,0.0,0.0
williri01w,3,1,IND,9.0,0.0,85.0,19.0,0.0,6.0,6.0,7.0,11.0,0.0,10.0,11.0,11.0,5.0,10.0,7.0,6.0,2.0,0.0,3.0,0.0,69.0,20.0,3.0,3.0,6.0,7.0,3.0,0.0,1.0,5.0,25.0,8.0,0.0,0.0,14.0,4.0,0.0,0.0
williri01w,4,0,SEA,20.0,1.0,484.0,120.0,10.0,27.0,37.0,43.0,21.0,2.0,29.0,34.0,135.0,39.0,34.0,25.0,67.0,17.0,0.0,0.0,0.0,0.0,0.0,0.0,0.0,0.0,0.0,0.0,0.0,0.0,0.0,0.0,0.0,0.0,0.0,0.0,0.0,0.0,0.0
willish01w,4,0,LAS,26.12,15.6,604.13,208.08,28.55,61.69,90.24,47.04,23.71,11.16,42.62,55.83,178.36,75.29,57.52,43.31,41.07,14.19,0.53,1.78,1.11,44.72,16.41,2.01,4.64,6.66,3.96,1.6,0.72,2.72,3.83,13.91,6.03,4.09,3.11,3.47,1.23,0.02,0.05
willito01w,5,0,SAS,28.7,17.01,651.85,232.97,33.24,71.39,104.63,51.13,24.66,12.93,46.39,61.6,201.87,85.06,63.94,47.89,44.05,14.97,0.58,2.22,1.39,53.69,18.96,2.43,6.16,8.59,4.55,1.83,1.16,3.5,5.1,16.68,6.86,5.2,4.12,3.5,1.13,0.02,0.06
williwe01w,2,0,LAS,27.47,15.65,612.86,211.84,30.0,62.37,92.37,47.2,24.88,10.88,46.06,62.03,178.46,77.47,60.54,44.63,37.18,12.27,0.68,1.69,0.94,39.12,12.03,2.0,4.03,6.03,2.86,1.51,0.62,2.58,3.48,10.52,4.54,2.79,2.14,2.45,0.81,0.03,0.02
wirthch01w,10,0,IND,28.09,16.51,621.77,243.43,31.76,73.59,105.35,52.2,25.52,12.22,47.11,63.24,204.69,87.19,69.31,52.68,47.79,16.38,0.56,2.5,1.31,55.1,20.23,2.49,6.44,8.93,4.32,1.95,1.01,4.04,5.19,17.52,7.26,5.39,4.28,4.31,1.42,0.02,0.05
wisdoli01w,10,0,LAS,28.09,16.51,621.77,243.43,31.76,73.59,105.35,52.2,25.52,12.22,47.11,63.24,204.69,87.19,69.31,52.68,47.79,16.38,0.56,2.5,1.31,55.1,20.23,2.49,6.44,8.93,4.32,1.95,1.01,4.04,5.19,17.52,7.26,5.39,4.28,4.31,1.42,0.02,0.05
witheso01w,2,0,POR,32.0,32.0,1061.0,538.0,23.0,82.0,105.0,68.0,38.0,8.0,88.0,72.0,456.0,175.0,147.0,128.0,163.0,60.0,1.0,0.0,0.0,0.0,0.0,0.0,0.0,0.0,0.0,0.0,0.0,0.0,0.0,0.0,0.0,0.0,0.0,0.0,0.0,0.0,0.0
witheso01w,3,0,LAS,31.0,30.0,862.0,373.0,20.0,54.0,74.0,54.0,30.0,8.0,72.0,59.0,358.0,113.0,106.0,90.0,182.0,57.0,0.0,0.0,0.0,0.0,0.0,0.0,0.0,0.0,0.0,0.0,0.0,0.0,0.0,0.0,0.0,0.0,0.0,0.0,0.0,0.0,0.0
witheso01w,4,0,LAS,31.0,1.0,358.0,161.0,9.0,20.0,29.0,29.0,13.0,2.0,22.0,27.0,118.0,49.0,46.0,35.0,67.0,28.0,0.0,6.0,0.0,39.0,18.0,1.0,4.0,5.0,2.0,1.0,0.0,1.0,3.0,14.0,5.0,4.0,4.0,11.0,4.0,0.0,0.0
wolteka01w,2,0,SAC,31.0,30.0,793.0,370.0,46.0,118.0,164.0,39.0,12.0,49.0,73.0,99.0,264.0,148.0,100.0,74.0,0.0,0.0,2.0,0.0,0.0,0.0,0.0,0.0,0.0,0.0,0.0,0.0,0.0,0.0,0.0,0.0,0.0,0.0,0.0,0.0,0.0,0.0,0.0
wolteka01w,3,0,SAC,31.0,1.0,378.0,151.0,21.0,53.0,74.0,17.0,4.0,25.0,33.0,55.0,134.0,63.0,31.0,25.0,0.0,0.0,0.0,4.0,0.0,37.0,10.0,1.0,3.0,4.0,1.0,2.0,2.0,1.0,10.0,14.0,5.0,0.0,0.0,0.0,0.0,0.0,0.0
wolvean01w,2,0,CLE,27.47,15.65,612.86,211.84,30.0,62.37,92.37,47.2,24.88,10.88,46.06,62.03,178.46,77.47,60.54,44.63,37.18,12.27,0.68,1.69,0.94,39.12,12.03,2.0,4.03,6.03,2.86,1.51,0.62,2.58,3.48,10.52,4.54,2.79,2.14,2.45,0.81,0.03,0.02
wrighsh01w,5,0,PHO,28.7,17.01,651.85,232.97,33.24,71.39,104.63,51.13,24.66,12.93,46.39,61.6,201.87,85.06,63.94,47.89,44.05,14.97,0.58,2.22,1.39,53.69,18.96,2.43,6.16,8.59,4.55,1.83,1.16,3.5,5.1,16.68,6.86,5.2,4.12,3.5,1.13,0.02,0.06
wrighsh01w,6,0,PHO,24.0,0.0,243.0,57.0,17.0,10.0,27.0,8.0,3.0,1.0,15.0,19.0,42.0,13.0,32.0,25.0,13.0,6.0,0.0,0.0,0.0,0.0,0.0,0.0,0.0,0.0,0.0,0.0,0.0,0.0,0.0,0.0,0.0,0.0,0.0,0.0,0.0,0.0,0.0
wrighta01w,6,0,SEA,26.65,15.15,595.55,202.63,28.15,62.64,90.79,45.87,22.75,11.35,41.56,56.01,175.03,74.17,56.05,41.7,35.87,12.58,0.49,2.27,1.3,51.9,17.12,2.49,5.36,7.85,3.75,2.1,1.04,3.58,4.45,15.18,6.27,4.4,3.37,3.32,1.21,0.01,0.04
wrighta01w,7,0,SEA,34.0,8.0,528.0,122.0,20.0,37.0,57.0,53.0,18.0,3.0,40.0,60.0,106.0,49.0,36.0,24.0,1.0,0.0,1.0,3.0,0.0,38.0,9.0,1.0,4.0,5.0,7.0,3.0,0.0,2.0,6.0,5.0,1.0,7.0,7.0,0.0,0.0,0.0,0.0
wrighta01w,8,0,SEA,33.0,0.0,508.0,124.0,19.0,41.0,60.0,41.0,11.0,2.0,52.0,53.0,119.0,42.0,45.0,38.0,14.0,2.0,0.0,2.0,0.0,12.0,0.0,0.0,0.0,0.0,1.0,0.0,0.0,2.0,1.0,3.0,0.0,0.0,0.0,1.0,0.0,0.0,0.0
wrighta01w,9,0,SEA,34.0,5.0,547.0,139.0,17.0,26.0,43.0,69.0,31.0,2.0,55.0,56.0,125.0,50.0,39.0,33.0,22.0,6.0,0.0,2.0,0.0,42.0,18.0,5.0,0.0,5.0,5.0,1.0,1.0,6.0,6.0,15.0,7.0,4.0,4.0,2.0,0.0,0.0,0.0
wrighta01w,10,0,SEA,34.0,14.0,808.0,268.0,32.0,84.0,116.0,84.0,31.0,8.0,78.0,94.0,250.0,108.0,61.0,48.0,24.0,4.0,1.0,3.0,3.0,103.0,41.0,4.0,13.0,17.0,8.0,6.0,0.0,11.0,10.0,34.0,14.0,16.0,12.0,2.0,1.0,0.0,0.0
wyckobr01w,2,0,ORL,27.47,15.65,612.86,211.84,30.0,62.37,92.37,47.2,24.88,10.88,46.06,62.03,178.46,77.47,60.54,44.63,37.18,12.27,0.68,1.69,0.94,39.12,12.03,2.0,4.03,6.03,2.86,1.51,0.62,2.58,3.48,10.52,4.54,2.79,2.14,2.45,0.81,0.03,0.02
wyckobr01w,3,0,ORL,32.0,27.0,648.0,108.0,48.0,74.0,122.0,37.0,26.0,15.0,50.0,91.0,125.0,41.0,28.0,20.0,37.0,6.0,2.0,0.0,0.0,0.0,0.0,0.0,0.0,0.0,0.0,0.0,0.0,0.0,0.0,0.0,0.0,0.0,0.0,0.0,0.0,0.0,0.0
wyckobr01w,4,0,CON,32.0,5.0,514.0,81.0,28.0,62.0,90.0,32.0,19.0,18.0,30.0,71.0,95.0,31.0,7.0,5.0,50.0,14.0,1.0,0.0,0.0,0.0,0.0,0.0,0.0,0.0,0.0,0.0,0.0,0.0,0.0,0.0,0.0,0.0,0.0,0.0,0.0,0.0,0.0
wyckobr01w,6,0,CON,34.0,22.0,755.0,156.0,48.0,98.0,146.0,35.0,33.0,19.0,39.0,109.0,142.0,55.0,36.0,26.0,70.0,20.0,1.0,4.0,3.0,89.0,18.0,3.0,9.0,12.0,5.0,2.0,1.0,2.0,11.0,16.0,7.0,4.0,3.0,6.0,1.0,0.0,0.0
wyckobr01w,7,0,CHI,34.0,1.0,596.0,105.0,25.0,70.0,95.0,35.0,13.0,9.0,28.0,82.0,88.0,35.0,20.0,13.0,52.0,22.0,0.0,8.0,0.0,109.0,18.0,3.0,12.0,15.0,3.0,1.0,2.0,5.0,13.0,12.0,5.0,6.0,4.0,10.0,4.0,0.0,0.0
wyckobr01w,8,0,CHI,15.0,13.0,345.0,50.0,15.0,25.0,40.0,33.0,14.0,12.0,16.0,40.0,66.0,16.0,10.0,8.0,43.0,10.0,0.0,0.0,0.0,0.0,0.0,0.0,0.0,0.0,0.0,0.0,0.0,0.0,0.0,0.0,0.0,0.0,0.0,0.0,0.0,0.0,0.0
wyckobr01w,9,0,CHI,34.0,7.0,520.0,98.0,24.0,84.0,108.0,47.0,20.0,18.0,27.0,81.0,85.0,32.0,13.0,10.0,67.0,24.0,2.0,0.0,0.0,0.0,0.0,0.0,0.0,0.0,0.0,0.0,0.0,0.0,0.0,0.0,0.0,0.0,0.0,0.0,0.0,0.0,0.0
wyckobr01w,10,0,CHI,34.0,23.0,594.0,75.0,14.0,65.0,79.0,46.0,14.0,20.0,34.0,80.0,73.0,25.0,16.0,9.0,51.0,16.0,0.0,0.0,0.0,0.0,0.0,0.0,0.0,0.0,0.0,0.0,0.0,0.0,0.0,0.0,0.0,0.0,0.0,0.0,0.0,0.0,0.0
wynneda01w,2,0,SAC,27.47,15.65,612.86,211.84,30.0,62.37,92.37,47.2,24.88,10.88,46.06,62.03,178.46,77.47,60.54,44.63,37.18,12.27,0.68,1.69,0.94,39.12,12.03,2.0,4.03,6.03,2.86,1.51,0.62,2.58,3.48,10.52,4.54,2.79,2.14,2.45,0.81,0.03,0.02
yamasli01w,3,0,MIA,25.23,13.75,548.8,181.49,26.81,57.19,84.0,40.49,21.88,9.7,39.26,50.48,160.77,66.49,49.2,36.53,35.69,11.98,0.41,1.74,1.06,41.03,13.2,1.91,4.14,6.05,3.08,1.38,0.95,2.43,3.52,11.93,4.9,3.33,2.48,2.82,0.93,0.02,0.05
yamasli01w,4,0,NYL,15.0,0.0,147.0,52.0,3.0,12.0,15.0,9.0,4.0,1.0,10.0,20.0,43.0,19.0,10.0,5.0,17.0,9.0,0.0,0.0,0.0,0.0,0.0,0.0,0.0,0.0,0.0,0.0,0.0,0.0,0.0,0.0,0.0,0.0,0.0,0.0,0.0,0.0,0.0
yilmane01w,4,0,PHO,26.12,15.6,604.13,208.08,28.55,61.69,90.24,47.04,23.71,11.16,42.62,55.83,178.36,75.29,57.52,43.31,41.07,14.19,0.53,1.78,1.11,44.72,16.41,2.01,4.64,6.66,3.96,1.6,0.72,2.72,3.83,13.91,6.03,4.09,3.11,3.47,1.23,0.02,0.05
yilmane01w,5,0,SAS,5.0,1.0,34.0,14.0,3.0,0.0,3.0,2.0,0.0,0.0,4.0,7.0,15.0,7.0,2.0,0.0,0.0,0.0,0.0,0.0,0.0,0.0,0.0,0.0,0.0,0.0,0.0,0.0,0.0,0.0,0.0,0.0,0.0,0.0,0.0,0.0,0.0,0.0,0.0
youngca01w,2,0,POR,27.47,15.65,612.86,211.84,30.0,62.37,92.37,47.2,24.88,10.88,46.06,62.03,178.46,77.47,60.54,44.63,37.18,12.27,0.68,1.69,0.94,39.12,12.03,2.0,4.03,6.03,2.86,1.51,0.62,2.58,3.48,10.52,4.54,2.79,2.14,2.45,0.81,0.03,0.02
youngca01w,3,0,POR,23.0,1.0,279.0,111.0,10.0,24.0,34.0,15.0,14.0,1.0,27.0,27.0,99.0,37.0,37.0,27.0,34.0,10.0,0.0,0.0,0.0,0.0,0.0,0.0,0.0,0.0,0.0,0.0,0.0,0.0,0.0,0.0,0.0,0.0,0.0,0.0,0.0,0.0,0.0
youngso01w,7,0,SAS,25.54,14.06,551.91,185.83,24.96,56.79,81.75,42.45,20.43,9.74,39.28,53.91,160.15,67.6,52.41,38.9,34.99,11.74,0.55,2.0,1.09,44.98,14.88,1.82,4.73,6.55,3.21,1.47,0.67,2.84,4.28,12.66,5.27,4.5,3.36,2.66,0.98,0.04,0.04
youngso01w,8,0,SAS,34.0,34.0,1057.0,408.0,85.0,172.0,257.0,50.0,57.0,13.0,45.0,70.0,370.0,154.0,137.0,100.0,4.0,0.0,0.0,0.0,0.0,0.0,0.0,0.0,0.0,0.0,0.0,0.0,0.0,0.0,0.0,0.0,0.0,0.0,0.0,0.0,0.0,0.0,0.0
youngso01w,9,0,SAS,33.0,33.0,1106.0,553.0,72.0,121.0,193.0,51.0,49.0,12.0,61.0,100.0,448.0,214.0,167.0,125.0,5.0,0.0,0.0,5.0,5.0,172.0,101.0,20.0,25.0,45.0,8.0,4.0,2.0,8.0,12.0,73.0,37.0,32.0,27.0,0.0,0.0,0.0,0.0
youngso01w,10,0,SAS,33.0,33.0,1054.0,576.0,52.0,134.0,186.0,75.0,53.0,17.0,57.0,86.0,433.0,207.0,206.0,162.0,3.0,0.0,1.0,9.0,9.0,325.0,159.0,16.0,37.0,53.0,15.0,14.0,1.0,19.0,17.0,125.0,57.0,60.0,45.0,1.0,0.0,0.0,0.0
youngta01w,9,0,ATL,26.3,13.75,549.16,209.96,28.39,66.05,94.44,44.4,21.72,10.61,42.77,53.46,179.59,76.48,55.67,42.66,40.99,14.34,0.44,2.46,1.36,56.15,22.09,2.92,7.19,10.11,4.72,1.89,1.15,3.64,5.21,19.28,8.05,5.13,3.95,5.4,2.05,0.05,0.07
youngta01w,10,1,ATL,33.0,15.0,745.0,240.0,44.0,95.0,139.0,41.0,30.0,10.0,59.0,97.0,240.0,80.0,97.0,67.0,40.0,13.0,2.0,0.0,0.0,0.0,0.0,0.0,0.0,0.0,0.0,0.0,0.0,0.0,0.0,0.0,0.0,0.0,0.0,0.0,0.0,0.0,0.0
youngta01w,10,2,CHI,11.0,0.0,73.0,30.0,6.0,8.0,14.0,5.0,6.0,1.0,9.0,9.0,27.0,9.0,17.0,11.0,5.0,1.0,0.0,0.0,0.0,0.0,0.0,0.0,0.0,0.0,0.0,0.0,0.0,0.0,0.0,0.0,0.0,0.0,0.0,0.0,0.0,0.0,0.0
zakalok01w,3,1,DET,23.0,0.0,258.0,89.0,15.0,31.0,46.0,2.0,5.0,13.0,19.0,45.0,73.0,38.0,11.0,10.0,7.0,3.0,0.0,0.0,0.0,0.0,0.0,0.0,0.0,0.0,0.0,0.0,0.0,0.0,0.0,0.0,0.0,0.0,0.0,0.0,0.0,0.0,0.0
zakalok01w,3,2,PHO,3.0,0.0,10.0,2.0,0.0,0.0,0.0,0.0,0.0,1.0,0.0,3.0,3.0,1.0,0.0,0.0,0.0,0.0,0.0,0.0,0.0,0.0,0.0,0.0,0.0,0.0,0.0,0.0,0.0,0.0,0.0,0.0,0.0,0.0,0.0,0.0,0.0,0.0,0.0
zarafr01w,6,0,SEA,26.65,15.15,595.55,202.63,28.15,62.64,90.79,45.87,22.75,11.35,41.56,56.01,175.03,74.17,56.05,41.7,35.87,12.58,0.49,2.27,1.3,51.9,17.12,2.49,5.36,7.85,3.75,2.1,1.04,3.58,4.45,15.18,6.27,4.4,3.37,3.32,1.21,0.01,0.04
zellosh01w,10,0,DET,28.09,16.51,621.77,243.43,31.76,73.59,105.35,52.2,25.52,12.22,47.11,63.24,204.69,87.19,69.31,52.68,47.79,16.38,0.56,2.5,1.31,55.1,20.23,2.49,6.44,8.93,4.32,1.95,1.01,4.04,5.19,17.52,7.26,5.39,4.28,4.31,1.42,0.02,0.05
zirkozu01w,4,0,WAS,26.12,15.6,604.13,208.08,28.55,61.69,90.24,47.04,23.71,11.16,42.62,55.83,178.36,75.29,57.52,43.31,41.07,14.19,0.53,1.78,1.11,44.72,16.41,2.01,4.64,6.66,3.96,1.6,0.72,2.72,3.83,13.91,6.03,4.09,3.11,3.47,1.23,0.02,0.05
zollsh01w,9,0,MIN,26.3,13.75,549.16,209.96,28.39,66.05,94.44,44.4,21.72,10.61,42.77,53.46,179.59,76.48,55.67,42.66,40.99,14.34,0.44,2.46,1.36,56.15,22.09,2.92,7.19,10.11,4.72,1.89,1.15,3.64,5.21,19.28,8.05,5.13,3.95,5.4,2.05,0.05,0.07
adairje01w,11,0,MIN,29.64,16.89,666.51,266.87,32.94,80.4,113.34,54.78,27.24,12.04,48.84,62.9,222.32,95.9,70.42,55.56,56.08,19.52,0.53,2.97,1.75,70.67,30.11,3.43,8.3,11.74,5.87,2.72,1.51,4.81,7.07,24.06,10.62,8.07,6.56,6.4,2.32,0.07,0.08
adamsda01w,11,0,SAS,29.64,16.89,666.51,266.87,32.94,80.4,113.34,54.78,27.24,12.04,48.84,62.9,222.32,95.9,70.42,55.56,56.08,19.52,0.53,2.97,1.75,70.67,30.11,3.43,8.3,11.74,5.87,2.72,1.51,4.81,7.07,24.06,10.62,8.07,6.56,6.4,2.32,0.07,0.08
ajavoma01w,11,0,WAS,34.0,4.0,587.0,272.0,27.0,37.0,64.0,37.0,37.0,4.0,50.0,84.0,253.0,85.0,110.0,74.0,82.0,28.0,1.0,2.0,0.0,34.0,19.0,1.0,4.0,5.0,3.0,4.0,0.0,2.0,6.0,16.0,6.0,6.0,5.0,8.0,2.0,0.0,0.0
anosini01w,11,0,WAS,30.0,29.0,896.0,396.0,73.0,149.0,222.0,81.0,81.0,28.0,61.0,88.0,265.0,130.0,194.0,135.0,4.0,1.0,1.0,0.0,0.0,0.0,0.0,0.0,0.0,0.0,0.0,0.0,0.0,0.0,0.0,0.0,0.0,0.0,0.0,0.0,0.0,0.0,0.0
appelja01w,11,0,SAS,29.64,16.89,666.51,266.87,32.94,80.4,113.34,54.78,27.24,12.04,48.84,62.9,222.32,95.9,70.42,55.56,56.08,19.52,0.53,2.97,1.75,70.67,30.11,3.43,8.3,11.74,5.87,2.72,1.51,4.81,7.07,24.06,10.62,8.07,6.56,6.4,2.32,0.07,0.08
augusse01w,11,0,MIN,6.0,6.0,178.0,126.0,4.0,21.0,25.0,9.0,12.0,3.0,13.0,5.0,86.0,49.0,21.0,19.0,14.0,9.0,0.0,0.0,0.0,0.0,0.0,0.0,0.0,0.0,0.0,0.0,0.0,0.0,0.0,0.0,0.0,0.0,0.0,0.0,0.0,0.0,0.0
ayimmi01w,11,0,TUL,29.64,16.89,666.51,266.87,32.94,80.4,113.34,54.78,27.24,12.04,48.84,62.9,222.32,95.9,70.42,55.56,56.08,19.52,0.53,2.97,1.75,70.67,30.11,3.43,8.3,11.74,5.87,2.72,1.51,4.81,7.07,24.06,10.62,8.07,6.56,6.4,2.32,0.07,0.08
balesal01w,11,0,ATL,14.0,0.0,126.0,37.0,7.0,15.0,22.0,2.0,5.0,14.0,3.0,18.0,36.0,14.0,9.0,7.0,5.0,2.0,0.0,0.0,0.0,0.0,0.0,0.0,0.0,0.0,0.0,0.0,0.0,0.0,0.0,0.0,0.0,0.0,0.0,0.0,0.0,0.0,0.0
beviltu01w,11,0,SAS,34.0,32.0,861.0,209.0,12.0,67.0,79.0,97.0,62.0,8.0,48.0,76.0,181.0,68.0,54.0,36.0,107.0,37.0,0.0,10.0,10.0,224.0,53.0,5.0,18.0,23.0,20.0,12.0,1.0,11.0,25.0,53.0,18.0,10.0,7.0,32.0,10.0,0.0,0.0
birdsu01w,11,0,SEA,31.0,31.0,1101.0,397.0,12.0,66.0,78.0,179.0,47.0,3.0,81.0,50.0,377.0,154.0,41.0,35.0,150.0,54.0,0.0,3.0,3.0,109.0,34.0,1.0,10.0,11.0,12.0,4.0,0.0,7.0,5.0,33.0,11.0,8.0,7.0,12.0,5.0,0.0,0.0
bjorkan01w,11,0,CHI,29.64,16.89,666.51,266.87,32.94,80.4,113.34,54.78,27.24,12.04,48.84,62.9,222.32,95.9,70.42,55.56,56.08,19.52,0.53,2.97,1.75,70.67,30.11,3.43,8.3,11.74,5.87,2.72,1.51,4.81,7.07,24.06,10.62,8.07,6.56,6.4,2.32,0.07,0.08
bobbish01w,11,0,IND,33.0,3.0,353.0,71.0,11.0,22.0,33.0,46.0,15.0,1.0,28.0,34.0,85.0,26.0,13.0,11.0,37.0,8.0,0.0,3.0,0.0,11.0,0.0,0.0,1.0,1.0,0.0,0.0,0.0,1.0,3.0,4.0,0.0,0.0,0.0,2.0,0.0,0.0,0.0
bonnede01w,11,0,PHO,34.0,0.0,724.0,381.0,70.0,126.0,196.0,13.0,23.0,25.0,34.0,70.0,278.0,127.0,154.0,125.0,13.0,2.0,0.0,11.0,0.0,186.0,97.0,17.0,30.0,47.0,3.0,5.0,6.0,7.0,13.0,69.0,34.0,35.0,29.0,1.0,0.0,0.0,1.0
braxtka01w,11,0,NYL,28.0,2.0,504.0,252.0,66.0,101.0,167.0,41.0,19.0,18.0,51.0,79.0,201.0,106.0,62.0,40.0,0.0,0.0,0.0,5.0,0.0,96.0,48.0,12.0,22.0,34.0,7.0,4.0,7.0,12.0,10.0,37.0,20.0,14.0,8.0,0.0,0.0,0.0,0.0
braxtka01w,11,0,PHO,29.64,16.89,666.51,266.87,32.94,80.4,113.34,54.78,27.24,12.04,48.84,62.9,222.32,95.9,70.42,55.56,56.08,19.52,0.53,2.97,1.75,70.67,30.11,3.43,8.3,11.74,5.87,2.72,1.51,4.81,7.07,24.06,10.62,8.07,6.56,6.4,2.32,0.07,0.08
brelaje01w,11,0,CON,29.64,16.89,666.51,266.87,32.94,80.4,113.34,54.78,27.24,12.04,48.84,62.9,222.32,95.9,70.42,55.56,56.08,19.52,0.53,2.97,1.75,70.67,30.11,3.43,8.3,11.74,5.87,2.72,1.51,4.81,7.07,24.06,10.62,8.07,6.56,6.4,2.32,0.07,0.08
brelaje01w,11,0,NYL,29.64,16.89,666.51,266.87,32.94,80.4,113.34,54.78,27.24,12.04,48.84,62.9,222.32,95.9,70.42,55.56,56.08,19.52,0.53,2.97,1.75,70.67,30.11,3.43,8.3,11.74,5.87,2.72,1.51,4.81,7.07,24.06,10.62,8.07,6.56,6.4,2.32,0.07,0.08
brunsre01w,11,0,MIN,27.0,17.0,665.0,331.0,67.0,123.0,190.0,9.0,40.0,16.0,45.0,57.0,255.0,124.0,106.0,83.0,1.0,0.0,0.0,0.0,0.0,0.0,0.0,0.0,0.0,0.0,0.0,0.0,0.0,0.0,0.0,0.0,0.0,0.0,0.0,0.0,0.0,0.0,0.0
camba01w,11,0,TUL,29.64,16.89,666.51,266.87,32.94,80.4,113.34,54.78,27.24,12.04,48.84,62.9,222.32,95.9,70.42,55.56,56.08,19.52,0.53,2.97,1.75,70.67,30.11,3.43,8.3,11.74,5.87,2.72,1.51,4.81,7.07,24.06,10.62,8.07,6.56,6.4,2.32,0.07,0.08
cantydo01w,11,0,CHI,34.0,34.0,776.0,234.0,18.0,45.0,63.0,109.0,28.0,5.0,57.0,96.0,194.0,74.0,119.0,82.0,11.0,4.0,1.0,0.0,0.0,0.0,0.0,0.0,0.0,0.0,0.0,0.0,0.0,0.0,0.0,0.0,0.0,0.0,0.0,0.0,0.0,0.0,0.0
carsoes01w,11,0,NYL,34.0,34.0,859.0,340.0,24.0,48.0,72.0,46.0,37.0,10.0,54.0,76.0,321.0,131.0,48.0,44.0,102.0,34.0,1.0,0.0,0.0,0.0,0.0,0.0,0.0,0.0,0.0,0.0,0.0,0.0,0.0,0.0,0.0,0.0,0.0,0.0,0.0,0.0,0.0
cashsw01w,11,0,SEA,32.0,29.0,1094.0,390.0,62.0,152.0,214.0,82.0,28.0,16.0,91.0,98.0,355.0,139.0,128.0,102.0,31.0,10.0,1.0,3.0,3.0,116.0,63.0,6.0,10.0,16.0,5.0,7.0,3.0,6.0,10.0,39.0,19.0,25.0,21.0,10.0,4.0,0.0,1.0
castriz01w,11,0,ATL,34.0,33.0,915.0,488.0,20.0,55.0,75.0,67.0,36.0,2.0,83.0,75.0,445.0,184.0,91.0,71.0,142.0,49.0,0.0,2.0,2.0,51.0,32.0,1.0,2.0,3.0,9.0,0.0,0.0,4.0,5.0,16.0,8.0,17.0,12.0,8.0,4.0,0.0,0.0
catchta01w,11,0,IND,34.0,34.0,1084.0,512.0,86.0,159.0,245.0,107.0,99.0,18.0,88.0,92.0,407.0,157.0,181.0,158.0,122.0,40.0,0.0,10.0,10.0,357.0,172.0,24.0,80.0,104.0,54.0,33.0,14.0,34.0,34.0,122.0,56.0,60.0,51.0,36.0,9.0,1.0,1.0
charlti01w,11,0,CON,29.64,16.89,666.51,266.87,32.94,80.4,113.34,54.78,27.24,12.04,48.84,62.9,222.32,95.9,70.42,55.56,56.08,19.52,0.53,2.97,1.75,70.67,30.11,3.43,8.3,11.74,5.87,2.72,1.51,4.81,7.07,24.06,10.62,8.07,6.56,6.4,2.32,0.07,0.08
cheekjo01w,11,0,WAS,29.64,16.89,666.51,266.87,32.94,80.4,113.34,54.78,27.24,12.04,48.84,62.9,222.32,95.9,70.42,55.56,56.08,19.52,0.53,2.97,1.75,70.67,30.11,3.43,8.3,11.74,5.87,2.72,1.51,4.81,7.07,24.06,10.62,8.07,6.56,6.4,2.32,0.07,0.08
chestfe01w,11,0,NYL,29.64,16.89,666.51,266.87,32.94,80.4,113.34,54.78,27.24,12.04,48.84,62.9,222.32,95.9,70.42,55.56,56.08,19.52,0.53,2.97,1.75,70.67,30.11,3.43,8.3,11.74,5.87,2.72,1.51,4.81,7.07,24.06,10.62,8.07,6.56,6.4,2.32,0.07,0.08
chriska02w,11,0,TUL,29.64,16.89,666.51,266.87,32.94,80.4,113.34,54.78,27.24,12.04,48.84,62.9,222.32,95.9,70.42,55.56,56.08,19.52,0.53,2.97,1.75,70.67,30.11,3.43,8.3,11.74,5.87,2.72,1.51,4.81,7.07,24.06,10.62,8.07,6.56,6.4,2.32,0.07,0.08
chriska02w,11,0,WAS,29.64,16.89,666.51,266.87,32.94,80.4,113.34,54.78,27.24,12.04,48.84,62.9,222.32,95.9,70.42,55.56,56.08,19.52,0.53,2.97,1.75,70.67,30.11,3.43,8.3,11.74,5.87,2.72,1.51,4.81,7.07,24.06,10.62,8.07,6.56,6.4,2.32,0.07,0.08
colemma01w,11,0,WAS,28.0,0.0,525.0,171.0,22.0,54.0,76.0,22.0,20.0,9.0,34.0,44.0,159.0,54.0,45.0,34.0,80.0,29.0,0.0,2.0,0.0,53.0,21.0,3.0,7.0,10.0,3.0,4.0,4.0,7.0,3.0,19.0,6.0,5.0,5.0,8.0,4.0,0.0,0.0
colsosy01w,11,0,NYL,29.64,16.89,666.51,266.87,32.94,80.4,113.34,54.78,27.24,12.04,48.84,62.9,222.32,95.9,70.42,55.56,56.08,19.52,0.53,2.97,1.75,70.67,30.11,3.43,8.3,11.74,5.87,2.72,1.51,4.81,7.07,24.06,10.62,8.07,6.56,6.4,2.32,0.07,0.08
currimo01w,11,0,WAS,34.0,34.0,728.0,278.0,38.0,108.0,146.0,61.0,29.0,14.0,57.0,83.0,217.0,78.0,127.0,102.0,52.0,20.0,0.0,2.0,2.0,37.0,10.0,8.0,7.0,15.0,1.0,4.0,1.0,3.0,8.0,15.0,2.0,7.0,6.0,3.0,0.0,0.0,0.0
davenje01w,11,0,IND,27.0,0.0,181.0,72.0,15.0,25.0,40.0,6.0,7.0,14.0,21.0,38.0,55.0,29.0,20.0,14.0,0.0,0.0,0.0,9.0,0.0,55.0,37.0,1.0,10.0,11.0,3.0,2.0,8.0,3.0,9.0,25.0,14.0,11.0,9.0,0.0,0.0,0.0,0.0
desouer01w,11,0,ATL,34.0,34.0,928.0,402.0,119.0,190.0,309.0,38.0,32.0,44.0,70.0,117.0,322.0,170.0,95.0,62.0,0.0,0.0,1.0,2.0,2.0,54.0,23.0,5.0,9.0,14.0,2.0,4.0,2.0,10.0,10.0,18.0,10.0,4.0,3.0,0.0,0.0,0.0,0.0
douglka01w,11,0,IND,31.0,31.0,1003.0,547.0,24.0,96.0,120.0,85.0,56.0,7.0,75.0,45.0,459.0,188.0,122.0,105.0,189.0,66.0,0.0,10.0,10.0,361.0,155.0,14.0,21.0,35.0,40.0,14.0,6.0,19.0,14.0,141.0,51.0,43.0,35.0,58.0,18.0,0.0,0.0
dunlavi01w,11,0,WAS,29.64,16.89,666.51,266.87,32.94,80.4,113.34,54.78,27.24,12.04,48.84,62.9,222.32,95.9,70.42,55.56,56.08,19.52,0.53,2.97,1.75,70.67,30.11,3.43,8.3,11.74,5.87,2.72,1.51,4.81,7.07,24.06,10.62,8.07,6.56,6.4,2.32,0.07,0.08
dupreca01w,11,0,PHO,34.0,34.0,1186.0,534.0,76.0,192.0,268.0,75.0,35.0,41.0,81.0,54.0,476.0,204.0,130.0,102.0,62.0,24.0,0.0,0.0,0.0,0.0,0.0,0.0,0.0,0.0,0.0,0.0,0.0,0.0,0.0,0.0,0.0,0.0,0.0,0.0,0.0,0.0,0.0
elysh01w,11,0,IND,34.0,9.0,497.0,232.0,22.0,66.0,88.0,20.0,12.0,8.0,36.0,55.0,201.0,84.0,51.0,41.0,60.0,23.0,0.0,0.0,0.0,0.0,0.0,0.0,0.0,0.0,0.0,0.0,0.0,0.0,0.0,0.0,0.0,0.0,0.0,0.0,0.0,0.0,0.0
ferdima01w,11,0,PHO,28.0,6.0,339.0,151.0,17.0,24.0,41.0,24.0,15.0,2.0,22.0,44.0,135.0,58.0,37.0,31.0,22.0,4.0,1.0,2.0,0.0,14.0,5.0,1.0,1.0,2.0,0.0,1.0,0.0,0.0,2.0,4.0,1.0,2.0,2.0,2.0,1.0,0.0,0.0
fowlesy01w,11,0,CHI,24.0,20.0,692.0,270.0,52.0,136.0,188.0,19.0,21.0,35.0,76.0,72.0,172.0,103.0,99.0,64.0,0.0,0.0,1.0,0.0,0.0,0.0,0.0,0.0,0.0,0.0,0.0,0.0,0.0,0.0,0.0,0.0,0.0,0.0,0.0,0.0,0.0,0.0,0.0
gardike01w,11,0,WAS,33.0,23.0,596.0,180.0,54.0,89.0,143.0,39.0,25.0,24.0,38.0,57.0,159.0,58.0,89.0,54.0,39.0,10.0,0.0,0.0,0.0,0.0,0.0,0.0,0.0,0.0,0.0,0.0,0.0,0.0,0.0,0.0,0.0,0.0,0.0,0.0,0.0,0.0,0.0
graylal01w,11,0,PHO,29.64,16.89,666.51,266.87,32.94,80.4,113.34,54.78,27.24,12.04,48.84,62.9,222.32,95.9,70.42,55.56,56.08,19.52,0.53,2.97,1.75,70.67,30.11,3.43,8.3,11.74,5.87,2.72,1.51,4.81,7.07,24.06,10.62,8.07,6.56,6.4,2.32,0.07,0.08
greenka01w,11,0,CON,29.64,16.89,666.51,266.87,32.94,80.4,113.34,54.78,27.24,12.04,48.84,62.9,222.32,95.9,70.42,55.56,56.08,19.52,0.53,2.97,1.75,70.67,30.11,3.43,8.3,11.74,5.87,2.72,1.51,4.81,7.07,24.06,10.62,8.07,6.56,6.4,2.32,0.07,0.08
griffke01w,11,0,CON,29.64,16.89,666.51,266.87,32.94,80.4,113.34,54.78,27.24,12.04,48.84,62.9,222.32,95.9,70.42,55.56,56.08,19.52,0.53,2.97,1.75,70.67,30.11,3.43,8.3,11.74,5.87,2.72,1.51,4.81,7.07,24.06,10.62,8.07,6.56,6.4,2.32,0.07,0.08
hammobe01w,11,0,SAS,31.0,31.0,1049.0,604.0,25.0,78.0,103.0,156.0,49.0,12.0,111.0,54.0,447.0,200.0,142.0,128.0,206.0,76.0,0.0,3.0,3.0,101.0,55.0,0.0,8.0,8.0,6.0,5.0,0.0,7.0,4.0,41.0,19.0,10.0,9.0,21.0,8.0,0.0,0.0
hardili01w,11,0,ATL,34.0,34.0,1194.0,435.0,24.0,111.0,135.0,154.0,43.0,13.0,101.0,68.0,375.0,163.0,119.0,89.0,62.0,20.0,1.0,2.0,2.0,81.0,21.0,1.0,4.0,5.0,8.0,3.0,0.0,10.0,6.0,26.0,10.0,1.0,1.0,3.0,0.0,0.0,0.0
harriam01w,11,0,MIN,29.64,16.89,666.51,266.87,32.94,80.4,113.34,54.78,27.24,12.04,48.84,62.9,222.32,95.9,70.42,55.56,56.08,19.52,0.53,2.97,1.75,70.67,30.11,3.43,8.3,11.74,5.87,2.72,1.51,4.81,7.07,24.06,10.62,8.07,6.56,6.4,2.32,0.07,0.08
hightal01w,11,0,CON,29.64,16.89,666.51,266.87,32.94,80.4,113.34,54.78,27.24,12.04,48.84,62.9,222.32,95.9,70.42,55.56,56.08,19.52,0.53,2.97,1.75,70.67,30.11,3.43,8.3,11.74,5.87,2.72,1.51,4.81,7.07,24.06,10.62,8.07,6.56,6.4,2.32,0.07,0.08
hodgedo01w,11,0,TUL,8.0,0.0,56.0,16.0,2.0,4.0,6.0,2.0,3.0,1.0,6.0,2.0,20.0,7.0,0.0,0.0,7.0,2.0,0.0,2.0,0.0,25.0,8.0,0.0,2.0,2.0,3.0,0.0,0.0,3.0,3.0,8.0,3.0,0.0,0.0,5.0,2.0,0.0,0.0
hodgero01w,11,0,SAS,33.0,27.0,902.0,328.0,20.0,79.0,99.0,64.0,21.0,15.0,36.0,54.0,276.0,115.0,33.0,30.0,171.0,68.0,0.0,0.0,0.0,0.0,0.0,0.0,0.0,0.0,0.0,0.0,0.0,0.0,0.0,0.0,0.0,0.0,0.0,0.0,0.0,0.0,0.0
hoffmeb01w,11,0,LAS,34.0,34.0,1005.0,338.0,56.0,143.0,199.0,52.0,57.0,12.0,82.0,106.0,313.0,122.0,77.0,69.0,72.0,25.0,3.0,10.0,10.0,295.0,119.0,11.0,37.0,48.0,8.0,11.0,5.0,18.0,38.0,85.0,47.0,22.0,19.0,15.0,6.0,0.0,0.0
holliqu01w,11,0,NYL,34.0,1.0,434.0,164.0,47.0,63.0,110.0,5.0,12.0,8.0,34.0,65.0,120.0,50.0,91.0,64.0,0.0,0.0,0.0,0.0,0.0,0.0,0.0,0.0,0.0,0.0,0.0,0.0,0.0,0.0,0.0,0.0,0.0,0.0,0.0,0.0,0.0,0.0,0.0
holtam01w,11,0,TUL,23.0,7.0,380.0,137.0,13.0,61.0,74.0,44.0,9.0,2.0,14.0,39.0,123.0,40.0,53.0,44.0,50.0,13.0,0.0,0.0,0.0,0.0,0.0,0.0,0.0,0.0,0.0,0.0,0.0,0.0,0.0,0.0,0.0,0.0,0.0,0.0,0.0,0.0,0.0
hornbal01w,11,0,MIN,32.0,21.0,850.0,213.0,46.0,112.0,158.0,86.0,42.0,9.0,69.0,93.0,213.0,81.0,48.0,26.0,64.0,25.0,2.0,5.0,5.0,177.0,53.0,8.0,22.0,30.0,20.0,9.0,3.0,16.0,19.0,45.0,22.0,6.0,6.0,9.0,3.0,1.0,0.0
houstch01w,11,0,MIN,34.0,33.0,792.0,445.0,44.0,142.0,186.0,59.0,43.0,21.0,64.0,107.0,376.0,175.0,99.0,72.0,69.0,23.0,2.0,0.0,0.0,0.0,0.0,0.0,0.0,0.0,0.0,0.0,0.0,0.0,0.0,0.0,0.0,0.0,0.0,0.0,0.0,0.0,0.0
ibekwif01w,11,0,SEA,29.64,16.89,666.51,266.87,32.94,80.4,113.34,54.78,27.24,12.04,48.84,62.9,222.32,95.9,70.42,55.56,56.08,19.52,0.53,2.97,1.75,70.67,30.11,3.43,8.3,11.74,5.87,2.72,1.51,4.81,7.07,24.06,10.62,8.07,6.56,6.4,2.32,0.07,0.08
irvinsa01w,11,0,ATL,21.0,0.0,116.0,26.0,10.0,26.0,36.0,2.0,3.0,5.0,7.0,19.0,28.0,9.0,11.0,7.0,4.0,1.0,0.0,3.0,0.0,4.0,2.0,1.0,0.0,1.0,1.0,0.0,1.0,0.0,0.0,3.0,1.0,0.0,0.0,0.0,0.0,0.0,0.0
jacksla01w,11,0,SEA,26.0,26.0,843.0,499.0,48.0,134.0,182.0,22.0,38.0,45.0,43.0,97.0,363.0,168.0,143.0,114.0,114.0,49.0,2.0,0.0,0.0,0.0,0.0,0.0,0.0,0.0,0.0,0.0,0.0,0.0,0.0,0.0,0.0,0.0,0.0,0.0,0.0,0.0,0.0
jacksti02w,11,0,TUL,34.0,9.0,495.0,180.0,35.0,81.0,116.0,24.0,21.0,13.0,43.0,55.0,149.0,67.0,64.0,46.0,0.0,0.0,0.0,0.0,0.0,0.0,0.0,0.0,0.0,0.0,0.0,0.0,0.0,0.0,0.0,0.0,0.0,0.0,0.0,0.0,0.0,0.0,0.0
januabr01w,11,0,IND,33.0,4.0,683.0,227.0,23.0,40.0,63.0,77.0,36.0,3.0,57.0,78.0,192.0,64.0,87.0,74.0,87.0,25.0,1.0,10.0,0.0,228.0,106.0,7.0,17.0,24.0,30.0,4.0,0.0,13.0,23.0,78.0,30.0,40.0,34.0,29.0,12.0,0.0,0.0
johnste01w,11,0,PHO,34.0,34.0,901.0,328.0,8.0,112.0,120.0,157.0,29.0,4.0,76.0,79.0,281.0,125.0,50.0,42.0,87.0,36.0,1.0,11.0,11.0,267.0,83.0,4.0,17.0,21.0,34.0,8.0,2.0,17.0,27.0,76.0,30.0,12.0,10.0,27.0,13.0,0.0,0.0
jonesas01w,11,0,CON,23.0,23.0,727.0,384.0,43.0,93.0,136.0,56.0,20.0,13.0,49.0,79.0,339.0,159.0,80.0,61.0,16.0,5.0,1.0,0.0,0.0,0.0,0.0,0.0,0.0,0.0,0.0,0.0,0.0,0.0,0.0,0.0,0.0,0.0,0.0,0.0,0.0,0.0,0.0
jonesma01w,11,0,TUL,29.64,16.89,666.51,266.87,32.94,80.4,113.34,54.78,27.24,12.04,48.84,62.9,222.32,95.9,70.42,55.56,56.08,19.52,0.53,2.97,1.75,70.67,30.11,3.43,8.3,11.74,5.87,2.72,1.51,4.81,7.07,24.06,10.62,8.07,6.56,6.4,2.32,0.07,0.08
kobryew01w,11,0,SEA,29.64,16.89,666.51,266.87,32.94,80.4,113.34,54.78,27.24,12.04,48.84,62.9,222.32,95.9,70.42,55.56,56.08,19.52,0.53,2.97,1.75,70.67,30.11,3.43,8.3,11.74,5.87,2.72,1.51,4.81,7.07,24.06,10.62,8.07,6.56,6.4,2.32,0.07,0.08
kraayca01w,11,0,CHI,34.0,26.0,888.0,307.0,32.0,123.0,155.0,32.0,22.0,13.0,66.0,76.0,264.0,105.0,49.0,37.0,144.0,60.0,0.0,0.0,0.0,0.0,0.0,0.0,0.0,0.0,0.0,0.0,0.0,0.0,0.0,0.0,0.0,0.0,0.0,0.0,0.0,0.0,0.0
lacyje01w,11,0,TUL,32.0,0.0,362.0,96.0,32.0,38.0,70.0,9.0,9.0,7.0,24.0,57.0,107.0,35.0,33.0,22.0,19.0,4.0,0.0,2.0,0.0,23.0,2.0,1.0,1.0,2.0,0.0,0.0,0.0,0.0,3.0,5.0,0.0,4.0,2.0,2.0,0.0,0.0,0.0
lacyna01w,11,0,LAS,29.64,16.89,666.51,266.87,32.94,80.4,113.34,54.78,27.24,12.04,48.84,62.9,222.32,95.9,70.42,55.56,56.08,19.52,0.53,2.97,1.75,70.67,30.11,3.43,8.3,11.74,5.87,2.72,1.51,4.81,7.07,24.06,10.62,8.07,6.56,6.4,2.32,0.07,0.08
langhcr01w,11,0,WAS,34.0,22.0,1013.0,408.0,101.0,167.0,268.0,29.0,34.0,13.0,76.0,74.0,284.0,163.0,119.0,82.0,2.0,0.0,0.0,2.0,2.0,79.0,33.0,5.0,15.0,20.0,1.0,1.0,1.0,6.0,6.0,20.0,14.0,8.0,5.0,0.0,0.0,0.0,1.0
lattaiv01w,11,0,TUL,24.0,0.0,350.0,146.0,3.0,13.0,16.0,34.0,13.0,1.0,26.0,32.0,110.0,45.0,46.0,38.0,50.0,18.0,0.0,2.0,2.0,75.0,27.0,2.0,2.0,4.0,5.0,1.0,0.0,3.0,5.0,20.0,8.0,9.0,8.0,9.0,3.0,0.0,0.0
lavenja01w,11,0,LAS,29.64,16.89,666.51,266.87,32.94,80.4,113.34,54.78,27.24,12.04,48.84,62.9,222.32,95.9,70.42,55.56,56.08,19.52,0.53,2.97,1.75,70.67,30.11,3.43,8.3,11.74,5.87,2.72,1.51,4.81,7.07,24.06,10.62,8.07,6.56,6.4,2.32,0.07,0.08
lawsoka01w,11,0,CON,25.0,5.0,604.0,220.0,11.0,42.0,53.0,63.0,16.0,1.0,35.0,24.0,200.0,76.0,33.0,31.0,110.0,37.0,0.0,0.0,0.0,0.0,0.0,0.0,0.0,0.0,0.0,0.0,0.0,0.0,0.0,0.0,0.0,0.0,0.0,0.0,0.0,0.0,1.0
lehnish01w,11,0,ATL,34.0,20.0,707.0,102.0,19.0,60.0,79.0,127.0,18.0,3.0,54.0,44.0,93.0,36.0,31.0,24.0,30.0,6.0,0.0,0.0,0.0,0.0,0.0,0.0,0.0,0.0,0.0,0.0,0.0,0.0,0.0,0.0,0.0,0.0,0.0,0.0,0.0,0.0,0.0
lennobe01w,11,0,TUL,30.0,13.0,640.0,306.0,33.0,103.0,136.0,54.0,26.0,4.0,70.0,70.0,268.0,111.0,66.0,59.0,83.0,25.0,0.0,6.0,0.0,128.0,74.0,2.0,16.0,18.0,9.0,5.0,0.0,11.0,11.0,58.0,24.0,15.0,15.0,25.0,11.0,0.0,0.0
littlca01w,11,0,SEA,34.0,34.0,1044.0,341.0,75.0,147.0,222.0,35.0,39.0,13.0,67.0,118.0,263.0,124.0,126.0,86.0,27.0,7.0,1.0,3.0,3.0,102.0,23.0,1.0,9.0,10.0,3.0,2.0,2.0,4.0,14.0,25.0,10.0,2.0,2.0,6.0,1.0,0.0,0.0
lyttlsa01w,11,0,ATL,34.0,31.0,931.0,443.0,72.0,182.0,254.0,51.0,68.0,22.0,64.0,105.0,363.0,184.0,101.0,75.0,1.0,0.0,2.0,2.0,2.0,51.0,17.0,3.0,7.0,10.0,4.0,4.0,0.0,4.0,8.0,17.0,7.0,7.0,3.0,1.0,0.0,0.0,0.0
mazzake01w,11,0,ATL,31.0,2.0,433.0,106.0,7.0,33.0,40.0,17.0,10.0,3.0,10.0,42.0,99.0,36.0,3.0,3.0,88.0,31.0,0.0,4.0,0.0,14.0,0.0,0.0,2.0,2.0,0.0,0.0,0.0,1.0,0.0,2.0,0.0,0.0,0.0,1.0,0.0,0.0,0.0
mccouan01w,11,0,ATL,34.0,10.0,735.0,435.0,35.0,70.0,105.0,71.0,74.0,12.0,72.0,92.0,336.0,160.0,135.0,100.0,51.0,15.0,2.0,2.0,2.0,58.0,38.0,1.0,10.0,11.0,6.0,2.0,0.0,12.0,7.0,31.0,15.0,6.0,4.0,7.0,4.0,0.0,1.0
mccrada01w,11,0,CON,29.64,16.89,666.51,266.87,32.94,80.4,113.34,54.78,27.24,12.04,48.84,62.9,222.32,95.9,70.42,55.56,56.08,19.52,0.53,2.97,1.75,70.67,30.11,3.43,8.3,11.74,5.87,2.72,1.51,4.81,7.07,24.06,10.62,8.07,6.56,6.4,2.32,0.07,0.08
mcwilta01w,11,0,MIN,34.0,34.0,1032.0,332.0,65.0,160.0,225.0,98.0,33.0,16.0,66.0,86.0,283.0,139.0,68.0,51.0,15.0,3.0,0.0,5.0,5.0,134.0,38.0,6.0,16.0,22.0,9.0,5.0,2.0,13.0,18.0,28.0,18.0,2.0,1.0,1.0,1.0,0.0,0.0
milleco01w,11,0,ATL,34.0,5.0,407.0,131.0,20.0,30.0,50.0,33.0,12.0,2.0,31.0,37.0,122.0,50.0,26.0,23.0,27.0,8.0,0.0,2.0,0.0,13.0,7.0,0.0,0.0,0.0,2.0,0.0,0.0,1.0,0.0,5.0,3.0,0.0,0.0,1.0,1.0,0.0,0.0
milleke01w,11,0,WAS,34.0,25.0,675.0,150.0,19.0,55.0,74.0,67.0,24.0,2.0,50.0,56.0,149.0,54.0,22.0,20.0,66.0,22.0,0.0,0.0,0.0,0.0,0.0,0.0,0.0,0.0,0.0,0.0,0.0,0.0,0.0,0.0,0.0,0.0,0.0,0.0,0.0,0.0,0.0
miltode01w,11,0,LAS,33.0,33.0,1043.0,338.0,51.0,106.0,157.0,71.0,41.0,8.0,74.0,84.0,322.0,129.0,74.0,56.0,82.0,24.0,1.0,6.0,6.0,190.0,54.0,16.0,19.0,35.0,15.0,10.0,1.0,13.0,14.0,57.0,20.0,16.0,10.0,13.0,4.0,0.0,0.0
mitchle01w,11,0,NYL,34.0,2.0,436.0,80.0,8.0,33.0,41.0,76.0,9.0,2.0,26.0,46.0,100.0,30.0,6.0,6.0,52.0,14.0,0.0,0.0,0.0,0.0,0.0,0.0,0.0,0.0,0.0,0.0,0.0,0.0,0.0,0.0,0.0,0.0,0.0,0.0,0.0,0.0,0.0
monroja01w,11,0,TUL,29.64,16.89,666.51,266.87,32.94,80.4,113.34,54.78,27.24,12.04,48.84,62.9,222.32,95.9,70.42,55.56,56.08,19.52,0.53,2.97,1.75,70.67,30.11,3.43,8.3,11.74,5.87,2.72,1.51,4.81,7.07,24.06,10.62,8.07,6.56,6.4,2.32,0.07,0.08
montgal01w,11,0,NYL,29.64,16.89,666.51,266.87,32.94,80.4,113.34,54.78,27.24,12.04,48.84,62.9,222.32,95.9,70.42,55.56,56.08,19.52,0.53,2.97,1.75,70.67,30.11,3.43,8.3,11.74,5.87,2.72,1.51,4.81,7.07,24.06,10.62,8.07,6.56,6.4,2.32,0.07,0.08
montgre01w,11,0,CON,34.0,9.0,764.0,306.0,15.0,51.0,66.0,72.0,25.0,9.0,66.0,37.0,250.0,102.0,72.0,60.0,121.0,42.0,0.0,0.0,0.0,0.0,0.0,0.0,0.0,0.0,0.0,0.0,0.0,0.0,0.0,0.0,0.0,0.0,0.0,0.0,0.0,0.0,0.0
mooreje01w,11,0,CON,31.0,9.0,613.0,148.0,40.0,56.0,96.0,14.0,19.0,6.0,32.0,85.0,121.0,57.0,46.0,34.0,1.0,0.0,0.0,10.0,0.0,120.0,22.0,9.0,8.0,17.0,3.0,5.0,2.0,3.0,24.0,24.0,8.0,8.0,6.0,0.0,0.0,1.0,0.0
moorema01w,11,0,MIN,29.64,16.89,666.51,266.87,32.94,80.4,113.34,54.78,27.24,12.04,48.84,62.9,222.32,95.9,70.42,55.56,56.08,19.52,0.53,2.97,1.75,70.67,30.11,3.43,8.3,11.74,5.87,2.72,1.51,4.81,7.07,24.06,10.62,8.07,6.56,6.4,2.32,0.07,0.08
murphsh01w,11,0,CHI,24.0,0.0,186.0,100.0,23.0,19.0,42.0,10.0,6.0,2.0,9.0,30.0,89.0,34.0,26.0,21.0,32.0,11.0,0.0,4.0,0.0,9.0,0.0,1.0,1.0,2.0,1.0,0.0,0.0,0.0,2.0,5.0,0.0,0.0,0.0,2.0,0.0,0.0,0.0
oheaje01w,11,0,LAS,29.64,16.89,666.51,266.87,32.94,80.4,113.34,54.78,27.24,12.04,48.84,62.9,222.32,95.9,70.42,55.56,56.08,19.52,0.53,2.97,1.75,70.67,30.11,3.43,8.3,11.74,5.87,2.72,1.51,4.81,7.07,24.06,10.62,8.07,6.56,6.4,2.32,0.07,0.08
olajuab01w,11,0,TUL,29.64,16.89,666.51,266.87,32.94,80.4,113.34,54.78,27.24,12.04,48.84,62.9,222.32,95.9,70.42,55.56,56.08,19.52,0.53,2.97,1.75,70.67,30.11,3.43,8.3,11.74,5.87,2.72,1.51,4.81,7.07,24.06,10.62,8.07,6.56,6.4,2.32,0.07,0.08
parisco01w,11,0,ATL,33.0,6.0,442.0,160.0,56.0,78.0,134.0,22.0,11.0,10.0,20.0,48.0,132.0,68.0,33.0,24.0,1.0,0.0,0.0,0.0,0.0,0.0,0.0,0.0,0.0,0.0,0.0,0.0,0.0,0.0,0.0,0.0,0.0,0.0,0.0,0.0,0.0,0.0,0.0
parkeca01w,11,0,LAS,25.0,24.0,815.0,328.0,60.0,184.0,244.0,64.0,15.0,53.0,55.0,53.0,270.0,131.0,80.0,61.0,24.0,5.0,1.0,6.0,6.0,211.0,108.0,21.0,43.0,64.0,10.0,5.0,11.0,10.0,23.0,71.0,38.0,44.0,31.0,4.0,1.0,1.0,0.0
pederka01w,11,0,TUL,29.64,16.89,666.51,266.87,32.94,80.4,113.34,54.78,27.24,12.04,48.84,62.9,222.32,95.9,70.42,55.56,56.08,19.52,0.53,2.97,1.75,70.67,30.11,3.43,8.3,11.74,5.87,2.72,1.51,4.81,7.07,24.06,10.62,8.07,6.56,6.4,2.32,0.07,0.08
penicti01w,11,0,LAS,30.0,28.0,724.0,148.0,12.0,69.0,81.0,155.0,30.0,4.0,64.0,45.0,139.0,45.0,70.0,57.0,9.0,1.0,0.0,0.0,0.0,0.0,0.0,0.0,0.0,0.0,0.0,0.0,0.0,0.0,0.0,0.0,0.0,0.0,0.0,0.0,0.0,0.0,0.0
perkiji01w,11,0,SAS,34.0,34.0,931.0,450.0,28.0,88.0,116.0,100.0,73.0,6.0,55.0,78.0,379.0,158.0,123.0,104.0,78.0,30.0,0.0,0.0,0.0,0.0,0.0,0.0,0.0,0.0,0.0,0.0,0.0,0.0,0.0,0.0,0.0,0.0,0.0,0.0,0.0,0.0,0.0
philler01w,11,0,IND,32.0,18.0,740.0,258.0,30.0,73.0,103.0,66.0,43.0,3.0,43.0,52.0,225.0,86.0,64.0,52.0,116.0,34.0,0.0,0.0,0.0,0.0,0.0,0.0,0.0,0.0,0.0,0.0,0.0,0.0,0.0,0.0,0.0,0.0,0.0,0.0,0.0,0.0,0.0
phillpo01w,11,0,SAS,29.64,16.89,666.51,266.87,32.94,80.4,113.34,54.78,27.24,12.04,48.84,62.9,222.32,95.9,70.42,55.56,56.08,19.52,0.53,2.97,1.75,70.67,30.11,3.43,8.3,11.74,5.87,2.72,1.51,4.81,7.07,24.06,10.62,8.07,6.56,6.4,2.32,0.07,0.08
phillta02w,11,0,NYL,29.64,16.89,666.51,266.87,32.94,80.4,113.34,54.78,27.24,12.04,48.84,62.9,222.32,95.9,70.42,55.56,56.08,19.52,0.53,2.97,1.75,70.67,30.11,3.43,8.3,11.74,5.87,2.72,1.51,4.81,7.07,24.06,10.62,8.07,6.56,6.4,2.32,0.07,0.08
phillta02w,11,0,WAS,29.64,16.89,666.51,266.87,32.94,80.4,113.34,54.78,27.24,12.04,48.84,62.9,222.32,95.9,70.42,55.56,56.08,19.52,0.53,2.97,1.75,70.67,30.11,3.43,8.3,11.74,5.87,2.72,1.51,4.81,7.07,24.06,10.62,8.07,6.56,6.4,2.32,0.07,0.08
pierspl01w,11,0,NYL,1.0,0.0,5.0,0.0,0.0,0.0,0.0,0.0,1.0,1.0,0.0,2.0,2.0,0.0,0.0,0.0,0.0,0.0,0.0,0.0,0.0,0.0,0.0,0.0,0.0,0.0,0.0,0.0,0.0,0.0,0.0,0.0,0.0,0.0,0.0,0.0,0.0,0.0,0.0
pohleje01w,11,0,IND,29.64,16.89,666.51,266.87,32.94,80.4,113.34,54.78,27.24,12.04,48.84,62.9,222.32,95.9,70.42,55.56,56.08,19.52,0.53,2.97,1.75,70.67,30.11,3.43,8.3,11.74,5.87,2.72,1.51,4.81,7.07,24.06,10.62,8.07,6.56,6.4,2.32,0.07,0.08
pondeca01w,11,0,NYL,34.0,34.0,1075.0,648.0,32.0,112.0,144.0,171.0,31.0,12.0,86.0,99.0,513.0,236.0,151.0,133.0,120.0,43.0,0.0,11.0,11.0,340.0,200.0,11.0,29.0,40.0,39.0,13.0,0.0,16.0,26.0,164.0,76.0,44.0,39.0,36.0,9.0,0.0,0.0
powelni01w,11,0,NYL,34.0,34.0,1035.0,567.0,51.0,149.0,200.0,77.0,49.0,8.0,84.0,62.0,476.0,198.0,96.0,94.0,212.0,77.0,0.0,0.0,0.0,0.0,0.0,0.0,0.0,0.0,0.0,0.0,0.0,0.0,0.0,0.0,0.0,0.0,0.0,0.0,0.0,0.0,0.0
pricear01w,11,0,ATL,22.0,0.0,324.0,77.0,25.0,34.0,59.0,26.0,12.0,1.0,18.0,32.0,70.0,27.0,40.0,23.0,0.0,0.0,0.0,0.0,0.0,0.0,0.0,0.0,0.0,0.0,0.0,0.0,0.0,0.0,0.0,0.0,0.0,0.0,0.0,0.0,0.0,0.0,0.0
princep01w,11,0,CHI,29.64,16.89,666.51,266.87,32.94,80.4,113.34,54.78,27.24,12.04,48.84,62.9,222.32,95.9,70.42,55.56,56.08,19.52,0.53,2.97,1.75,70.67,30.11,3.43,8.3,11.74,5.87,2.72,1.51,4.81,7.07,24.06,10.62,8.07,6.56,6.4,2.32,0.07,0.08
pringla01w,11,0,LAS,17.0,0.0,159.0,37.0,14.0,23.0,37.0,8.0,3.0,14.0,14.0,22.0,30.0,13.0,15.0,11.0,0.0,0.0,0.0,0.0,0.0,0.0,0.0,0.0,0.0,0.0,0.0,0.0,0.0,0.0,0.0,0.0,0.0,0.0,0.0,0.0,0.0,0.0,0.0
quiglal01w,11,0,SEA,6.0,0.0,32.0,10.0,1.0,4.0,5.0,1.0,0.0,0.0,5.0,6.0,8.0,3.0,2.0,2.0,4.0,2.0,0.0,0.0,0.0,0.0,0.0,0.0,0.0,0.0,0.0,0.0,0.0,0.0,0.0,0.0,0.0,0.0,0.0,0.0,0.0,0.0,0.0
quinnno01w,11,0,LAS,34.0,9.0,929.0,284.0,33.0,89.0,122.0,118.0,40.0,11.0,51.0,59.0,244.0,115.0,37.0,30.0,77.0,24.0,0.0,6.0,4.0,158.0,29.0,5.0,14.0,19.0,23.0,7.0,3.0,19.0,10.0,38.0,10.0,8.0,8.0,10.0,1.0,0.0,0.0
reedch01w,11,0,TUL,29.64,16.89,666.51,266.87,32.94,80.4,113.34,54.78,27.24,12.04,48.84,62.9,222.32,95.9,70.42,55.56,56.08,19.52,0.53,2.97,1.75,70.67,30.11,3.43,8.3,11.74,5.87,2.72,1.51,4.81,7.07,24.06,10.62,8.07,6.56,6.4,2.32,0.07,0.08
rileyan01w,11,0,TUL,29.64,16.89,666.51,266.87,32.94,80.4,113.34,54.78,27.24,12.04,48.84,62.9,222.32,95.9,70.42,55.56,56.08,19.52,0.53,2.97,1.75,70.67,30.11,3.43,8.3,11.74,5.87,2.72,1.51,4.81,7.07,24.06,10.62,8.07,6.56,6.4,2.32,0.07,0.08
rileyru01w,11,0,SAS,31.0,17.0,650.0,163.0,35.0,105.0,140.0,28.0,14.0,45.0,35.0,90.0,147.0,68.0,26.0,23.0,18.0,4.0,4.0,3.0,0.0,44.0,12.0,4.0,3.0,7.0,1.0,1.0,4.0,1.0,7.0,8.0,4.0,6.0,4.0,0.0,0.0,0.0,0.0
robinas01w,11,0,SEA,26.0,2.0,167.0,12.0,5.0,19.0,24.0,2.0,2.0,13.0,10.0,31.0,25.0,5.0,4.0,2.0,1.0,0.0,0.0,3.0,0.0,18.0,0.0,1.0,0.0,1.0,0.0,0.0,1.0,1.0,2.0,2.0,0.0,0.0,0.0,0.0,0.0,0.0,0.0
robinda01w,11,0,SAS,29.64,16.89,666.51,266.87,32.94,80.4,113.34,54.78,27.24,12.04,48.84,62.9,222.32,95.9,70.42,55.56,56.08,19.52,0.53,2.97,1.75,70.67,30.11,3.43,8.3,11.74,5.87,2.72,1.51,4.81,7.07,24.06,10.62,8.07,6.56,6.4,2.32,0.07,0.08
sanfona01w,11,0,PHO,34.0,13.0,663.0,213.0,55.0,92.0,147.0,22.0,26.0,14.0,73.0,109.0,164.0,77.0,102.0,59.0,0.0,0.0,1.0,2.0,0.0,35.0,10.0,3.0,2.0,5.0,3.0,0.0,1.0,2.0,10.0,7.0,5.0,2.0,0.0,0.0,0.0,1.0,0.0
sanniol01w,11,0,PHO,31.0,1.0,298.0,119.0,27.0,30.0,57.0,16.0,11.0,5.0,30.0,56.0,98.0,47.0,36.0,25.0,0.0,0.0,0.0,3.0,0.0,13.0,10.0,1.0,2.0,3.0,0.0,0.0,3.0,0.0,3.0,8.0,5.0,0.0,0.0,0.0,0.0,0.0,0.0
smithka01w,11,0,SEA,27.0,27.0,894.0,369.0,13.0,50.0,63.0,76.0,21.0,2.0,62.0,69.0,294.0,128.0,61.0,56.0,132.0,57.0,2.0,0.0,0.0,0.0,0.0,0.0,0.0,0.0,0.0,0.0,0.0,0.0,0.0,0.0,0.0,0.0,0.0,0.0,0.0,0.0,0.0
smithta01w,11,0,IND,34.0,34.0,920.0,336.0,35.0,148.0,183.0,27.0,34.0,57.0,37.0,107.0,304.0,137.0,23.0,20.0,93.0,42.0,4.0,11.0,11.0,290.0,109.0,14.0,50.0,64.0,9.0,15.0,9.0,7.0,38.0,76.0,40.0,12.0,9.0,38.0,20.0,0.0,0.0
snellbe01w,11,0,SEA,30.0,6.0,553.0,187.0,21.0,49.0,70.0,37.0,27.0,3.0,29.0,50.0,182.0,61.0,29.0,23.0,137.0,42.0,0.0,1.0,0.0,7.0,0.0,0.0,2.0,2.0,1.0,0.0,0.0,0.0,0.0,2.0,0.0,0.0,0.0,2.0,0.0,0.0,0.0
snowmi01w,11,0,CHI,34.0,2.0,503.0,185.0,40.0,105.0,145.0,17.0,15.0,17.0,39.0,73.0,140.0,67.0,67.0,51.0,2.0,0.0,0.0,2.0,0.0,33.0,9.0,3.0,5.0,8.0,1.0,0.0,2.0,2.0,3.0,10.0,3.0,5.0,3.0,0.0,0.0,0.0,0.0
spencsi01w,11,0,NYL,33.0,0.0,340.0,99.0,7.0,31.0,38.0,15.0,6.0,1.0,9.0,24.0,88.0,34.0,9.0,9.0,57.0,22.0,0.0,0.0,0.0,0.0,0.0,0.0,0.0,0.0,0.0,0.0,0.0,0.0,0.0,0.0,0.0,0.0,0.0,0.0,0.0,0.0,0.0
spencsi01w,11,0,PHO,29.64,16.89,666.51,266.87,32.94,80.4,113.34,54.78,27.24,12.04,48.84,62.9,222.32,95.9,70.42,55.56,56.08,19.52,0.53,2.97,1.75,70.67,30.11,3.43,8.3,11.74,5.87,2.72,1.51,4.81,7.07,24.06,10.62,8.07,6.56,6.4,2.32,0.07,0.08
suttota01w,11,0,IND,27.0,25.0,680.0,266.0,44.0,114.0,158.0,23.0,15.0,40.0,49.0,76.0,204.0,95.0,102.0,76.0,0.0,0.0,2.0,10.0,10.0,311.0,143.0,15.0,41.0,56.0,5.0,9.0,14.0,30.0,30.0,106.0,56.0,45.0,31.0,0.0,0.0,0.0,0.0
swanike01w,11,0,PHO,33.0,0.0,388.0,93.0,7.0,46.0,53.0,54.0,15.0,3.0,46.0,34.0,88.0,33.0,18.0,16.0,33.0,11.0,0.0,9.0,0.0,91.0,20.0,2.0,7.0,9.0,13.0,2.0,0.0,7.0,10.0,27.0,8.0,0.0,0.0,11.0,4.0,0.0,0.0
swoopsh01w,11,0,TUL,29.0,25.0,706.0,205.0,26.0,100.0,126.0,60.0,43.0,9.0,31.0,44.0,192.0,75.0,59.0,41.0,63.0,14.0,0.0,3.0,2.0,72.0,26.0,3.0,7.0,10.0,3.0,6.0,0.0,5.0,7.0,25.0,8.0,9.0,8.0,10.0,2.0,0.0,0.0
swordca01w,11,0,CHI,29.64,16.89,666.51,266.87,32.94,80.4,113.34,54.78,27.24,12.04,48.84,62.9,222.32,95.9,70.42,55.56,56.08,19.52,0.53,2.97,1.75,70.67,30.11,3.43,8.3,11.74,5.87,2.72,1.51,4.81,7.07,24.06,10.62,8.07,6.56,6.4,2.32,0.07,0.08
tauradi01w,11,0,PHO,31.0,31.0,976.0,631.0,18.0,160.0,178.0,109.0,36.0,43.0,82.0,95.0,434.0,200.0,170.0,152.0,194.0,79.0,0.0,11.0,11.0,362.0,245.0,9.0,56.0,65.0,42.0,8.0,14.0,33.0,41.0,182.0,82.0,56.0,50.0,85.0,31.0,2.0,2.0
taylope01w,11,0,PHO,14.0,1.0,283.0,153.0,12.0,22.0,34.0,32.0,18.0,2.0,31.0,32.0,108.0,50.0,48.0,43.0,25.0,10.0,0.0,11.0,0.0,265.0,157.0,10.0,28.0,38.0,37.0,4.0,2.0,12.0,23.0,93.0,49.0,51.0,44.0,31.0,15.0,0.0,0.0
thomaja01w,11,0,WAS,29.64,16.89,666.51,266.87,32.94,80.4,113.34,54.78,27.24,12.04,48.84,62.9,222.32,95.9,70.42,55.56,56.08,19.52,0.53,2.97,1.75,70.67,30.11,3.43,8.3,11.74,5.87,2.72,1.51,4.81,7.07,24.06,10.62,8.07,6.56,6.4,2.32,0.07,0.08
thomakr01w,11,0,PHO,29.64,16.89,666.51,266.87,32.94,80.4,113.34,54.78,27.24,12.04,48.84,62.9,222.32,95.9,70.42,55.56,56.08,19.52,0.53,2.97,1.75,70.67,30.11,3.43,8.3,11.74,5.87,2.72,1.51,4.81,7.07,24.06,10.62,8.07,6.56,6.4,2.32,0.07,0.08
thomakr01w,11,0,SEA,29.64,16.89,666.51,266.87,32.94,80.4,113.34,54.78,27.24,12.04,48.84,62.9,222.32,95.9,70.42,55.56,56.08,19.52,0.53,2.97,1.75,70.67,30.11,3.43,8.3,11.74,5.87,2.72,1.51,4.81,7.07,24.06,10.62,8.07,6.56,6.4,2.32,0.07,0.08
thompti01w,11,0,LAS,34.0,34.0,1182.0,441.0,46.0,153.0,199.0,78.0,26.0,24.0,94.0,71.0,395.0,152.0,98.0,85.0,141.0,52.0,0.0,6.0,6.0,218.0,91.0,16.0,26.0,42.0,17.0,5.0,4.0,15.0,16.0,74.0,28.0,24.0,23.0,26.0,12.0,0.0,0.0
thorner01w,11,0,CHI,34.0,0.0,577.0,211.0,13.0,40.0,53.0,53.0,20.0,0.0,31.0,32.0,170.0,72.0,33.0,30.0,92.0,37.0,0.0,0.0,0.0,0.0,0.0,0.0,0.0,0.0,0.0,0.0,0.0,0.0,0.0,0.0,0.0,0.0,0.0,0.0,0.0,0.0,0.0
tolivkr01w,11,0,LAS,27.0,0.0,386.0,205.0,6.0,31.0,37.0,51.0,10.0,3.0,44.0,33.0,159.0,72.0,23.0,21.0,90.0,40.0,0.0,0.0,0.0,0.0,0.0,0.0,0.0,0.0,0.0,0.0,0.0,0.0,0.0,0.0,0.0,0.0,0.0,0.0,0.0,0.0,0.0
vandeco01w,11,0,CHI,29.64,16.89,666.51,266.87,32.94,80.4,113.34,54.78,27.24,12.04,48.84,62.9,222.32,95.9,70.42,55.56,56.08,19.52,0.53,2.97,1.75,70.67,30.11,3.43,8.3,11.74,5.87,2.72,1.51,4.81,7.07,24.06,10.62,8.07,6.56,6.4,2.32,0.07,0.08
vaughki01w,11,0,NYL,34.0,1.0,396.0,163.0,35.0,53.0,88.0,8.0,6.0,3.0,32.0,57.0,148.0,73.0,34.0,17.0,2.0,0.0,0.0,0.0,0.0,0.0,0.0,0.0,0.0,0.0,0.0,0.0,0.0,0.0,0.0,0.0,0.0,0.0,0.0,0.0,0.0,0.0,0.0
walkede01w,11,0,CON,34.0,30.0,821.0,291.0,54.0,103.0,157.0,65.0,27.0,16.0,92.0,112.0,250.0,119.0,73.0,53.0,1.0,0.0,1.0,0.0,0.0,0.0,0.0,0.0,0.0,0.0,0.0,0.0,0.0,0.0,0.0,0.0,0.0,0.0,0.0,0.0,0.0,0.0,0.0
walkede01w,11,0,WAS,29.64,16.89,666.51,266.87,32.94,80.4,113.34,54.78,27.24,12.04,48.84,62.9,222.32,95.9,70.42,55.56,56.08,19.52,0.53,2.97,1.75,70.67,30.11,3.43,8.3,11.74,5.87,2.72,1.51,4.81,7.07,24.06,10.62,8.07,6.56,6.4,2.32,0.07,0.08
whaleli01w,11,0,MIN,34.0,34.0,1000.0,419.0,40.0,116.0,156.0,156.0,43.0,5.0,63.0,87.0,328.0,141.0,129.0,115.0,83.0,22.0,0.0,0.0,0.0,0.0,0.0,0.0,0.0,0.0,0.0,0.0,0.0,0.0,0.0,0.0,0.0,0.0,0.0,0.0,0.0,0.0,0.0
whiteta01w,11,0,CON,30.0,15.0,659.0,285.0,21.0,61.0,82.0,66.0,35.0,9.0,37.0,73.0,247.0,97.0,50.0,42.0,130.0,49.0,1.0,0.0,0.0,0.0,0.0,0.0,0.0,0.0,0.0,0.0,0.0,0.0,0.0,0.0,0.0,0.0,0.0,0.0,0.0,0.0,0.0
wiggica01w,11,0,MIN,34.0,34.0,1017.0,446.0,30.0,70.0,100.0,88.0,41.0,7.0,81.0,99.0,360.0,135.0,150.0,134.0,131.0,42.0,0.0,0.0,0.0,0.0,0.0,0.0,0.0,0.0,0.0,0.0,0.0,0.0,0.0,0.0,0.0,0.0,0.0,0.0,0.0,0.0,0.0
willile01w,11,0,SEA,34.0,34.0,713.0,340.0,64.0,79.0,143.0,35.0,22.0,9.0,46.0,91.0,255.0,136.0,79.0,67.0,8.0,1.0,0.0,11.0,11.0,254.0,90.0,21.0,27.0,48.0,10.0,4.0,5.0,14.0,26.0,65.0,35.0,24.0,20.0,1.0,0.0,0.0,0.0
wisdoli01w,11,0,CHI,29.0,0.0,197.0,69.0,14.0,27.0,41.0,8.0,3.0,8.0,15.0,12.0,61.0,28.0,19.0,12.0,1.0,1.0,0.0,2.0,0.0,3.0,0.0,0.0,1.0,1.0,1.0,0.0,0.0,0.0,0.0,0.0,0.0,0.0,0.0,0.0,0.0,0.0,0.0
wrighmo01w,11,0,MIN,29.64,16.89,666.51,266.87,32.94,80.4,113.34,54.78,27.24,12.04,48.84,62.9,222.32,95.9,70.42,55.56,56.08,19.52,0.53,2.97,1.75,70.67,30.11,3.43,8.3,11.74,5.87,2.72,1.51,4.81,7.07,24.06,10.62,8.07,6.56,6.4,2.32,0.07,0.08
wrighta01w,11,0,SEA,33.0,33.0,1072.0,404.0,44.0,73.0,117.0,129.0,50.0,10.0,85.0,119.0,324.0,150.0,106.0,96.0,30.0,8.0,5.0,3.0,3.0,98.0,35.0,9.0,7.0,16.0,16.0,5.0,0.0,9.0,12.0,38.0,13.0,8.0,8.0,4.0,1.0,0.0,0.0
youngso01w,11,0,SAS,33.0,33.0,1113.0,600.0,69.0,146.0,215.0,54.0,44.0,16.0,62.0,67.0,482.0,219.0,189.0,145.0,55.0,17.0,1.0,3.0,3.0,96.0,58.0,6.0,10.0,16.0,6.0,6.0,2.0,5.0,9.0,48.0,22.0,19.0,13.0,2.0,1.0,0.0,0.0
youngta01w,11,0,CHI,10.0,6.0,129.0,50.0,10.0,20.0,30.0,7.0,7.0,4.0,11.0,18.0,46.0,16.0,18.0,16.0,8.0,2.0,0.0,0.0,0.0,0.0,0.0,0.0,0.0,0.0,0.0,0.0,0.0,0.0,0.0,0.0,0.0,0.0,0.0,0.0,0.0,0.0,0.0
zellosh01w,11,0,IND,34.0,4.0,802.0,406.0,25.0,81.0,106.0,62.0,27.0,17.0,77.0,111.0,297.0,118.0,181.0,155.0,49.0,15.0,3.0,5.0,0.0,145.0,78.0,8.0,17.0,25.0,14.0,6.0,3.0,7.0,15.0,68.0,24.0,27.0,23.0,17.0,7.0,0.0,0.0
