playerID,year,stint,tmID,lgID,GP,GS,minutes,points,oRebounds,dRebounds,rebounds,assists,steals,blocks,turnovers,PF,fgAttempted,fgMade,ftAttempted,ftMade,threeAttempted,threeMade,dq,PostGP,PostGS,PostMinutes,PostPoints,PostoRebounds,PostdRebounds,PostRebounds,PostAssists,PostSteals,PostBlocks,PostTurnovers,PostPF,PostfgAttempted,PostfgMade,PostftAttempted,PostftMade,PostthreeAttempted,PostthreeMade,PostDQ,MIN,PTS,ORB,DRB,AST,STL,BLK,TO,FGM,FGA,FTM,FTA,uPER,PER
abrossv01w,2,0,MIN,WNBA,26,23,846,343,43,131,174,53,42,9,85,0,293,114,132,96,76,19,2,0,0,0,0,0,0,0,0,0,0,0,0,0,0,0,0,0,0,0,846,343,43,131,53,42,9,85,0,0,0,0,0.5099290719866542,0.5099290719866542
abrossv01w,3,0,MIN,WNBA,27,27,805,314,45,101,146,60,42,10,92,0,316,119,116,56,60,20,0,0,0,0,0,0,0,0,0,0,0,0,0,0,0,0,0,0,0,0,805,314,45,101,60,42,10,92,0,0,0,0,0.4916770125257514,0.4916770125257514
abrossv01w,4,0,MIN,WNBA,30,25,792,318,44,97,141,82,44,11,90,0,285,112,98,69,82,25,0,3,3,69,23,1,4,5,4,4,1,8,8,22,6,8,8,7,3,0,792,318,44,97,82,44,11,90,0,0,0,0,0.5364898922160368,0.5364898922160368
abrossv01w,5,0,MIN,WNBA,22,11,462,146,17,57,74,45,30,2,43,0,139,49,46,28,53,20,0,2,2,67,20,3,6,9,3,1,2,3,7,23,8,4,2,8,2,0,462,146,17,57,45,30,2,43,0,0,0,0,0.4523809425891571,0.4523809425891571
abrossv01w,6,0,MIN,WNBA,31,31,777,304,29,78,107,60,48,6,80,0,276,109,73,53,82,33,0,0,0,0,0,0,0,0,0,0,0,0,0,0,0,0,0,0,0,0,777,304,29,78,60,48,6,80,0,0,0,0,0.4912483849260182,0.4912483849260182
abrossv01w,7,0,MIN,WNBA,34,2,724,263,44,62,106,54,34,1,61,0,241,99,62,41,65,24,0,0,0,0,0,0,0,0,0,0,0,0,0,0,0,0,0,0,0,0,724,263,44,62,54,34,1,61,0,0,0,0,0.47016573936235173,0.47016573936235173
abrossv01w,8,0,MIN,WNBA,34,29,843,345,53,97,150,85,44,4,68,0,298,132,43,36,101,45,0,0,0,0,0,0,0,0,0,0,0,0,0,0,0,0,0,0,0,0,843,345,53,97,85,44,4,68,0,0,0,0,0.5648873005351448,0.5648873005351448
abrossv01w,9,0,CON,WNBA,6,0,107,34,3,17,20,12,8,0,11,0,36,11,12,10,12,2,0,3,2,63,24,3,8,11,4,4,0,3,8,24,11,4,2,5,0,0,107,34,3,17,12,8,0,11,0,0,0,0,0.46915883465805286,0.46915883465805286
adamsjo01w,4,0,MIN,WNBA,10,0,96,33,10,13,23,4,2,3,10,0,33,13,2,2,12,5,0,0,0,0,0,0,0,0,0,0,0,0,0,0,0,0,0,0,0,0,96,33,10,13,4,2,3,10,0,0,0,0,0.44687495345052564,0.44687495345052564
aguilel01w,3,0,UTA,WNBA,28,0,141,43,0,11,11,16,3,2,11,0,33,14,7,4,21,11,0,2,0,4,0,0,0,0,2,0,0,0,1,0,0,0,0,0,0,0,141,43,0,11,16,3,2,11,0,0,0,0,0.3992907518233509,0.3992907518233509
ajavoma01w,9,0,HOU,WNBA,34,2,604,273,33,27,60,59,31,6,55,0,284,94,91,72,68,13,1,0,0,0,0,0,0,0,0,0,0,0,0,0,0,0,0,0,0,0,604,273,33,27,59,31,6,55,0,0,0,0,0.571523169345643,0.571523169345643
ajavoma01w,10,0,WAS,WNBA,34,4,587,272,27,37,64,37,37,4,50,0,253,85,110,74,82,28,1,2,0,34,19,1,4,5,3,4,0,2,6,16,6,6,5,8,2,0,587,272,27,37,37,37,4,50,0,0,0,0,0.5621805696391726,0.5621805696391726
aldrima01w,1,0,WAS,WNBA,29,0,272,63,8,16,24,28,9,4,27,0,54,25,22,7,12,6,0,2,0,49,14,1,3,4,7,1,0,1,3,11,5,8,4,3,0,0,272,63,8,16,28,9,4,27,0,0,0,0,0.3213235175984001,0.3213235175984001
aldrima01w,2,0,WAS,WNBA,5,0,35,7,2,0,2,2,0,0,4,0,9,3,1,1,3,0,0,0,0,0,0,0,0,0,0,0,0,0,0,0,0,0,0,0,0,0,35,7,2,0,2,0,0,4,0,0,0,0,0.18285709061225983,0.18285709061225983
alhalta01w,2,0,ORL,WNBA,26,1,252,49,15,23,38,14,11,0,28,0,58,19,14,7,11,4,0,0,0,0,0,0,0,0,0,0,0,0,0,0,0,0,0,0,0,0,252,49,15,23,14,11,0,28,0,0,0,0,0.25158729160367893,0.25158729160367893
allench01w,9,0,SAC,WNBA,6,0,49,16,2,4,6,3,1,0,6,0,16,7,0,0,6,2,0,2,0,3,0,0,0,0,0,0,0,1,1,0,0,0,0,0,0,0,49,16,2,4,3,1,0,6,0,0,0,0,0.33877544106623647,0.33877544106623647
amachma01w,2,0,NYL,WNBA,2,0,3,1,1,0,1,0,0,1,1,0,0,0,2,1,0,0,0,0,0,0,0,0,0,0,0,0,0,0,0,0,0,0,0,0,0,0,3,1,1,0,0,0,1,1,0,0,0,0,0.5666647777840741,0.5666647777840741
amachma01w,4,0,SEA,WNBA,7,0,47,8,4,10,14,0,5,2,9,0,10,3,4,2,0,0,0,0,0,0,0,0,0,0,0,0,0,0,0,0,0,0,0,0,0,0,47,8,4,10,0,5,2,9,0,0,0,0,0.2510637763694093,0.2510637763694093
amachma01w,6,0,WAS,WNBA,3,0,3,2,0,0,0,0,0,0,0,0,1,0,2,2,0,0,0,0,0,0,0,0,0,0,0,0,0,0,0,0,0,0,0,0,0,0,3,2,0,0,0,0,0,0,0,0,0,0,0.6666644444518518,0.6666644444518518
ambermo01w,3,0,SAC,WNBA,2,0,4,0,0,0,0,0,0,0,0,0,0,0,0,0,0,0,0,0,0,0,0,0,0,0,0,0,0,0,0,0,0,0,0,0,0,0,4,0,0,0,0,0,0,0,0,0,0,0,0.0,0.0
anderam01w,7,1,CON,WNBA,1,0,1,0,0,2,2,0,0,0,0,0,0,0,0,0,0,0,0,0,0,0,0,0,0,0,0,0,0,0,0,0,0,0,0,0,0,0,1,0,0,2,0,0,0,0,0,0,0,0,0.5999940000599994,0.5999940000599994
anderam01w,7,2,NYL,WNBA,3,0,9,0,1,1,2,0,1,0,1,0,1,0,0,0,0,0,0,0,0,0,0,0,0,0,0,0,0,0,0,0,0,0,0,0,0,0,9,0,1,1,0,1,0,1,0,0,0,0,0.11111098765445816,0.11111098765445816
anderch01w,4,0,SAC,WNBA,26,0,171,42,7,17,24,5,5,5,17,0,44,19,12,4,0,0,1,5,0,29,7,0,3,3,0,0,2,4,7,5,3,2,1,0,0,0,171,42,7,17,5,5,5,17,0,0,0,0,0.29239764371943605,0.29239764371943605
anderch01w,5,0,SAC,WNBA,30,0,231,77,14,20,34,5,3,6,25,0,64,25,37,27,0,0,0,2,0,11,2,0,2,2,1,0,0,1,1,2,1,0,0,0,0,0,231,77,14,20,5,3,6,25,0,0,0,0,0.35411253878300697,0.35411253878300697
anderch01w,6,0,SAS,WNBA,34,19,669,203,28,62,90,11,8,15,55,0,178,83,46,37,0,0,5,0,0,0,0,0,0,0,0,0,0,0,0,0,0,0,0,0,0,0,669,203,28,62,11,8,15,55,0,0,0,0,0.3291479771427806,0.3291479771427806
anderch01w,7,0,SAS,WNBA,23,20,414,153,28,57,85,15,7,10,29,0,112,59,45,35,0,0,0,0,0,0,0,0,0,0,0,0,0,0,0,0,0,0,0,0,0,0,414,153,28,57,15,7,10,29,0,0,0,0,0.4654589259550984,0.4654589259550984
anderch01w,8,0,SAS,WNBA,11,1,86,28,6,14,20,3,1,5,5,0,20,10,12,8,0,0,0,2,0,5,2,1,0,1,0,0,0,0,3,1,0,2,2,0,0,0,86,28,6,14,3,1,5,5,0,0,0,0,0.46976738723635036,0.46976738723635036
anderjo01w,9,0,CON,WNBA,24,7,367,97,11,47,58,26,7,1,16,0,126,35,15,11,69,16,0,0,0,0,0,0,0,0,0,0,0,0,0,0,0,0,0,0,0,0,367,97,11,47,26,7,1,16,0,0,0,0,0.37275203343999913,0.37275203343999913
anderke01w,1,0,WAS,WNBA,30,9,434,75,12,34,46,75,25,3,47,0,68,29,18,14,8,3,0,2,2,30,2,2,3,5,5,0,0,4,1,3,1,2,0,0,0,0,434,75,12,34,75,25,3,47,0,0,0,0,0.3447004528870864,0.3447004528870864
anderke01w,2,0,CHA,WNBA,18,0,102,12,3,12,15,14,6,0,17,0,16,2,10,8,2,0,0,2,0,7,0,0,0,0,1,1,0,1,1,1,0,0,0,1,0,0,102,12,3,12,14,6,0,17,0,0,0,0,0.20294115657439643,0.20294115657439643
anderke01w,3,0,CHA,WNBA,7,0,31,7,2,4,6,5,0,0,3,0,12,3,0,0,4,1,0,0,0,0,0,0,0,0,0,0,0,0,0,0,0,0,0,0,0,0,31,7,2,4,5,0,0,3,0,0,0,0,0.37419342767953945,0.37419342767953945
andrame01w,1,0,CLE,WNBA,32,18,797,265,32,63,95,75,41,10,65,0,195,89,80,60,75,27,1,6,5,166,21,5,12,17,14,6,3,11,17,33,8,9,5,9,0,0,797,265,32,63,75,41,10,65,0,0,0,0,0.46085319371576916,0.46085319371576916
andrame01w,2,0,CLE,WNBA,32,32,893,152,21,66,87,100,51,10,61,0,171,58,45,30,30,6,0,3,3,72,13,5,4,9,1,2,2,7,9,17,6,0,0,2,1,0,893,152,21,66,100,51,10,61,0,0,0,0,0.3208286638205077,0.3208286638205077
andrame01w,3,0,CLE,WNBA,32,16,665,91,17,39,56,67,29,6,41,0,111,34,23,18,26,5,2,0,0,0,0,0,0,0,0,0,0,0,0,0,0,0,0,0,0,0,665,91,17,39,67,29,6,41,0,0,0,0,0.2640601464051106,0.2640601464051106
andrame01w,5,0,CHA,WNBA,12,0,65,9,1,3,4,7,0,1,3,0,7,3,3,3,1,0,0,0,0,0,0,0,0,0,0,0,0,0,0,0,0,0,0,0,0,0,65,9,1,3,7,0,1,3,0,0,0,0,0.23999996307692878,0.23999996307692878
anosini01w,9,0,MIN,WNBA,34,34,920,314,78,153,231,45,75,43,42,0,226,99,166,116,1,0,2,0,0,0,0,0,0,0,0,0,0,0,0,0,0,0,0,0,0,0,920,314,78,153,45,75,43,42,0,0,0,0,0.5820652110645086,0.5820652110645086
anosini01w,10,0,MIN,WNBA,30,29,896,396,73,149,222,81,81,28,61,0,265,130,194,135,4,1,1,0,0,0,0,0,0,0,0,0,0,0,0,0,0,0,0,0,0,0,896,396,73,149,81,81,28,61,0,0,0,0,0.6928571351243623,0.6928571351243623
arcaija01w,1,0,HOU,WNBA,32,32,977,268,36,83,119,60,42,3,53,0,233,109,49,41,45,9,1,6,6,201,50,6,21,27,12,10,0,16,14,47,21,7,6,7,2,0,977,268,36,83,60,42,3,53,0,0,0,0,0.3788126880367176,0.3788126880367176
arcaija01w,2,0,HOU,WNBA,32,32,1154,591,49,87,136,94,60,3,83,0,509,217,150,135,66,22,1,2,2,71,29,2,9,11,5,2,0,5,5,34,13,2,2,8,1,0,1154,591,49,87,94,60,3,83,0,0,0,0,0.6285961817279361,0.6285961817279361
arcaija01w,3,0,HOU,WNBA,32,32,1116,364,42,84,126,86,51,6,71,0,302,128,111,98,37,10,0,3,3,119,39,2,9,11,4,5,1,5,11,35,15,8,7,7,2,0,1116,364,42,84,86,51,6,71,0,0,0,0,0.43960573082790555,0.43960573082790555
arcaija01w,4,0,HOU,WNBA,34,34,1136,390,24,112,136,67,41,1,50,0,324,151,94,79,37,9,0,3,3,107,37,6,8,14,3,8,0,7,5,31,12,13,12,5,1,0,1136,390,24,112,67,41,1,50,0,0,0,0,0.43961267218650824,0.43961267218650824
arcaija01w,6,0,HOU,WNBA,34,34,1079,342,20,73,93,53,55,6,56,0,304,128,94,83,16,3,0,5,5,138,44,1,9,10,6,6,0,2,5,33,16,12,12,1,0,0,1079,342,20,73,53,55,6,56,0,0,0,0,0.4039851677109808,0.4039851677109808
askamma01w,1,0,MIA,WNBA,32,32,869,251,96,135,231,29,17,21,49,0,209,85,117,80,2,1,0,0,0,0,0,0,0,0,0,0,0,0,0,0,0,0,0,0,0,0,869,251,96,135,29,17,21,49,0,0,0,0,0.4334867614098186,0.4334867614098186
askamma01w,2,0,MIA,WNBA,30,11,431,74,35,52,87,15,12,11,19,0,58,28,32,18,0,0,0,0,0,0,0,0,0,0,0,0,0,0,0,0,0,0,0,0,0,0,431,74,35,52,15,12,11,19,0,0,0,0,0.3088166981713063,0.3088166981713063
askamma01w,3,2,LAS,WNBA,20,4,215,61,24,25,49,4,11,4,11,0,55,26,14,9,1,0,0,4,3,24,2,1,2,3,0,0,0,0,4,5,0,2,2,0,0,0,215,61,24,25,4,11,4,11,0,0,0,0,0.4339534681882108,0.4339534681882108
askamma01w,3,1,MIA,WNBA,6,1,72,11,6,5,11,3,1,1,1,0,10,4,11,3,0,0,0,0,0,0,0,0,0,0,0,0,0,0,0,0,0,0,0,0,0,0,72,11,6,5,3,1,1,1,0,0,0,0,0.28749996006944994,0.28749996006944994
atkinla01w,7,0,IND,WNBA,33,1,417,99,25,51,76,22,18,5,34,0,87,38,39,18,17,5,0,2,0,29,6,10,7,17,3,1,2,2,2,9,2,4,2,0,0,0,417,99,25,51,22,18,5,34,0,0,0,0,0.34244603495333253,0.34244603495333253
atkinla01w,8,0,SAC,WNBA,28,0,226,58,13,31,44,15,10,5,33,0,47,22,19,14,2,0,0,2,0,7,0,0,0,0,0,1,0,1,0,2,0,0,0,0,0,0,226,58,13,31,15,10,5,33,0,0,0,0,0.3247787466912059,0.3247787466912059
atkinla01w,9,0,SAC,WNBA,5,1,73,14,3,11,14,8,5,2,10,0,16,6,4,2,1,0,0,0,0,0,0,0,0,0,0,0,0,0,0,0,0,0,0,0,0,0,73,14,3,11,8,5,2,10,0,0,0,0,0.33424652955527,0.33424652955527
atkinla01w,10,0,SEA,WNBA,2,1,46,5,6,12,18,5,10,1,4,0,8,2,2,1,1,0,0,0,0,0,0,0,0,0,0,0,0,0,0,0,0,0,0,0,0,0,46,5,6,12,5,10,1,4,0,0,0,0,0.5391303175803657,0.5391303175803657
atunrmo01w,9,0,SAS,WNBA,33,0,348,71,16,32,48,23,16,13,26,0,87,24,16,11,41,12,0,8,0,44,10,0,7,7,4,1,1,1,4,8,4,2,0,4,2,0,348,71,16,32,23,16,13,26,0,0,0,0,0.3385057373992605,0.3385057373992605
augusse01w,7,0,MIN,WNBA,34,34,1124,744,15,113,128,50,21,18,71,0,620,283,165,148,85,30,0,0,0,0,0,0,0,0,0,0,0,0,0,0,0,0,0,0,0,0,1124,744,15,113,50,21,18,71,0,0,0,0,0.717437716037031,0.717437716037031
augusse01w,8,0,MIN,WNBA,34,34,1093,769,37,99,136,79,41,21,83,0,583,296,173,151,62,26,0,0,0,0,0,0,0,0,0,0,0,0,0,0,0,0,0,0,0,0,1093,769,37,99,79,41,21,83,0,0,0,0,0.8075022798947642,0.8075022798947642
augusse01w,9,0,MIN,WNBA,31,31,1042,591,28,92,120,83,32,12,52,0,496,233,118,105,63,20,0,0,0,0,0,0,0,0,0,0,0,0,0,0,0,0,0,0,0,0,1042,591,28,92,83,32,12,52,0,0,0,0,0.6844529684793381,0.6844529684793381
augusse01w,10,0,MIN,WNBA,6,6,178,126,4,21,25,9,12,3,13,0,86,49,21,19,14,9,0,0,0,0,0,0,0,0,0,0,0,0,0,0,0,0,0,0,0,0,178,126,4,21,9,12,3,13,0,0,0,0,0.8207864707423332,0.8207864707423332
aycocan01w,1,2,MIN,WNBA,3,0,6,0,0,3,3,4,0,0,0,0,0,0,0,0,0,0,0,0,0,0,0,0,0,0,0,0,0,0,0,0,0,0,0,0,0,0,6,0,0,3,4,0,0,0,0,0,0,0,0.8166653055578241,0.8166653055578241
aycocan01w,1,1,SEA,WNBA,1,0,7,0,1,1,2,0,0,0,0,0,3,0,0,0,2,0,0,0,0,0,0,0,0,0,0,0,0,0,0,0,0,0,0,0,0,0,7,0,1,1,0,0,0,0,0,0,0,0,0.14285693877580175,0.14285693877580175
azizle01w,4,0,IND,WNBA,7,0,44,10,2,7,9,1,0,4,3,0,14,4,4,2,0,0,0,0,0,0,0,0,0,0,0,0,0,0,0,0,0,0,0,0,0,0,44,10,2,7,1,0,4,3,0,0,0,0,0.35227264721076196,0.35227264721076196
azzije01w,1,0,UTA,WNBA,15,15,559,144,5,36,41,92,12,5,28,0,104,47,43,40,24,10,0,0,0,0,0,0,0,0,0,0,0,0,0,0,0,0,0,0,0,0,559,144,5,36,92,12,5,28,0,0,0,0,0.4280858599626859,0.4280858599626859
azzije01w,2,0,UTA,WNBA,32,32,1205,276,10,88,98,171,22,10,69,0,184,75,96,88,74,38,1,2,2,75,9,0,3,3,10,1,1,5,7,12,3,1,1,7,2,0,1205,276,10,88,171,22,10,69,0,0,0,0,0.3679668019255867,0.3679668019255867
azzije01w,3,0,UTA,WNBA,32,32,1151,306,15,54,69,158,27,14,67,0,198,91,104,83,92,41,0,5,5,186,40,2,11,13,34,4,5,8,20,33,13,8,7,19,7,0,1151,306,15,54,158,27,14,67,0,0,0,0,0.40373587833418006,0.40373587833418006
azzije01w,4,0,SAS,WNBA,34,34,1136,260,10,81,91,111,27,9,61,0,211,85,65,51,97,39,2,0,0,0,0,0,0,0,0,0,0,0,0,0,0,0,0,0,0,0,1136,260,10,81,111,27,9,61,0,0,0,0,0.33213027876645884,0.33213027876645884
badertr01w,1,0,CLE,WNBA,25,0,201,47,2,9,11,21,17,1,18,0,48,17,6,5,24,8,0,5,0,36,8,0,1,1,1,2,0,1,1,9,3,1,0,3,2,0,201,47,2,9,21,17,1,18,0,0,0,0,0.35870644981559946,0.35870644981559946
badertr01w,2,0,CLE,WNBA,19,0,114,21,2,10,12,11,5,0,8,0,20,8,0,0,13,5,0,1,0,4,0,1,0,1,0,0,0,0,0,2,0,0,0,2,0,0,114,21,2,10,11,5,0,8,0,0,0,0,0.29298243044013766,0.29298243044013766
badertr01w,3,0,CLE,WNBA,18,0,132,14,1,6,7,15,6,1,7,0,26,4,6,5,14,1,0,0,0,0,0,0,0,0,0,0,0,0,0,0,0,0,0,0,0,0,132,14,1,6,15,6,1,7,0,0,0,0,0.2386363455578526,0.2386363455578526
bakersh01w,7,0,NYL,WNBA,34,16,614,251,23,33,56,35,46,2,50,0,251,97,56,48,33,9,0,0,0,0,0,0,0,0,0,0,0,0,0,0,0,0,0,0,0,0,614,251,23,33,35,46,2,50,0,0,0,0,0.5048859852624432,0.5048859852624432
bakersh01w,8,2,LAS,WNBA,24,11,492,203,17,52,69,77,36,2,65,0,192,63,84,70,33,7,1,0,0,0,0,0,0,0,0,0,0,0,0,0,0,0,0,0,0,0,492,203,17,52,77,36,2,65,0,0,0,0,0.5701219396316679,0.5701219396316679
bakersh01w,8,1,NYL,WNBA,3,0,13,5,0,1,1,0,0,0,0,0,2,2,0,0,1,1,0,0,0,0,0,0,0,0,0,0,0,0,0,0,0,0,0,0,0,0,13,5,0,1,0,0,0,0,0,0,0,0,0.4076919940830815,0.4076919940830815
bakersh01w,9,0,IND,WNBA,13,0,110,49,7,15,22,15,9,1,11,0,37,12,34,25,1,0,0,0,0,0,0,0,0,0,0,0,0,0,0,0,0,0,0,0,0,0,110,49,7,15,15,9,1,11,0,0,0,0,0.6581817583471129,0.6581817583471129
bakersh01w,10,0,DET,WNBA,1,0,11,7,1,0,1,1,1,0,1,0,3,2,3,3,0,0,0,0,0,0,0,0,0,0,0,0,0,0,0,0,0,0,0,0,0,0,11,7,1,0,1,1,0,1,0,0,0,0,0.79090837190148,0.79090837190148
balesal01w,8,0,IND,WNBA,17,0,169,55,12,33,45,2,4,13,7,0,42,24,8,7,0,0,0,4,0,17,0,0,2,2,1,0,0,1,2,4,0,0,0,0,0,0,169,55,12,33,2,4,13,7,0,0,0,0,0.5047336979447515,0.5047336979447515
balesal01w,9,2,ATL,WNBA,17,9,389,82,20,82,102,11,15,29,10,0,74,30,31,21,3,1,0,0,0,0,0,0,0,0,0,0,0,0,0,0,0,0,0,0,0,0,389,82,20,82,11,15,29,10,0,0,0,0,0.42570692993041315,0.42570692993041315
balesal01w,9,1,IND,WNBA,14,0,126,37,7,15,22,2,5,14,3,0,36,14,9,7,5,2,0,0,0,0,0,0,0,0,0,0,0,0,0,0,0,0,0,0,0,0,126,37,7,15,2,5,14,3,0,0,0,0,0.5111110705467404,0.5111110705467404
banchrh01w,1,0,SAC,WNBA,9,0,21,6,2,1,3,1,0,0,2,0,7,2,4,2,2,0,0,0,0,0,0,0,0,0,0,0,0,0,0,0,0,0,0,0,0,0,21,6,2,1,1,0,0,2,0,0,0,0,0.3190474671202537,0.3190474671202537
baranel01w,2,0,MIA,WNBA,32,30,984,378,40,151,191,63,33,57,62,0,330,141,71,66,80,30,2,3,3,105,44,7,11,18,7,2,2,9,9,33,15,11,8,11,6,0,984,378,40,151,63,33,57,62,0,0,0,0,0.5511178805780703,0.5511178805780703
baranel01w,4,0,NYL,WNBA,33,7,850,278,45,136,181,64,36,43,62,0,257,107,35,31,91,33,0,0,0,0,0,0,0,0,0,0,0,0,0,0,0,0,0,0,0,0,850,278,45,136,64,36,43,62,0,0,0,0,0.5074117587363323,0.5074117587363323
baranel01w,5,0,NYL,WNBA,34,33,1048,394,33,213,246,67,37,58,80,0,315,146,53,49,115,53,0,5,5,154,42,7,27,34,10,4,9,12,18,38,15,10,8,13,4,0,1048,394,33,213,67,37,58,80,0,0,0,0,0.5372137353319301,0.5372137353319301
baranel01w,6,0,NYL,WNBA,33,33,953,288,39,188,227,59,25,46,59,0,236,104,55,47,85,33,1,2,2,59,9,1,7,8,2,3,2,1,4,10,3,2,2,3,1,0,953,288,39,188,59,25,46,59,0,0,0,0,0.4645330486407865,0.4645330486407865
barksla01w,2,0,POR,WNBA,5,0,35,2,1,5,6,4,2,0,1,0,10,1,0,0,3,0,0,0,0,0,0,0,0,0,0,0,0,0,0,0,0,0,0,0,0,0,35,2,1,5,4,2,0,1,0,0,0,0,0.26285706775512346,0.26285706775512346
barksla01w,3,0,POR,WNBA,17,3,285,100,18,22,40,12,8,7,23,0,101,36,26,23,22,5,0,0,0,0,0,0,0,0,0,0,0,0,0,0,0,0,0,0,0,0,285,100,18,22,12,8,7,23,0,0,0,0,0.4322806865866426,0.4322806865866426
barksla01w,4,0,SAS,WNBA,26,0,168,59,8,25,33,5,1,3,10,0,79,21,2,2,52,15,0,0,0,0,0,0,0,0,0,0,0,0,0,0,0,0,0,0,0,0,168,59,8,25,5,1,3,10,0,0,0,0,0.42321426052296063,0.42321426052296063
barnead01w,1,0,CLE,WNBA,5,0,18,8,2,0,2,4,0,0,2,0,5,3,4,2,1,0,0,4,0,6,2,0,1,1,2,0,0,1,0,2,1,0,0,1,0,0,18,8,2,0,4,0,0,2,0,0,0,0,0.6333329814816769,0.6333329814816769
barnead01w,2,0,CLE,WNBA,3,0,3,2,0,1,1,0,0,0,0,0,1,1,0,0,0,0,0,0,0,0,0,0,0,0,0,0,0,0,0,0,0,0,0,0,0,0,3,2,0,1,0,0,0,0,0,0,0,0,0.7666641111196295,0.7666641111196295
barnead01w,3,0,SEA,WNBA,26,17,493,90,45,57,102,28,32,9,25,0,111,37,29,15,4,1,1,2,2,50,10,3,5,8,3,3,0,7,4,9,4,0,0,4,2,0,493,90,45,57,28,32,9,25,0,0,0,0,0.37038538802463716,0.37038538802463716
barnead01w,4,0,SEA,WNBA,16,16,396,88,26,39,65,23,11,7,18,0,84,32,21,12,31,12,1,0,0,0,0,0,0,0,0,0,0,0,0,0,0,0,0,0,0,0,396,88,26,39,23,11,7,18,0,0,0,0,0.35580807182302854,0.35580807182302854
barnead01w,5,0,SEA,WNBA,34,2,402,67,33,30,63,31,23,2,24,0,69,21,31,22,6,3,0,6,0,39,7,4,4,8,5,3,1,1,10,11,3,4,1,0,0,0,402,67,33,30,31,23,2,24,0,0,0,0,0.3261193948726519,0.3261193948726519
barnequ01w,1,0,SEA,WNBA,31,23,705,209,27,57,84,33,19,33,62,0,213,89,56,30,9,1,2,0,0,0,0,0,0,0,0,0,0,0,0,0,0,0,0,0,0,0,705,209,27,57,33,19,33,62,0,0,0,0,0.3801418385795484,0.3801418385795484
barnequ01w,2,0,SEA,WNBA,20,3,229,68,14,20,34,11,9,6,16,0,59,23,27,21,1,1,0,0,0,0,0,0,0,0,0,0,0,0,0,0,0,0,0,0,0,0,229,68,14,20,11,9,6,16,0,0,0,0,0.4096069690127961,0.4096069690127961
barnequ01w,3,0,PHO,WNBA,2,0,13,3,0,1,1,0,1,2,0,0,7,0,4,3,0,0,0,0,0,0,0,0,0,0,0,0,0,0,0,0,0,0,0,0,0,0,13,3,0,1,0,1,2,0,0,0,0,0,0.48461501183460626,0.48461501183460626
batkosu01w,6,0,SEA,WNBA,29,0,461,199,26,68,94,26,17,24,32,0,174,76,58,45,7,2,1,3,0,43,14,2,8,10,0,0,2,5,8,12,6,5,2,0,0,0,461,199,26,68,26,17,24,32,0,0,0,0,0.5913231975851801,0.5913231975851801
batkosu01w,10,0,SEA,WNBA,20,0,147,47,9,20,29,4,5,6,24,0,43,21,8,2,11,3,0,3,0,86,38,0,10,10,0,4,7,7,9,28,14,4,3,13,7,0,147,47,9,20,4,5,6,24,0,0,0,0,0.3421768474709627,0.3421768474709627
batteja01w,6,0,MIN,WNBA,8,0,46,0,0,5,5,3,0,1,3,0,6,0,0,0,0,0,0,0,0,0,0,0,0,0,0,0,0,0,0,0,0,0,0,0,0,0,46,0,0,5,3,0,1,3,0,0,0,0,0.05434781427221429,0.05434781427221429
batteja01w,7,0,DET,WNBA,26,1,178,36,13,12,25,7,2,3,4,0,54,15,7,4,14,2,0,4,0,9,0,0,0,0,1,0,0,0,1,2,0,0,0,1,0,0,178,36,13,12,7,2,3,4,0,0,0,0,0.3185393079472299,0.3185393079472299
battlas01w,6,0,SEA,WNBA,2,0,8,2,0,2,2,0,0,0,1,0,2,1,0,0,0,0,0,0,0,0,0,0,0,0,0,0,0,0,0,0,0,0,0,0,0,0,8,2,0,2,0,0,0,1,0,0,0,0,0.19999975000031253,0.19999975000031253
battlas01w,7,0,NYL,WNBA,33,2,455,143,13,49,62,29,31,3,38,0,141,54,25,20,46,15,0,0,0,0,0,0,0,0,0,0,0,0,0,0,0,0,0,0,0,0,455,143,13,49,29,31,3,38,0,0,0,0,0.42153845227388015,0.42153845227388015
battlas01w,8,0,NYL,WNBA,34,5,757,252,32,94,126,56,35,2,48,0,244,89,58,45,93,29,0,3,0,63,11,0,7,7,4,1,0,1,8,14,5,2,1,2,0,0,757,252,32,94,56,35,2,48,0,0,0,0,0.45918097147713377,0.45918097147713377
battlas01w,9,0,NYL,WNBA,34,0,336,121,18,35,53,24,15,1,28,0,98,37,50,36,30,11,0,6,0,93,19,2,11,13,9,5,1,3,5,22,8,0,0,9,3,0,336,121,18,35,24,15,1,28,0,0,0,0,0.4645833195064488,0.4645833195064488
battlas01w,10,0,NYL,WNBA,34,3,548,177,17,68,85,40,31,2,52,0,148,63,46,32,46,19,0,0,0,0,0,0,0,0,0,0,0,0,0,0,0,0,0,0,0,0,548,177,17,68,40,31,2,52,0,0,0,0,0.4202554667836594,0.4202554667836594
bauerca01w,1,0,CHA,WNBA,29,18,398,76,20,36,56,14,8,3,28,0,72,29,21,18,1,0,1,0,0,0,0,0,0,0,0,0,0,0,0,0,0,0,0,0,0,0,398,76,20,36,14,8,3,28,0,0,0,0,0.24572863704199405,0.24572863704199405
bauerca01w,2,0,WAS,WNBA,15,0,102,15,8,10,18,3,2,1,6,0,17,5,10,5,1,0,0,0,0,0,0,0,0,0,0,0,0,0,0,0,0,0,0,0,0,0,102,15,8,10,3,2,1,6,0,0,0,0,0.23137252633602684,0.23137252633602684
bauerca01w,3,0,SAC,WNBA,25,2,233,43,14,27,41,1,2,5,25,0,57,17,15,9,0,0,0,0,0,0,0,0,0,0,0,0,0,0,0,0,0,0,0,0,0,0,233,43,14,27,1,2,5,25,0,0,0,0,0.18841200908102967,0.18841200908102967
beardal01w,5,0,WAS,WNBA,34,34,1025,446,28,115,143,91,69,34,80,0,380,159,149,107,56,21,0,3,3,102,50,2,13,15,9,6,8,10,8,41,18,13,13,4,1,0,1025,446,28,115,91,69,34,80,0,0,0,0,0.5991219453744201,0.5991219453744201
beardal01w,6,0,WAS,WNBA,30,30,1015,422,25,105,130,90,45,9,63,0,408,155,105,80,101,32,0,0,0,0,0,0,0,0,0,0,0,0,0,0,0,0,0,0,0,0,1015,422,25,105,90,45,9,63,0,0,0,0,0.543842359173967,0.543842359173967
beardal01w,7,0,WAS,WNBA,32,32,994,614,23,126,149,98,59,25,90,0,469,232,149,113,102,37,4,2,2,64,30,2,8,10,2,6,2,4,6,36,10,10,9,5,1,0,994,614,23,126,98,59,25,90,0,0,0,0,0.7644869138381598,0.7644869138381598
beardal01w,8,0,WAS,WNBA,33,33,1169,622,25,114,139,99,64,24,94,0,539,224,150,127,146,47,2,0,0,0,0,0,0,0,0,0,0,0,0,0,0,0,0,0,0,0,1169,622,25,114,99,64,24,94,0,0,0,0,0.6558597035426886,0.6558597035426886
beardal01w,9,0,WAS,WNBA,33,33,1092,532,4,114,118,117,55,19,106,0,474,187,146,107,144,51,2,0,0,0,0,0,0,0,0,0,0,0,0,0,0,0,0,0,0,0,1092,532,4,114,117,55,19,106,0,0,0,0,0.5989010934166566,0.5989010934166566
beardal01w,10,0,WAS,WNBA,31,30,985,492,19,104,123,68,72,18,100,0,438,188,114,84,107,32,2,2,2,54,19,1,3,4,5,2,0,0,6,26,8,3,2,8,1,0,985,492,19,104,68,72,18,100,0,0,0,0,0.6035532933649412,0.6035532933649412
beckki01w,9,0,SEA,WNBA,17,0,93,17,2,10,12,6,4,2,4,0,9,4,6,5,6,4,0,2,0,5,0,0,0,0,0,0,0,0,0,1,0,0,0,1,0,0,93,17,2,10,6,4,2,4,0,0,0,0,0.31612899826569907,0.31612899826569907
bennije01w,6,0,IND,WNBA,10,0,52,9,3,3,6,4,1,1,4,0,8,3,4,3,2,0,0,0,0,0,0,0,0,0,0,0,0,0,0,0,0,0,0,0,0,0,52,9,3,3,4,1,1,4,0,0,0,0,0.26923071745563126,0.26923071745563126
berezva01w,9,0,SAS,WNBA,2,0,6,0,0,0,0,0,0,0,0,0,2,0,0,0,1,0,0,0,0,0,0,0,0,0,0,0,0,0,0,0,0,0,0,0,0,0,6,0,0,0,0,0,0,0,0,0,0,0,0.0,0.0
berthlu01w,3,0,CLE,WNBA,5,0,16,8,3,1,4,0,0,0,0,0,7,3,4,2,1,0,0,0,0,0,0,0,0,0,0,0,0,0,0,0,0,0,0,0,0,0,16,8,3,1,0,0,0,0,0,0,0,0,0.649999593750254,0.649999593750254
berthlu01w,4,0,CLE,WNBA,22,4,201,84,20,22,42,6,10,4,22,0,52,27,46,30,1,0,0,3,0,13,4,2,2,4,1,1,1,2,5,9,2,0,0,0,0,0,201,84,20,22,6,10,4,22,0,0,0,0,0.5104477357986201,0.5104477357986201
berthlu01w,5,0,HOU,WNBA,16,0,134,37,12,15,27,4,6,2,9,0,34,12,18,13,0,0,1,0,0,0,0,0,0,0,0,0,0,0,0,0,0,0,0,0,0,0,134,37,12,15,4,6,2,9,0,0,0,0,0.3947760899420828,0.3947760899420828
beviltu01w,1,0,POR,WNBA,32,32,796,153,19,76,95,89,41,6,66,0,112,40,72,56,60,17,1,0,0,0,0,0,0,0,0,0,0,0,0,0,0,0,0,0,0,0,796,153,19,76,89,41,6,66,0,0,0,0,0.32550250847358664,0.32550250847358664
beviltu01w,2,0,POR,WNBA,31,31,788,153,27,61,88,103,59,6,52,0,119,39,71,52,73,23,0,0,0,0,0,0,0,0,0,0,0,0,0,0,0,0,0,0,0,0,788,153,27,61,103,59,6,52,0,0,0,0,0.3885786752718443,0.3885786752718443
beviltu01w,3,0,POR,WNBA,27,19,421,84,7,26,33,44,22,3,27,0,61,25,29,19,36,15,0,0,0,0,0,0,0,0,0,0,0,0,0,0,0,0,0,0,0,0,421,84,7,26,44,22,3,27,0,0,0,0,0.3294536738847108,0.3294536738847108
beviltu01w,4,0,SEA,WNBA,31,0,252,58,9,17,26,32,14,1,20,0,51,17,21,16,21,8,0,0,0,0,0,0,0,0,0,0,0,0,0,0,0,0,0,0,0,0,252,58,9,17,32,14,1,20,0,0,0,0,0.382539667359537,0.382539667359537
beviltu01w,5,0,SEA,WNBA,34,0,358,79,6,20,26,29,38,2,26,0,60,24,29,20,26,11,0,8,0,111,22,3,13,16,11,8,1,9,12,17,8,4,3,7,3,0,358,79,6,20,29,38,2,26,0,0,0,0,0.36927373270185104,0.36927373270185104
beviltu01w,6,0,IND,WNBA,31,31,873,194,12,51,63,80,60,0,51,0,162,63,44,24,116,44,0,4,4,152,27,1,8,9,11,7,1,10,12,25,8,7,5,14,6,0,873,194,12,51,80,60,0,51,0,0,0,0,0.3513172926538684,0.3513172926538684
beviltu01w,7,0,IND,WNBA,34,34,999,223,10,67,77,79,71,1,54,0,185,76,53,38,106,33,0,2,2,62,9,0,6,6,2,1,0,0,7,10,2,6,4,3,1,0,999,223,10,67,79,71,1,54,0,0,0,0,0.34744744396949506,0.34744744396949506
beviltu01w,8,0,IND,WNBA,34,34,901,180,15,60,75,92,56,2,53,0,150,66,22,15,89,33,0,6,6,215,44,5,11,16,19,11,0,8,17,44,13,12,10,28,8,1,901,180,15,60,92,56,2,53,0,0,0,0,0.33906769878948173,0.33906769878948173
beviltu01w,9,0,IND,WNBA,30,30,876,175,12,56,68,65,59,4,35,0,158,64,28,17,89,30,0,3,3,94,20,4,3,7,7,3,0,1,8,24,7,1,1,18,5,0,876,175,12,56,65,59,4,35,0,0,0,0,0.33470319252621933,0.33470319252621933
beviltu01w,10,0,IND,WNBA,34,32,861,209,12,67,79,97,62,8,48,0,181,68,54,36,107,37,0,10,10,224,53,5,18,23,20,12,1,11,25,53,18,10,7,32,10,0,861,209,12,67,97,62,8,48,0,0,0,0,0.41405342143956536,0.41405342143956536
bibbyje01w,1,0,NYL,WNBA,17,0,69,19,3,2,5,11,3,0,12,0,18,3,13,11,6,2,0,3,0,8,4,0,0,0,2,0,0,2,0,2,2,0,0,0,0,0,69,19,3,2,11,3,0,12,0,0,0,0,0.34347821109011434,0.34347821109011434
bibrzag01w,5,0,SAS,WNBA,24,9,465,159,5,23,28,40,21,7,32,0,151,55,26,23,84,26,0,0,0,0,0,0,0,0,0,0,0,0,0,0,0,0,0,0,0,0,465,159,5,23,40,21,7,32,0,0,0,0,0.441720420608163,0.441720420608163
bibrzag01w,7,0,SAS,WNBA,32,22,751,361,10,56,66,48,26,12,47,0,311,130,53,46,157,55,0,0,0,0,0,0,0,0,0,0,0,0,0,0,0,0,0,0,0,0,751,361,10,56,48,26,12,47,0,0,0,0,0.5643142401556027,0.5643142401556027
birdsu01w,3,0,SEA,WNBA,32,32,1121,461,17,66,83,191,55,3,109,0,375,151,112,102,142,57,0,2,2,73,28,0,0,0,12,5,0,5,6,22,9,7,7,11,3,0,1121,461,17,66,191,55,3,109,0,0,0,0,0.5644067746261662,0.5644067746261662
birdsu01w,4,0,SEA,WNBA,34,34,1136,420,22,91,113,221,48,1,110,0,368,155,69,61,140,49,0,0,0,0,0,0,0,0,0,0,0,0,0,0,0,0,0,0,0,0,1136,420,22,91,221,48,1,110,0,0,0,0,0.5481514036254278,0.5481514036254278
birdsu01w,5,0,SEA,WNBA,34,34,1136,439,22,84,106,184,51,5,87,0,326,151,85,73,146,64,0,8,8,233,68,5,21,26,42,12,0,16,13,61,23,21,16,20,6,0,1136,439,22,84,184,51,5,87,0,0,0,0,0.5568661922811073,0.5568661922811073
birdsu01w,6,0,SEA,WNBA,30,30,1020,364,21,51,72,176,29,6,87,0,294,130,69,59,103,45,0,3,3,103,27,1,4,5,13,3,0,4,6,33,9,8,7,15,2,0,1020,364,21,51,176,29,6,87,0,0,0,0,0.5078431322760477,0.5078431322760477
birdsu01w,7,0,SEA,WNBA,34,34,1065,389,24,78,102,162,61,5,88,0,333,137,68,59,153,56,1,3,3,106,38,3,5,8,10,1,2,7,3,36,13,8,5,21,7,0,1065,389,24,78,162,61,5,88,0,0,0,0,0.5344600888783091,0.5344600888783091
birdsu01w,8,0,SEA,WNBA,29,29,919,303,8,49,57,143,43,8,67,0,276,118,26,22,133,45,0,2,2,71,33,0,4,4,10,4,0,6,4,24,11,4,4,12,7,0,919,303,8,49,143,43,8,67,0,0,0,0,0.48998911327541766,0.48998911327541766
birdsu01w,9,0,SEA,WNBA,33,33,1111,465,14,70,84,169,39,3,88,0,390,172,85,74,137,47,0,3,3,111,59,0,7,7,9,4,0,6,3,50,23,8,8,17,5,0,1111,465,14,70,169,39,3,88,0,0,0,0,0.5569756925564744,0.5569756925564744
birdsu01w,10,0,SEA,WNBA,31,31,1101,397,12,66,78,179,47,3,81,0,377,154,41,35,150,54,0,3,3,109,34,1,10,11,12,4,0,7,5,33,11,8,7,12,5,0,1101,397,12,66,179,47,3,81,0,0,0,0,0.5206176156165522,0.5206176156165522
bjorkte01w,5,0,CHA,WNBA,4,0,13,2,0,0,0,0,0,0,1,0,3,1,0,0,0,0,0,0,0,0,0,0,0,0,0,0,0,0,0,0,0,0,0,0,0,0,13,2,0,0,0,0,0,1,0,0,0,0,0.07692301775152481,0.07692301775152481
blackch01w,10,0,CON,WNBA,33,8,428,97,41,66,107,6,13,27,25,0,92,35,43,27,1,0,1,0,0,0,0,0,0,0,0,0,0,0,0,0,0,0,0,0,0,0,428,97,41,66,6,13,27,25,0,0,0,0,0.3890186824995635,0.3890186824995635
blackde01w,1,0,MIA,WNBA,32,32,820,152,23,69,92,98,58,1,50,0,150,57,42,29,42,9,0,0,0,0,0,0,0,0,0,0,0,0,0,0,0,0,0,0,0,0,820,152,23,69,98,58,1,50,0,0,0,0,0.360731702917906,0.360731702917906
blackde01w,2,0,MIA,WNBA,32,32,946,180,43,83,126,123,82,2,51,0,187,70,48,37,20,3,0,3,3,95,14,7,9,16,11,5,1,4,7,18,7,0,0,3,0,0,946,180,43,83,123,82,2,51,0,0,0,0,0.41331923453150915,0.41331923453150915
blackde01w,3,0,MIA,WNBA,32,32,899,153,41,82,123,137,59,5,32,0,160,64,33,25,3,0,1,0,0,0,0,0,0,0,0,0,0,0,0,0,0,0,0,0,0,0,899,153,41,82,137,59,5,32,0,0,0,0,0.4174638440771541,0.4174638440771541
blackde01w,4,0,CON,WNBA,34,0,373,55,16,35,51,46,20,2,18,0,68,24,9,6,3,1,0,4,0,29,8,1,1,2,2,2,0,0,2,10,4,0,0,0,0,0,373,55,16,35,46,20,2,18,0,0,0,0,0.33967827507564946,0.33967827507564946
blackde01w,5,0,CON,WNBA,31,4,347,55,13,23,36,47,19,0,15,0,56,26,4,3,1,0,0,8,0,73,9,2,9,11,7,4,0,6,12,14,4,0,0,1,1,0,347,55,13,23,47,19,0,15,0,0,0,0,0.3515850042770892,0.3515850042770892
blodgci01w,1,0,SAC,WNBA,20,0,133,52,1,8,9,3,8,1,13,0,50,20,6,4,28,8,0,0,0,0,0,0,0,0,0,0,0,0,0,0,0,0,0,0,0,0,133,52,1,8,3,8,1,13,0,0,0,0,0.4067668867092566,0.4067668867092566
blodgci01w,2,0,SAC,WNBA,11,0,72,34,1,8,9,6,6,1,11,0,29,13,0,0,15,8,0,2,0,7,6,0,2,2,1,0,0,1,1,4,2,2,1,2,1,0,72,34,1,8,6,6,1,11,0,0,0,0,0.5430554801311833,0.5430554801311833
blueni01w,7,0,WAS,WNBA,24,0,181,54,7,13,20,36,18,0,18,0,54,14,31,25,12,1,0,1,0,3,0,0,1,1,0,1,0,0,0,1,0,0,0,1,0,0,181,54,7,13,36,18,0,18,0,0,0,0,0.5458563234333522,0.5458563234333522
blueni01w,8,0,WAS,WNBA,30,1,420,107,13,50,63,48,22,5,37,0,108,35,37,31,27,6,0,0,0,0,0,0,0,0,0,0,0,0,0,0,0,0,0,0,0,0,420,107,13,50,48,22,5,37,0,0,0,0,0.40261903803288007,0.40261903803288007
blueni01w,9,0,WAS,WNBA,26,22,537,99,15,26,41,73,19,2,42,0,102,33,25,19,32,14,0,0,0,0,0,0,0,0,0,0,0,0,0,0,0,0,0,0,0,0,537,99,15,26,73,19,2,42,0,0,0,0,0.315270012751024,0.315270012751024
blueni01w,10,0,WAS,WNBA,16,0,91,24,2,8,10,12,7,0,13,0,24,7,10,7,9,3,0,0,0,0,0,0,0,0,0,0,0,0,0,0,0,0,0,0,0,0,91,24,2,8,12,7,0,13,0,0,0,0,0.37142853061224934,0.37142853061224934
blueoc01w,4,0,HOU,WNBA,16,0,37,4,1,1,2,2,0,0,2,0,4,1,4,2,0,0,0,1,0,4,0,0,0,0,1,0,0,2,0,1,0,0,0,0,0,0,37,4,1,1,2,0,0,2,0,0,0,0,0.1351350986121355,0.1351350986121355
blueoc01w,5,0,HOU,WNBA,13,3,155,44,12,9,21,5,1,0,7,0,42,16,13,12,4,0,0,0,0,0,0,0,0,0,0,0,0,0,0,0,0,0,0,0,0,0,155,44,12,9,5,1,0,7,0,0,0,0,0.3490322355463074,0.3490322355463074
bobbish01w,9,0,LAS,WNBA,26,17,552,106,16,48,64,90,25,1,63,0,127,35,22,16,71,20,0,6,6,127,27,3,6,9,18,5,0,8,19,40,10,4,1,19,6,0,552,106,16,48,90,25,1,63,0,0,0,0,0.334420283796734,0.334420283796734
bobbish01w,10,0,LAS,WNBA,33,3,353,71,11,22,33,46,15,1,28,0,85,26,13,11,37,8,0,3,0,11,0,0,1,1,0,0,0,1,3,4,0,0,0,2,0,0,353,71,11,22,46,15,1,28,0,0,0,0,0.3379603303693958,0.3379603303693958
boddiwh01w,10,0,SAC,WNBA,4,0,9,2,0,0,0,0,1,0,1,0,1,1,0,0,0,0,0,0,0,0,0,0,0,0,0,0,0,0,0,0,0,0,0,0,0,0,9,2,0,0,0,1,0,1,0,0,0,0,0.22222197530891633,0.22222197530891633
boltoru01w,1,0,SAC,WNBA,29,29,868,380,42,64,106,57,34,1,45,0,368,133,84,64,160,50,0,2,2,70,39,4,5,9,7,4,0,5,6,34,13,9,9,14,4,0,868,380,42,64,57,34,1,45,0,0,0,0,0.5479262609685914,0.5479262609685914
boltoru01w,2,0,SAC,WNBA,31,0,582,222,34,59,93,55,28,1,39,0,216,73,52,36,110,40,0,5,0,121,55,10,12,22,9,4,0,10,11,44,17,13,12,23,9,0,582,222,34,59,55,28,1,39,0,0,0,0,0.5300687194146269,0.5300687194146269
boltoru01w,3,0,SAC,WNBA,32,1,737,349,31,63,94,37,45,2,35,0,316,125,77,56,132,43,0,0,0,0,0,0,0,0,0,0,0,0,0,0,0,0,0,0,0,0,737,349,31,63,37,45,2,35,0,0,0,0,0.5951153243539304,0.5951153243539304
boltoru01w,4,0,SAC,WNBA,33,0,521,149,15,42,57,35,33,2,21,0,175,55,26,20,98,19,0,6,0,91,15,2,8,10,6,2,0,5,10,28,6,0,0,12,3,0,521,149,15,42,35,33,2,21,0,0,0,0,0.4243761914707065,0.4243761914707065
boltoru01w,5,0,SAC,WNBA,34,4,469,160,17,32,49,31,23,0,15,0,154,57,19,14,79,32,0,6,0,53,9,1,3,4,3,4,0,3,3,18,3,4,3,9,0,0,469,160,17,32,31,23,0,15,0,0,0,0,0.4701492437068392,0.4701492437068392
bondla01w,7,0,CHA,WNBA,34,5,614,193,7,42,49,73,35,8,80,0,158,63,77,57,46,10,1,0,0,0,0,0,0,0,0,0,0,0,0,0,0,0,0,0,0,0,614,193,7,42,73,35,8,80,0,0,0,0,0.4014657915070718,0.4014657915070718
bondla01w,9,0,IND,WNBA,32,1,325,74,7,24,31,27,15,4,33,0,90,26,16,13,42,9,0,0,0,0,0,0,0,0,0,0,0,0,0,0,0,0,0,0,0,0,325,74,7,24,27,15,4,33,0,0,0,0,0.30492306754082876,0.30492306754082876
bonfisu01w,3,0,PHO,WNBA,22,6,306,105,16,21,37,23,12,0,18,0,89,43,25,19,6,0,0,0,0,0,0,0,0,0,0,0,0,0,0,0,0,0,0,0,0,0,306,105,16,21,23,12,0,18,0,0,0,0,0.4558823380430609,0.4558823380430609
bonnede01w,10,0,PHO,WNBA,34,0,724,381,70,126,196,13,23,25,34,0,278,127,154,125,13,2,0,11,0,186,97,17,30,47,3,5,6,7,13,69,34,35,29,1,0,0,724,381,70,126,13,23,25,34,0,0,0,0,0.6834254049250634,0.6834254049250634
bowenli01w,8,0,NYL,WNBA,6,1,37,9,0,2,2,1,0,0,4,0,10,3,0,0,6,3,0,0,0,0,0,0,0,0,0,0,0,0,0,0,0,0,0,0,0,0,37,9,0,2,1,0,0,4,0,0,0,0,0.17837833016801885,0.17837833016801885
boydca01w,2,0,DET,WNBA,21,0,230,75,10,16,26,14,11,2,16,0,67,23,20,18,36,11,0,0,0,0,0,0,0,0,0,0,0,0,0,0,0,0,0,0,0,0,230,75,10,16,14,11,2,16,0,0,0,0,0.42521737281663596,0.42521737281663596
braxtka01w,6,0,DET,WNBA,33,2,455,227,42,58,100,14,18,13,52,0,210,97,60,33,1,0,0,2,0,36,15,4,3,7,2,0,0,3,5,18,5,6,5,0,0,0,455,227,42,58,14,18,13,52,0,0,0,0,0.5863736134862941,0.5863736134862941
braxtka01w,7,0,DET,WNBA,34,1,359,146,42,75,117,26,11,11,53,0,143,58,48,30,2,0,1,10,0,123,50,8,20,28,6,8,4,18,27,52,22,11,6,0,0,0,359,146,42,75,26,11,11,53,0,0,0,0,0.5373258903251842,0.5373258903251842
braxtka01w,8,0,DET,WNBA,31,20,545,207,54,112,166,16,14,16,62,0,188,84,58,39,0,0,2,11,0,170,77,21,39,60,5,3,8,20,29,64,30,24,17,1,0,0,545,207,54,112,16,14,16,62,0,0,0,0,0.4814678810739839,0.4814678810739839
braxtka01w,9,0,DET,WNBA,33,10,590,295,48,120,168,27,14,24,54,0,258,107,109,81,2,0,1,9,9,180,77,20,28,48,9,4,5,17,22,64,32,20,13,0,0,0,590,295,48,120,27,14,24,54,0,0,0,0,0.6366101587015228,0.6366101587015228
braxtka01w,10,0,DET,WNBA,28,2,504,252,66,101,167,41,19,18,51,0,201,106,62,40,0,0,0,5,0,96,48,12,22,34,7,4,7,12,10,37,20,14,8,0,0,0,504,252,66,101,41,19,18,51,0,0,0,0,0.7053571288619618,0.7053571288619618
brazian01w,1,0,CHA,WNBA,22,3,203,51,16,18,34,5,5,0,17,0,49,19,19,13,0,0,0,0,0,0,0,0,0,0,0,0,0,0,0,0,0,0,0,0,0,0,203,51,16,18,5,5,0,17,0,0,0,0,0.29852215278216,0.29852215278216
brazian01w,2,0,IND,WNBA,23,0,341,127,21,56,77,7,9,13,20,0,115,50,35,27,1,0,0,0,0,0,0,0,0,0,0,0,0,0,0,0,0,0,0,0,0,0,341,127,21,56,7,9,13,20,0,0,0,0,0.4912023316362953,0.4912023316362953
bristre01w,2,0,CHA,WNBA,1,0,5,0,2,0,2,0,0,0,1,0,1,0,0,0,0,0,0,0,0,0,0,0,0,0,0,0,0,0,0,0,0,0,0,0,0,0,5,0,2,0,0,0,0,1,0,0,0,0,0.07999984000031998,0.07999984000031998
brogami01w,1,0,PHO,WNBA,28,23,725,211,40,71,111,49,30,6,36,0,137,70,79,63,25,8,0,2,2,52,22,0,9,9,1,1,1,3,5,13,5,14,11,4,1,0,725,211,40,71,49,30,6,36,0,0,0,0,0.42662068377074924,0.42662068377074924
brondsa01w,2,0,MIA,WNBA,29,29,850,367,10,40,50,63,28,4,36,0,344,142,70,57,66,26,0,3,3,107,34,1,9,10,7,2,0,3,5,36,13,6,5,10,3,0,850,367,10,40,63,28,4,36,0,0,0,0,0.5235294056055364,0.5235294056055364
brondsa01w,3,0,MIA,WNBA,30,23,763,263,7,34,41,46,26,4,40,0,266,97,67,55,44,14,0,0,0,0,0,0,0,0,0,0,0,0,0,0,0,0,0,0,0,0,763,263,7,34,46,26,4,40,0,0,0,0,0.41166447691134367,0.41166447691134367
brondsa01w,4,0,SEA,WNBA,34,34,975,280,19,37,56,69,31,2,37,0,282,117,31,25,48,21,0,0,0,0,0,0,0,0,0,0,0,0,0,0,0,0,0,0,0,0,975,280,19,37,69,31,2,37,0,0,0,0,0.3788717909859304,0.3788717909859304
brownco01w,4,0,IND,WNBA,30,2,522,186,11,30,41,31,21,4,36,0,164,61,33,28,100,36,0,0,0,0,0,0,0,0,0,0,0,0,0,0,0,0,0,0,0,0,522,186,11,30,31,21,4,36,0,0,0,0,0.42662834431746466,0.42662834431746466
brownco01w,5,0,IND,WNBA,26,0,398,104,10,24,34,41,7,1,31,0,108,37,16,10,56,20,0,0,0,0,0,0,0,0,0,0,0,0,0,0,0,0,0,0,0,0,398,104,10,24,41,7,1,31,0,0,0,0,0.3422110466781144,0.3422110466781144
brownco01w,6,0,IND,WNBA,6,0,23,6,0,2,2,3,1,0,3,0,5,2,0,0,5,2,0,0,0,0,0,0,0,0,0,0,0,0,0,0,0,0,0,0,0,0,23,6,0,2,3,1,0,3,0,0,0,0,0.3304346389414613,0.3304346389414613
brownco01w,7,0,CHI,WNBA,15,2,252,48,4,18,22,26,10,0,18,0,59,16,8,4,44,12,0,0,0,0,0,0,0,0,0,0,0,0,0,0,0,0,0,0,0,0,252,48,4,18,26,10,0,18,0,0,0,0,0.2944444327601415,0.2944444327601415
browned01w,1,0,DET,WNBA,32,7,619,188,36,52,88,72,24,5,68,0,168,60,80,67,4,1,0,0,0,0,0,0,0,0,0,0,0,0,0,0,0,0,0,0,0,0,619,188,36,52,72,24,5,68,0,0,0,0,0.42294021933860704,0.42294021933860704
browned01w,2,0,DET,WNBA,32,14,800,237,31,70,101,87,33,7,68,0,232,85,60,47,53,20,1,0,0,0,0,0,0,0,0,0,0,0,0,0,0,0,0,0,0,0,800,237,31,70,87,33,7,68,0,0,0,0,0.4233749947078126,0.4233749947078126
browned01w,3,0,DET,WNBA,28,7,549,115,29,53,82,58,25,7,60,0,131,43,32,23,12,6,0,0,0,0,0,0,0,0,0,0,0,0,0,0,0,0,0,0,0,0,549,115,29,53,58,25,7,60,0,0,0,0,0.330054638796819,0.330054638796819
browned01w,4,0,PHO,WNBA,34,6,524,118,29,42,71,62,30,7,47,0,152,41,44,36,3,0,0,0,0,0,0,0,0,0,0,0,0,0,0,0,0,0,0,0,0,0,524,118,29,42,62,30,7,47,0,0,0,0,0.38721373306844026,0.38721373306844026
browned01w,7,0,HOU,WNBA,4,0,28,4,1,3,4,1,1,0,2,0,5,1,2,2,0,0,0,0,0,0,0,0,0,0,0,0,0,0,0,0,0,0,0,0,0,0,28,4,1,3,1,1,0,2,0,0,0,0,0.19999992857145407,0.19999992857145407
brownki01w,3,0,WAS,WNBA,18,0,108,28,4,8,12,6,5,0,5,0,35,12,3,3,11,1,0,2,0,15,6,0,1,1,1,2,0,0,3,6,3,0,0,2,0,0,108,28,4,8,6,5,0,5,0,0,0,0,0.36296292935528435,0.36296292935528435
brownki01w,4,0,WAS,WNBA,27,0,269,60,6,26,32,28,13,1,22,0,72,24,3,2,33,10,0,0,0,0,0,0,0,0,0,0,0,0,0,0,0,0,0,0,0,0,269,60,6,26,28,13,1,22,0,0,0,0,0.34200742223020736,0.34200742223020736
brownki01w,5,0,WAS,WNBA,26,0,371,104,9,41,50,42,13,2,33,0,88,35,24,21,28,13,0,2,0,3,3,0,0,0,0,0,0,0,0,1,1,0,0,1,1,0,371,104,9,41,42,13,2,33,0,0,0,0,0.3951482373275408,0.3951482373275408
brownki01w,6,2,HOU,WNBA,4,0,18,0,0,1,1,2,1,0,2,0,0,0,0,0,0,0,0,1,0,1,2,0,0,0,0,0,0,0,1,0,0,2,2,0,0,0,18,0,0,1,2,1,0,2,0,0,0,0,0.07222218209878771,0.07222218209878771
brownki01w,6,1,WAS,WNBA,2,0,14,2,0,0,0,0,2,0,2,0,2,1,0,0,1,0,0,0,0,0,0,0,0,0,0,0,0,0,0,0,0,0,0,0,0,0,14,2,0,0,0,2,0,2,0,0,0,0,0.1428570408163994,0.1428570408163994
brownki01w,7,0,NYL,WNBA,16,0,58,20,2,6,8,9,2,0,3,0,20,6,8,7,4,1,0,0,0,0,0,0,0,0,0,0,0,0,0,0,0,0,0,0,0,0,58,20,2,6,9,2,0,3,0,0,0,0,0.5379309417360445,0.5379309417360445
brownki01w,8,2,LAS,WNBA,27,0,327,131,8,31,39,48,12,3,25,0,99,39,40,35,40,18,0,0,0,0,0,0,0,0,0,0,0,0,0,0,0,0,0,0,0,0,327,131,8,31,48,12,3,25,0,0,0,0,0.5623853039025901,0.5623853039025901
brownki01w,8,1,MIN,WNBA,3,0,29,11,2,3,5,2,1,1,2,0,9,2,8,6,3,1,0,0,0,0,0,0,0,0,0,0,0,0,0,0,0,0,0,0,0,0,29,11,2,3,2,1,1,2,0,0,0,0,0.5275860249703362,0.5275860249703362
brownki01w,9,0,LAS,WNBA,32,17,530,158,8,51,59,66,19,0,39,0,146,52,34,31,67,23,0,4,3,32,14,1,0,1,2,0,0,1,1,14,6,1,1,3,1,0,530,158,8,51,66,19,0,39,0,0,0,0,0.4243396146351016,0.4243396146351016
brownki01w,10,0,CON,WNBA,34,0,393,130,9,46,55,38,13,3,29,0,123,47,22,18,54,18,0,0,0,0,0,0,0,0,0,0,0,0,0,0,0,0,0,0,0,0,393,130,9,46,38,13,3,29,0,0,0,0,0.4455470624542733,0.4455470624542733
brownru01w,1,0,CLE,WNBA,30,22,679,253,54,70,124,44,38,13,59,0,187,93,78,66,2,1,0,6,6,167,63,19,15,34,10,17,2,17,17,45,21,24,21,1,0,0,679,253,54,70,44,38,13,59,0,0,0,0,0.5122238510718137,0.5122238510718137
brownru01w,2,0,CLE,WNBA,30,24,760,249,49,83,132,37,44,10,37,0,195,101,63,46,1,1,1,3,1,62,25,2,6,8,5,4,2,3,9,15,10,6,5,0,0,0,760,249,49,83,37,44,10,37,0,0,0,0,0.47657894109764554,0.47657894109764554
brownru01w,3,0,CLE,WNBA,28,2,468,112,29,46,75,27,21,8,39,0,105,42,38,28,1,0,0,0,0,0,0,0,0,0,0,0,0,0,0,0,0,0,0,0,0,0,468,112,29,46,27,21,8,39,0,0,0,0,0.3485042660576012,0.3485042660576012
brownru01w,4,0,CHA,WNBA,34,5,483,125,34,49,83,16,29,10,35,0,116,53,23,19,2,0,1,2,1,46,7,3,5,8,4,2,0,4,4,7,3,2,1,0,0,0,483,125,34,49,16,29,10,35,0,0,0,0,0.37991717639923034,0.37991717639923034
brumfma01w,1,0,MIN,WNBA,32,17,613,124,22,38,60,42,22,2,40,0,101,47,42,29,9,1,1,0,0,0,0,0,0,0,0,0,0,0,0,0,0,0,0,0,0,0,613,124,22,38,42,22,2,40,0,0,0,0,0.2884176135657812,0.2884176135657812
brumfma01w,2,0,MIA,WNBA,27,0,247,44,8,17,25,32,20,0,24,0,60,17,5,5,15,5,0,2,0,4,2,0,0,0,0,1,0,0,0,2,1,0,0,1,0,0,247,44,8,17,32,20,0,24,0,0,0,0,0.33481780020980567,0.33481780020980567
brumfma01w,4,0,CHA,WNBA,25,0,123,18,1,9,10,14,1,1,6,0,16,6,6,6,3,0,0,2,0,7,3,0,0,0,1,0,0,1,1,2,1,2,1,0,0,0,123,18,1,9,14,1,1,6,0,0,0,0,0.2552845320906884,0.2552845320906884
brungje01w,5,0,CON,WNBA,33,0,314,50,10,27,37,27,4,4,12,0,59,18,5,4,38,10,0,8,0,101,8,5,8,13,5,1,0,2,5,15,3,0,0,10,2,0,314,50,10,27,27,4,4,12,0,0,0,0,0.2805732394721898,0.2805732394721898
brungje01w,6,0,CON,WNBA,12,0,47,2,1,5,6,2,0,0,2,0,9,1,0,0,4,0,0,0,0,0,0,0,0,0,0,0,0,0,0,0,0,0,0,0,0,0,47,2,1,5,2,0,0,2,0,0,0,0,0.0893616831145355,0.0893616831145355
brungje01w,7,0,CON,WNBA,4,0,7,0,0,0,0,0,0,0,1,0,0,0,0,0,0,0,0,0,0,0,0,0,0,0,0,0,0,0,0,0,0,0,0,0,0,0,7,0,0,0,0,0,0,1,0,0,0,0,-0.14285693877580175,-0.14285693877580175
brunsre01w,5,0,SAC,WNBA,34,1,494,151,42,80,122,19,23,13,29,0,140,59,46,33,0,0,0,6,0,80,19,8,9,17,3,2,4,3,5,20,7,7,5,0,0,0,494,151,42,80,19,23,13,29,0,0,0,0,0.46639675169237343,0.46639675169237343
brunsre01w,6,0,SAC,WNBA,34,16,722,265,75,112,187,16,28,15,42,0,246,105,92,55,0,0,0,8,8,194,55,13,31,44,10,5,4,9,27,56,25,11,5,0,0,0,722,265,75,112,16,28,15,42,0,0,0,0,0.5098337879524406,0.5098337879524406
brunsre01w,7,0,SAC,WNBA,34,14,597,232,77,114,191,17,21,15,40,0,204,94,75,44,0,0,0,9,0,154,54,9,23,32,5,3,6,9,16,54,18,28,18,1,0,0,597,232,77,114,17,21,15,40,0,0,0,0,0.5579564395652188,0.5579564395652188
brunsre01w,8,0,SAC,WNBA,33,29,932,378,130,165,295,24,44,31,58,0,298,141,140,96,4,0,0,3,3,88,45,4,15,19,1,3,5,2,3,31,19,10,7,0,0,0,932,378,130,165,24,44,31,58,0,0,0,0,0.6003218819707953,0.6003218819707953
brunsre01w,9,0,SAC,WNBA,30,30,779,327,87,126,213,13,36,20,51,0,270,135,85,57,0,0,0,0,0,0,0,0,0,0,0,0,0,0,0,0,0,0,0,0,0,0,779,327,87,126,13,36,20,51,0,0,0,0,0.569576372662691,0.569576372662691
brunsre01w,10,0,SAC,WNBA,27,17,665,331,67,123,190,9,40,16,45,0,255,124,106,83,1,0,0,0,0,0,0,0,0,0,0,0,0,0,0,0,0,0,0,0,0,0,665,331,67,123,9,40,16,45,0,0,0,0,0.6538345766340665,0.6538345766340665
bullevi01w,1,0,WAS,WNBA,32,32,1094,342,61,122,183,42,64,47,58,0,294,143,63,45,34,11,0,2,2,69,30,2,7,9,3,5,5,2,5,20,10,6,6,7,4,0,1094,342,61,122,42,64,47,58,0,0,0,0,0.47193783846491916,0.47193783846491916
bullevi01w,2,0,WAS,WNBA,32,32,1073,278,65,166,231,41,53,58,53,0,286,112,48,35,64,19,0,0,0,0,0,0,0,0,0,0,0,0,0,0,0,0,0,0,0,0,1073,278,65,166,41,53,58,53,0,0,0,0,0.44016774985864165,0.44016774985864165
bullevi01w,3,0,WAS,WNBA,32,32,953,271,46,140,186,53,54,37,56,0,236,109,41,34,48,19,0,5,5,110,25,5,10,15,4,8,5,6,11,27,11,2,2,7,1,0,953,271,46,140,53,54,37,56,0,0,0,0,0.45456452828368804,0.45456452828368804
burgean01w,2,0,WAS,WNBA,31,27,731,124,27,49,76,88,26,2,60,0,141,47,27,16,47,14,0,0,0,0,0,0,0,0,0,0,0,0,0,0,0,0,0,0,0,0,731,124,27,49,88,26,2,60,0,0,0,0,0.29220245838300335,0.29220245838300335
burgean01w,3,0,WAS,WNBA,26,26,632,125,16,46,62,93,34,4,41,0,101,39,45,35,33,12,0,5,5,160,30,7,8,15,27,2,0,10,4,29,11,9,6,8,2,0,632,125,16,46,93,34,4,41,0,0,0,0,0.37974682943438565,0.37974682943438565
burgean01w,4,0,WAS,WNBA,34,33,841,131,24,55,79,112,27,1,52,0,134,50,25,15,58,16,1,0,0,0,0,0,0,0,0,0,0,0,0,0,0,0,0,0,0,0,841,131,24,55,112,27,1,52,0,0,0,0,0.29999999643281816,0.29999999643281816
burgeli01w,1,0,SAC,WNBA,5,0,41,12,7,10,17,2,1,0,4,0,15,3,9,6,0,0,0,1,0,8,4,1,1,2,0,0,2,1,1,1,1,2,2,0,0,0,41,12,7,10,2,1,0,4,0,0,0,0,0.4609754973230494,0.4609754973230494
burraal01w,1,0,POR,WNBA,21,4,314,159,20,54,74,6,3,7,36,0,109,64,41,31,0,0,0,0,0,0,0,0,0,0,0,0,0,0,0,0,0,0,0,0,0,0,314,159,20,54,6,3,7,36,0,0,0,0,0.5388534860237744,0.5388534860237744
burraal01w,2,0,POR,WNBA,26,1,272,106,22,37,59,10,5,3,30,0,83,44,31,18,0,0,0,0,0,0,0,0,0,0,0,0,0,0,0,0,0,0,0,0,0,0,272,106,22,37,10,5,3,30,0,0,0,0,0.4430146895950482,0.4430146895950482
burraal01w,3,0,POR,WNBA,32,24,633,278,52,95,147,7,10,7,49,0,186,117,52,44,0,0,0,0,0,0,0,0,0,0,0,0,0,0,0,0,0,0,0,0,0,0,633,278,52,95,7,10,7,49,0,0,0,0,0.5022116824295153,0.5022116824295153
burraal01w,4,0,SEA,WNBA,27,2,270,89,27,34,61,5,5,5,25,0,75,35,27,19,0,0,0,0,0,0,0,0,0,0,0,0,0,0,0,0,0,0,0,0,0,0,270,89,27,34,5,5,5,25,0,0,0,0,0.4003703555418388,0.4003703555418388
burseja01w,2,0,MIN,WNBA,20,0,169,47,23,19,42,5,2,15,20,0,48,16,20,15,1,0,0,0,0,0,0,0,0,0,0,0,0,0,0,0,0,0,0,0,0,0,169,47,23,19,5,2,15,20,0,0,0,0,0.418934886453557,0.418934886453557
burseja01w,3,0,MIN,WNBA,31,2,344,83,29,31,60,7,7,13,18,0,83,31,36,21,1,0,0,0,0,0,0,0,0,0,0,0,0,0,0,0,0,0,0,0,0,0,344,83,29,31,7,7,13,18,0,0,0,0,0.3534883618171988,0.3534883618171988
burseja01w,4,0,MIN,WNBA,29,14,438,206,40,68,108,19,13,28,42,0,155,76,70,54,2,0,2,3,3,42,16,2,7,9,2,4,2,3,3,18,6,6,4,0,0,0,438,206,40,68,19,13,28,42,0,0,0,0,0.6219177940201417,0.6219177940201417
burseja01w,5,0,SEA,WNBA,29,0,514,141,51,45,96,19,23,36,41,0,119,51,67,39,0,0,2,8,0,109,27,10,8,18,1,9,10,8,17,27,12,4,3,0,0,0,514,141,51,45,19,23,36,41,0,0,0,0,0.4420233377038261,0.4420233377038261
burseja01w,6,0,SEA,WNBA,34,34,859,340,81,118,199,23,19,40,78,0,243,127,123,86,0,0,6,3,3,90,28,8,6,14,3,3,1,2,11,18,11,6,6,0,0,0,859,340,81,118,23,19,40,78,0,0,0,0,0.5076833468255721,0.5076833468255721
burseja01w,7,0,SEA,WNBA,27,27,737,300,63,115,178,22,17,25,55,0,221,113,109,73,1,1,1,3,3,81,31,3,7,10,1,2,3,1,11,26,10,13,11,0,0,1,737,300,63,115,22,17,25,55,0,0,0,0,0.525915868033706,0.525915868033706
burseja01w,8,0,SEA,WNBA,29,29,709,256,67,87,154,22,13,28,58,0,209,93,101,70,1,0,0,0,0,0,0,0,0,0,0,0,0,0,0,0,0,0,0,0,0,0,709,256,67,87,22,13,28,58,0,0,0,0,0.47108603002699534,0.47108603002699534
burseja01w,10,0,SEA,WNBA,34,8,541,207,31,76,107,10,21,31,35,0,145,74,80,59,0,0,1,3,3,32,2,1,7,8,2,0,2,3,9,8,0,4,2,0,0,1,541,207,31,76,10,21,31,35,0,0,0,0,0.5147874211684396,0.5147874211684396
buttsta01w,5,0,MIN,WNBA,30,0,423,76,21,41,62,25,13,7,23,0,80,24,25,18,37,10,1,1,0,1,0,0,0,0,0,0,0,2,1,0,0,0,0,0,0,0,423,76,21,41,25,13,7,23,0,0,0,0,0.2955082672456675,0.2955082672456675
byearla01w,1,0,SAC,WNBA,32,0,521,181,42,80,122,21,30,5,35,0,143,75,49,30,2,1,1,2,0,12,0,0,2,2,0,1,0,0,0,1,0,0,0,0,0,0,521,181,42,80,21,30,5,35,0,0,0,0,0.4902111230285773,0.4902111230285773
byearla01w,2,0,LAS,WNBA,32,13,739,297,80,103,183,29,42,13,38,0,221,133,52,30,3,1,4,7,0,102,45,15,13,28,2,3,4,5,16,36,18,14,9,0,0,0,739,297,80,103,29,42,13,38,0,0,0,0,0.5817320624934769,0.5817320624934769
byearla01w,3,0,LAS,WNBA,26,5,486,182,65,76,141,13,19,4,20,0,123,76,53,30,0,0,4,6,2,128,42,15,14,29,5,9,1,10,19,30,19,11,4,0,0,0,486,182,65,76,13,19,4,20,0,0,0,0,0.5479423755567413,0.5479423755567413
byearla01w,4,0,LAS,WNBA,5,0,72,28,12,9,21,2,0,2,2,0,25,10,11,8,1,0,0,0,0,0,0,0,0,0,0,0,0,0,0,0,0,0,0,0,0,0,72,28,12,9,2,0,2,2,0,0,0,0,0.5708332540509369,0.5708332540509369
byearla01w,7,0,WAS,WNBA,26,0,330,112,37,50,87,10,12,2,35,0,107,48,20,16,0,0,2,0,0,0,0,0,0,0,0,0,0,0,0,0,0,0,0,0,0,0,330,112,37,50,10,12,2,35,0,0,0,0,0.42999998696969743,0.42999998696969743
byearla01w,8,0,HOU,WNBA,30,0,327,151,37,38,75,16,23,5,37,0,110,65,36,21,0,0,0,0,0,0,0,0,0,0,0,0,0,0,0,0,0,0,0,0,0,0,327,151,37,38,16,23,5,37,0,0,0,0,0.5972476881575631,0.5972476881575631
byearla01w,9,0,HOU,WNBA,11,0,46,18,5,7,12,1,3,0,1,0,17,8,3,2,0,0,0,0,0,0,0,0,0,0,0,0,0,0,0,0,0,0,0,0,0,0,46,18,5,7,1,3,0,1,0,0,0,0,0.5782607438563601,0.5782607438563601
campbed01w,1,0,SEA,WNBA,16,16,510,222,8,26,34,37,19,4,40,0,215,84,58,41,49,13,0,0,0,0,0,0,0,0,0,0,0,0,0,0,0,0,0,0,0,0,510,222,8,26,37,19,4,40,0,0,0,0,0.5007843039061901,0.5007843039061901
campbed01w,2,0,SAC,WNBA,32,32,854,260,11,74,85,74,19,9,64,0,244,92,43,33,94,43,0,5,5,115,28,4,7,11,11,5,1,5,9,31,11,3,2,9,4,0,854,260,11,74,74,19,9,64,0,0,0,0,0.3839578409372618,0.3839578409372618
campbed01w,3,0,SAC,WNBA,1,0,12,4,0,1,1,0,1,0,0,0,5,2,0,0,2,0,0,0,0,0,0,0,0,0,0,0,0,0,0,0,0,0,0,0,0,0,12,4,0,1,0,1,0,0,0,0,0,0,0.4416662986114178,0.4416662986114178
campbed01w,4,0,SAC,WNBA,34,34,724,267,17,53,70,43,21,5,43,0,244,98,33,25,111,46,0,6,6,148,40,1,3,4,11,1,0,8,11,36,17,2,2,16,4,0,724,267,17,53,43,21,5,43,0,0,0,0,0.44309391653185193,0.44309391653185193
campbed01w,5,0,SAC,WNBA,22,22,332,74,3,16,19,16,5,2,15,0,76,29,2,0,39,16,0,6,6,102,26,0,11,11,5,3,0,2,6,25,10,0,0,14,6,0,332,74,3,16,16,5,2,15,0,0,0,0,0.2677710762719555,0.2677710762719555
campbed01w,6,0,SAS,WNBA,28,2,248,48,2,12,14,14,7,0,15,0,67,21,1,1,19,5,0,0,0,0,0,0,0,0,0,0,0,0,0,0,0,0,0,0,0,0,248,48,2,12,14,7,0,15,0,0,0,0,0.23790321621358,0.23790321621358
campbmi01w,1,0,WAS,WNBA,5,0,22,6,0,2,2,1,0,1,3,0,5,2,2,2,0,0,0,0,0,0,0,0,0,0,0,0,0,0,0,0,0,0,0,0,0,0,22,6,0,2,1,0,1,3,0,0,0,0,0.25454533884302777,0.25454533884302777
cantydo01w,1,0,DET,WNBA,28,27,784,257,31,39,70,82,49,5,51,0,203,83,131,91,5,0,0,0,0,0,0,0,0,0,0,0,0,0,0,0,0,0,0,0,0,0,784,257,31,39,82,49,5,51,0,0,0,0,0.4788265245047637,0.4788265245047637
cantydo01w,2,0,DET,WNBA,32,18,625,197,45,38,83,70,31,1,55,0,193,70,74,56,5,1,0,0,0,0,0,0,0,0,0,0,0,0,0,0,0,0,0,0,0,0,625,197,45,38,70,31,1,55,0,0,0,0,0.4590399926553601,0.4590399926553601
cantydo01w,3,0,DET,WNBA,28,12,625,160,24,45,69,83,21,4,56,0,154,52,76,55,5,1,0,0,0,0,0,0,0,0,0,0,0,0,0,0,0,0,0,0,0,0,625,160,24,45,83,21,4,56,0,0,0,0,0.38767999379712015,0.38767999379712015
cantydo01w,4,0,HOU,WNBA,32,4,648,172,36,64,100,56,22,1,49,0,145,55,93,62,1,0,0,3,0,48,11,7,4,11,5,1,0,3,7,9,3,8,5,0,0,0,648,172,36,64,56,22,1,49,0,0,0,0,0.38024690771223907,0.38024690771223907
cantydo01w,5,0,HOU,WNBA,32,12,770,177,40,44,84,64,32,1,45,0,150,63,72,51,2,0,0,0,0,0,0,0,0,0,0,0,0,0,0,0,0,0,0,0,0,0,770,177,40,44,64,32,1,45,0,0,0,0,0.35090908635183005,0.35090908635183005
cantydo01w,6,0,HOU,WNBA,33,32,997,270,25,83,108,101,29,2,67,0,238,95,110,80,4,0,0,5,5,162,40,11,11,22,17,1,0,14,12,30,12,20,16,0,0,0,997,270,25,83,101,29,2,67,0,0,0,0,0.3785356030237151,0.3785356030237151
cantydo01w,7,0,HOU,WNBA,15,15,431,164,12,40,52,44,17,0,35,0,105,54,77,56,3,0,0,2,2,48,16,0,4,4,6,0,0,5,1,8,6,6,4,0,0,0,431,164,12,40,44,17,0,35,0,0,0,0,0.4881670420378877,0.4881670420378877
cantydo01w,8,0,CHI,WNBA,30,27,776,259,19,45,64,123,30,4,57,0,241,87,115,81,16,4,0,0,0,0,0,0,0,0,0,0,0,0,0,0,0,0,0,0,0,0,776,259,19,45,123,30,4,57,0,0,0,0,0.4971649420468436,0.4971649420468436
cantydo01w,9,0,CHI,WNBA,28,28,737,226,24,47,71,115,28,3,54,0,180,71,124,83,6,1,0,0,0,0,0,0,0,0,0,0,0,0,0,0,0,0,0,0,0,0,737,226,24,47,115,28,3,54,0,0,0,0,0.4734056923554181,0.4734056923554181
cantydo01w,10,0,CHI,WNBA,34,34,776,234,18,45,63,109,28,5,57,0,194,74,119,82,11,4,1,0,0,0,0,0,0,0,0,0,0,0,0,0,0,0,0,0,0,0,776,234,18,45,109,28,5,57,0,0,0,0,0.44471648911447825,0.44471648911447825
careyja01w,6,0,CON,WNBA,15,0,86,18,2,4,6,7,2,0,4,0,19,7,0,0,13,4,0,6,0,71,5,0,2,2,7,1,0,4,5,9,2,0,0,6,1,0,86,18,2,4,7,2,0,4,0,0,0,0,0.29767438399135066,0.29767438399135066
careyja01w,7,0,CON,WNBA,24,0,286,63,1,15,16,32,7,0,17,0,58,22,5,5,40,14,0,5,0,29,5,0,1,1,2,0,0,0,4,6,2,0,0,5,1,0,286,63,1,15,32,7,0,17,0,0,0,0,0.3153846043571817,0.3153846043571817
careyja01w,8,0,CON,WNBA,33,0,419,112,1,29,30,30,4,0,16,0,101,37,8,6,71,32,0,3,0,47,8,0,2,2,9,1,0,1,1,7,2,3,2,6,2,0,419,112,1,29,30,4,0,16,0,0,0,0,0.3326968894344418,0.3326968894344418
careyja01w,9,0,CON,WNBA,33,3,499,137,4,36,40,47,8,1,22,0,111,47,10,9,83,34,0,1,0,2,0,0,0,0,0,0,0,0,0,0,0,0,0,0,0,0,499,137,4,36,47,8,1,22,0,0,0,0,0.3699398723458944,0.3699398723458944
carsoes01w,9,0,NYL,WNBA,34,30,646,223,25,51,76,31,32,8,35,0,245,92,46,31,29,8,0,6,6,101,34,1,8,9,5,1,2,4,11,33,16,2,1,6,1,0,646,223,25,51,31,32,8,35,0,0,0,0,0.45170277938540593,0.45170277938540593
carsoes01w,10,0,NYL,WNBA,34,34,859,340,24,48,72,46,37,10,54,0,321,131,48,44,102,34,1,0,0,0,0,0,0,0,0,0,0,0,0,0,0,0,0,0,0,0,859,340,24,48,46,37,10,54,0,0,0,0,0.4775320084105703,0.4775320084105703
carteam01w,5,0,DET,WNBA,2,0,13,1,0,4,4,0,2,0,3,0,0,0,2,1,0,0,0,0,0,0,0,0,0,0,0,0,0,0,0,0,0,0,0,0,0,0,13,1,0,4,0,2,0,3,0,0,0,0,0.09230762130182979,0.09230762130182979
carteam01w,6,0,NYL,WNBA,3,0,13,0,0,2,2,0,0,0,1,0,1,0,0,0,0,0,0,0,0,0,0,0,0,0,0,0,0,0,0,0,0,0,0,0,0,0,13,0,0,2,0,0,0,1,0,0,0,0,-0.030769207100609926,-0.030769207100609926
cashsw01w,3,0,DET,WNBA,32,32,1079,474,77,145,222,86,37,31,100,0,353,144,227,173,63,13,0,0,0,0,0,0,0,0,0,0,0,0,0,0,0,0,0,0,0,0,1079,474,77,145,86,37,31,100,0,0,0,0,0.579610745323348,0.579610745323348
cashsw01w,4,0,DET,WNBA,33,33,1097,548,65,128,193,119,43,23,108,0,430,195,214,146,40,12,0,8,8,289,130,24,27,51,35,4,5,28,21,104,43,52,42,10,2,0,1097,548,65,128,119,43,23,108,0,0,0,0,0.6462169494419604,0.6462169494419604
cashsw01w,5,0,DET,WNBA,32,32,1105,526,78,130,208,135,44,29,81,0,384,180,219,158,23,8,0,0,0,0,0,0,0,0,0,0,0,0,0,0,0,0,0,0,0,0,1105,526,78,130,135,44,29,81,0,0,0,0,0.6756561024827502,0.6756561024827502
cashsw01w,6,0,DET,WNBA,21,21,458,119,42,46,88,43,12,6,47,0,126,48,32,21,10,2,1,2,2,51,16,5,4,9,7,3,2,4,4,13,4,11,8,1,0,0,458,119,42,46,43,12,6,47,0,0,0,0,0.38471614880532434,0.38471614880532434
cashsw01w,7,0,DET,WNBA,34,34,990,358,63,105,168,106,20,11,88,0,323,124,143,109,13,1,0,10,10,265,76,19,42,61,32,3,3,22,22,80,29,25,18,3,0,0,990,358,63,105,106,20,11,88,0,0,0,0,0.48747474255076023,0.48747474255076023
cashsw01w,8,0,DET,WNBA,31,31,959,344,54,135,189,79,19,13,81,0,307,126,121,92,3,0,0,11,11,277,95,16,26,42,18,5,2,18,23,91,41,23,13,3,0,0,959,344,54,135,79,19,13,81,0,0,0,0,0.4716371170840759,0.4716371170840759
cashsw01w,9,0,SEA,WNBA,31,28,927,351,46,121,167,58,21,32,69,0,293,114,158,122,8,1,0,3,0,44,8,3,8,11,2,1,2,3,3,12,4,0,0,1,0,0,927,351,46,121,58,21,32,69,0,0,0,0,0.4978424973264024,0.4978424973264024
cashsw01w,10,0,SEA,WNBA,32,29,1094,390,62,152,214,82,28,16,91,0,355,139,128,102,31,10,1,3,3,116,63,6,10,16,5,7,3,6,10,39,19,25,21,10,4,0,1094,390,62,152,82,28,16,91,0,0,0,0,0.4698354618845022,0.4698354618845022
cassija01w,1,0,MIA,WNBA,22,0,175,74,7,16,23,9,5,2,13,0,55,20,43,30,8,4,0,0,0,0,0,0,0,0,0,0,0,0,0,0,0,0,0,0,0,0,175,74,7,16,9,5,2,13,0,0,0,0,0.495428543118369,0.495428543118369
castriz01w,3,0,MIA,WNBA,19,1,182,66,7,10,17,7,7,0,18,0,72,24,25,17,17,1,0,0,0,0,0,0,0,0,0,0,0,0,0,0,0,0,0,0,0,0,182,66,7,10,7,7,0,18,0,0,0,0,0.3840659129634114,0.3840659129634114
castriz01w,4,0,PHO,WNBA,16,0,178,69,6,6,12,9,6,1,10,0,71,25,18,11,27,8,0,0,0,0,0,0,0,0,0,0,0,0,0,0,0,0,0,0,0,0,178,69,6,6,9,6,1,10,0,0,0,0,0.4550561542103284,0.4550561542103284
castriz01w,6,0,SEA,WNBA,33,32,879,269,23,74,97,49,18,4,59,0,242,93,73,59,72,24,0,3,3,86,17,0,3,3,4,2,0,8,12,18,6,4,4,6,1,0,879,269,23,74,49,18,4,59,0,0,0,0,0.36325369325081125,0.36325369325081125
castriz01w,7,0,SEA,WNBA,34,26,655,246,16,56,72,47,23,2,49,0,194,91,59,39,65,25,0,3,3,88,29,3,5,8,8,2,1,6,10,18,7,15,13,9,2,0,655,246,16,56,47,23,2,49,0,0,0,0,0.4534351075811434,0.4534351075811434
castriz01w,8,0,SEA,WNBA,34,34,963,419,19,77,96,95,35,4,64,0,331,139,101,81,156,60,0,2,2,51,20,0,4,4,4,0,1,4,6,20,8,0,0,13,4,0,963,419,19,77,95,35,4,64,0,0,0,0,0.5455867025380405,0.5455867025380405
castriz01w,9,0,ATL,WNBA,29,20,671,269,10,55,65,52,27,6,57,0,272,96,59,48,94,29,0,0,0,0,0,0,0,0,0,0,0,0,0,0,0,0,0,0,0,0,671,269,10,55,52,27,6,57,0,0,0,0,0.47764529839574815,0.47764529839574815
castriz01w,10,0,ATL,WNBA,34,33,915,488,20,55,75,67,36,2,83,0,445,184,91,71,142,49,0,2,2,51,32,1,2,3,9,0,0,4,5,16,8,17,12,8,4,0,915,488,20,55,67,36,2,83,0,0,0,0,0.5907103760578101,0.5907103760578101
catchta01w,3,0,IND,WNBA,32,32,1167,594,92,184,276,118,94,43,82,0,439,184,184,150,193,76,2,3,3,103,61,12,20,32,7,4,1,11,7,45,22,11,9,21,8,0,1167,594,92,184,118,94,43,82,0,0,0,0,0.7597257861206017,0.7597257861206017
catchta01w,4,0,IND,WNBA,34,34,1210,671,82,190,272,114,72,35,102,0,512,221,183,155,191,74,2,0,0,0,0,0,0,0,0,0,0,0,0,0,0,0,0,0,0,0,1210,671,82,190,114,72,35,102,0,0,0,0,0.747438010351752,0.747438010351752
catchta01w,5,0,IND,WNBA,34,33,1149,568,79,170,249,115,67,38,77,0,468,180,178,152,167,56,2,0,0,0,0,0,0,0,0,0,0,0,0,0,0,0,0,0,0,0,1149,568,79,170,115,67,38,77,0,0,0,0,0.7113141800581881,0.7113141800581881
catchta01w,6,0,IND,WNBA,34,34,1174,501,69,195,264,143,90,16,91,0,410,157,193,152,123,35,1,4,4,146,69,13,24,37,9,8,1,11,13,59,21,28,22,12,5,1,1174,501,69,195,143,90,16,91,0,0,0,0,0.6522998240860322,0.6522998240860322
catchta01w,7,0,IND,WNBA,32,32,1071,521,68,172,240,119,94,35,79,0,398,162,204,165,107,32,0,2,2,62,28,2,10,12,7,2,1,6,8,31,10,6,4,8,4,0,1071,521,68,172,119,94,35,79,0,0,0,0,0.7368814123540485,0.7368814123540485
catchta01w,8,0,IND,WNBA,21,21,678,348,54,135,189,98,66,22,62,0,259,108,133,109,74,23,0,6,6,196,95,12,54,66,19,13,3,10,15,73,27,41,36,19,5,0,678,348,54,135,98,66,22,62,0,0,0,0,0.8116519054328627,0.8116519054328627
catchta01w,9,0,IND,WNBA,25,17,694,332,48,109,157,83,49,11,61,0,258,101,115,92,88,38,1,3,3,113,61,3,20,23,18,3,2,11,12,34,15,30,28,11,3,0,694,332,48,109,83,49,11,61,0,0,0,0,0.6920749179816293,0.6920749179816293
catchta01w,10,0,IND,WNBA,34,34,1084,512,86,159,245,107,99,18,88,0,407,157,181,158,122,40,0,10,10,357,172,24,80,104,54,33,14,34,34,122,56,60,51,36,9,1,1084,512,86,159,107,99,18,88,0,0,0,0,0.6973247168143477,0.6973247168143477
caufila01w,3,0,UTA,WNBA,8,0,65,19,3,2,5,1,7,0,8,0,15,6,2,2,9,5,0,0,0,0,0,0,0,0,0,0,0,0,0,0,0,0,0,0,0,0,65,19,3,2,1,7,0,8,0,0,0,0,0.333846102485215,0.333846102485215
chambco01w,8,0,CON,WNBA,1,0,1,0,0,0,0,0,0,0,2,0,0,0,0,0,0,0,0,0,0,0,0,0,0,0,0,0,0,0,0,0,0,0,0,0,0,0,1,0,0,0,0,0,0,2,0,0,0,0,-1.9999800001999979,-1.9999800001999979
chanequ01w,9,0,CHI,WNBA,28,0,241,68,4,24,28,24,16,3,23,0,83,23,12,10,50,12,0,0,0,0,0,0,0,0,0,0,0,0,0,0,0,0,0,0,0,0,241,68,4,24,24,16,3,23,0,0,0,0,0.4066389872763906,0.4066389872763906
chapmji01w,3,0,DET,WNBA,19,0,119,22,11,15,26,0,3,2,8,0,27,10,3,2,1,0,0,0,0,0,0,0,0,0,0,0,0,0,0,0,0,0,0,0,0,0,119,22,11,15,0,3,2,8,0,0,0,0,0.26218485191723934,0.26218485191723934
choneka01w,5,0,WAS,WNBA,13,1,115,28,8,9,17,4,1,4,11,0,27,11,11,6,0,0,0,2,0,4,0,0,0,0,0,0,1,0,1,1,0,0,0,0,0,0,115,28,8,9,4,1,4,11,0,0,0,0,0.2982608436294919,0.2982608436294919
choneka01w,6,0,WAS,WNBA,12,0,61,14,2,4,6,1,1,0,4,0,14,6,3,2,0,0,0,0,0,0,0,0,0,0,0,0,0,0,0,0,0,0,0,0,0,0,61,14,2,4,1,1,0,4,0,0,0,0,0.2393442230583241,0.2393442230583241
choneka01w,7,0,SEA,WNBA,3,0,16,0,0,0,0,0,0,0,1,0,2,0,0,0,0,0,0,0,0,0,0,0,0,0,0,0,0,0,0,0,0,0,0,0,0,0,16,0,0,0,0,0,0,1,0,0,0,0,-0.06249996093752441,-0.06249996093752441
chriska01w,3,0,PHO,WNBA,30,2,413,120,39,41,80,15,24,13,32,0,95,48,35,24,1,0,1,0,0,0,0,0,0,0,0,0,0,0,0,0,0,0,0,0,0,0,413,120,39,41,15,24,13,32,0,0,0,0,0.43486681755770423,0.43486681755770423
chriska01w,4,0,PHO,WNBA,30,16,659,206,61,65,126,16,25,16,39,0,161,78,83,50,0,0,4,0,0,0,0,0,0,0,0,0,0,0,0,0,0,0,0,0,0,0,659,206,61,65,16,25,16,39,0,0,0,0,0.4342943788422704,0.4342943788422704
chriska01w,5,0,PHO,WNBA,32,1,407,50,27,42,69,23,21,7,26,0,49,19,19,12,0,0,2,0,0,0,0,0,0,0,0,0,0,0,0,0,0,0,0,0,0,0,407,50,27,42,23,21,7,26,0,0,0,0,0.2616707552415048,0.2616707552415048
chriska01w,6,0,PHO,WNBA,11,1,108,18,9,13,22,7,7,5,10,0,15,7,7,4,0,0,1,0,0,0,0,0,0,0,0,0,0,0,0,0,0,0,0,0,0,0,108,18,9,13,7,7,5,10,0,0,0,0,0.3444444125514433,0.3444444125514433
chriska01w,7,1,HOU,WNBA,6,0,88,18,9,10,19,4,0,0,11,0,16,8,2,2,0,0,1,0,0,0,0,0,0,0,0,0,0,0,0,0,0,0,0,0,0,0,88,18,9,10,4,0,0,11,0,0,0,0,0.2306817919679782,0.2306817919679782
chriska01w,7,2,PHO,WNBA,11,0,53,3,2,12,14,2,3,1,5,0,6,1,2,1,0,0,0,0,0,0,0,0,0,0,0,0,0,0,0,0,0,0,0,0,0,0,53,3,2,12,2,3,1,5,0,0,0,0,0.16981128871485118,0.16981128871485118
chriska01w,8,0,CHI,WNBA,23,7,212,48,17,26,43,7,10,5,21,0,48,20,18,8,0,0,1,0,0,0,0,0,0,0,0,0,0,0,0,0,0,0,0,0,0,0,212,48,17,26,7,10,5,21,0,0,0,0,0.32405658848789676,0.32405658848789676
chrissh01w,5,0,NYL,WNBA,33,4,560,191,19,49,68,23,9,9,32,0,189,67,51,33,82,24,0,5,0,63,28,4,5,9,4,2,3,3,13,21,8,9,6,14,6,0,560,191,19,49,23,9,9,32,0,0,0,0,0.40714284987244914,0.40714284987244914
chrissh01w,6,0,NYL,WNBA,34,9,809,311,25,67,92,41,33,19,50,0,270,111,76,65,89,24,1,2,1,47,11,0,5,5,1,0,1,2,7,12,4,2,1,4,2,0,809,311,25,67,41,33,19,50,0,0,0,0,0.4840543821501313,0.4840543821501313
chrissh01w,7,0,NYL,WNBA,34,34,987,423,28,92,120,44,20,42,82,0,348,136,120,99,156,52,1,0,0,0,0,0,0,0,0,0,0,0,0,0,0,0,0,0,0,0,987,423,28,92,44,20,42,82,0,0,0,0,0.5007092147851144,0.5007092147851144
chrissh01w,8,0,NYL,WNBA,33,32,1065,368,34,115,149,70,34,19,82,0,328,118,117,93,119,39,0,3,3,110,44,4,18,22,6,2,0,4,9,34,15,9,8,12,6,0,1065,368,34,115,70,34,19,82,0,0,0,0,0.4387793386030109,0.4387793386030109
chrissh01w,9,0,NYL,WNBA,31,31,947,488,31,63,94,51,35,17,61,0,385,153,134,111,175,71,1,6,6,196,82,5,21,26,3,4,2,12,17,73,30,14,10,27,12,0,947,488,31,63,51,35,17,61,0,0,0,0,0.6025343125392364,0.6025343125392364
chrissh01w,10,0,NYL,WNBA,32,31,1014,514,29,127,156,56,28,27,56,0,383,154,148,128,204,78,1,0,0,0,0,0,0,0,0,0,0,0,0,0,0,0,0,0,0,0,1014,514,29,127,56,28,27,56,0,0,0,0,0.618737666481877,0.618737666481877
cironkr01w,10,0,CON,WNBA,4,0,23,7,0,5,5,4,2,0,0,0,5,2,3,2,3,1,0,0,0,0,0,0,0,0,0,0,0,0,0,0,0,0,0,0,0,0,23,7,0,5,4,2,0,0,0,0,0,0,0.6304345085067354,0.6304345085067354
clearmi01w,1,0,PHO,WNBA,24,7,509,57,12,25,37,77,34,2,14,0,45,14,27,19,30,10,0,0,0,0,0,0,0,0,0,0,0,0,0,0,0,0,0,0,0,0,509,57,12,25,77,34,2,14,0,0,0,0,0.33772101497601154,0.33772101497601154
clearmi01w,2,0,PHO,WNBA,4,0,49,2,2,1,3,9,2,0,3,0,3,0,2,2,2,0,0,0,0,0,0,0,0,0,0,0,0,0,0,0,0,0,0,0,0,0,49,2,2,1,9,2,0,3,0,0,0,0,0.2387754614743956,0.2387754614743956
clinest01w,1,0,SAC,WNBA,26,2,285,66,7,23,30,49,12,1,25,0,57,20,17,14,41,12,0,2,0,3,3,0,0,0,0,0,0,0,2,1,1,0,0,1,1,0,285,66,7,23,49,12,1,25,0,0,0,0,0.40280700341028064,0.40280700341028064
clinest01w,2,0,SAC,WNBA,16,0,75,10,0,3,3,14,1,0,6,0,14,4,0,0,10,2,1,0,0,0,0,0,0,0,0,0,0,0,0,0,0,0,0,0,0,0,75,10,0,3,14,1,0,6,0,0,0,0,0.26533329795556027,0.26533329795556027
clinest01w,3,0,DET,WNBA,12,0,105,27,1,4,5,17,1,1,6,0,21,8,6,5,15,6,0,0,0,0,0,0,0,0,0,0,0,0,0,0,0,0,0,0,0,0,105,27,1,4,17,1,1,6,0,0,0,0,0.3990475810430875,0.3990475810430875
coggicl01w,8,0,CHI,WNBA,20,0,196,49,3,13,16,8,5,1,19,0,77,19,4,1,50,10,0,0,0,0,0,0,0,0,0,0,0,0,0,0,0,0,0,0,0,0,196,49,3,13,8,5,1,19,0,0,0,0,0.25510202780091695,0.25510202780091695
cokermo01w,5,0,LAS,WNBA,3,0,14,3,1,0,1,3,0,1,3,0,1,1,0,0,1,1,0,0,0,0,0,0,0,0,0,0,0,0,0,0,0,0,0,0,0,0,14,3,1,0,3,0,1,3,0,0,0,0,0.33571404591853865,0.33571404591853865
colemco01w,4,0,CON,WNBA,20,0,141,36,8,14,22,1,8,2,13,0,20,11,30,14,0,0,0,0,0,0,0,0,0,0,0,0,0,0,0,0,0,0,0,0,0,0,141,36,8,14,1,8,2,13,0,0,0,0,0.3106382758412571,0.3106382758412571
colemma01w,10,0,WAS,WNBA,28,0,525,171,22,54,76,22,20,9,34,0,159,54,45,34,80,29,0,2,0,53,21,3,7,10,3,4,4,7,3,19,6,5,5,8,4,0,525,171,22,54,22,20,9,34,0,0,0,0,0.41828570631836753,0.41828570631836753
colleka01w,1,0,MIA,WNBA,32,32,873,264,15,48,63,50,27,7,65,0,293,103,70,53,21,5,0,0,0,0,0,0,0,0,0,0,0,0,0,0,0,0,0,0,0,0,873,264,15,48,50,27,7,65,0,0,0,0,0.3526918630848584,0.3526918630848584
colleka01w,2,0,MIA,WNBA,14,0,121,26,2,5,7,7,2,1,7,0,39,10,10,6,1,0,0,2,0,3,2,1,0,1,0,0,0,0,1,0,0,2,2,0,0,0,121,26,2,5,7,2,1,7,0,0,0,0,0.2636363418482362,0.2636363418482362
consuca01w,2,0,UTA,WNBA,15,0,50,2,1,5,6,10,4,0,11,0,5,0,4,2,2,0,0,1,0,2,3,0,1,1,0,1,0,1,0,1,1,1,1,0,0,0,50,2,1,5,10,4,0,11,0,0,0,0,0.14399997120000574,0.14399997120000574
coopeca01w,2,0,NYL,WNBA,4,0,51,26,7,4,11,1,0,2,3,0,12,8,13,10,0,0,0,3,0,8,0,0,1,1,0,0,0,0,2,2,0,0,0,0,0,0,51,26,7,4,1,0,2,3,0,0,0,0,0.629411641291835,0.629411641291835
coopeca01w,3,0,NYL,WNBA,23,1,119,27,5,11,16,3,4,5,10,0,28,11,8,5,0,0,0,3,0,15,3,1,1,2,0,2,0,2,3,2,1,2,1,0,0,0,119,27,5,11,3,4,5,10,0,0,0,0,0.30084031085375534,0.30084031085375534
coopecy01w,1,0,HOU,WNBA,31,31,1085,550,17,68,85,156,39,6,99,0,392,180,168,147,121,43,0,6,6,228,136,5,10,15,22,9,1,18,11,119,45,39,35,32,11,0,1085,550,17,68,156,39,6,99,0,0,0,0,0.6306912384268089,0.6306912384268089
coopecy01w,4,0,HOU,WNBA,4,4,144,64,2,8,10,22,4,1,14,0,38,16,28,25,18,7,0,0,0,0,0,0,0,0,0,0,0,0,0,0,0,0,0,0,0,0,144,64,2,8,22,4,1,14,0,0,0,0,0.5611110721450645,0.5611110721450645
crawlsy01w,1,0,POR,WNBA,31,30,930,357,64,121,185,34,29,24,88,0,298,143,102,71,2,0,2,0,0,0,0,0,0,0,0,0,0,0,0,0,0,0,0,0,0,0,930,357,64,121,34,29,24,88,0,0,0,0,0.4699999949462367,0.4699999949462367
crawlsy01w,2,0,POR,WNBA,32,32,921,299,63,140,203,54,19,26,61,0,267,120,77,59,1,0,3,0,0,0,0,0,0,0,0,0,0,0,0,0,0,0,0,0,0,0,921,299,63,140,54,19,26,61,0,0,0,0,0.4593919602671883,0.4593919602671883
crawlsy01w,3,0,POR,WNBA,32,31,819,279,46,88,134,47,18,37,62,0,284,114,63,44,17,7,0,0,0,0,0,0,0,0,0,0,0,0,0,0,0,0,0,0,0,0,819,279,46,88,47,18,37,62,0,0,0,0,0.4610500554206342,0.4610500554206342
crawlsy01w,4,0,SAS,WNBA,33,8,564,115,39,66,105,19,18,19,40,0,130,50,22,15,0,0,1,0,0,0,0,0,0,0,0,0,0,0,0,0,0,0,0,0,0,0,564,115,39,66,19,18,19,40,0,0,0,0,0.3157801362450331,0.3157801362450331
crockda01w,3,0,UTA,WNBA,18,0,84,29,6,7,13,2,0,2,3,0,28,10,12,9,1,0,0,1,0,2,2,0,0,0,0,0,0,0,0,2,1,0,0,0,0,0,84,29,6,7,2,0,2,3,0,0,0,0,0.4321428056972851,0.4321428056972851
crockwi01w,9,0,PHO,WNBA,5,1,41,9,4,7,11,0,4,1,1,0,8,3,5,3,0,0,1,0,0,0,0,0,0,0,0,0,0,0,0,0,0,0,0,0,0,0,41,9,4,7,0,4,1,1,0,0,0,0,0.43658525936944886,0.43658525936944886
cronika01w,7,0,CHI,WNBA,11,0,134,24,3,9,12,2,6,2,11,0,30,9,7,2,13,4,0,0,0,0,0,0,0,0,0,0,0,0,0,0,0,0,0,0,0,0,134,24,3,9,2,6,2,11,0,0,0,0,0.20746267108487526,0.20746267108487526
cunnibe01w,1,0,WAS,WNBA,21,0,198,59,4,17,21,12,2,0,12,0,68,17,19,16,37,9,0,2,0,13,7,0,0,0,0,1,0,1,0,6,3,0,0,4,1,0,198,59,4,17,12,2,0,12,0,0,0,0,0.34797978040506156,0.34797978040506156
cunnida01w,3,0,ORL,WNBA,6,0,21,0,1,1,2,0,2,0,1,0,5,0,0,0,0,0,0,0,0,0,0,0,0,0,0,0,0,0,0,0,0,0,0,0,0,0,21,0,1,1,0,2,0,1,0,0,0,0,0.09523804988664292,0.09523804988664292
currimo01w,7,0,CHA,WNBA,34,33,844,339,51,81,132,87,34,4,62,0,262,87,184,149,55,16,1,0,0,0,0,0,0,0,0,0,0,0,0,0,0,0,0,0,0,0,844,339,51,81,87,34,4,62,0,0,0,0,0.5473933584432067,0.5473933584432067
currimo01w,8,1,CHI,WNBA,2,2,61,29,3,9,12,4,1,0,4,0,27,8,15,11,11,2,0,0,0,0,0,0,0,0,0,0,0,0,0,0,0,0,0,0,0,0,61,29,3,9,4,1,0,4,0,0,0,0,0.5704917097554575,0.5704917097554575
currimo01w,8,2,WAS,WNBA,31,22,771,325,42,79,121,54,23,7,47,0,214,98,148,117,30,12,1,0,0,0,0,0,0,0,0,0,0,0,0,0,0,0,0,0,0,0,771,325,42,79,54,23,7,47,0,0,0,0,0.5383916921090571,0.5383916921090571
currimo01w,9,0,WAS,WNBA,34,34,972,403,32,109,141,86,30,12,87,0,337,135,132,109,64,24,2,0,0,0,0,0,0,0,0,0,0,0,0,0,0,0,0,0,0,0,972,403,32,109,86,30,12,87,0,0,0,0,0.513477360972455,0.513477360972455
currimo01w,10,0,WAS,WNBA,34,34,728,278,38,108,146,61,29,14,57,0,217,78,127,102,52,20,0,2,2,37,10,8,7,15,1,4,1,3,8,15,2,7,6,3,0,0,728,278,38,108,61,29,14,57,0,0,0,0,0.5274725202270258,0.5274725202270258
curryed01w,4,0,PHO,WNBA,20,0,205,33,1,10,11,24,9,0,15,0,35,13,3,2,22,5,0,0,0,0,0,0,0,0,0,0,0,0,0,0,0,0,0,0,0,0,205,33,1,10,24,9,0,15,0,0,0,0,0.2668292552766217,0.2668292552766217
curryed01w,6,0,LAS,WNBA,13,0,113,23,4,7,11,12,7,1,10,0,23,7,6,3,16,6,0,2,0,16,0,0,1,1,1,1,0,5,3,1,0,0,0,1,0,0,113,23,4,7,12,7,1,10,0,0,0,0,0.33539820040723894,0.33539820040723894
dalesst01w,3,0,WAS,WNBA,31,28,805,303,26,55,81,84,16,4,68,0,230,93,100,74,109,43,1,5,5,98,38,5,3,8,16,2,0,5,8,30,13,4,4,18,8,0,805,303,26,55,84,16,4,68,0,0,0,0,0.4642235967177193,0.4642235967177193
dalesst01w,4,0,WAS,WNBA,34,31,998,340,44,57,101,114,29,12,72,0,298,122,55,39,160,57,2,0,0,0,0,0,0,0,0,0,0,0,0,0,0,0,0,0,0,0,998,340,44,57,114,29,12,72,0,0,0,0,0.471843682646857,0.471843682646857
dalesst01w,5,0,WAS,WNBA,31,26,782,254,17,47,64,78,20,3,37,0,228,87,55,40,119,40,0,3,3,87,27,6,9,15,5,2,0,8,8,20,8,15,10,9,1,0,782,254,17,47,78,20,3,37,0,0,0,0,0.4398976925844285,0.4398976925844285
dalesst01w,7,0,CHI,WNBA,23,16,454,161,6,21,27,40,9,1,32,0,147,52,46,32,81,25,0,0,0,0,0,0,0,0,0,0,0,0,0,0,0,0,0,0,0,0,454,161,6,21,40,9,1,32,0,0,0,0,0.41740087186341696,0.41740087186341696
dalesst01w,8,0,CHI,WNBA,31,30,845,319,14,41,55,83,20,0,57,0,314,109,39,33,201,68,0,0,0,0,0,0,0,0,0,0,0,0,0,0,0,0,0,0,0,0,845,319,14,41,83,20,0,57,0,0,0,0,0.45810650345436094,0.45810650345436094
daleygr01w,1,0,MIN,WNBA,30,4,577,173,32,40,72,57,12,0,50,0,147,57,65,42,56,17,0,0,0,0,0,0,0,0,0,0,0,0,0,0,0,0,0,0,0,0,577,173,32,40,57,12,0,50,0,0,0,0,0.3923743432864065,0.3923743432864065
daleygr01w,2,0,NYL,WNBA,15,0,66,25,3,5,8,10,8,1,7,0,21,10,9,5,5,0,0,1,0,1,0,0,0,0,0,0,0,1,0,0,0,0,0,0,0,0,66,25,3,5,10,8,1,7,0,0,0,0,0.6151514219467542,0.6151514219467542
daleygr01w,3,0,HOU,WNBA,23,4,185,63,13,10,23,16,3,1,17,0,37,16,47,29,8,2,0,1,0,7,2,2,0,2,0,0,0,1,0,2,0,2,2,0,0,0,185,63,13,10,16,3,1,17,0,0,0,0,0.422162139342587,0.422162139342587
daleygr01w,4,0,PHO,WNBA,3,0,28,2,1,1,2,3,0,1,3,0,5,1,0,0,2,0,0,0,0,0,0,0,0,0,0,0,0,0,0,0,0,0,0,0,0,0,28,2,1,1,3,0,1,3,0,0,0,0,0.1428570918367529,0.1428570918367529
darlihe01w,1,0,CLE,WNBA,32,0,556,155,24,39,63,65,37,5,67,0,150,47,65,48,38,13,0,6,0,106,33,7,13,20,13,7,0,6,5,28,9,14,10,13,5,0,556,155,24,39,65,37,5,67,0,0,0,0,0.40197841003635953,0.40197841003635953
darlihe01w,2,0,CLE,WNBA,32,32,778,196,18,58,76,109,34,4,70,0,166,59,72,55,70,23,0,3,3,80,18,5,6,11,19,7,1,5,9,27,5,6,5,9,3,0,778,196,18,58,109,34,4,70,0,0,0,0,0.38946014923573075,0.38946014923573075
darlihe01w,4,0,CLE,WNBA,34,34,832,141,25,62,87,128,39,6,74,0,143,44,41,30,71,23,2,3,3,83,9,4,8,12,13,6,0,10,11,13,2,4,4,8,1,0,832,141,25,62,128,39,6,74,0,0,0,0,0.3318509575498683,0.3318509575498683
darlihe01w,5,0,MIN,WNBA,33,22,707,140,11,56,67,115,30,4,74,0,130,43,63,42,55,12,0,2,2,44,7,2,1,3,3,3,0,11,4,9,2,2,1,3,2,0,707,140,11,56,115,30,4,74,0,0,0,0,0.33875529931039183,0.33875529931039183
darlihe01w,6,0,CHA,WNBA,31,11,600,107,5,42,47,83,41,0,51,0,88,27,58,43,32,10,1,0,0,0,0,0,0,0,0,0,0,0,0,0,0,0,0,0,0,0,600,107,5,42,83,41,0,51,0,0,0,0,0.3268333278861112,0.3268333278861112
darlihe01w,7,0,CHA,WNBA,29,29,607,158,13,46,59,82,35,3,73,0,138,51,55,38,47,18,0,0,0,0,0,0,0,0,0,0,0,0,0,0,0,0,0,0,0,0,607,158,13,46,82,35,3,73,0,0,0,0,0.3754530415905594,0.3754530415905594
darlihe01w,8,0,SAS,WNBA,33,19,684,134,7,62,69,103,45,1,53,0,120,46,35,27,41,15,0,5,5,121,42,3,14,17,19,6,0,13,14,30,14,6,5,17,9,0,684,134,7,62,103,45,1,53,0,0,0,0,0.37061402966938556,0.37061402966938556
darlihe01w,9,0,SAS,WNBA,31,14,580,108,13,60,73,54,33,3,45,0,123,33,38,30,60,12,0,6,0,53,12,3,4,7,5,3,0,7,8,13,5,0,0,7,2,0,580,108,13,60,54,33,3,45,0,0,0,0,0.3105172360255649,0.3105172360255649
darlihe01w,10,0,SAS,WNBA,34,13,642,104,14,47,61,100,30,5,40,0,109,27,55,37,44,13,0,3,0,34,4,1,3,4,3,1,0,1,4,5,1,4,2,0,0,0,642,104,14,47,100,30,5,40,0,0,0,0,0.3471962562742016,0.3471962562742016
davenje01w,8,0,NYL,WNBA,33,13,382,176,22,66,88,9,7,29,44,0,137,61,66,54,1,0,0,2,0,10,3,1,2,3,0,0,0,3,3,2,0,4,3,0,0,0,382,176,22,66,9,7,29,44,0,0,0,0,0.5554973676571371,0.5554973676571371
davenje01w,9,0,NYL,WNBA,14,3,154,65,12,28,40,4,4,10,18,0,59,28,15,9,0,0,0,4,0,25,10,0,5,5,0,1,1,2,4,10,4,4,2,0,0,0,154,65,12,28,4,4,10,18,0,0,0,0,0.531168796677351,0.531168796677351
davenje01w,10,0,IND,WNBA,27,0,181,72,15,25,40,6,7,14,21,0,55,29,20,14,0,0,0,9,0,55,37,1,10,11,3,2,8,3,9,25,14,11,9,0,0,0,181,72,15,25,6,7,14,21,0,0,0,0,0.5303867110283585,0.5303867110283585
davisbr01w,7,0,LAS,WNBA,14,0,118,41,1,12,13,8,5,1,5,0,53,14,10,6,33,7,0,0,0,0,0,0,0,0,0,0,0,0,0,0,0,0,0,0,0,0,118,41,1,12,8,5,1,5,0,0,0,0,0.4601694525280125,0.4601694525280125
davisde01w,8,0,HOU,WNBA,3,0,19,6,0,0,0,0,0,0,5,0,6,2,0,0,3,2,0,0,0,0,0,0,0,0,0,0,0,0,0,0,0,0,0,0,0,0,19,6,0,0,0,0,0,5,0,0,0,0,0.05263155124655198,0.05263155124655198
davista02w,10,0,DET,WNBA,1,0,4,2,2,0,2,0,0,0,0,0,5,1,1,0,3,0,0,0,0,0,0,0,0,0,0,0,0,0,0,0,0,0,0,0,0,0,4,2,2,0,0,0,0,0,0,0,0,0,0.8499978750053125,0.8499978750053125
deforan01w,1,0,DET,WNBA,27,10,433,145,9,38,47,47,27,4,33,0,126,51,32,25,56,18,0,0,0,0,0,0,0,0,0,0,0,0,0,0,0,0,0,0,0,0,433,145,9,38,47,27,4,33,0,0,0,0,0.47967666328691316,0.47967666328691316
deforan01w,4,0,PHO,WNBA,34,27,1065,405,32,73,105,72,51,12,53,0,357,147,69,50,148,61,0,0,0,0,0,0,0,0,0,0,0,0,0,0,0,0,0,0,0,0,1065,405,32,73,72,51,12,53,0,0,0,0,0.49887323475236395,0.49887323475236395
deforan01w,5,0,PHO,WNBA,34,34,1152,488,23,100,123,107,51,8,68,0,396,165,102,88,181,70,0,0,0,0,0,0,0,0,0,0,0,0,0,0,0,0,0,0,0,0,1152,488,23,100,107,51,8,68,0,0,0,0,0.548697911903664,0.548697911903664
deforan01w,6,0,PHO,WNBA,33,33,1131,433,31,83,114,80,41,7,81,0,364,142,120,102,144,47,0,0,0,0,0,0,0,0,0,0,0,0,0,0,0,0,0,0,0,0,1131,433,31,83,80,41,7,81,0,0,0,0,0.46560565459234604,0.46560565459234604
deforan01w,7,0,IND,WNBA,34,34,1001,348,40,106,146,76,39,9,55,0,313,123,66,54,127,48,0,2,2,64,12,4,3,7,3,1,0,0,7,15,5,0,0,8,2,0,1001,348,40,106,76,39,9,55,0,0,0,0,0.47632367156519806,0.47632367156519806
deforan01w,8,0,IND,WNBA,34,34,795,296,28,83,111,52,26,4,46,0,268,112,32,29,105,43,0,6,6,197,101,4,18,22,6,8,1,9,10,75,35,20,20,28,11,0,795,296,28,83,52,26,4,46,0,0,0,0,0.4735848997033346,0.4735848997033346
deforan01w,9,0,MIN,WNBA,34,34,847,288,24,79,103,59,27,5,31,0,271,106,38,29,129,47,0,0,0,0,0,0,0,0,0,0,0,0,0,0,0,0,0,0,0,0,847,288,24,79,59,27,5,31,0,0,0,0,0.45867768053509234,0.45867768053509234
deforan01w,10,0,DET,WNBA,7,7,113,10,6,14,20,10,4,0,7,0,18,5,0,0,4,0,0,0,0,0,0,0,0,0,0,0,0,0,0,0,0,0,0,0,0,0,113,10,6,14,10,4,0,7,0,0,0,0,0.2247787411700229,0.2247787411700229
derevje01w,5,0,CON,WNBA,23,0,140,19,1,8,9,14,8,0,10,0,26,7,2,2,12,3,0,1,0,1,0,0,0,0,0,0,0,0,0,0,0,0,0,0,0,0,140,19,1,8,14,8,0,10,0,0,0,0,0.2435714111734706,0.2435714111734706
derevje01w,6,0,CON,WNBA,34,1,359,24,10,20,30,40,11,2,26,0,22,8,16,7,7,1,0,8,1,82,6,1,3,4,14,5,0,6,4,5,2,4,2,1,0,0,359,24,10,20,40,11,2,26,0,0,0,0,0.17827297553557173,0.17827297553557173
derevje01w,7,0,PHO,WNBA,31,8,467,96,11,46,57,68,23,7,25,0,75,38,26,16,15,4,0,0,0,0,0,0,0,0,0,0,0,0,0,0,0,0,0,0,0,0,467,96,11,46,68,23,7,25,0,0,0,0,0.40792290347060167,0.40792290347060167
derevje01w,8,0,PHO,WNBA,23,0,200,36,5,18,23,24,6,1,16,0,30,13,11,9,10,1,0,1,0,2,0,0,0,0,0,0,0,0,0,0,0,0,0,0,0,0,200,36,5,18,24,6,1,16,0,0,0,0,0.29949998502500075,0.29949998502500075
derevje01w,9,0,PHO,WNBA,17,0,145,14,5,12,17,27,2,4,10,0,19,5,4,3,8,1,0,0,0,0,0,0,0,0,0,0,0,0,0,0,0,0,0,0,0,0,145,14,5,12,27,2,4,10,0,0,0,0,0.3041379100594545,0.3041379100594545
desouer01w,3,0,LAS,WNBA,11,0,41,12,8,6,14,2,3,0,6,0,14,5,10,2,0,0,0,1,0,3,3,1,0,1,0,0,0,0,0,1,0,4,3,0,0,0,41,12,8,6,2,3,0,6,0,0,0,0,0.4487803783462492,0.4487803783462492
desouer01w,8,0,CON,WNBA,32,2,391,136,37,60,97,14,7,29,35,0,118,63,21,10,0,0,0,1,0,7,0,0,0,0,1,0,0,0,0,1,0,0,0,0,0,0,391,136,37,60,14,7,29,35,0,0,0,0,0.49846546039730283,0.49846546039730283
desouer01w,9,0,ATL,WNBA,12,8,277,112,39,40,79,8,17,21,20,0,82,48,26,16,0,0,2,0,0,0,0,0,0,0,0,0,0,0,0,0,0,0,0,0,0,0,277,112,39,40,8,17,21,20,0,0,0,0,0.6400721790587662,0.6400721790587662
desouer01w,10,0,ATL,WNBA,34,34,928,402,119,190,309,38,32,44,70,0,322,170,95,62,0,0,1,2,2,54,23,5,9,14,2,4,2,10,10,18,10,4,3,0,0,0,928,402,119,190,38,32,44,70,0,0,0,0,0.6317887862953794,0.6317887862953794
dickeke01w,1,0,MIN,WNBA,32,29,791,142,31,110,141,59,37,2,70,0,142,54,45,34,2,0,4,0,0,0,0,0,0,0,0,0,0,0,0,0,0,0,0,0,0,0,791,142,31,110,59,37,2,70,0,0,0,0,0.2840707928688901,0.2840707928688901
dickeke01w,2,0,UTA,WNBA,4,0,6,0,0,1,1,1,0,0,0,0,0,0,4,0,0,0,0,0,0,0,0,0,0,0,0,0,0,0,0,0,0,0,0,0,0,0,6,0,0,1,1,0,0,0,0,0,0,0,0.21666630555615743,0.21666630555615743
dillata01w,4,0,SAS,WNBA,24,0,168,41,1,14,15,15,7,4,14,0,65,16,6,5,23,4,0,0,0,0,0,0,0,0,0,0,0,0,0,0,0,0,0,0,0,0,168,41,1,14,15,7,4,14,0,0,0,0,0.3446428366284026,0.3446428366284026
dillata01w,5,0,SAS,WNBA,23,0,205,37,2,12,14,19,4,1,14,0,54,16,1,0,18,5,0,0,0,0,0,0,0,0,0,0,0,0,0,0,0,0,0,0,0,0,205,37,2,12,19,4,1,14,0,0,0,0,0.2536585242117793,0.2536585242117793
dillata01w,6,0,SAS,WNBA,10,0,51,9,1,5,6,3,2,0,3,0,16,4,4,1,3,0,0,0,0,0,0,0,0,0,0,0,0,0,0,0,0,0,0,0,0,0,51,9,1,5,3,2,0,3,0,0,0,0,0.25882347866206296,0.25882347866206296
dixonta01w,1,0,LAS,WNBA,31,31,882,338,34,71,105,96,40,10,60,0,291,132,77,62,34,12,0,4,4,127,47,4,7,11,16,3,0,8,12,46,17,9,8,10,5,0,882,338,34,71,96,40,10,60,0,0,0,0,0.531859404400687,0.531859404400687
dixonta01w,2,0,LAS,WNBA,29,29,925,340,19,66,85,114,27,2,71,0,319,133,86,68,34,6,2,7,7,253,95,5,12,17,29,9,2,20,14,83,40,11,9,13,6,0,925,340,19,66,114,27,2,71,0,0,0,0,0.481189183987144,0.481189183987144
dixonta01w,3,0,LAS,WNBA,30,30,958,319,18,74,92,119,28,5,82,0,320,125,59,49,57,20,2,5,4,147,61,2,18,20,17,12,0,13,15,44,25,10,9,4,2,1,958,319,18,74,119,28,5,82,0,0,0,0,0.4423799536286018,0.4423799536286018
dixonta01w,4,0,LAS,WNBA,30,30,1042,412,41,85,126,89,35,10,69,0,364,159,94,83,52,11,0,9,9,316,110,8,21,29,29,14,2,11,27,94,40,27,26,12,4,0,1042,412,41,85,89,35,10,69,0,0,0,0,0.5097888626699726,0.5097888626699726
dixonta01w,5,0,LAS,WNBA,32,21,913,311,32,78,110,112,36,1,71,0,269,119,87,68,11,5,0,3,3,100,31,4,13,17,9,2,0,10,12,30,12,8,7,0,0,1,913,311,32,78,112,36,1,71,0,0,0,0,0.4762321963172815,0.4762321963172815
dixonta01w,6,0,LAS,WNBA,30,23,607,160,24,43,67,77,24,2,40,0,154,63,40,34,5,0,0,2,1,12,2,0,1,1,2,1,0,1,4,2,1,0,0,0,0,0,607,160,24,43,77,24,2,40,0,0,0,0,0.4163097130756226,0.4163097130756226
dixonta01w,7,0,HOU,WNBA,23,14,591,162,19,41,60,54,13,2,58,0,171,69,28,23,9,1,1,2,0,44,11,1,7,8,5,0,0,4,1,11,4,4,3,0,0,0,591,162,19,41,54,13,2,58,0,0,0,0,0.33604060345108966,0.33604060345108966
dixonta01w,8,0,HOU,WNBA,18,0,490,216,12,45,57,57,24,6,38,0,205,90,36,31,17,5,0,0,0,0,0,0,0,0,0,0,0,0,0,0,0,0,0,0,0,0,490,216,12,45,57,24,6,38,0,0,0,0,0.585510192132445,0.585510192132445
dixonta01w,9,0,HOU,WNBA,24,20,634,216,23,53,76,44,25,3,48,0,221,89,42,36,13,2,1,0,0,0,0,0,0,0,0,0,0,0,0,0,0,0,0,0,0,0,634,216,23,53,44,25,3,48,0,0,0,0,0.42902207525201774,0.42902207525201774
dixonta01w,10,0,IND,WNBA,32,1,424,132,10,41,51,37,12,3,27,0,134,55,21,18,10,4,0,10,0,62,21,2,5,7,2,1,0,5,5,26,9,5,3,2,0,0,424,132,10,41,37,12,3,27,0,0,0,0,0.41580187698580484,0.41580187698580484
donapbe01w,4,0,NYL,WNBA,1,0,2,0,0,0,0,0,0,0,0,0,0,0,0,0,0,0,0,0,0,0,0,0,0,0,0,0,0,0,0,0,0,0,0,0,0,0,2,0,0,0,0,0,0,0,0,0,0,0,0.0,0.0
donapbe01w,5,0,NYL,WNBA,26,16,479,131,30,41,71,16,11,8,21,0,106,49,61,33,0,0,0,5,5,96,22,8,3,11,2,7,2,5,9,25,10,5,2,0,0,0,479,131,30,41,16,11,8,21,0,0,0,0,0.3722338126882294,0.3722338126882294
doronsh01w,8,0,NYL,WNBA,7,2,35,10,0,3,3,0,3,0,1,0,11,4,2,1,1,1,0,1,0,2,0,0,0,0,0,0,0,0,0,1,0,0,0,1,0,0,35,10,0,3,0,3,0,1,0,0,0,0,0.3685713232653362,0.3685713232653362
dossaci01w,1,0,ORL,WNBA,32,31,820,228,35,89,124,38,16,63,54,0,222,94,57,40,1,0,2,3,3,82,18,3,5,8,3,2,7,5,9,16,8,2,2,0,0,0,820,228,35,89,38,16,63,54,0,0,0,0,0.41731706808149915,0.41731706808149915
dossaci01w,2,0,ORL,WNBA,10,0,65,19,1,5,6,2,3,5,7,0,19,7,6,5,0,0,0,0,0,0,0,0,0,0,0,0,0,0,0,0,0,0,0,0,0,0,65,19,1,5,2,3,5,7,0,0,0,0,0.3723076350295946,0.3723076350295946
dossaci01w,3,0,ORL,WNBA,26,0,260,88,15,20,35,10,4,13,20,0,53,26,46,36,1,0,0,0,0,0,0,0,0,0,0,0,0,0,0,0,0,0,0,0,0,0,260,88,15,20,10,4,13,20,0,0,0,0,0.42884613735207167,0.42884613735207167
douglka01w,2,0,ORL,WNBA,22,0,439,154,16,35,51,39,37,7,44,0,141,51,47,34,57,18,0,0,0,0,0,0,0,0,0,0,0,0,0,0,0,0,0,0,0,0,439,154,16,35,39,37,7,44,0,0,0,0,0.4890660480850559,0.4890660480850559
douglka01w,3,0,ORL,WNBA,32,30,830,271,41,94,135,53,49,13,42,0,205,92,67,58,79,29,1,0,0,0,0,0,0,0,0,0,0,0,0,0,0,0,0,0,0,0,830,271,41,94,53,49,13,42,0,0,0,0,0.4830120423733489,0.4830120423733489
douglka01w,4,0,CON,WNBA,28,27,843,336,33,73,106,56,31,11,28,0,274,120,68,49,123,47,0,4,4,126,29,2,8,10,12,3,1,1,9,30,10,7,6,12,3,0,843,336,33,73,56,31,11,28,0,0,0,0,0.5349940624555864,0.5349940624555864
douglka01w,5,0,CON,WNBA,34,34,1120,364,33,99,132,90,50,13,52,0,321,125,77,61,153,53,0,8,8,268,82,9,23,32,22,10,0,16,19,66,23,27,25,37,11,0,1120,364,33,99,90,50,13,52,0,0,0,0,0.46232142444355867,0.46232142444355867
douglka01w,6,0,CON,WNBA,32,32,998,351,45,85,130,94,48,4,54,0,288,119,106,82,110,31,0,8,8,278,96,12,25,37,18,11,1,8,17,67,31,29,19,38,15,0,998,351,45,85,94,48,4,54,0,0,0,0,0.5010019989879559,0.5010019989879559
douglka01w,7,0,CON,WNBA,32,32,1003,525,38,83,121,79,62,4,73,0,404,179,112,94,173,73,0,4,4,125,48,6,9,15,10,4,1,11,1,45,18,5,4,27,8,0,1003,525,38,83,79,62,4,73,0,0,0,0,0.6465603125966071,0.6465603125966071
douglka01w,8,0,CON,WNBA,34,34,1133,577,49,109,158,125,65,10,95,0,484,207,122,95,201,68,0,3,3,114,52,6,10,16,10,10,0,15,7,52,18,9,8,28,8,0,1133,577,49,109,125,65,10,95,0,0,0,0,0.661076781455633,0.661076781455633
douglka01w,9,0,IND,WNBA,33,33,1134,516,41,94,135,106,53,11,100,0,458,170,149,119,176,57,0,3,3,93,22,1,6,7,7,4,2,10,7,22,7,10,7,8,1,0,1134,516,41,94,106,53,11,100,0,0,0,0,0.5669312119318236,0.5669312119318236
douglka01w,10,0,IND,WNBA,31,31,1003,547,24,96,120,85,56,7,75,0,459,188,122,105,189,66,0,10,10,361,155,14,21,35,40,14,6,19,14,141,51,43,35,58,18,0,1003,547,24,96,85,56,7,75,0,0,0,0,0.6636091658663094,0.6636091658663094
duffyme01w,7,0,MIN,WNBA,31,0,387,105,10,19,29,36,9,0,24,0,92,33,39,27,37,12,0,0,0,0,0,0,0,0,0,0,0,0,0,0,0,0,0,0,0,0,387,105,10,19,36,9,0,24,0,0,0,0,0.3583979235556092,0.3583979235556092
duffyme01w,8,0,MIN,WNBA,5,0,48,7,2,3,5,7,1,0,4,0,9,1,4,4,8,1,0,0,0,0,0,0,0,0,0,0,0,0,0,0,0,0,0,0,0,0,48,7,2,3,7,1,0,4,0,0,0,0,0.2770832756076509,0.2770832756076509
duffyme01w,9,0,NYL,WNBA,6,0,45,11,0,2,2,3,0,0,5,0,6,2,6,6,4,1,0,0,0,0,0,0,0,0,0,0,0,0,0,0,0,0,0,0,0,0,45,11,0,2,3,0,0,5,0,0,0,0,0.21333328592593645,0.21333328592593645
dupreca01w,7,0,CHI,WNBA,34,31,1032,467,55,133,188,60,43,25,60,0,407,186,122,95,5,0,0,0,0,0,0,0,0,0,0,0,0,0,0,0,0,0,0,0,0,0,1032,467,55,133,60,43,25,60,0,0,0,0,0.5943798392017458,0.5943798392017458
dupreca01w,8,0,CHI,WNBA,33,33,1078,544,79,175,254,46,29,41,81,0,471,210,160,124,5,0,1,0,0,0,0,0,0,0,0,0,0,0,0,0,0,0,0,0,0,0,1078,544,79,175,46,29,41,81,0,0,0,0,0.6371057454813938,0.6371057454813938
dupreca01w,9,0,CHI,WNBA,34,34,1119,555,77,193,270,78,36,45,98,0,455,208,177,138,7,1,0,0,0,0,0,0,0,0,0,0,0,0,0,0,0,0,0,0,0,0,1119,555,77,193,78,36,45,98,0,0,0,0,0.6504021389597664,0.6504021389597664
dupreca01w,10,0,CHI,WNBA,34,34,1186,534,76,192,268,75,35,41,81,0,476,204,130,102,62,24,0,0,0,0,0,0,0,0,0,0,0,0,0,0,0,0,0,0,0,0,1186,534,76,192,75,35,41,81,0,0,0,0,0.6026981399435234,0.6026981399435234
dydekma01w,1,0,UTA,WNBA,32,32,775,294,29,146,175,51,18,96,82,0,236,105,103,82,14,2,1,0,0,0,0,0,0,0,0,0,0,0,0,0,0,0,0,0,0,0,775,294,29,146,51,18,96,82,0,0,0,0,0.5691612829785642,0.5691612829785642
dydekma01w,2,0,UTA,WNBA,32,32,970,349,29,214,243,64,25,113,90,0,291,128,109,87,15,6,1,2,2,69,28,1,13,14,3,1,7,4,10,21,9,13,10,0,0,1,970,349,29,214,64,25,113,90,0,0,0,0,0.5623711282229781,0.5623711282229781
dydekma01w,3,0,UTA,WNBA,30,27,876,394,52,210,262,71,25,107,96,0,319,139,135,114,8,2,2,5,5,171,60,3,41,44,12,1,17,16,17,55,22,15,13,5,3,0,876,394,52,210,71,25,107,96,0,0,0,0,0.685388120029816,0.685388120029816
dydekma01w,4,0,SAS,WNBA,34,34,926,406,45,206,251,58,19,100,80,0,346,156,130,94,1,0,1,0,0,0,0,0,0,0,0,0,0,0,0,0,0,0,0,0,0,0,926,406,45,206,58,19,100,80,0,0,0,0,0.6439524768471655,0.6439524768471655
dydekma01w,5,0,SAS,WNBA,34,24,682,225,30,138,168,60,20,48,64,0,208,90,58,44,2,1,0,0,0,0,0,0,0,0,0,0,0,0,0,0,0,0,0,0,0,0,682,225,30,138,60,20,48,64,0,0,0,0,0.5152492593071956,0.5152492593071956
dydekma01w,6,0,CON,WNBA,31,30,671,225,27,168,195,38,8,71,47,0,162,87,65,50,2,1,0,8,8,146,36,8,34,42,4,3,13,16,19,38,14,11,7,1,1,0,671,225,27,168,38,8,71,47,0,0,0,0,0.5429210053215946,0.5429210053215946
dydekma01w,7,0,CON,WNBA,34,34,743,320,35,171,206,40,21,85,50,0,253,125,84,69,4,1,0,5,5,133,55,12,24,36,4,4,14,8,17,48,22,13,11,1,0,0,743,320,35,171,40,21,85,50,0,0,0,0,0.6619111620200382,0.6619111620200382
dydekma01w,8,0,CON,WNBA,32,30,643,214,37,172,209,31,12,66,51,0,187,91,38,30,5,2,1,3,3,80,21,3,16,19,2,0,8,3,4,25,10,2,0,2,1,0,643,214,37,172,31,12,66,51,0,0,0,0,0.5435458702403442,0.5435458702403442
dydekma01w,9,0,LAS,WNBA,2,0,14,4,2,1,3,0,0,0,0,0,5,2,0,0,0,0,0,1,0,1,0,0,1,1,0,0,0,0,0,0,0,0,0,0,0,0,14,4,2,1,0,0,0,0,0,0,0,0,0.40714256632673834,0.40714256632673834
edwarmi01w,1,1,CLE,WNBA,3,0,17,8,0,2,2,1,0,0,4,0,10,4,0,0,3,0,0,0,0,0,0,0,0,0,0,0,0,0,0,0,0,0,0,0,0,0,17,8,0,2,1,0,0,4,0,0,0,0,0.32941157093437,0.32941157093437
edwarmi01w,1,2,SEA,WNBA,20,13,455,131,7,27,34,40,14,5,38,0,143,51,35,23,32,6,0,0,0,0,0,0,0,0,0,0,0,0,0,0,0,0,0,0,0,0,455,131,7,27,40,14,5,38,0,0,0,0,0.3626373546673109,0.3626373546673109
edwarmi01w,2,0,SEA,WNBA,3,0,13,4,0,2,2,4,1,0,3,0,3,1,2,2,0,0,0,0,0,0,0,0,0,0,0,0,0,0,0,0,0,0,0,0,0,0,13,4,0,2,4,1,0,3,0,0,0,0,0.5076919171600637,0.5076919171600637
edwarsi01w,1,0,SEA,WNBA,29,7,645,216,38,69,107,22,16,10,45,0,182,83,80,50,0,0,0,0,0,0,0,0,0,0,0,0,0,0,0,0,0,0,0,0,0,0,645,216,38,69,22,16,10,45,0,0,0,0,0.41286821065320606,0.41286821065320606
edwarsi01w,2,0,SEA,WNBA,32,27,810,237,67,90,157,26,24,20,37,0,190,91,83,55,0,0,0,0,0,0,0,0,0,0,0,0,0,0,0,0,0,0,0,0,0,0,810,237,67,90,26,24,20,37,0,0,0,0,0.42456789599298894,0.42456789599298894
edwarsi01w,3,0,SEA,WNBA,32,5,694,223,46,95,141,19,21,12,44,0,158,84,73,54,1,1,0,2,0,31,4,2,1,3,0,0,0,2,4,8,1,4,2,0,0,0,694,223,46,95,19,21,12,44,0,0,0,0,0.4203169968254035,0.4203169968254035
edwarsi01w,4,0,SEA,WNBA,34,6,577,157,54,79,133,16,10,9,31,0,134,61,56,35,0,0,0,0,0,0,0,0,0,0,0,0,0,0,0,0,0,0,0,0,0,0,577,157,54,79,16,10,9,31,0,0,0,0,0.3856152446167202,0.3856152446167202
edwarsi01w,5,0,SEA,WNBA,23,3,257,48,25,31,56,5,8,3,13,0,55,20,19,8,0,0,0,7,0,54,12,7,7,14,1,0,1,2,5,9,6,0,0,0,0,0,257,48,25,31,5,8,3,13,0,0,0,0,0.3027237236294271,0.3027237236294271
edwarsi01w,6,0,SEA,WNBA,28,0,201,55,9,22,31,3,4,2,4,0,41,24,12,7,0,0,0,2,0,5,0,0,1,1,1,0,0,0,0,1,0,0,0,0,0,0,201,55,9,22,3,4,2,4,0,0,0,0,0.36268654912007214,0.36268654912007214
edwarte01w,4,0,MIN,WNBA,34,34,854,181,24,81,105,148,41,11,92,0,168,63,40,31,80,24,0,3,3,83,20,1,9,10,19,5,1,8,6,19,6,4,4,12,4,0,854,181,24,81,148,41,11,92,0,0,0,0,0.3865339533192746,0.3865339533192746
edwarte01w,5,0,MIN,WNBA,34,34,697,194,29,61,90,79,47,8,93,0,200,74,30,21,85,25,0,2,2,43,6,1,4,5,2,3,1,4,5,6,1,4,3,5,1,0,697,194,29,61,79,47,8,93,0,0,0,0,0.3925394491744699,0.3925394491744699
edwarto01w,1,0,PHO,WNBA,32,32,926,338,19,57,76,58,36,9,63,0,298,112,101,79,114,35,2,2,2,61,17,1,5,6,5,4,0,2,8,20,5,6,4,13,3,0,926,338,19,57,58,36,9,63,0,0,0,0,0.44103671229981956,0.44103671229981956
edwarto01w,2,2,CHA,WNBA,22,0,372,100,11,32,43,30,14,6,40,0,100,34,37,27,22,5,0,8,0,119,22,6,10,16,12,5,0,11,8,21,9,2,2,4,2,0,372,100,11,32,30,14,6,40,0,0,0,0,0.34220429187622875,0.34220429187622875
edwarto01w,2,1,PHO,WNBA,10,9,208,94,5,14,19,18,5,1,22,0,71,26,47,37,14,5,1,0,0,0,0,0,0,0,0,0,0,0,0,0,0,0,0,0,0,0,208,94,5,14,18,5,1,22,0,0,0,0,0.4985576683385736,0.4985576683385736
edwarto01w,3,0,CHA,WNBA,29,0,303,112,11,30,41,24,16,2,17,0,99,36,46,33,25,7,0,2,0,19,3,0,1,1,1,0,0,1,2,5,1,2,0,3,1,0,303,112,11,30,24,16,2,17,0,0,0,0,0.5072607093313297,0.5072607093313297
elysh01w,6,0,SAS,WNBA,31,11,528,139,11,51,62,27,7,4,33,0,132,50,39,30,31,9,0,0,0,0,0,0,0,0,0,0,0,0,0,0,0,0,0,0,0,0,528,139,11,51,27,7,4,33,0,0,0,0,0.3162878727975782,0.3162878727975782
elysh01w,7,0,SAS,WNBA,12,1,136,41,5,26,31,10,2,0,13,0,44,12,26,15,9,2,0,0,0,0,0,0,0,0,0,0,0,0,0,0,0,0,0,0,0,0,136,41,5,26,10,2,0,13,0,0,0,0,0.37720585461721656,0.37720585461721656
elysh01w,8,0,SEA,WNBA,29,0,282,65,10,29,39,11,8,1,19,0,62,20,31,20,15,5,0,0,0,0,0,0,0,0,0,0,0,0,0,0,0,0,0,0,0,0,282,65,10,29,11,8,1,19,0,0,0,0,0.2897163017831099,0.2897163017831099
elysh01w,9,0,SEA,WNBA,34,1,389,113,30,60,90,16,12,5,29,0,115,47,24,15,11,4,0,2,0,2,0,0,0,0,0,0,0,0,2,0,0,0,0,0,0,0,389,113,30,60,16,12,5,29,0,0,0,0,0.40102826732575153,0.40102826732575153
elysh01w,10,0,CHI,WNBA,34,9,497,232,22,66,88,20,12,8,36,0,201,84,51,41,60,23,0,0,0,0,0,0,0,0,0,0,0,0,0,0,0,0,0,0,0,0,497,232,22,66,20,12,8,36,0,0,0,0,0.5456740332862368,0.5456740332862368
enissh01w,1,0,CHA,WNBA,12,9,323,139,21,24,45,10,10,1,16,0,104,41,60,46,32,11,0,0,0,0,0,0,0,0,0,0,0,0,0,0,0,0,0,0,0,0,323,139,21,24,10,10,1,16,0,0,0,0,0.5136222751200533,0.5136222751200533
enissh01w,2,0,CHA,WNBA,32,11,623,191,48,65,113,14,10,5,36,0,158,66,63,45,31,14,0,8,0,101,34,6,9,15,4,2,1,7,16,22,11,12,9,4,3,0,623,191,48,65,14,10,5,36,0,0,0,0,0.3805778430083814,0.3805778430083814
enissh01w,3,0,CHA,WNBA,4,0,59,19,6,3,9,3,1,2,1,0,18,5,9,9,3,0,0,1,0,3,0,2,0,2,0,0,0,0,0,3,0,0,0,1,0,0,59,19,6,3,3,1,2,1,0,0,0,0,0.49322025538639735,0.49322025538639735
enissh01w,4,0,CHA,WNBA,29,20,613,252,62,63,125,16,29,2,41,0,188,82,77,62,62,26,0,2,2,58,15,5,7,12,1,2,2,6,9,10,4,6,6,3,1,1,613,252,62,63,16,29,2,41,0,0,0,0,0.5225122263864237,0.5225122263864237
erbsu01w,1,0,CHA,WNBA,29,0,275,92,26,37,63,10,8,6,17,0,73,32,43,28,1,0,0,0,0,0,0,0,0,0,0,0,0,0,0,0,0,0,0,0,0,0,275,92,26,37,10,8,6,17,0,0,0,0,0.466545437580166,0.466545437580166
erbsu01w,2,0,CHA,WNBA,18,0,148,54,8,27,35,4,1,5,10,0,42,18,21,18,0,0,0,4,0,15,8,2,2,4,0,0,0,3,3,5,4,0,0,0,0,0,148,54,8,27,4,1,5,10,0,0,0,0,0.4574324015248377,0.4574324015248377
erbsu01w,3,0,CHA,WNBA,31,3,342,88,20,51,71,10,13,11,35,0,62,35,25,18,0,0,2,2,0,17,7,0,1,1,0,0,1,0,3,5,3,1,1,0,0,0,342,88,20,51,10,13,11,35,0,0,0,0,0.3400584695889337,0.3400584695889337
ervinla01w,10,0,CON,WNBA,8,0,56,16,4,9,13,0,1,0,2,0,17,8,2,0,0,0,0,0,0,0,0,0,0,0,0,0,0,0,0,0,0,0,0,0,0,0,56,16,4,9,0,1,0,2,0,0,0,0,0.36607136320154227,0.36607136320154227
fallotr01w,2,0,PHO,WNBA,31,16,841,322,35,42,77,33,35,12,47,0,259,127,65,53,37,15,0,0,0,0,0,0,0,0,0,0,0,0,0,0,0,0,0,0,0,0,841,322,35,42,33,35,12,47,0,0,0,0,0.4662306722208006,0.4662306722208006
farriba01w,1,0,DET,WNBA,14,2,130,45,16,16,32,2,6,1,14,0,30,15,27,15,1,0,0,0,0,0,0,0,0,0,0,0,0,0,0,0,0,0,0,0,0,0,130,45,16,16,2,6,1,14,0,0,0,0,0.43076919763313865,0.43076919763313865
farriba01w,2,0,DET,WNBA,31,10,559,129,41,68,109,16,7,5,30,0,98,46,58,37,0,0,1,0,0,0,0,0,0,0,0,0,0,0,0,0,0,0,0,0,0,0,559,129,41,68,16,7,5,30,0,0,0,0,0.3150268279959423,0.3150268279959423
farriba01w,3,0,DET,WNBA,32,16,564,143,29,65,94,16,12,9,38,0,117,49,61,45,1,0,0,0,0,0,0,0,0,0,0,0,0,0,0,0,0,0,0,0,0,0,564,143,29,65,16,12,9,38,0,0,0,0,0.3223404198166593,0.3223404198166593
farriba01w,4,0,DET,WNBA,34,0,522,127,29,53,82,23,10,4,41,0,99,43,63,41,0,0,0,8,0,133,31,8,12,20,4,1,0,10,14,25,10,17,11,1,0,0,522,127,29,53,23,10,4,41,0,0,0,0,0.30498083706933266,0.30498083706933266
farriba01w,5,0,DET,WNBA,26,0,422,118,28,33,61,7,8,2,26,0,80,41,54,36,0,0,0,3,2,78,18,8,7,15,2,1,0,5,5,17,6,8,6,0,0,0,422,118,28,33,7,8,2,26,0,0,0,0,0.3281990443554729,0.3281990443554729
farriba01w,6,0,DET,WNBA,34,1,444,83,31,53,84,19,8,1,43,0,73,25,54,33,0,0,0,2,0,12,0,0,1,1,0,0,0,0,0,1,0,0,0,0,0,0,444,83,31,53,19,8,1,43,0,0,0,0,0.2378378324811299,0.2378378324811299
farriba01w,7,0,NYL,WNBA,34,34,944,261,56,122,178,51,21,5,65,0,221,95,98,71,3,0,1,0,0,0,0,0,0,0,0,0,0,0,0,0,0,0,0,0,0,0,944,261,56,122,51,21,5,65,0,0,0,0,0.3694915215096237,0.3694915215096237
farriba01w,8,0,NYL,WNBA,28,0,237,53,16,27,43,13,6,1,19,0,58,20,16,13,0,0,0,3,0,12,6,0,0,0,0,0,0,2,3,5,3,0,0,0,0,0,237,53,16,27,13,6,1,19,0,0,0,0,0.3092826873720385,0.3092826873720385
farriba01w,9,0,PHO,WNBA,34,8,553,118,38,92,130,8,20,4,35,0,93,44,43,30,0,0,0,0,0,0,0,0,0,0,0,0,0,0,0,0,0,0,0,0,0,0,553,118,38,92,8,20,4,35,0,0,0,0,0.30596744473838255,0.30596744473838255
farriba01w,10,0,DET,WNBA,13,3,110,17,3,15,18,5,5,0,9,0,9,2,16,13,0,0,0,0,0,0,0,0,0,0,0,0,0,0,0,0,0,0,0,0,0,0,110,17,3,15,5,5,0,9,0,0,0,0,0.22363634330578697,0.22363634330578697
feastal01w,1,0,LAS,WNBA,32,0,469,202,36,49,85,33,23,2,35,0,167,60,72,60,85,22,0,4,0,44,15,3,6,9,3,2,1,5,11,16,5,2,2,13,3,0,469,202,36,49,33,23,2,35,0,0,0,0,0.5648187512831823,0.5648187512831823
feastal01w,2,0,CHA,WNBA,32,32,1007,365,55,98,153,46,29,10,59,0,336,126,63,58,168,55,1,8,8,248,64,8,26,34,14,9,4,9,18,74,26,1,1,35,11,0,1007,365,55,98,46,29,10,59,0,0,0,0,0.4557100252660375,0.4557100252660375
feastal01w,3,0,CHA,WNBA,32,32,956,379,37,81,118,61,39,12,40,0,292,115,85,70,189,79,0,2,2,65,15,3,12,15,7,2,0,4,1,20,6,0,0,13,3,0,956,379,37,81,61,39,12,40,0,0,0,0,0.5242677769428058,0.5242677769428058
feastal01w,4,0,CHA,WNBA,34,34,1096,422,37,76,113,73,52,9,72,0,378,142,78,66,205,72,0,2,2,63,21,2,3,5,1,2,0,0,5,20,7,4,3,10,4,0,1096,422,37,76,73,52,9,72,0,0,0,0,0.48604014155072867,0.48604014155072867
feastal01w,5,0,CHA,WNBA,33,32,1052,388,22,62,84,60,27,6,68,0,332,132,91,79,143,45,0,0,0,0,0,0,0,0,0,0,0,0,0,0,0,0,0,0,0,0,1052,388,22,62,60,27,6,68,0,0,0,0,0.4249049389267591,0.4249049389267591
feastal01w,6,0,CHA,WNBA,21,21,666,192,9,28,37,51,14,2,38,0,162,61,39,33,86,37,0,0,0,0,0,0,0,0,0,0,0,0,0,0,0,0,0,0,0,0,666,192,9,28,51,14,2,38,0,0,0,0,0.35390389859003163,0.35390389859003163
feastal01w,7,0,CHA,WNBA,32,1,309,55,3,17,20,21,13,2,14,0,81,19,2,1,64,16,0,0,0,0,0,0,0,0,0,0,0,0,0,0,0,0,0,0,0,0,309,55,3,17,21,13,2,14,0,0,0,0,0.2724919005666052,0.2724919005666052
feastal01w,9,0,IND,WNBA,33,0,301,85,9,14,23,26,5,3,14,0,89,30,2,2,75,23,0,2,0,8,3,0,0,0,0,0,0,1,0,2,1,0,0,2,1,0,301,85,9,14,26,5,3,14,0,0,0,0,0.38372091748435494,0.38372091748435494
feifesu01w,6,0,SAC,WNBA,5,0,24,7,0,1,1,3,0,0,2,0,6,1,4,4,1,1,0,0,0,0,0,0,0,0,0,0,0,0,0,0,0,0,0,0,0,0,24,7,0,1,3,0,0,2,0,0,0,0,0.3458331892361712,0.3458331892361712
ferdima01w,2,0,UTA,WNBA,32,22,864,366,23,63,86,79,40,4,63,0,290,143,113,69,42,11,1,2,2,69,29,2,6,8,7,3,0,2,4,16,7,18,15,2,0,0,864,366,23,63,79,40,4,63,0,0,0,0,0.5335648086392962,0.5335648086392962
ferdima01w,3,0,UTA,WNBA,32,32,1065,489,19,88,107,91,51,7,89,0,371,176,171,132,34,5,0,5,5,186,74,4,18,22,13,10,0,20,16,56,25,34,23,5,1,0,1065,489,19,88,91,51,7,89,0,0,0,0,0.5527699478613151,0.5527699478613151
ferdima01w,4,0,SAS,WNBA,34,34,1116,470,28,99,127,90,58,6,85,0,384,139,223,176,52,16,0,0,0,0,0,0,0,0,0,0,0,0,0,0,0,0,0,0,0,0,1116,470,28,99,90,58,6,85,0,0,0,0,0.5271505329108376,0.5271505329108376
ferdima01w,5,0,SAS,WNBA,17,17,509,199,18,36,54,29,32,2,35,0,162,67,64,55,27,10,0,0,0,0,0,0,0,0,0,0,0,0,0,0,0,0,0,0,0,0,509,199,18,36,29,32,2,35,0,0,0,0,0.4919449805118864,0.4919449805118864
ferdima01w,6,0,SAS,WNBA,31,31,999,388,40,76,116,68,46,5,70,0,358,132,134,104,65,20,0,0,0,0,0,0,0,0,0,0,0,0,0,0,0,0,0,0,0,0,999,388,40,76,68,46,5,70,0,0,0,0,0.48828828340051766,0.48828828340051766
ferdima01w,8,0,SAS,WNBA,34,12,481,164,33,48,81,28,19,3,37,0,170,61,40,36,27,6,0,5,0,71,33,7,12,19,6,10,0,6,7,26,11,13,11,2,0,0,481,164,33,48,28,19,3,37,0,0,0,0,0.44594593667472066,0.44594593667472066
ferdima01w,9,0,LAS,WNBA,33,25,680,276,30,55,85,43,25,4,41,0,246,91,92,82,44,12,0,6,0,111,45,5,10,15,11,2,0,8,8,39,15,12,11,11,4,0,680,276,30,55,43,25,4,41,0,0,0,0,0.5066176396085641,0.5066176396085641
ferdima01w,10,0,LAS,WNBA,28,6,339,151,17,24,41,24,15,2,22,0,135,58,37,31,22,4,1,2,0,14,5,1,1,2,0,1,0,0,2,4,1,2,2,2,1,0,339,151,17,24,24,15,2,22,0,0,0,0,0.5578170926897613,0.5578170926897613
fernama01w,8,0,LAS,WNBA,34,20,891,297,12,60,72,101,36,14,90,0,282,107,89,71,49,12,0,0,0,0,0,0,0,0,0,0,0,0,0,0,0,0,0,0,0,0,891,297,12,60,101,36,14,90,0,0,0,0,0.4314253599166626,0.4314253599166626
ferrama01w,1,0,NYL,WNBA,23,4,154,50,4,13,17,4,0,2,11,0,53,23,2,1,10,3,0,3,0,12,6,0,3,3,1,1,0,0,4,3,2,0,0,2,2,0,154,50,4,13,4,0,2,11,0,0,0,0,0.33571426391465814,0.33571426391465814
figgsuk01w,1,0,LAS,WNBA,32,32,803,215,14,41,55,127,21,3,43,0,153,66,65,54,82,29,0,4,4,106,24,6,10,16,19,2,0,11,10,23,7,6,6,11,4,0,803,215,14,41,127,21,3,43,0,0,0,0,0.42976338194566155,0.42976338194566155
figgsuk01w,2,0,LAS,WNBA,32,29,930,257,14,86,100,126,43,4,55,0,179,76,63,51,117,54,0,7,7,239,58,3,12,15,41,4,4,6,14,53,18,16,12,36,10,0,930,257,14,86,126,43,4,55,0,0,0,0,0.4415053715967165,0.4415053715967165
figgsuk01w,3,0,POR,WNBA,31,31,866,264,13,67,80,104,25,2,44,0,233,83,65,59,120,39,0,0,0,0,0,0,0,0,0,0,0,0,0,0,0,0,0,0,0,0,866,264,13,67,104,25,2,44,0,0,0,0,0.4390300180250576,0.4390300180250576
figgsuk01w,4,0,HOU,WNBA,34,30,952,149,11,70,81,82,26,1,59,0,124,52,22,19,69,26,0,3,3,81,17,1,5,6,7,1,0,3,4,15,6,0,0,7,5,0,952,149,11,70,82,26,1,59,0,0,0,0,0.23918066975650557,0.23918066975650557
firsool01w,1,0,NYL,WNBA,9,0,19,12,0,4,4,1,0,1,2,0,10,4,5,4,1,0,0,3,0,6,6,1,0,1,0,0,0,0,1,4,3,0,0,0,0,0,19,12,0,4,1,0,1,2,0,0,0,0,0.6947364764544861,0.6947364764544861
floremi01w,1,0,MIA,WNBA,32,0,474,112,6,17,23,49,23,3,48,0,112,34,42,26,61,18,0,0,0,0,0,0,0,0,0,0,0,0,0,0,0,0,0,0,0,0,474,112,6,17,49,23,3,48,0,0,0,0,0.3128691917116205,0.3128691917116205
flukety01w,7,0,CHA,WNBA,31,1,324,76,26,40,66,9,2,14,21,0,89,30,22,16,2,0,0,0,0,0,0,0,0,0,0,0,0,0,0,0,0,0,0,0,0,0,324,76,26,40,9,2,14,21,0,0,0,0,0.3401234462924862,0.3401234462924862
flukety01w,8,2,LAS,WNBA,12,0,114,39,9,10,19,3,3,7,9,0,44,17,7,4,2,1,0,0,0,0,0,0,0,0,0,0,0,0,0,0,0,0,0,0,0,0,114,39,9,10,3,3,7,9,0,0,0,0,0.4587718895814132,0.4587718895814132
flukety01w,8,1,SEA,WNBA,9,0,31,1,2,5,7,0,0,1,3,0,10,0,2,1,1,0,0,0,0,0,0,0,0,0,0,0,0,0,0,0,0,0,0,0,0,0,31,1,2,5,0,0,1,3,0,0,0,0,0.06129030280957975,0.06129030280957975
flukety01w,9,0,CHI,WNBA,26,2,231,70,11,23,34,10,6,8,18,0,65,25,25,19,3,1,0,0,0,0,0,0,0,0,0,0,0,0,0,0,0,0,0,0,0,0,231,70,11,23,10,6,8,18,0,0,0,0,0.39220777522910066,0.39220777522910066
folklkr01w,1,0,MIN,WNBA,32,20,845,242,38,116,154,67,23,22,50,0,191,86,94,66,19,4,1,0,0,0,0,0,0,0,0,0,0,0,0,0,0,0,0,0,0,0,845,242,38,116,67,23,22,50,0,0,0,0,0.4324260303854908,0.4324260303854908
folklkr01w,2,0,POR,WNBA,32,31,862,180,49,196,245,45,20,34,39,0,166,71,40,33,12,5,0,0,0,0,0,0,0,0,0,0,0,0,0,0,0,0,0,0,0,0,862,180,49,196,45,20,34,39,0,0,0,0,0.38642690967022153,0.38642690967022153
folklkr01w,3,0,POR,WNBA,32,4,602,155,41,107,148,32,18,17,32,0,126,62,35,31,3,0,0,0,0,0,0,0,0,0,0,0,0,0,0,0,0,0,0,0,0,0,602,155,41,107,32,18,17,32,0,0,0,0,0.41661128876060977,0.41661128876060977
fordch01w,4,0,DET,WNBA,32,32,956,344,99,235,334,27,32,31,79,0,270,128,129,88,0,0,1,8,8,232,67,25,55,80,4,11,6,10,30,74,24,23,19,0,0,0,956,344,99,235,27,32,31,79,0,0,0,0,0.5175732163433764,0.5175732163433764
fordch01w,5,0,DET,WNBA,31,31,912,329,104,193,297,34,41,25,54,0,287,118,158,93,0,0,3,3,3,111,48,5,27,32,1,4,7,8,3,38,17,22,14,0,0,0,912,329,104,193,34,41,25,54,0,0,0,0,0.5544956079550921,0.5544956079550921
fordch01w,6,0,DET,WNBA,33,33,932,313,113,209,322,26,33,46,69,0,279,120,150,73,0,0,6,2,2,49,19,7,7,14,2,1,2,3,11,18,8,5,3,0,0,1,932,313,113,209,26,33,46,69,0,0,0,0,0.52660943640977,0.52660943640977
fordch01w,7,0,DET,WNBA,32,32,920,443,130,233,363,45,38,25,58,0,315,157,199,129,0,0,0,10,10,287,134,33,70,103,12,13,7,19,40,88,46,56,42,0,0,0,920,443,130,233,45,38,25,58,0,0,0,0,0.7107608618395559,0.7107608618395559
fordch01w,8,0,DET,WNBA,15,15,460,195,48,120,168,22,28,11,42,0,143,71,83,53,0,0,0,10,8,228,69,33,59,92,4,5,3,14,32,65,27,33,15,1,0,0,460,195,48,120,22,28,11,42,0,0,0,0,0.6165217257277886,0.6165217257277886
fordch01w,9,0,DET,WNBA,24,24,637,243,74,134,208,22,24,9,23,0,185,89,116,65,0,0,0,0,0,0,0,0,0,0,0,0,0,0,0,0,0,0,0,0,0,0,637,243,74,134,22,24,9,23,0,0,0,0,0.5761381385221642,0.5761381385221642
fordch01w,10,0,DET,WNBA,29,29,755,249,71,144,215,25,28,13,49,0,227,97,100,55,3,0,1,5,5,148,39,17,33,50,6,7,1,18,23,29,13,16,13,0,0,0,755,249,71,144,25,28,13,49,0,0,0,0,0.475364232114381,0.475364232114381
fordki01w,1,0,MIA,WNBA,28,0,424,104,32,30,62,21,32,1,27,0,108,33,63,37,4,1,1,0,0,0,0,0,0,0,0,0,0,0,0,0,0,0,0,0,0,0,424,104,32,30,21,32,1,27,0,0,0,0,0.3830188588910647,0.3830188588910647
fordki01w,2,0,MIA,WNBA,30,1,395,71,19,46,65,21,17,5,18,0,80,26,32,18,11,1,0,3,0,20,2,1,0,1,2,0,0,1,3,5,1,0,0,0,0,0,395,71,19,46,21,17,5,18,0,0,0,0,0.3116455617304921,0.3116455617304921
fordst01w,2,0,NYL,WNBA,1,0,3,2,0,1,1,0,0,0,0,0,1,1,0,0,0,0,0,0,0,0,0,0,0,0,0,0,0,0,0,0,0,0,0,0,0,0,3,2,0,1,0,0,0,0,0,0,0,0,0.7666641111196295,0.7666641111196295
fordst01w,3,0,SAC,WNBA,5,0,12,2,2,0,2,1,0,0,1,0,2,1,2,0,0,0,0,0,0,0,0,0,0,0,0,0,0,0,0,0,0,0,0,0,0,0,12,2,2,0,1,0,0,1,0,0,0,0,0.283333097222419,0.283333097222419
fowlesy01w,9,0,CHI,WNBA,17,14,430,178,28,99,127,5,19,36,37,0,150,77,41,24,0,0,1,0,0,0,0,0,0,0,0,0,0,0,0,0,0,0,0,0,0,0,430,178,28,99,5,19,36,37,0,0,0,0,0.5820930097187671,0.5820930097187671
fowlesy01w,10,0,CHI,WNBA,24,20,692,270,52,136,188,19,21,35,76,0,172,103,99,64,0,0,1,0,0,0,0,0,0,0,0,0,0,0,0,0,0,0,0,0,0,0,692,270,52,136,19,21,35,76,0,0,0,0,0.5002890101114305,0.5002890101114305
francde01w,1,0,NYL,WNBA,1,0,2,0,0,0,0,0,0,0,0,0,1,0,0,0,0,0,0,2,0,4,0,1,0,1,0,0,0,0,0,2,0,0,0,1,0,0,2,0,0,0,0,0,0,0,0,0,0,0,0.0,0.0
frankaq01w,9,0,SAC,WNBA,34,0,351,53,5,40,45,59,16,1,26,0,70,19,14,9,24,6,0,3,0,19,2,0,1,1,1,1,0,2,2,6,1,0,0,4,0,0,351,53,5,40,59,16,1,26,0,0,0,0,0.33760682798840946,0.33760682798840946
frankaq01w,10,0,SEA,WNBA,2,0,20,0,0,2,2,1,1,0,1,0,4,0,0,0,2,0,0,0,0,0,0,0,0,0,0,0,0,0,0,0,0,0,0,0,0,0,20,0,0,2,1,1,0,1,0,0,0,0,0.07999996000002,0.07999996000002
frazeme01w,10,0,SAS,WNBA,29,0,326,145,27,57,84,15,8,5,21,0,126,52,39,27,37,14,0,1,0,7,2,0,0,0,0,0,0,0,0,1,0,2,2,0,0,0,326,145,27,57,15,8,5,21,0,0,0,0,0.5766870988746289,0.5766870988746289
fresest01w,1,0,UTA,WNBA,21,0,222,62,4,14,18,17,4,0,14,0,30,10,36,33,26,9,0,0,0,0,0,0,0,0,0,0,0,0,0,0,0,0,0,0,0,0,222,62,4,14,17,4,0,14,0,0,0,0,0.3423423269215168,0.3423423269215168
frettla01w,1,0,LAS,WNBA,25,0,187,40,8,16,24,6,7,6,13,0,51,14,16,12,1,0,0,3,0,7,7,0,0,0,0,0,0,0,0,3,2,4,3,0,0,0,187,40,8,16,6,7,6,13,0,0,0,0,0.3016042619462962,0.3016042619462962
frettla01w,2,0,SAC,WNBA,30,10,403,128,23,32,55,18,10,6,32,0,126,49,35,30,0,0,0,5,0,18,4,2,0,2,1,0,0,1,2,8,1,2,2,0,0,0,403,128,23,32,18,10,6,32,0,0,0,0,0.3863523477331924,0.3863523477331924
frettla01w,3,0,SAC,WNBA,32,15,648,187,30,65,95,23,5,19,27,0,187,84,17,14,15,5,2,0,0,0,0,0,0,0,0,0,0,0,0,0,0,0,0,0,0,0,648,187,30,65,23,5,19,27,0,0,0,0,0.3819444385502402,0.3819444385502402
frettla01w,4,0,SAC,WNBA,24,4,150,36,9,14,23,12,2,3,10,0,47,17,2,1,2,1,0,1,0,9,2,0,0,0,0,0,0,1,1,2,1,0,0,1,0,0,150,36,9,14,12,2,3,10,0,0,0,0,0.35666664288889044,0.35666664288889044
frettla01w,5,1,CHA,WNBA,10,0,71,15,3,7,10,4,1,2,10,0,13,6,6,3,0,0,0,0,0,0,0,0,0,0,0,0,0,0,0,0,0,0,0,0,0,0,71,15,3,7,4,1,2,10,0,0,0,0,0.22816898194803073,0.22816898194803073
frettla01w,5,2,NYL,WNBA,16,2,276,102,14,26,40,14,9,5,14,0,85,41,31,20,0,0,0,5,0,116,44,5,12,17,6,4,3,7,12,48,20,4,4,1,0,0,276,102,14,26,14,9,5,14,0,0,0,0,0.48405795347616115,0.48405795347616115
frettla01w,6,0,NYL,WNBA,33,1,361,98,15,23,38,18,12,4,18,0,88,42,19,14,0,0,0,2,1,47,15,2,2,4,1,0,0,2,7,12,5,6,5,0,0,0,361,98,15,23,18,12,4,18,0,0,0,0,0.3639889095847948,0.3639889095847948
friertr01w,5,0,SEA,WNBA,5,0,22,7,3,2,5,0,0,0,1,0,9,2,3,3,1,0,0,0,0,0,0,0,0,0,0,0,0,0,0,0,0,0,0,0,0,0,22,7,3,2,0,0,0,1,0,0,0,0,0.39545436570256104,0.39545436570256104
frohlli01w,3,0,NYL,WNBA,16,0,67,6,3,10,13,1,2,0,4,0,10,1,4,4,4,0,0,3,0,20,1,0,5,5,2,1,0,3,2,3,0,2,1,0,0,0,67,6,3,10,1,2,0,4,0,0,0,0,0.1507462461572767,0.1507462461572767
frohlli01w,4,0,NYL,WNBA,26,0,214,83,11,25,36,15,6,8,14,0,72,31,22,14,13,7,0,0,0,0,0,0,0,0,0,0,0,0,0,0,0,0,0,0,0,0,214,83,11,25,15,6,8,14,0,0,0,0,0.5289719378985076,0.5289719378985076
frohlli01w,7,0,IND,WNBA,20,0,169,66,14,21,35,9,5,0,13,0,68,26,8,6,22,8,0,0,0,0,0,0,0,0,0,0,0,0,0,0,0,0,0,0,0,0,169,66,14,21,9,5,0,13,0,0,0,0,0.49171594723574275,0.49171594723574275
frohlli01w,8,0,SAC,WNBA,10,0,51,14,2,7,9,2,1,1,12,0,13,4,4,4,3,2,0,1,0,8,3,0,1,1,0,1,0,1,3,3,1,2,1,0,0,0,51,14,2,7,2,1,1,12,0,0,0,0,0.18627447327951502,0.18627447327951502
futreca01w,5,0,CON,WNBA,20,0,144,42,7,12,19,10,5,1,7,0,38,11,16,13,17,7,0,2,0,3,2,0,0,0,0,0,0,0,0,1,1,0,0,0,0,0,144,42,7,12,10,5,1,7,0,0,0,0,0.4131944157503878,0.4131944157503878
gaithka01w,1,2,IND,WNBA,6,0,24,6,1,2,3,1,0,1,1,0,8,3,0,0,0,0,0,0,0,0,0,0,0,0,0,0,0,0,0,0,0,0,0,0,0,0,24,6,1,2,1,0,1,1,0,0,0,0,0.3458331892361712,0.3458331892361712
gaithka01w,1,1,UTA,WNBA,9,0,54,14,7,10,17,4,4,0,4,0,7,2,10,10,0,0,0,0,0,0,0,0,0,0,0,0,0,0,0,0,0,0,0,0,0,0,54,14,7,10,4,4,0,4,0,0,0,0,0.4796295408093442,0.4796295408093442
gaithka01w,3,1,LAS,WNBA,1,0,5,0,0,1,1,1,0,0,1,0,1,0,0,0,0,0,0,0,0,0,0,0,0,0,0,0,0,0,0,0,0,0,0,0,0,0,5,0,0,1,1,0,0,1,0,0,0,0,0.059999880000240015,0.059999880000240015
gaithka01w,3,2,WAS,WNBA,1,0,1,0,0,0,0,0,0,0,0,0,0,0,0,0,0,0,0,0,0,0,0,0,0,0,0,0,0,0,0,0,0,0,0,0,0,0,1,0,0,0,0,0,0,0,0,0,0,0,0.0,0.0
garcibe01w,3,0,DET,WNBA,8,0,64,8,0,4,4,9,3,0,11,0,11,2,4,2,6,2,0,0,0,0,0,0,0,0,0,0,0,0,0,0,0,0,0,0,0,0,64,8,0,4,9,3,0,11,0,0,0,0,0.15937497509766013,0.15937497509766013
gardike01w,9,0,CON,WNBA,34,15,540,137,38,73,111,41,29,7,45,0,133,47,41,22,56,21,0,3,3,57,11,4,3,7,3,5,1,1,6,10,4,4,2,3,1,0,540,137,38,73,41,29,7,45,0,0,0,0,0.4027777703189302,0.4027777703189302
gardike01w,10,0,CON,WNBA,33,23,596,180,54,89,143,39,25,24,38,0,159,58,89,54,39,10,0,0,0,0,0,0,0,0,0,0,0,0,0,0,0,0,0,0,0,0,596,180,54,89,39,25,24,38,0,0,0,0,0.4941275084877935,0.4941275084877935
gardnan01w,3,0,UTA,WNBA,30,2,198,57,29,32,61,5,3,3,13,0,49,18,38,21,0,0,0,3,0,14,5,1,3,4,0,0,1,1,5,3,2,2,1,0,0,0,198,57,29,32,5,3,3,13,0,0,0,0,0.42878785713192635,0.42878785713192635
gardnan01w,9,0,WAS,WNBA,22,0,178,57,23,27,50,6,3,0,11,0,58,22,24,13,0,0,0,0,0,0,0,0,0,0,0,0,0,0,0,0,0,0,0,0,0,0,178,57,23,27,6,3,0,11,0,0,0,0,0.4449437952278766,0.4449437952278766
garnean01w,1,0,SEA,WNBA,32,19,560,101,43,55,98,25,27,10,43,0,116,38,38,24,2,1,0,0,0,0,0,0,0,0,0,0,0,0,0,0,0,0,0,0,0,0,560,101,43,55,25,27,10,43,0,0,0,0,0.2974999946875001,0.2974999946875001
gaydeco01w,1,0,ORL,WNBA,3,0,7,2,0,0,0,1,0,0,0,0,2,1,0,0,1,0,0,0,0,0,0,0,0,0,0,0,0,0,0,0,0,0,0,0,0,0,7,2,0,0,1,0,0,0,0,0,0,0,0.4285708163274053,0.4285708163274053
gearlka01w,8,0,SEA,WNBA,33,0,437,132,16,37,53,24,12,6,20,0,114,44,25,22,64,22,0,2,0,23,3,1,2,3,3,1,0,1,2,2,1,0,0,1,1,0,437,132,16,37,24,12,6,20,0,0,0,0,0.40343248504731155,0.40343248504731155
gearlka01w,9,0,SEA,WNBA,34,3,468,171,5,39,44,21,11,3,15,0,158,59,23,17,92,36,0,3,0,21,6,1,0,1,2,3,0,0,3,6,2,2,1,4,1,0,468,171,5,39,21,11,3,15,0,0,0,0,0.4405982811837974,0.4405982811837974
gearlka01w,10,0,SEA,WNBA,20,0,243,82,4,22,26,11,6,3,12,0,74,29,4,3,52,21,0,0,0,0,0,0,0,0,0,0,0,0,0,0,0,0,0,0,0,0,243,82,4,22,11,6,3,12,0,0,0,0,0.4090534811089102,0.4090534811089102
gibsoke01w,1,0,HOU,WNBA,17,0,76,24,4,8,12,2,1,0,4,0,19,7,8,7,7,3,0,1,0,3,0,0,0,0,0,0,0,0,0,1,0,0,0,0,0,0,76,24,4,8,2,1,0,4,0,0,0,0,0.37105258275623915,0.37105258275623915
gibsoke01w,2,0,HOU,WNBA,28,6,288,44,6,23,29,13,8,6,15,0,57,13,22,15,21,3,0,2,2,23,7,0,3,3,0,1,0,2,1,7,3,0,0,3,1,0,288,44,6,23,13,8,6,15,0,0,0,0,0.23298610302131587,0.23298610302131587
gibsoke01w,3,0,HOU,WNBA,29,2,276,60,3,17,20,14,8,7,21,0,55,21,6,4,36,14,0,2,0,22,10,3,1,4,0,0,0,1,3,8,4,0,0,3,2,0,276,60,3,17,14,8,7,21,0,0,0,0,0.27246375824406677,0.27246375824406677
gibsoke01w,4,0,HOU,WNBA,26,0,209,38,4,12,16,8,1,5,9,0,42,14,0,0,24,10,0,2,0,18,4,0,1,1,0,0,0,0,1,5,2,0,0,2,0,0,209,38,4,12,8,1,5,9,0,0,0,0,0.236363625054372,0.236363625054372
gilloje01w,1,0,PHO,WNBA,30,30,826,376,31,85,116,45,21,29,59,0,316,139,106,79,69,19,1,2,2,64,26,1,3,4,2,1,5,4,10,20,10,10,5,5,1,0,826,376,31,85,45,21,29,59,0,0,0,0,0.5559321966594166,0.5559321966594166
gilloje01w,2,0,PHO,WNBA,32,32,858,395,36,91,127,35,31,19,71,0,355,150,96,71,70,24,1,0,0,0,0,0,0,0,0,0,0,0,0,0,0,0,0,0,0,0,858,395,36,91,35,31,19,71,0,0,0,0,0.5378787816098044,0.5378787816098044
gilloje01w,3,0,PHO,WNBA,31,31,874,473,36,80,116,37,29,21,61,0,400,166,131,105,93,36,0,0,0,0,0,0,0,0,0,0,0,0,0,0,0,0,0,0,0,0,874,473,36,80,37,29,21,61,0,0,0,0,0.6272311141049073,0.6272311141049073
gilloje01w,4,0,LAS,WNBA,33,10,397,103,18,37,55,21,16,3,9,0,97,40,21,16,26,7,1,6,0,22,0,0,1,1,0,1,1,0,5,5,0,0,0,0,0,0,397,103,18,37,21,16,3,9,0,0,0,0,0.3972292091378033,0.3972292091378033
gilmous01w,1,0,IND,WNBA,4,0,21,2,3,2,5,2,0,0,4,0,5,1,0,0,1,0,0,0,0,0,0,0,0,0,0,0,0,0,0,0,0,0,0,0,0,0,21,2,3,2,2,0,0,4,0,0,0,0,0.1285713673469679,0.1285713673469679
gisseka01w,9,0,LAS,WNBA,2,0,14,0,2,0,2,0,0,0,1,0,4,0,0,0,1,0,0,0,0,0,0,0,0,0,0,0,0,0,0,0,0,0,0,0,0,0,14,0,2,0,0,0,0,1,0,0,0,0,0.02857140816327988,0.02857140816327988
givench01w,9,0,DET,WNBA,3,0,10,2,0,0,0,2,0,0,2,0,2,0,2,2,0,0,0,0,0,0,0,0,0,0,0,0,0,0,0,0,0,0,0,0,0,0,10,2,0,0,2,0,0,2,0,0,0,0,0.1999998000002,0.1999998000002
gomisem01w,7,0,NYL,WNBA,2,0,15,3,0,0,0,0,1,0,1,0,4,0,4,3,2,0,0,0,0,0,0,0,0,0,0,0,0,0,0,0,0,0,0,0,0,0,15,3,0,0,0,1,0,1,0,0,0,0,0.19999986666675557,0.19999986666675557
goodsad01w,1,0,UTA,WNBA,29,28,929,498,69,95,164,69,41,7,81,0,415,199,134,92,29,8,0,0,0,0,0,0,0,0,0,0,0,0,0,0,0,0,0,0,0,0,929,498,69,95,69,41,7,81,0,0,0,0,0.6574811554630661,0.6574811554630661
goodsad01w,2,0,UTA,WNBA,28,25,854,343,66,86,152,58,27,0,75,0,319,138,89,62,31,5,0,2,2,71,31,6,10,16,3,3,2,4,7,29,13,9,5,4,0,0,854,343,66,86,58,27,0,75,0,0,0,0,0.4976580737979148,0.4976580737979148
goodsad01w,3,0,UTA,WNBA,32,32,1101,503,91,90,181,67,45,6,102,0,419,189,157,117,28,8,0,5,5,190,72,9,18,27,8,7,0,21,11,74,29,17,12,7,2,0,1101,503,91,90,67,45,6,102,0,0,0,0,0.5537692956060918,0.5537692956060918
goodsad01w,4,0,SAS,WNBA,33,32,969,371,74,111,185,71,24,6,85,0,357,141,102,81,36,8,2,0,0,0,0,0,0,0,0,0,0,0,0,0,0,0,0,0,0,0,969,371,74,111,71,24,6,85,0,0,0,0,0.48720329734568324,0.48720329734568324
goodsad01w,5,0,SAS,WNBA,34,34,1068,372,89,146,235,60,28,2,67,0,317,142,102,84,16,4,1,0,0,0,0,0,0,0,0,0,0,0,0,0,0,0,0,0,0,0,1068,372,89,146,60,28,2,67,0,0,0,0,0.46919475216109785,0.46919475216109785
goodsad01w,6,2,CHA,WNBA,10,0,215,70,17,18,35,6,3,1,18,0,71,30,15,9,1,1,1,0,0,0,0,0,0,0,0,0,0,0,0,0,0,0,0,0,0,0,215,70,17,18,6,3,1,18,0,0,0,0,0.36883719214710736,0.36883719214710736
goodsad01w,6,1,HOU,WNBA,23,0,271,72,16,20,36,15,8,0,16,0,73,29,21,13,2,1,0,0,0,0,0,0,0,0,0,0,0,0,0,0,0,0,0,0,0,0,271,72,16,20,15,8,0,16,0,0,0,0,0.35498153671654853,0.35498153671654853
goringi01w,8,0,WAS,WNBA,21,0,156,54,16,25,41,3,5,12,4,0,45,19,21,16,1,0,0,0,0,0,0,0,0,0,0,0,0,0,0,0,0,0,0,0,0,0,156,54,16,25,3,5,12,4,0,0,0,0,0.5685897071416854,0.5685897071416854
gortmsh01w,3,0,MIN,WNBA,29,2,369,91,16,45,61,21,13,6,25,0,97,35,9,7,43,14,0,0,0,0,0,0,0,0,0,0,0,0,0,0,0,0,0,0,0,0,369,91,16,45,21,13,6,25,0,0,0,0,0.35420053240648963,0.35420053240648963
gortmsh01w,4,0,MIN,WNBA,25,0,200,50,9,23,32,14,11,1,20,0,49,21,4,3,20,5,0,0,0,0,0,0,0,0,0,0,0,0,0,0,0,0,0,0,0,0,200,50,9,23,14,11,1,20,0,0,0,0,0.3459999827000008,0.3459999827000008
gortmsh01w,5,0,WAS,WNBA,4,0,24,0,0,4,4,2,0,1,2,0,0,0,0,0,0,0,0,1,0,2,0,0,0,0,0,0,0,0,0,1,0,0,0,0,0,0,24,0,0,4,2,0,1,2,0,0,0,0,0.09166662847223815,0.09166662847223815
gortmsh01w,7,0,SEA,WNBA,20,0,265,56,9,39,48,17,11,2,25,0,55,20,18,14,12,2,0,0,0,0,0,0,0,0,0,0,0,0,0,0,0,0,0,0,0,0,265,56,9,39,17,11,2,25,0,0,0,0,0.29811319629761523,0.29811319629761523
granter01w,8,0,HOU,WNBA,17,2,211,25,7,12,19,37,7,0,11,0,23,9,10,7,2,0,0,0,0,0,0,0,0,0,0,0,0,0,0,0,0,0,0,0,0,0,211,25,7,12,37,7,0,11,0,0,0,0,0.31516586184048045,0.31516586184048045
grecomi01w,5,0,SEA,WNBA,13,0,73,29,3,7,10,8,3,0,8,0,18,10,13,9,2,0,0,4,0,6,2,0,0,0,1,0,0,1,0,1,1,0,0,0,0,0,73,29,3,7,8,3,0,8,0,0,0,0,0.49589034302872015,0.49589034302872015
greenci01w,7,0,SEA,WNBA,5,0,24,2,2,6,8,0,0,0,0,0,7,0,4,2,0,0,0,0,0,0,0,0,0,0,0,0,0,0,0,0,0,0,0,0,0,0,24,2,2,6,0,0,0,0,0,0,0,0,0.21666657638892647,0.21666657638892647
grginve01w,1,0,LAS,WNBA,18,0,183,49,9,14,23,12,3,1,14,0,62,17,23,14,17,1,0,3,0,7,2,0,3,3,1,1,0,2,0,2,1,2,0,1,0,0,183,49,9,14,12,3,1,14,0,0,0,0,0.3360655554062538,0.3360655554062538
grginve01w,2,0,LAS,WNBA,24,7,223,71,13,22,35,12,4,1,15,0,65,28,14,9,19,6,0,4,0,7,4,0,1,1,0,0,0,0,0,3,1,2,2,1,0,0,223,71,13,22,12,4,1,15,0,0,0,0,0.3977578296969583,0.3977578296969583
grginve01w,3,0,LAS,WNBA,12,0,79,31,3,5,8,1,1,0,8,0,31,12,3,2,12,5,0,1,0,5,0,0,0,0,2,0,0,0,0,1,0,0,0,0,0,0,79,31,3,5,1,1,0,8,0,0,0,0,0.36202527062971257,0.36202527062971257
griffyo01w,1,0,SAC,WNBA,32,32,1026,523,148,183,331,47,83,61,82,0,361,193,194,137,0,0,1,2,2,78,29,6,18,24,2,1,1,4,4,23,12,8,5,0,0,0,1026,523,148,183,47,83,61,82,0,0,0,0,0.7704678287478769,0.7704678287478769
griffyo01w,2,0,SAC,WNBA,32,31,1077,518,162,195,357,54,63,37,75,0,368,192,186,134,0,0,1,5,5,181,106,18,26,44,7,8,6,11,18,67,32,55,42,0,0,0,1077,518,162,195,54,63,37,75,0,0,0,0,0.7139275699728174,0.7139275699728174
griffyo01w,3,0,SAC,WNBA,17,17,577,288,66,82,148,19,16,13,45,0,179,93,127,102,0,0,0,0,0,0,0,0,0,0,0,0,0,0,0,0,0,0,0,0,0,0,577,288,66,82,19,16,13,45,0,0,0,0,0.6270363842801321,0.6270363842801321
griffyo01w,4,0,SAC,WNBA,34,34,1015,469,92,156,248,46,57,39,75,0,332,161,190,147,2,0,3,6,6,200,103,19,34,53,7,7,6,12,16,67,36,34,31,0,0,0,1015,469,92,156,46,57,39,75,0,0,0,0,0.6376354616981728,0.6376354616981728
griffyo01w,5,0,SAC,WNBA,34,34,1031,494,122,124,246,42,75,41,59,0,341,177,186,140,1,0,2,6,6,204,82,20,29,49,8,12,6,12,15,63,31,24,20,0,0,0,1031,494,122,124,42,75,41,59,0,0,0,0,0.694083407428871,0.694083407428871
griffyo01w,6,0,SAC,WNBA,34,33,962,469,87,136,223,52,42,31,68,0,357,173,174,123,0,0,0,8,8,246,138,27,39,66,11,10,4,10,20,108,53,45,32,0,0,0,962,469,87,136,52,42,31,68,0,0,0,0,0.6524947957121122,0.6524947957121122
griffyo01w,7,0,SAC,WNBA,34,34,854,407,87,132,219,56,44,16,66,0,293,134,185,139,1,0,0,9,9,237,133,28,36,64,16,10,5,10,23,97,47,51,39,0,0,0,854,407,87,132,56,44,16,66,0,0,0,0,0.6528102968055001,0.6528102968055001
griffyo01w,8,0,SAC,WNBA,32,32,738,289,63,84,147,47,33,12,65,0,213,107,114,75,0,0,1,3,3,71,26,8,10,18,1,2,1,7,6,22,9,9,8,0,0,0,738,289,63,84,47,33,12,65,0,0,0,0,0.522086713792863,0.522086713792863
griffyo01w,9,0,SEA,WNBA,30,30,658,217,77,112,189,45,43,17,51,0,145,67,128,83,0,0,1,3,3,87,13,6,13,19,5,9,4,5,16,14,3,8,7,0,0,0,658,217,77,112,45,43,17,51,0,0,0,0,0.5448328184675864,0.5448328184675864
griffyo01w,10,0,IND,WNBA,3,0,41,19,4,3,7,0,0,2,3,0,12,6,9,7,0,0,0,0,0,0,0,0,0,0,0,0,0,0,0,0,0,0,0,0,0,0,41,19,4,3,0,0,2,3,0,0,0,0,0.5292681635931308,0.5292681635931308
groomla01w,1,0,SAC,WNBA,30,3,401,124,27,17,44,13,10,3,21,0,88,39,61,46,1,0,0,2,0,23,3,2,0,2,0,0,0,1,3,2,1,1,1,0,0,0,401,124,27,17,13,10,3,21,0,0,0,0,0.3815461251484757,0.3815461251484757
groomla01w,2,0,SAC,WNBA,31,0,543,141,32,46,78,38,15,10,25,0,114,49,58,43,0,0,0,5,0,31,9,1,3,4,1,0,0,3,3,7,2,6,5,0,0,0,543,141,32,46,38,15,10,25,0,0,0,0,0.396316751449047,0.396316751449047
groomla01w,3,0,SAC,WNBA,32,26,850,227,38,61,99,39,21,8,46,0,181,78,83,71,1,0,0,0,0,0,0,0,0,0,0,0,0,0,0,0,0,0,0,0,0,0,850,227,38,61,39,21,8,46,0,0,0,0,0.3457647018145329,0.3457647018145329
groomla01w,4,0,SAC,WNBA,34,9,470,111,15,31,46,29,17,5,21,0,112,45,26,21,1,0,0,6,0,65,15,2,3,5,3,1,0,1,3,12,7,2,1,0,0,0,470,111,15,31,29,17,5,21,0,0,0,0,0.3421276522951564,0.3421276522951564
groomla01w,5,0,SAC,WNBA,28,0,235,49,10,8,18,11,7,2,2,0,66,19,12,11,0,0,0,1,0,3,0,0,0,0,0,0,0,0,0,1,0,0,0,0,0,0,235,49,10,8,11,7,2,2,0,0,0,0,0.3251063691444098,0.3251063691444098
grubigo01w,1,0,IND,WNBA,29,20,720,239,20,56,76,63,31,0,60,0,239,90,40,31,91,28,0,0,0,0,0,0,0,0,0,0,0,0,0,0,0,0,0,0,0,0,720,239,20,56,63,31,0,60,0,0,0,0,0.4219444385841051,0.4219444385841051
grubigo01w,2,0,IND,WNBA,27,9,481,170,18,31,49,33,7,0,34,0,167,62,39,29,58,17,0,0,0,0,0,0,0,0,0,0,0,0,0,0,0,0,0,0,0,0,481,170,18,31,33,7,0,34,0,0,0,0,0.4114345028807796,0.4114345028807796
grubigo01w,3,0,PHO,WNBA,32,31,859,317,16,48,64,104,36,3,58,0,297,114,79,60,92,29,0,0,0,0,0,0,0,0,0,0,0,0,0,0,0,0,0,0,0,0,859,317,16,48,104,36,3,58,0,0,0,0,0.4977881199326179,0.4977881199326179
grubigo01w,5,0,HOU,WNBA,5,0,24,2,0,1,1,0,0,0,3,0,3,0,2,2,0,0,0,0,0,0,0,0,0,0,0,0,0,0,0,0,0,0,0,0,0,0,24,2,0,1,0,0,0,3,0,0,0,0,-0.02916665451389396,-0.02916665451389396
grubigo01w,6,0,LAS,WNBA,9,0,41,1,1,5,6,5,1,0,2,0,8,0,4,1,2,0,0,0,0,0,0,0,0,0,0,0,0,0,0,0,0,0,0,0,0,0,41,1,1,5,5,1,0,2,0,0,0,0,0.17560971326592356,0.17560971326592356
grudasa01w,9,0,CON,WNBA,31,1,476,193,44,66,110,28,19,26,41,0,178,81,57,31,0,0,0,3,0,27,8,0,4,4,1,1,0,4,2,7,4,0,0,0,0,0,476,193,44,66,28,19,26,41,0,0,0,0,0.5789915844749668,0.5789915844749668
grudasa01w,10,0,CON,WNBA,26,25,810,350,66,99,165,35,23,41,68,0,323,151,86,48,0,0,2,0,0,0,0,0,0,0,0,0,0,0,0,0,0,0,0,0,0,0,810,350,66,99,35,23,41,68,0,0,0,0,0.5640740671101967,0.5640740671101967
hairska01w,8,0,CON,WNBA,17,0,148,32,14,16,30,6,7,0,9,0,41,10,12,9,12,3,0,0,0,0,0,0,0,0,0,0,0,0,0,0,0,0,0,0,0,0,148,32,14,16,6,7,0,9,0,0,0,0,0.3418918687910899,0.3418918687910899
hallam01w,3,0,POR,WNBA,20,0,104,30,8,18,26,1,7,1,12,0,24,11,16,8,0,0,0,0,0,0,0,0,0,0,0,0,0,0,0,0,0,0,0,0,0,0,104,30,8,18,1,7,1,12,0,0,0,0,0.3653845802514827,0.3653845802514827
hallvi01w,1,0,CLE,WNBA,32,10,577,150,24,68,92,24,17,8,25,0,158,59,34,22,42,10,0,6,1,69,21,5,10,15,4,0,1,2,4,24,10,1,0,5,1,0,577,150,24,68,24,17,8,25,0,0,0,0,0.36603118949685987,0.36603118949685987
hallvi01w,2,1,CLE,WNBA,14,6,225,65,10,23,33,9,1,5,11,0,66,27,8,4,22,7,0,0,0,0,0,0,0,0,0,0,0,0,0,0,0,0,0,0,0,0,225,65,10,23,9,1,5,11,0,0,0,0,0.3684444280691366,0.3684444280691366
hallvi01w,2,2,IND,WNBA,13,0,123,36,5,11,16,4,4,0,7,0,34,14,14,8,3,0,0,0,0,0,0,0,0,0,0,0,0,0,0,0,0,0,0,0,0,0,123,36,5,11,4,4,0,7,0,0,0,0,0.3560975320245909,0.3560975320245909
hallvi01w,3,0,LAS,WNBA,3,0,19,7,1,1,2,1,1,0,1,0,4,2,4,3,1,0,0,0,0,0,0,0,0,0,0,0,0,0,0,0,0,0,0,0,0,0,19,7,1,1,1,1,0,1,0,0,0,0,0.4736839612189678,0.4736839612189678
hammobe01w,1,0,NYL,WNBA,32,16,835,351,19,45,64,58,29,1,62,0,252,119,69,61,141,52,0,7,7,206,66,5,5,10,15,9,0,17,10,49,21,19,17,23,7,0,835,351,19,45,58,29,1,62,0,0,0,0,0.48359280857972686,0.48359280857972686
hammobe01w,2,0,NYL,WNBA,32,0,619,262,10,42,52,51,27,1,48,0,197,90,51,40,111,42,0,6,0,48,15,0,3,3,2,1,0,3,3,17,6,0,0,10,3,0,619,262,10,42,51,27,1,48,0,0,0,0,0.5050080693859763,0.5050080693859763
hammobe01w,3,0,NYL,WNBA,32,1,659,256,18,50,68,54,25,0,55,0,197,87,56,38,114,44,0,8,0,183,79,2,15,17,16,5,0,11,12,54,29,8,7,33,14,0,659,256,18,50,54,25,0,55,0,0,0,0,0.46676782296255204,0.46676782296255204
hammobe01w,4,0,NYL,WNBA,11,2,257,162,1,20,21,18,10,1,27,0,87,50,41,39,49,23,0,0,0,0,0,0,0,0,0,0,0,0,0,0,0,0,0,0,0,0,257,162,1,20,18,10,1,27,0,0,0,0,0.6642023087859024,0.6642023087859024
hammobe01w,5,0,NYL,WNBA,34,34,1130,460,17,101,118,150,58,2,118,0,354,153,116,97,170,57,0,5,5,178,53,3,10,13,17,6,0,19,12,51,20,5,2,33,11,0,1130,460,17,101,150,58,2,118,0,0,0,0,0.5258407033111443,0.5258407033111443
hammobe01w,6,0,NYL,WNBA,34,34,1180,473,20,94,114,146,60,2,107,0,336,145,131,118,178,65,0,2,2,76,23,0,7,7,4,0,0,10,8,20,9,3,3,7,2,1,1180,473,20,94,146,60,2,107,0,0,0,0,0.5222033854050561,0.5222033854050561
hammobe01w,7,0,NYL,WNBA,22,20,674,323,6,60,66,81,29,3,65,0,252,107,75,72,108,37,0,0,0,0,0,0,0,0,0,0,0,0,0,0,0,0,0,0,0,0,674,323,6,60,81,29,3,65,0,0,0,0,0.5833827806619766,0.5833827806619766
hammobe01w,8,0,SAS,WNBA,28,27,934,527,8,69,77,140,23,5,114,0,402,179,102,95,183,74,0,5,5,175,104,5,9,14,25,6,1,16,13,92,38,10,8,45,20,1,934,527,8,69,140,23,5,114,0,0,0,0,0.6502141258007054,0.6502141258007054
hammobe01w,9,0,SAS,WNBA,33,33,1101,582,13,78,91,161,43,7,104,0,438,171,174,163,220,77,0,9,9,331,163,2,19,21,41,9,5,31,14,107,45,57,51,48,22,0,1101,582,13,78,161,43,7,104,0,0,0,0,0.6553133455466544,0.6553133455466544
hammobe01w,10,0,SAS,WNBA,31,31,1049,604,25,78,103,156,49,12,111,0,447,200,142,128,206,76,0,3,3,101,55,0,8,8,6,5,0,7,4,41,19,10,9,21,8,0,1049,604,25,78,156,49,12,111,0,0,0,0,0.7158245880283642,0.7158245880283642
hamzoro01w,1,0,ORL,WNBA,15,0,43,7,1,2,3,5,5,0,4,0,11,2,6,3,3,0,0,0,0,0,0,0,0,0,0,0,0,0,0,0,0,0,0,0,0,0,43,7,1,2,5,5,0,4,0,0,0,0,0.3325580621957995,0.3325580621957995
hardili01w,8,0,MIN,WNBA,20,20,602,233,15,72,87,78,20,6,47,0,243,86,78,53,35,8,0,0,0,0,0,0,0,0,0,0,0,0,0,0,0,0,0,0,0,0,602,233,15,72,78,20,6,47,0,0,0,0,0.5350498249991724,0.5350498249991724
hardili01w,9,0,MIN,WNBA,24,11,591,154,9,47,56,76,27,4,55,0,139,51,72,50,25,2,2,0,0,0,0,0,0,0,0,0,0,0,0,0,0,0,0,0,0,0,591,154,9,47,76,27,4,55,0,0,0,0,0.3830795197448474,0.3830795197448474
hardili01w,10,0,WAS,WNBA,34,34,1194,435,24,111,135,154,43,13,101,0,375,163,119,89,62,20,1,2,2,81,21,1,4,5,8,3,0,10,6,26,10,1,1,3,0,0,1194,435,24,111,154,43,13,101,0,0,0,0,0.49757118511246917,0.49757118511246917
harpela01w,9,0,SAC,WNBA,34,1,560,188,68,69,137,12,15,20,48,0,135,64,103,60,0,0,0,3,0,42,9,5,4,9,2,2,1,10,11,8,3,6,3,0,0,0,560,188,68,69,12,15,20,48,0,0,0,0,0.45589284900191346,0.45589284900191346
harpela01w,10,0,SAC,WNBA,33,11,460,150,54,59,113,20,13,22,42,0,116,45,82,60,0,0,1,0,0,0,0,0,0,0,0,0,0,0,0,0,0,0,0,0,0,0,460,150,54,59,20,13,22,42,0,0,0,0,0.47499998967391327,0.47499998967391327
harrido01w,1,0,IND,WNBA,8,0,67,8,4,5,9,5,2,1,11,0,6,1,10,6,0,0,0,0,0,0,0,0,0,0,0,0,0,0,0,0,0,0,0,0,0,0,67,8,4,5,5,2,1,11,0,0,0,0,0.13880594943194785,0.13880594943194785
harrili01w,1,0,PHO,WNBA,31,20,750,200,38,83,121,36,30,4,22,0,154,81,37,30,12,8,0,2,2,68,26,4,7,11,10,3,0,3,5,17,12,2,2,2,0,0,750,200,38,83,36,30,4,22,0,0,0,0,0.399333328008889,0.399333328008889
harrili01w,2,0,PHO,WNBA,32,32,915,246,39,100,139,52,39,1,49,0,223,96,59,51,9,3,0,0,0,0,0,0,0,0,0,0,0,0,0,0,0,0,0,0,0,0,915,246,39,100,52,39,1,49,0,0,0,0,0.37846994121890776,0.37846994121890776
harrili01w,3,0,PHO,WNBA,32,28,899,262,43,83,126,40,31,3,45,0,242,120,23,20,6,2,0,0,0,0,0,0,0,0,0,0,0,0,0,0,0,0,0,0,0,0,899,262,43,83,40,31,3,45,0,0,0,0,0.3848720758078746,0.3848720758078746
harrili01w,4,0,PHO,WNBA,33,33,838,183,42,76,118,36,29,6,34,0,179,74,51,35,3,0,0,0,0,0,0,0,0,0,0,0,0,0,0,0,0,0,0,0,0,0,838,183,42,76,36,29,6,34,0,0,0,0,0.32482099851048934,0.32482099851048934
harrili01w,6,0,PHO,WNBA,27,2,297,41,13,26,39,10,5,1,12,0,34,15,14,11,1,0,0,0,0,0,0,0,0,0,0,0,0,0,0,0,0,0,0,0,0,0,297,41,13,26,10,5,1,12,0,0,0,0,0.20841750140008417,0.20841750140008417
harrokr01w,2,0,MIN,WNBA,4,1,72,21,1,3,4,11,3,0,3,0,15,7,4,4,6,3,0,0,0,0,0,0,0,0,0,0,0,0,0,0,0,0,0,0,0,0,72,21,1,3,11,3,0,3,0,0,0,0,0.46666660185186076,0.46666660185186076
harrokr01w,3,0,MIN,WNBA,27,6,481,96,9,37,46,54,12,0,28,0,95,37,10,4,54,18,0,0,0,0,0,0,0,0,0,0,0,0,0,0,0,0,0,0,0,0,481,96,9,37,54,12,0,28,0,0,0,0,0.3147609082170289,0.3147609082170289
harrokr01w,4,0,MIN,WNBA,31,0,499,88,9,30,39,72,18,3,39,0,87,32,13,8,43,16,0,3,0,65,11,1,6,7,5,1,0,3,6,11,4,2,1,7,2,0,499,88,9,30,72,18,3,39,0,0,0,0,0.31523045460460014,0.31523045460460014
harrokr01w,6,0,MIN,WNBA,34,34,832,156,11,71,82,96,38,1,54,0,151,53,36,28,68,22,0,0,0,0,0,0,0,0,0,0,0,0,0,0,0,0,0,0,0,0,832,156,11,71,96,38,1,54,0,0,0,0,0.31971153461885177,0.31971153461885177
harrokr01w,10,0,LAS,WNBA,31,26,520,97,17,40,57,69,16,0,27,0,111,40,11,9,39,8,0,5,2,59,13,0,1,1,11,2,0,4,1,12,6,0,0,3,1,0,520,97,17,40,69,16,0,27,0,0,0,0,0.3440384549223374,0.3440384549223374
haydeva01w,5,0,MIN,WNBA,29,1,350,153,23,61,84,7,7,29,34,0,159,66,38,21,0,0,0,2,0,16,4,0,2,2,0,0,1,3,2,7,2,0,0,0,0,0,350,153,23,61,7,7,29,34,0,0,0,0,0.5611428411102046,0.5611428411102046
haydeva01w,6,0,MIN,WNBA,31,25,595,246,48,115,163,23,15,68,63,0,238,103,72,40,0,0,2,0,0,0,0,0,0,0,0,0,0,0,0,0,0,0,0,0,0,0,595,246,48,115,23,15,68,63,0,0,0,0,0.6001680571400327,0.6001680571400327
haydeva01w,7,0,MIN,WNBA,33,3,424,177,41,74,115,19,6,44,44,0,169,68,66,41,0,0,2,0,0,0,0,0,0,0,0,0,0,0,0,0,0,0,0,0,0,0,424,177,41,74,19,6,44,44,0,0,0,0,0.5964622500834375,0.5964622500834375
haydeva01w,9,0,MIN,WNBA,30,0,304,157,42,63,105,12,14,14,26,0,146,65,44,27,0,0,2,0,0,0,0,0,0,0,0,0,0,0,0,0,0,0,0,0,0,0,304,157,42,63,12,14,14,26,0,0,0,0,0.7213815552177121,0.7213815552177121
haydeva01w,10,0,LAS,WNBA,25,1,269,94,27,40,67,6,4,22,19,0,95,39,25,16,0,0,0,1,0,2,0,0,0,0,0,0,0,0,0,0,0,0,0,0,0,0,269,94,27,40,6,4,22,19,0,0,0,0,0.5126393861472348,0.5126393861472348
haynikr01w,6,0,SAC,WNBA,30,0,434,104,19,43,62,43,33,1,35,0,117,40,23,19,32,5,0,8,0,103,18,4,10,14,8,8,0,4,8,19,7,6,4,1,0,0,434,104,19,43,43,33,1,35,0,0,0,0,0.3967741844061248,0.3967741844061248
haynikr01w,7,0,SAC,WNBA,34,0,476,140,20,47,67,68,27,2,46,0,151,55,25,21,30,9,0,9,0,126,52,3,14,17,18,8,0,9,15,45,21,5,5,17,5,0,476,140,20,47,68,27,2,46,0,0,0,0,0.4602941079770146,0.4602941079770146
haynikr01w,8,0,SAC,WNBA,34,2,545,126,8,29,37,70,18,6,68,0,136,48,10,8,45,22,0,3,0,50,17,1,4,5,6,1,1,4,3,12,6,2,2,5,3,0,545,126,8,29,70,18,6,68,0,0,0,0,0.30513760908004384,0.30513760908004384
haynikr01w,9,0,ATL,WNBA,33,3,486,94,15,41,56,82,30,4,47,0,95,30,32,24,32,10,0,0,0,0,0,0,0,0,0,0,0,0,0,0,0,0,0,0,0,0,486,94,15,41,82,30,4,47,0,0,0,0,0.3823045188826231,0.3823045188826231
haynikr01w,10,1,DET,WNBA,20,2,161,44,5,20,25,11,14,0,10,0,40,17,9,7,13,3,0,0,0,0,0,0,0,0,0,0,0,0,0,0,0,0,0,0,0,0,161,44,5,20,11,14,0,10,0,0,0,0,0.4254658120828688,0.4254658120828688
haynikr01w,10,2,SAC,WNBA,9,1,156,47,3,12,15,18,13,1,15,0,48,16,12,10,15,5,0,0,0,0,0,0,0,0,0,0,0,0,0,0,0,0,0,0,0,0,156,47,3,12,18,13,1,15,0,0,0,0,0.4467948431541767,0.4467948431541767
headde01w,1,0,PHO,WNBA,17,1,149,27,5,13,18,15,4,0,11,0,22,8,16,10,7,1,0,1,0,6,0,2,0,2,1,1,1,1,0,3,0,0,0,1,0,0,149,27,5,13,15,4,0,11,0,0,0,0,0.2845637392910242,0.2845637392910242
hendene01w,2,0,HOU,WNBA,23,0,179,26,5,16,21,22,6,0,16,0,38,9,7,2,22,6,0,1,0,1,0,0,0,0,0,0,0,0,0,0,0,0,0,0,0,0,179,26,5,16,22,6,0,16,0,0,0,0,0.2586592034268601,0.2586592034268601
hendetr01w,3,0,CLE,WNBA,23,0,173,35,12,22,34,3,3,7,18,0,41,16,3,3,0,0,1,0,0,0,0,0,0,0,0,0,0,0,0,0,0,0,0,0,0,0,173,35,12,22,3,3,7,18,0,0,0,0,0.26011559190083283,0.26011559190083283
hendetr01w,4,0,CLE,WNBA,11,0,45,2,6,8,14,3,1,1,4,0,13,1,0,0,0,0,0,1,0,3,2,0,1,1,0,0,0,0,1,1,1,0,0,0,0,0,45,2,6,8,3,1,1,4,0,0,0,0,0.21333328592593645,0.21333328592593645
henniso01w,1,0,SEA,WNBA,32,32,980,168,22,64,86,79,61,3,54,0,151,53,61,37,66,25,1,0,0,0,0,0,0,0,0,0,0,0,0,0,0,0,0,0,0,0,980,168,22,64,79,61,3,54,0,0,0,0,0.2975510173719284,0.2975510173719284
henniso01w,2,0,SEA,WNBA,32,28,902,108,14,57,71,93,52,6,43,0,129,41,35,18,44,8,2,0,0,0,0,0,0,0,0,0,0,0,0,0,0,0,0,0,0,0,902,108,14,57,93,52,6,43,0,0,0,0,0.2692904626464472,0.2692904626464472
henniso01w,3,2,HOU,WNBA,23,10,521,44,10,48,58,51,23,6,36,0,52,18,11,5,12,3,0,3,3,48,0,1,3,4,4,1,0,2,2,9,0,0,0,2,0,0,521,44,10,48,51,23,6,36,0,0,0,0,0.20998080211169287,0.20998080211169287
henniso01w,3,1,SEA,WNBA,8,5,207,18,8,18,26,15,9,1,7,0,22,8,4,2,4,0,0,0,0,0,0,0,0,0,0,0,0,0,0,0,0,0,0,0,0,0,207,18,8,18,15,9,1,7,0,0,0,0,0.22705312912786815,0.22705312912786815
henniso01w,4,2,IND,WNBA,23,1,290,24,2,23,25,29,14,0,13,0,42,11,8,2,9,0,0,0,0,0,0,0,0,0,0,0,0,0,0,0,0,0,0,0,0,0,290,24,2,23,29,14,0,13,0,0,0,0,0.214827578799049,0.214827578799049
henniso01w,4,1,WAS,WNBA,1,0,5,0,0,0,0,0,1,0,0,0,1,0,0,0,0,0,0,0,0,0,0,0,0,0,0,0,0,0,0,0,0,0,0,0,0,0,5,0,0,0,0,1,0,0,0,0,0,0,0.19999960000080003,0.19999960000080003
herriam01w,1,0,UTA,WNBA,25,0,341,91,26,33,59,20,7,5,29,0,75,36,31,19,1,0,1,0,0,0,0,0,0,0,0,0,0,0,0,0,0,0,0,0,0,0,341,91,26,33,20,7,5,29,0,0,0,0,0.358064505628607,0.358064505628607
herriam01w,2,0,UTA,WNBA,32,1,448,121,23,58,81,14,8,14,35,0,93,43,46,35,0,0,0,2,0,21,2,1,1,2,1,0,1,1,4,5,1,0,0,0,0,0,448,121,23,58,14,8,14,35,0,0,0,0,0.34709820653798645,0.34709820653798645
herriam01w,3,0,UTA,WNBA,28,3,269,68,15,42,57,4,9,14,21,0,53,23,30,22,0,0,0,2,0,9,2,1,1,2,0,0,1,1,1,1,1,0,0,0,0,0,269,68,15,42,4,9,14,21,0,0,0,0,0.3609665293320993,0.3609665293320993
hibbeka01w,1,0,SEA,WNBA,20,6,240,53,8,22,30,18,7,1,17,0,59,19,9,7,31,8,0,0,0,0,0,0,0,0,0,0,0,0,0,0,0,0,0,0,0,0,240,53,8,22,18,7,1,17,0,0,0,0,0.30916665378472274,0.30916665378472274
hicksje01w,1,0,ORL,WNBA,26,1,157,38,13,13,26,4,2,7,17,0,23,10,29,18,0,0,0,0,0,0,0,0,0,0,0,0,0,0,0,0,0,0,0,0,0,0,157,38,13,13,4,2,7,17,0,0,0,0,0.29936303825713134,0.29936303825713134
hicksje01w,2,0,ORL,WNBA,32,5,456,169,38,54,92,22,23,17,53,0,162,63,66,43,0,0,0,0,0,0,0,0,0,0,0,0,0,0,0,0,0,0,0,0,0,0,456,169,38,54,22,23,17,53,0,0,0,0,0.48421051569713774,0.48421051569713774
hicksje01w,3,0,ORL,WNBA,31,6,471,190,60,42,102,23,19,25,51,0,153,73,63,44,0,0,1,0,0,0,0,0,0,0,0,0,0,0,0,0,0,0,0,0,0,0,471,190,60,42,23,19,25,51,0,0,0,0,0.5532908587411708,0.5532908587411708
hicksje01w,4,0,CON,WNBA,27,0,253,98,23,25,48,6,11,9,26,0,80,37,25,24,0,0,0,4,0,27,10,3,3,6,1,0,1,2,5,8,5,0,0,0,0,0,253,98,23,25,6,11,9,26,0,0,0,0,0.4806323920698659,0.4806323920698659
hicksje01w,5,0,SAS,WNBA,27,10,371,127,23,34,57,18,17,13,34,0,111,52,38,23,0,0,1,0,0,0,0,0,0,0,0,0,0,0,0,0,0,0,0,0,0,0,371,127,23,34,18,17,13,34,0,0,0,0,0.4509433840716069,0.4509433840716069
hillec01w,1,0,CHA,WNBA,26,0,213,39,8,15,23,14,5,1,25,0,56,16,5,2,22,5,0,0,0,0,0,0,0,0,0,0,0,0,0,0,0,0,0,0,0,0,213,39,8,15,14,5,1,25,0,0,0,0,0.20704224380083358,0.20704224380083358
hillec01w,2,0,PHO,WNBA,3,0,8,0,0,0,0,1,1,0,0,0,1,0,0,0,1,0,0,0,0,0,0,0,0,0,0,0,0,0,0,0,0,0,0,0,0,0,8,0,0,0,1,1,0,0,0,0,0,0,0.24999968750039064,0.24999968750039064
hledeko01w,1,0,UTA,WNBA,31,31,867,312,25,68,93,92,38,4,76,0,260,118,70,51,58,25,1,0,0,0,0,0,0,0,0,0,0,0,0,0,0,0,0,0,0,0,867,312,25,68,92,38,4,76,0,0,0,0,0.4704728896139228,0.4704728896139228
hledeko01w,2,0,UTA,WNBA,27,10,455,151,15,25,40,43,25,1,42,0,141,55,38,33,23,8,0,2,0,17,4,1,2,3,1,1,0,3,1,5,2,0,0,2,0,0,455,151,15,25,43,25,1,42,0,0,0,0,0.43076922130177536,0.43076922130177536
hledeko01w,3,0,NYL,WNBA,16,0,129,26,4,12,16,12,6,2,21,0,26,11,9,4,1,0,0,2,0,12,3,2,1,3,1,1,0,2,1,1,0,4,3,0,0,0,129,26,4,12,12,6,2,21,0,0,0,0,0.24341083384412138,0.24341083384412138
hodgedo01w,5,0,LAS,WNBA,24,3,245,43,3,19,22,16,10,2,17,0,52,16,10,7,17,4,0,3,0,29,5,0,4,4,4,1,0,3,0,5,2,0,0,1,1,0,245,43,3,19,16,10,2,17,0,0,0,0,0.252244887663474,0.252244887663474
hodgedo01w,6,0,LAS,WNBA,32,11,669,178,8,39,47,77,18,7,48,0,157,65,25,17,69,31,0,2,0,13,3,0,1,1,2,1,0,2,0,2,1,0,0,2,1,0,669,178,8,39,77,18,7,48,0,0,0,0,0.3726457343401235,0.3726457343401235
hodgedo01w,7,0,LAS,WNBA,34,3,456,131,9,33,42,66,14,4,43,0,144,46,23,21,61,18,0,5,0,40,9,3,2,5,6,1,0,3,3,13,4,0,0,5,1,0,456,131,9,33,66,14,4,43,0,0,0,0,0.4127192891947525,0.4127192891947525
hodgedo01w,8,0,SEA,WNBA,6,0,33,10,0,2,2,6,1,0,5,0,13,4,2,2,3,0,0,0,0,0,0,0,0,0,0,0,0,0,0,0,0,0,0,0,0,0,33,10,0,2,6,1,0,5,0,0,0,0,0.38181806611573754,0.38181806611573754
hodgedo01w,9,0,IND,WNBA,8,0,56,16,2,4,6,2,3,1,6,0,20,7,0,0,7,2,0,2,0,25,8,0,2,2,3,0,0,3,3,8,3,0,0,5,2,0,56,16,2,4,2,3,1,6,0,0,0,0,0.3321427978316432,0.3321427978316432
hodgero01w,6,0,HOU,WNBA,26,0,188,33,9,8,17,7,3,0,3,0,47,13,2,2,26,5,0,2,0,2,0,0,0,0,0,1,0,1,0,0,0,0,0,0,0,0,188,33,9,8,7,3,0,3,0,0,0,0,0.25904253941263083,0.25904253941263083
hodgero01w,7,0,HOU,WNBA,33,8,698,247,11,54,65,32,16,4,36,0,217,87,39,29,120,44,0,2,0,35,14,3,0,3,1,0,0,0,1,17,5,4,2,8,2,0,698,247,11,54,32,16,4,36,0,0,0,0,0.4110315127359382,0.4110315127359382
hodgero01w,8,0,HOU,WNBA,29,4,331,102,8,22,30,27,13,0,20,0,111,31,22,20,67,20,0,0,0,0,0,0,0,0,0,0,0,0,0,0,0,0,0,0,0,0,331,102,8,22,27,13,0,20,0,0,0,0,0.40543805421637297,0.40543805421637297
hodgero01w,9,0,HOU,WNBA,15,6,274,110,5,25,30,19,5,2,10,0,98,41,2,2,71,26,0,0,0,0,0,0,0,0,0,0,0,0,0,0,0,0,0,0,0,0,274,110,5,25,19,5,2,10,0,0,0,0,0.49999998175182553,0.49999998175182553
hodgero01w,10,0,MIN,WNBA,33,27,902,328,20,79,99,64,21,15,36,0,276,115,33,30,171,68,0,0,0,0,0,0,0,0,0,0,0,0,0,0,0,0,0,0,0,0,902,328,20,79,64,21,15,36,0,0,0,0,0.4763858040311995,0.4763858040311995
hoffmeb01w,5,0,IND,WNBA,30,13,334,60,34,53,87,21,15,5,27,0,83,26,4,3,17,5,1,0,0,0,0,0,0,0,0,0,0,0,0,0,0,0,0,0,0,0,334,60,34,53,21,15,5,27,0,0,0,0,0.34041915148445656,0.34041915148445656
hoffmeb01w,6,0,IND,WNBA,33,0,497,120,34,63,97,16,21,10,23,0,116,47,30,25,2,1,0,0,0,0,0,0,0,0,0,0,0,0,0,0,0,0,0,0,0,0,497,120,34,63,16,21,10,23,0,0,0,0,0.37565391598281866,0.37565391598281866
hoffmeb01w,7,0,IND,WNBA,34,33,851,218,73,120,193,46,37,16,73,0,208,82,70,54,8,0,1,2,2,52,12,2,4,6,1,3,4,3,10,9,6,5,0,0,0,1,851,218,73,120,46,37,16,73,0,0,0,0,0.38907167580409313,0.38907167580409313
hoffmeb01w,8,0,IND,WNBA,34,10,582,144,40,97,137,26,21,18,41,0,128,57,34,28,5,2,0,4,0,42,10,3,6,9,1,0,1,2,3,12,5,0,0,2,0,0,582,144,40,97,26,21,18,41,0,0,0,0,0.3867697528046435,0.3867697528046435
hoffmeb01w,9,0,IND,WNBA,33,33,1013,342,94,164,258,61,47,26,79,0,303,141,41,34,57,26,3,3,3,102,34,4,21,25,5,6,2,3,11,33,14,3,2,11,4,0,1013,342,94,164,61,47,26,79,0,0,0,0,0.5054294125821381,0.5054294125821381
hoffmeb01w,10,0,IND,WNBA,34,34,1005,338,56,143,199,52,57,12,82,0,313,122,77,69,72,25,3,10,10,295,119,11,37,48,8,11,5,18,38,85,47,22,19,15,6,0,1005,338,56,143,52,57,12,82,0,0,0,0,0.45681591585257786,0.45681591585257786
holdsch01w,1,0,WAS,WNBA,32,32,1131,561,57,183,240,80,47,18,93,0,499,232,128,87,39,10,0,2,2,75,30,3,8,11,1,3,1,6,2,29,13,4,4,1,0,0,1131,561,57,183,80,47,18,93,0,0,0,0,0.6258178547673046,0.6258178547673046
holdsch01w,2,0,WAS,WNBA,29,29,975,486,72,184,256,66,44,14,94,0,467,187,148,101,46,11,0,0,0,0,0,0,0,0,0,0,0,0,0,0,0,0,0,0,0,0,975,486,72,184,66,44,14,94,0,0,0,0,0.6375384549996056,0.6375384549996056
holdsch01w,3,0,WAS,WNBA,20,20,634,397,54,178,232,45,20,6,45,0,330,149,106,88,28,11,0,5,5,173,94,10,33,43,16,10,3,10,14,78,35,30,22,11,2,0,634,397,54,178,45,20,6,45,0,0,0,0,0.8110409966712777,0.8110409966712777
holdsch01w,4,0,WAS,WNBA,27,27,948,554,72,222,294,89,34,15,72,0,480,204,155,140,35,6,0,0,0,0,0,0,0,0,0,0,0,0,0,0,0,0,0,0,0,0,948,554,72,222,89,34,15,72,0,0,0,0,0.777426152136855,0.777426152136855
holdsch01w,5,0,WAS,WNBA,23,22,801,437,51,140,191,56,39,18,57,0,403,162,132,106,17,7,0,0,0,0,0,0,0,0,0,0,0,0,0,0,0,0,0,0,0,0,801,437,51,140,56,39,18,57,0,0,0,0,0.7124843856119304,0.7124843856119304
holdsch01w,6,0,LAS,WNBA,33,33,1183,561,86,137,223,104,38,16,99,0,450,216,160,126,13,3,2,2,2,78,31,3,7,10,2,4,0,6,6,27,14,5,2,1,1,0,1183,561,86,137,104,38,16,99,0,0,0,0,0.6097210430285627,0.6097210430285627
holdsch01w,7,0,LAS,WNBA,25,0,739,375,57,95,152,56,34,9,57,0,315,148,86,76,15,3,0,3,1,45,13,4,7,11,4,1,2,3,3,18,6,0,0,2,1,0,739,375,57,95,56,34,9,57,0,0,0,0,0.6568335499751887,0.6568335499751887
holdsch01w,8,0,LAS,WNBA,5,5,150,79,9,19,28,15,6,3,26,0,63,31,18,15,3,2,0,0,0,0,0,0,0,0,0,0,0,0,0,0,0,0,0,0,0,0,150,79,9,19,15,6,3,26,0,0,0,0,0.5933332937777804,0.5933332937777804
holdsch01w,10,0,ATL,WNBA,25,25,708,348,29,80,109,56,34,7,74,0,319,132,93,78,30,6,0,1,0,13,3,2,1,3,0,0,0,3,2,4,1,1,1,1,0,0,708,348,29,80,56,34,7,74,0,0,0,0,0.5865819126188996,0.5865819126188996
hollake01w,1,0,SAC,WNBA,32,32,934,312,28,42,70,81,43,5,74,0,253,111,66,46,122,44,1,2,2,60,19,3,5,8,6,3,0,1,3,16,7,2,2,9,3,0,934,312,28,42,81,43,5,74,0,0,0,0,0.4274089889999038,0.4274089889999038
hollake01w,2,0,SAC,WNBA,32,32,874,322,33,42,75,69,56,5,66,0,251,111,60,41,150,59,0,5,5,160,69,2,16,18,7,8,2,7,10,48,21,16,14,27,13,0,874,322,33,42,69,56,5,66,0,0,0,0,0.482494273655672,0.482494273655672
hollake01w,3,0,SAC,WNBA,32,32,902,296,28,62,90,63,41,5,81,0,299,102,72,54,157,38,1,0,0,0,0,0,0,0,0,0,0,0,0,0,0,0,0,0,0,0,902,296,28,62,63,41,5,81,0,0,0,0,0.4015521019783581,0.4015521019783581
hollake01w,4,0,DET,WNBA,34,2,694,312,12,45,57,63,36,3,59,0,232,107,63,48,124,50,0,8,0,155,65,2,10,12,15,10,0,12,7,53,21,10,8,32,15,0,694,312,12,45,63,36,3,59,0,0,0,0,0.5430835656616201,0.5430835656616201
hollake01w,5,0,HOU,WNBA,27,21,703,177,19,47,66,53,40,3,47,0,159,59,41,28,97,31,0,0,0,0,0,0,0,0,0,0,0,0,0,0,0,0,0,0,0,0,703,177,19,47,53,40,3,47,0,0,0,0,0.3604551869067541,0.3604551869067541
hollake01w,7,0,DET,WNBA,34,0,397,140,12,28,40,43,23,2,40,0,142,51,16,10,84,28,0,8,0,33,0,1,2,3,5,1,0,4,5,8,0,0,0,6,0,0,397,140,12,28,43,23,2,40,0,0,0,0,0.4654911721538748,0.4654911721538748
holliqu01w,10,0,MIN,WNBA,34,1,434,164,47,63,110,5,12,8,34,0,120,50,91,64,0,0,0,0,0,0,0,0,0,0,0,0,0,0,0,0,0,0,0,0,0,0,434,164,47,63,5,12,8,34,0,0,0,0,0.4764976848733253,0.4764976848733253
holmejo01w,1,0,DET,WNBA,29,0,271,91,17,28,45,14,11,4,16,0,70,33,30,21,11,4,0,0,0,0,0,0,0,0,0,0,0,0,0,0,0,0,0,0,0,0,271,91,17,28,14,11,4,16,0,0,0,0,0.45867156979071705,0.45867156979071705
holmese01w,9,0,HOU,WNBA,17,3,203,52,12,23,35,11,8,1,14,0,62,16,22,16,17,4,0,0,0,0,0,0,0,0,0,0,0,0,0,0,0,0,0,0,0,0,203,52,12,23,11,8,1,14,0,0,0,0,0.36108372605498884,0.36108372605498884
holtam01w,9,0,CON,WNBA,34,34,714,222,37,68,105,65,15,5,31,0,199,81,45,35,76,25,0,3,1,55,11,4,8,12,4,1,0,2,2,16,3,4,4,6,1,0,714,222,37,68,65,15,5,31,0,0,0,0,0.45140055390195305,0.45140055390195305
holtam01w,10,0,CON,WNBA,23,7,380,137,13,61,74,44,9,2,14,0,123,40,53,44,50,13,0,0,0,0,0,0,0,0,0,0,0,0,0,0,0,0,0,0,0,0,380,137,13,61,44,9,2,14,0,0,0,0,0.5405263015650974,0.5405263015650974
hopeky01w,1,0,UTA,WNBA,3,0,4,2,0,2,2,0,0,0,1,0,1,0,2,2,0,0,0,0,0,0,0,0,0,0,0,0,0,0,0,0,0,0,0,0,0,0,4,2,0,2,0,0,0,1,0,0,0,0,0.39999900000250005,0.39999900000250005
hornbal01w,9,0,DET,WNBA,34,0,747,184,53,85,138,71,79,10,49,0,178,63,66,42,45,16,1,9,0,220,57,12,32,44,19,11,7,12,21,42,18,20,15,16,6,0,747,184,53,85,71,79,10,49,0,0,0,0,0.4787148530292524,0.4787148530292524
hornbal01w,10,0,DET,WNBA,32,21,850,213,46,112,158,86,42,9,69,0,213,81,48,26,64,25,2,5,5,177,53,8,22,30,20,9,3,16,19,45,22,6,6,9,3,1,850,213,46,112,86,42,9,69,0,0,0,0,0.4079999952000001,0.4079999952000001
houstch01w,9,0,MIN,WNBA,33,0,581,292,27,95,122,28,30,13,55,0,236,116,81,60,0,0,0,0,0,0,0,0,0,0,0,0,0,0,0,0,0,0,0,0,0,0,581,292,27,95,28,30,13,55,0,0,0,0,0.6117039481634432,0.6117039481634432
houstch01w,10,0,MIN,WNBA,34,33,792,445,44,142,186,59,43,21,64,0,376,175,99,72,69,23,2,0,0,0,0,0,0,0,0,0,0,0,0,0,0,0,0,0,0,0,792,445,44,142,59,43,21,64,0,0,0,0,0.7290403948353485,0.7290403948353485
humphta01w,9,1,DET,WNBA,22,16,297,160,25,38,63,22,13,6,24,0,124,62,22,21,39,15,2,0,0,0,0,0,0,0,0,0,0,0,0,0,0,0,0,0,0,0,297,160,25,38,22,13,6,24,0,0,0,0,0.6932659699237048,0.6932659699237048
humphta01w,9,2,WAS,WNBA,8,7,212,89,10,39,49,9,4,2,21,0,82,34,17,10,29,11,0,0,0,0,0,0,0,0,0,0,0,0,0,0,0,0,0,0,0,0,212,89,10,39,9,4,2,21,0,0,0,0,0.47971695850391705,0.47971695850391705
humphta01w,10,2,MIN,WNBA,19,4,340,150,9,50,59,8,12,6,14,0,138,55,26,21,59,19,0,0,0,0,0,0,0,0,0,0,0,0,0,0,0,0,0,0,0,0,340,150,9,50,8,12,6,14,0,0,0,0,0.5391176312024227,0.5391176312024227
humphta01w,10,1,WAS,WNBA,9,0,67,20,4,9,13,3,1,3,6,0,28,7,5,3,12,3,0,0,0,0,0,0,0,0,0,0,0,0,0,0,0,0,0,0,0,0,67,20,4,9,3,1,3,6,0,0,0,0,0.395522329026518,0.395522329026518
irvinsa01w,6,0,PHO,WNBA,12,0,122,44,16,18,34,5,5,6,2,0,44,14,15,12,8,4,0,0,0,0,0,0,0,0,0,0,0,0,0,0,0,0,0,0,0,0,122,44,16,18,5,5,6,2,0,0,0,0,0.6114753597151343,0.6114753597151343
irvinsa01w,7,0,PHO,WNBA,7,0,38,7,2,8,10,1,2,8,3,0,13,2,5,3,3,0,0,0,0,0,0,0,0,0,0,0,0,0,0,0,0,0,0,0,0,0,38,7,2,8,1,2,8,3,0,0,0,0,0.49473671191139157,0.49473671191139157
irvinsa01w,8,0,SAS,WNBA,23,0,128,27,16,24,40,7,3,10,11,0,42,13,2,1,4,0,0,3,0,9,2,0,1,1,0,0,1,1,2,1,1,0,0,0,0,0,128,27,16,24,7,3,10,11,0,0,0,0,0.4249999667968776,0.4249999667968776
irvinsa01w,9,0,SAS,WNBA,21,0,116,26,10,26,36,2,3,5,7,0,28,9,11,7,4,1,0,3,0,4,2,1,0,1,1,0,1,0,0,3,1,0,0,0,0,0,116,26,10,26,2,3,5,7,0,0,0,0,0.37758617434601943,0.37758617434601943
ivanyda01w,1,0,UTA,WNBA,27,16,489,93,12,42,54,63,25,3,50,0,96,30,28,21,43,12,0,0,0,0,0,0,0,0,0,0,0,0,0,0,0,0,0,0,0,0,489,93,12,42,63,25,3,50,0,0,0,0,0.31697340865085055,0.31697340865085055
ivanyda01w,4,0,PHO,WNBA,4,0,34,6,2,2,4,2,0,1,2,0,8,3,0,0,2,0,0,0,0,0,0,0,0,0,0,0,0,0,0,0,0,0,0,0,0,0,34,6,2,2,2,0,1,2,0,0,0,0,0.2647058044982928,0.2647058044982928
ivanyda01w,6,0,SAS,WNBA,30,14,577,75,5,45,50,68,26,0,53,0,67,25,8,5,45,20,0,0,0,0,0,0,0,0,0,0,0,0,0,0,0,0,0,0,0,0,577,75,5,45,68,26,0,53,0,0,0,0,0.23050259565853387,0.23050259565853387
ivanyda01w,7,0,SAS,WNBA,31,1,322,42,7,34,41,50,12,0,19,0,56,15,6,4,37,8,0,0,0,0,0,0,0,0,0,0,0,0,0,0,0,0,0,0,0,0,322,42,7,34,50,12,0,19,0,0,0,0,0.3108695555630573,0.3108695555630573
iveyni01w,2,0,IND,WNBA,32,26,708,115,16,39,55,70,33,5,35,0,102,38,15,14,70,25,0,0,0,0,0,0,0,0,0,0,0,0,0,0,0,0,0,0,0,0,708,115,16,39,70,33,5,35,0,0,0,0,0.2978813517248397,0.2978813517248397
iveyni01w,3,0,IND,WNBA,31,23,439,86,6,22,28,39,16,3,22,0,71,25,21,17,50,19,0,3,0,9,0,0,1,1,3,1,0,0,2,1,0,0,0,1,0,0,439,86,6,22,39,16,3,22,0,0,0,0,0.30250568787002996,0.30250568787002996
iveyni01w,4,0,IND,WNBA,27,21,651,135,5,27,32,71,29,7,28,0,116,45,17,12,84,33,0,0,0,0,0,0,0,0,0,0,0,0,0,0,0,0,0,0,0,0,651,135,5,27,71,29,7,28,0,0,0,0,0.3465437734785903,0.3465437734785903
iveyni01w,5,0,IND,WNBA,15,1,179,34,2,8,10,18,4,3,6,0,37,11,6,4,24,8,0,0,0,0,0,0,0,0,0,0,0,0,0,0,0,0,0,0,0,0,179,34,2,8,18,4,3,6,0,0,0,0,0.317318418026904,0.317318418026904
iveyni01w,6,1,DET,WNBA,12,0,102,14,5,7,12,10,6,0,5,0,23,5,1,1,12,3,0,0,0,0,0,0,0,0,0,0,0,0,0,0,0,0,0,0,0,0,102,14,5,7,10,6,0,5,0,0,0,0,0.2999999705882382,0.2999999705882382
iveyni01w,6,2,PHO,WNBA,14,0,152,24,3,7,10,20,6,0,6,0,24,8,6,6,10,2,0,0,0,0,0,0,0,0,0,0,0,0,0,0,0,0,0,0,0,0,152,24,3,7,20,6,0,6,0,0,0,0,0.31710524229570775,0.31710524229570775
jacksde01w,3,0,CLE,WNBA,18,0,143,55,10,17,27,6,2,1,9,0,46,19,24,17,3,0,0,0,0,0,0,0,0,0,0,0,0,0,0,0,0,0,0,0,0,0,143,55,10,17,6,2,1,9,0,0,0,0,0.46923073641743096,0.46923073641743096
jacksde01w,4,0,CLE,WNBA,34,22,763,245,37,52,89,51,20,13,33,0,198,83,70,50,70,29,1,3,3,60,12,2,10,12,2,2,0,0,7,20,4,6,4,2,0,0,763,245,37,52,51,20,13,33,0,0,0,0,0.44233289066405124,0.44233289066405124
jacksde01w,5,0,IND,WNBA,34,32,804,236,57,56,113,53,29,6,52,0,251,92,73,52,12,0,3,0,0,0,0,0,0,0,0,0,0,0,0,0,0,0,0,0,0,0,804,236,57,56,53,29,6,52,0,0,0,0,0.4088308406861836,0.4088308406861836
jacksde01w,6,0,IND,WNBA,34,0,472,162,37,40,77,23,17,12,32,0,139,56,68,50,3,0,0,4,0,84,35,4,10,14,2,2,2,1,17,23,10,17,14,1,1,1,472,162,37,40,23,17,12,32,0,0,0,0,0.46588982063792755,0.46588982063792755
jacksde01w,7,0,CHI,WNBA,22,1,328,132,32,34,66,13,9,3,22,0,124,49,51,33,3,1,0,0,0,0,0,0,0,0,0,0,0,0,0,0,0,0,0,0,0,0,328,132,32,34,13,9,3,22,0,0,0,0,0.5109755941775733,0.5109755941775733
jacksgw01w,4,0,SAS,WNBA,33,26,975,289,86,119,205,20,15,17,46,0,286,114,88,56,30,5,1,0,0,0,0,0,0,0,0,0,0,0,0,0,0,0,0,0,0,0,975,289,86,119,20,15,17,46,0,0,0,0,0.4009230728110454,0.4009230728110454
jacksgw01w,5,2,PHO,WNBA,14,0,136,56,11,16,27,4,3,1,4,0,45,23,11,9,5,1,0,0,0,0,0,0,0,0,0,0,0,0,0,0,0,0,0,0,0,0,136,56,11,16,4,3,1,4,0,0,0,0,0.5330881960964562,0.5330881960964562
jacksgw01w,5,1,SAS,WNBA,19,4,290,61,20,34,54,11,3,3,11,0,48,23,21,15,1,0,0,0,0,0,0,0,0,0,0,0,0,0,0,0,0,0,0,0,0,0,290,61,20,34,11,3,3,11,0,0,0,0,0.314482747776457,0.314482747776457
jacksgw01w,6,0,PHO,WNBA,11,2,121,31,8,15,23,3,0,3,10,0,26,13,6,3,4,2,0,0,0,0,0,0,0,0,0,0,0,0,0,0,0,0,0,0,0,0,121,31,8,15,3,0,3,10,0,0,0,0,0.3066115449081368,0.3066115449081368
jacksla01w,2,0,SEA,WNBA,29,29,1001,442,57,136,193,44,54,64,53,0,406,149,143,104,129,40,3,0,0,0,0,0,0,0,0,0,0,0,0,0,0,0,0,0,0,0,1001,442,57,136,44,54,64,53,0,0,0,0,0.6310689247645461,0.6310689247645461
jacksla01w,3,0,SEA,WNBA,28,28,882,482,66,124,190,41,30,81,47,0,462,186,90,68,120,42,1,2,2,68,23,5,5,10,3,3,6,4,9,26,9,7,5,6,0,0,882,482,66,124,41,30,81,47,0,0,0,0,0.7600906943300376,0.7600906943300376
jacksla01w,4,0,SEA,WNBA,33,33,1109,698,82,225,307,62,38,64,69,0,526,254,183,151,123,39,1,0,0,0,0,0,0,0,0,0,0,0,0,0,0,0,0,0,0,0,1109,698,82,225,62,38,64,69,0,0,0,0,0.8276825894708513,0.8276825894708513
jacksla01w,5,0,SEA,WNBA,31,31,1070,634,64,143,207,51,31,62,67,0,460,220,175,142,115,52,0,8,8,287,157,20,40,60,11,8,9,16,23,113,53,39,35,22,16,0,1070,634,64,143,51,31,62,67,0,0,0,0,0.746448591154686,0.746448591154686
jacksla01w,6,0,SEA,WNBA,34,34,1176,597,96,217,313,57,36,67,59,0,450,206,181,151,118,34,2,3,3,102,43,4,20,24,2,4,4,8,11,39,17,6,5,13,4,0,1176,597,96,217,57,36,67,59,0,0,0,0,0.706037408962267,0.706037408962267
jacksla01w,7,0,SEA,WNBA,30,30,848,585,70,160,230,48,24,51,40,0,361,193,189,170,77,29,1,3,3,91,54,4,20,24,2,2,7,5,8,28,15,24,22,7,2,0,848,585,70,160,48,24,51,40,0,0,0,0,0.9021226308711954,0.9021226308711954
jacksla01w,8,0,SEA,WNBA,31,31,1020,739,80,220,300,40,31,63,56,0,497,258,197,174,122,49,1,2,2,68,38,4,19,23,1,2,3,5,9,23,13,9,9,10,3,0,1020,739,80,220,40,31,63,56,0,0,0,0,0.9205882262687429,0.9205882262687429
jacksla01w,9,0,SEA,WNBA,21,21,694,425,39,108,147,26,31,33,40,0,330,149,106,99,95,28,0,0,0,0,0,0,0,0,0,0,0,0,0,0,0,0,0,0,0,0,694,425,39,108,26,31,33,40,0,0,0,0,0.7704610839991199,0.7704610839991199
jacksla01w,10,0,SEA,WNBA,26,26,843,499,48,134,182,22,38,45,43,0,363,168,143,114,114,49,2,0,0,0,0,0,0,0,0,0,0,0,0,0,0,0,0,0,0,0,843,499,48,134,22,38,45,43,0,0,0,0,0.7530249020993488,0.7530249020993488
jacksta01w,1,0,HOU,WNBA,29,1,339,76,18,43,61,11,12,9,24,0,61,35,11,6,0,0,0,6,0,94,16,9,8,17,0,4,4,2,9,14,8,0,0,0,0,0,339,76,18,43,11,12,9,24,0,0,0,0,0.3230088400292378,0.3230088400292378
jacksta01w,2,0,HOU,WNBA,32,4,442,104,40,51,91,21,22,11,29,0,86,43,40,18,0,0,0,1,0,15,4,2,1,3,0,1,1,1,4,3,0,6,4,1,0,0,442,104,40,51,21,22,11,29,0,0,0,0,0.38981899570545264,0.38981899570545264
jacksta01w,3,0,HOU,WNBA,5,1,69,6,7,6,13,1,3,3,6,0,8,3,2,0,0,0,0,0,0,0,0,0,0,0,0,0,0,0,0,0,0,0,0,0,0,0,69,6,7,6,1,3,3,6,0,0,0,0,0.19855069586221796,0.19855069586221796
jacksta02w,1,0,DET,WNBA,17,0,267,116,8,17,25,36,22,0,21,0,106,41,35,26,32,8,0,0,0,0,0,0,0,0,0,0,0,0,0,0,0,0,0,0,0,0,267,116,8,17,36,22,0,21,0,0,0,0,0.6131085912693411,0.6131085912693411
jacksta02w,2,0,POR,WNBA,32,1,497,132,10,34,44,50,28,0,45,0,169,55,23,16,39,6,0,0,0,0,0,0,0,0,0,0,0,0,0,0,0,0,0,0,0,0,497,132,10,34,50,28,0,45,0,0,0,0,0.36659959020926375,0.36659959020926375
jacksta02w,3,0,POR,WNBA,32,10,692,314,20,39,59,95,55,1,64,0,291,122,66,46,76,24,0,0,0,0,0,0,0,0,0,0,0,0,0,0,0,0,0,0,0,0,692,314,20,39,95,55,1,64,0,0,0,0,0.6166184881991548,0.6166184881991548
jacksta02w,4,0,PHO,WNBA,34,34,958,300,24,58,82,146,52,4,76,0,361,124,21,17,99,35,0,0,0,0,0,0,0,0,0,0,0,0,0,0,0,0,0,0,0,0,958,300,24,58,146,52,4,76,0,0,0,0,0.4803757778666412,0.4803757778666412
jacksta02w,5,0,WAS,WNBA,25,12,405,135,7,30,37,45,20,1,28,0,135,57,16,11,25,10,0,3,0,42,17,0,1,1,4,0,0,2,7,13,6,2,2,5,3,0,405,135,7,30,45,20,1,28,0,0,0,0,0.46148147008687734,0.46148147008687734
jacksta02w,6,0,WAS,WNBA,8,0,66,9,1,5,6,10,5,0,4,0,26,4,2,0,9,1,0,0,0,0,0,0,0,0,0,0,0,0,0,0,0,0,0,0,0,0,66,9,1,5,10,5,0,4,0,0,0,0,0.3363635853994567,0.3363635853994567
jacksta02w,7,0,PHO,WNBA,3,2,54,24,1,3,4,7,6,1,4,0,28,10,6,4,3,0,0,0,0,0,0,0,0,0,0,0,0,0,0,0,0,0,0,0,0,0,54,24,1,3,7,6,1,4,0,0,0,0,0.6592591371742337,0.6592591371742337
jacksti02w,8,0,NYL,WNBA,34,0,474,173,31,73,104,19,23,12,49,0,154,64,79,45,0,0,0,3,0,43,23,5,8,13,4,2,1,6,3,17,8,9,7,0,0,0,474,173,31,73,19,23,12,49,0,0,0,0,0.46751053866011527,0.46751053866011527
jacksti02w,9,0,NYL,WNBA,25,0,496,208,47,96,143,26,24,8,48,0,157,81,73,46,0,0,0,0,0,0,0,0,0,0,0,0,0,0,0,0,0,0,0,0,0,0,496,208,47,96,26,24,8,48,0,0,0,0,0.5639112789534017,0.5639112789534017
jacksti02w,10,0,NYL,WNBA,34,9,495,180,35,81,116,24,21,13,43,0,149,67,64,46,0,0,0,0,0,0,0,0,0,0,0,0,0,0,0,0,0,0,0,0,0,0,495,180,35,81,24,21,13,43,0,0,0,0,0.49252524257524766,0.49252524257524766
jacobam01w,5,0,MIN,WNBA,32,0,391,101,3,33,36,47,13,0,45,0,100,31,22,20,60,19,0,2,0,36,8,0,1,1,2,0,0,4,0,5,3,2,1,2,1,0,391,101,3,33,47,13,0,45,0,0,0,0,0.32736572052773094,0.32736572052773094
jacobam01w,6,0,MIN,WNBA,33,0,478,121,4,15,19,68,19,4,46,0,104,40,29,21,53,20,0,0,0,0,0,0,0,0,0,0,0,0,0,0,0,0,0,0,0,0,478,121,4,15,68,19,4,46,0,0,0,0,0.36255229367045416,0.36255229367045416
jacobam01w,7,0,MIN,WNBA,34,34,861,279,17,73,90,115,26,2,90,0,214,96,57,47,102,40,0,0,0,0,0,0,0,0,0,0,0,0,0,0,0,0,0,0,0,0,861,279,17,73,115,26,2,90,0,0,0,0,0.4248548150423366,0.4248548150423366
jacobam01w,8,0,MIN,WNBA,29,0,328,93,4,16,20,40,9,0,41,0,102,34,13,8,65,17,0,0,0,0,0,0,0,0,0,0,0,0,0,0,0,0,0,0,0,0,328,93,4,16,40,9,0,41,0,0,0,0,0.33109755088117226,0.33109755088117226
jacobam01w,9,2,LAS,WNBA,5,0,61,10,1,1,2,6,0,0,8,0,11,3,2,2,5,2,0,0,0,0,0,0,0,0,0,0,0,0,0,0,0,0,0,0,0,0,61,10,1,1,6,0,0,8,0,0,0,0,0.14754095941951484,0.14754095941951484
jacobam01w,9,1,WAS,WNBA,6,3,82,10,1,6,7,11,3,0,8,0,12,3,2,1,10,3,0,0,0,0,0,0,0,0,0,0,0,0,0,0,0,0,0,0,0,0,82,10,1,6,11,3,0,8,0,0,0,0,0.22560972858417944,0.22560972858417944
jamesta01w,7,0,WAS,WNBA,21,0,160,57,9,7,16,3,4,2,10,0,49,19,18,16,12,3,0,0,0,0,0,0,0,0,0,0,0,0,0,0,0,0,0,0,0,0,160,57,9,7,3,4,2,10,0,0,0,0,0.4024999748437515,0.4024999748437515
jamesta01w,8,0,WAS,WNBA,31,9,401,167,15,34,49,34,25,4,28,0,134,52,53,45,50,18,0,0,0,0,0,0,0,0,0,0,0,0,0,0,0,0,0,0,0,0,401,167,15,34,34,25,4,28,0,0,0,0,0.5553615821605591,0.5553615821605591
januabr01w,10,0,IND,WNBA,33,4,683,227,23,40,63,77,36,3,57,0,192,64,87,74,87,25,1,10,0,228,106,7,17,24,30,4,0,13,23,78,30,40,34,29,12,0,683,227,23,40,77,36,3,57,0,0,0,0,0.45988286295925535,0.45988286295925535
jekaban01w,10,0,CON,WNBA,27,16,644,255,12,66,78,59,9,0,48,0,234,97,28,22,99,39,1,0,0,0,0,0,0,0,0,0,0,0,0,0,0,0,0,0,0,0,644,255,12,66,59,9,0,48,0,0,0,0,0.4708074461054744,0.4708074461054744
joensca01w,8,0,CHI,WNBA,19,0,271,95,6,27,33,32,17,1,13,0,79,31,13,11,45,22,0,0,0,0,0,0,0,0,0,0,0,0,0,0,0,0,0,0,0,0,271,95,6,27,32,17,1,13,0,0,0,0,0.5324723050748228,0.5324723050748228
joensca01w,9,0,CHI,WNBA,26,0,272,99,5,30,35,14,5,2,23,0,91,34,8,7,65,24,0,0,0,0,0,0,0,0,0,0,0,0,0,0,0,0,0,0,0,0,272,99,5,30,14,5,2,23,0,0,0,0,0.4025735146112679,0.4025735146112679
johnsad01w,1,0,ORL,WNBA,32,31,1100,436,30,60,90,54,24,3,56,0,393,175,38,34,148,52,1,3,3,111,34,3,1,4,8,1,1,7,7,42,14,4,3,10,3,0,1100,436,30,60,54,24,3,56,0,0,0,0,0.4545454504132232,0.4545454504132232
johnsad01w,3,0,ORL,WNBA,32,2,602,166,14,32,46,22,15,2,26,0,181,68,17,12,61,18,0,0,0,0,0,0,0,0,0,0,0,0,0,0,0,0,0,0,0,0,602,166,14,32,22,15,2,26,0,0,0,0,0.3295681008377392,0.3295681008377392
johnsad01w,4,0,CON,WNBA,34,5,584,173,23,35,58,18,17,1,21,0,195,69,24,18,49,17,0,3,0,43,12,0,4,4,4,1,0,0,2,9,6,0,0,1,0,0,584,173,23,35,18,17,1,21,0,0,0,0,0.36746574713243585,0.36746574713243585
johnsch01w,4,0,LAS,WNBA,8,0,45,6,2,4,6,3,0,1,4,0,5,1,4,3,5,1,0,0,0,0,0,0,0,0,0,0,0,0,0,0,0,0,0,0,0,0,45,6,2,4,3,0,1,4,0,0,0,0,0.19111106864198474,0.19111106864198474
johnsja01w,2,0,ORL,WNBA,17,1,139,35,10,13,23,9,4,3,17,0,25,14,5,4,7,3,0,0,0,0,0,0,0,0,0,0,0,0,0,0,0,0,0,0,0,0,139,35,10,13,9,4,3,17,0,0,0,0,0.32302155949485184,0.32302155949485184
johnsla01w,1,0,UTA,WNBA,29,6,481,144,14,38,52,26,12,2,34,0,129,52,43,28,36,12,0,0,0,0,0,0,0,0,0,0,0,0,0,0,0,0,0,0,0,0,481,144,14,38,26,12,2,34,0,0,0,0,0.35592514852546475,0.35592514852546475
johnsla01w,2,0,UTA,WNBA,26,0,228,50,4,15,19,7,2,1,13,0,65,17,14,11,30,5,0,2,0,15,4,0,1,1,0,0,1,3,4,4,1,2,2,3,0,0,228,50,4,15,7,2,1,13,0,0,0,0,0.23815788429132084,0.23815788429132084
johnsla01w,3,0,UTA,WNBA,28,1,269,75,8,11,19,10,7,2,15,0,76,25,20,15,32,10,1,5,0,40,17,2,2,4,2,0,0,1,2,14,7,2,1,9,2,0,269,75,8,11,10,7,2,15,0,0,0,0,0.32676578710907855,0.32676578710907855
johnsla01w,4,0,SAS,WNBA,31,1,279,58,7,18,25,9,3,1,14,0,71,18,22,16,23,6,0,0,0,0,0,0,0,0,0,0,0,0,0,0,0,0,0,0,0,0,279,58,7,18,9,3,1,14,0,0,0,0,0.24121862934700256,0.24121862934700256
johnsla01w,5,0,HOU,WNBA,6,0,36,6,0,1,1,1,2,0,2,0,7,2,2,0,6,2,0,0,0,0,0,0,0,0,0,0,0,0,0,0,0,0,0,0,0,0,36,6,0,1,1,2,0,2,0,0,0,0,0.20277772145063294,0.20277772145063294
johnsni01w,1,0,CHA,WNBA,6,0,78,26,0,4,4,11,4,0,9,0,17,9,6,6,5,2,0,0,0,0,0,0,0,0,0,0,0,0,0,0,0,0,0,0,0,0,78,26,0,4,11,4,0,9,0,0,0,0,0.42564097107167037,0.42564097107167037
johnspo01w,1,0,CLE,WNBA,12,0,57,17,7,7,14,2,0,1,8,0,10,5,12,7,0,0,0,4,0,6,7,1,1,2,1,0,0,0,0,3,3,2,1,0,0,0,57,17,7,7,2,0,1,8,0,0,0,0,0.3333332748538114,0.3333332748538114
johnspo01w,2,0,CLE,WNBA,18,0,119,28,12,19,31,4,0,2,10,0,27,12,9,4,0,0,0,1,0,4,0,1,1,2,1,0,0,1,1,0,0,0,0,0,0,0,119,28,12,19,4,0,2,10,0,0,0,0,0.3201680403220134,0.3201680403220134
johnspo01w,3,0,MIA,WNBA,31,30,801,217,58,82,140,32,27,15,53,0,149,78,97,61,0,0,0,0,0,0,0,0,0,0,0,0,0,0,0,0,0,0,0,0,0,0,801,217,58,82,32,27,15,53,0,0,0,0,0.3785268367225115,0.3785268367225115
johnspo01w,4,0,CLE,WNBA,30,2,416,89,31,51,82,19,12,10,19,0,63,35,34,19,0,0,0,3,0,20,2,0,4,4,3,1,2,0,1,1,1,0,0,0,0,0,416,89,31,51,19,12,10,19,0,0,0,0,0.355769222217086,0.355769222217086
johnspo01w,5,0,HOU,WNBA,19,0,157,22,16,13,29,1,4,3,8,0,17,3,21,16,0,0,0,0,0,0,0,0,0,0,0,0,0,0,0,0,0,0,0,0,0,0,157,22,16,13,1,4,3,8,0,0,0,0,0.23630571743275686,0.23630571743275686
johnssh01w,1,0,ORL,WNBA,32,32,1126,381,53,102,155,169,58,7,102,0,309,122,144,107,90,30,0,3,3,119,18,4,17,21,14,5,2,7,9,27,6,8,4,13,2,0,1126,381,53,102,169,58,7,102,0,0,0,0,0.5157193559882829,0.5157193559882829
johnssh01w,2,0,ORL,WNBA,26,22,785,302,15,62,77,68,34,6,54,0,245,90,111,84,104,38,0,0,0,0,0,0,0,0,0,0,0,0,0,0,0,0,0,0,0,0,785,302,15,62,68,34,6,54,0,0,0,0,0.49057324215830267,0.49057324215830267
johnssh01w,3,0,ORL,WNBA,31,31,1110,499,49,80,129,163,51,7,98,0,389,157,214,164,77,21,1,0,0,0,0,0,0,0,0,0,0,0,0,0,0,0,0,0,0,0,1110,499,49,80,163,51,7,98,0,0,0,0,0.6128828773614154,0.6128828773614154
johnssh01w,4,0,CON,WNBA,34,34,1107,420,39,95,134,196,44,3,107,0,319,138,171,125,73,19,0,4,4,131,45,3,9,12,19,7,1,11,11,29,13,18,14,10,5,0,1107,420,39,95,196,44,3,107,0,0,0,0,0.5526648549894774,0.5526648549894774
johnssh01w,5,0,SAS,WNBA,31,30,954,287,14,68,82,136,48,4,99,0,234,89,107,82,76,27,2,0,0,0,0,0,0,0,0,0,0,0,0,0,0,0,0,0,0,0,954,287,14,68,136,48,4,99,0,0,0,0,0.4257861590588453,0.4257861590588453
johnssh01w,6,0,SAS,WNBA,34,33,1104,317,17,74,91,158,46,5,113,0,241,88,136,113,90,28,1,0,0,0,0,0,0,0,0,0,0,0,0,0,0,0,0,0,0,0,1104,317,17,74,158,46,5,113,0,0,0,0,0.4049818803896568,0.4049818803896568
johnssh01w,7,0,SAS,WNBA,32,32,874,318,31,64,95,117,60,5,75,0,256,104,97,78,91,32,0,0,0,0,0,0,0,0,0,0,0,0,0,0,0,0,0,0,0,0,874,318,31,64,117,60,5,75,0,0,0,0,0.5330663554569067,0.5330663554569067
johnssh01w,8,0,DET,WNBA,33,8,559,193,18,43,61,56,20,2,40,0,166,57,61,50,70,29,0,11,1,186,57,8,17,25,28,5,2,13,13,53,19,13,10,26,9,0,559,193,18,43,56,20,2,40,0,0,0,0,0.4588550901814832,0.4588550901814832
johnssh01w,9,0,HOU,WNBA,33,32,1014,253,31,76,107,168,52,9,78,0,211,80,83,62,97,31,0,0,0,0,0,0,0,0,0,0,0,0,0,0,0,0,0,0,0,0,1014,253,31,76,168,52,9,78,0,0,0,0,0.44230768794568354,0.44230768794568354
johnssh01w,10,0,SEA,WNBA,34,6,618,137,14,48,62,52,27,7,52,0,107,36,55,47,61,18,0,3,0,39,7,0,5,5,3,3,0,6,8,9,3,0,0,5,1,1,618,137,14,48,52,27,7,52,0,0,0,0,0.3158576000670292,0.3158576000670292
johnste01w,6,0,WAS,WNBA,34,34,973,315,13,91,104,177,44,1,88,0,273,125,66,52,43,13,2,0,0,0,0,0,0,0,0,0,0,0,0,0,0,0,0,0,0,0,973,315,13,91,177,44,1,88,0,0,0,0,0.4988694707207661,0.4988694707207661
johnste01w,7,0,LAS,WNBA,32,30,808,255,15,82,97,161,47,1,70,0,254,102,60,48,26,3,0,5,5,140,46,3,6,9,24,8,0,10,12,48,20,6,5,5,1,0,808,255,15,82,161,47,1,70,0,0,0,0,0.531064349863065,0.531064349863065
johnste01w,8,0,LAS,WNBA,11,11,206,70,4,25,29,30,8,1,31,0,88,29,16,11,3,1,0,0,0,0,0,0,0,0,0,0,0,0,0,0,0,0,0,0,0,0,206,70,4,25,30,8,1,31,0,0,0,0,0.4286407558912254,0.4286407558912254
johnste01w,9,0,LAS,WNBA,23,8,393,96,12,31,43,71,24,2,37,0,101,35,36,26,10,0,0,6,0,115,48,3,11,14,21,6,1,13,10,44,20,7,6,7,2,0,393,96,12,31,71,24,2,37,0,0,0,0,0.4419847215779969,0.4419847215779969
johnste01w,10,0,PHO,WNBA,34,34,901,328,8,112,120,157,29,4,76,0,281,125,50,42,87,36,1,11,11,267,83,4,17,21,34,8,2,17,27,76,30,12,10,27,13,0,901,328,8,112,157,29,4,76,0,0,0,0,0.5340732460147254,0.5340732460147254
johnsti01w,1,0,HOU,WNBA,31,29,687,131,59,88,147,10,10,16,17,0,100,48,50,35,0,0,1,6,6,135,22,12,17,29,1,3,2,7,15,20,10,2,2,0,0,0,687,131,59,88,10,10,16,17,0,0,0,0,0.3168850026654294,0.3168850026654294
johnsti01w,2,0,HOU,WNBA,32,28,672,148,44,94,138,22,12,15,42,0,138,62,28,24,0,0,0,2,2,71,18,4,13,17,3,0,3,4,5,17,7,7,4,0,0,0,672,148,44,94,22,12,15,42,0,0,0,0,0.3184523762135063,0.3184523762135063
johnsti01w,3,0,HOU,WNBA,32,32,815,201,73,100,173,39,17,24,38,0,178,77,58,47,2,0,0,3,3,51,8,2,7,9,1,0,6,4,8,9,4,0,0,0,0,0,815,201,73,100,39,17,24,38,0,0,0,0,0.3976687067770711,0.3976687067770711
johnsti01w,4,0,HOU,WNBA,22,3,359,77,19,44,63,13,3,7,20,0,62,30,23,17,0,0,0,3,0,31,0,2,4,6,0,2,0,1,4,6,0,0,0,0,0,0,359,77,19,44,13,3,7,20,0,0,0,0,0.2966573733521623,0.2966573733521623
johnsti01w,5,0,HOU,WNBA,33,11,660,142,30,92,122,27,9,17,31,0,118,59,32,24,0,0,1,0,0,0,0,0,0,0,0,0,0,0,0,0,0,0,0,0,0,0,660,142,30,92,27,9,17,31,0,0,0,0,0.3221212072405878,0.3221212072405878
johnsti01w,7,0,SEA,WNBA,32,8,643,150,31,93,124,17,10,17,31,0,147,61,37,28,0,0,0,3,0,63,19,4,9,13,5,1,1,3,8,12,6,7,7,0,0,0,643,150,31,93,17,10,17,31,0,0,0,0,0.3306376309387616,0.3306376309387616
johnsvi01w,1,0,NYL,WNBA,31,31,1023,380,40,97,137,77,22,5,57,0,324,143,76,67,71,27,0,7,7,237,72,10,25,35,24,8,0,13,14,71,27,14,12,22,6,0,1023,380,40,97,77,22,5,57,0,0,0,0,0.47321602665477985,0.47321602665477985
johnsvi01w,2,0,NYL,WNBA,32,32,939,353,23,84,107,87,35,4,52,0,326,135,70,53,82,30,1,6,6,218,89,7,20,27,28,13,2,14,11,75,34,15,15,22,6,0,939,353,23,84,87,35,4,52,0,0,0,0,0.49872203941723064,0.49872203941723064
johnsvi01w,3,0,NYL,WNBA,31,31,1028,359,42,67,109,86,27,4,45,0,305,139,61,49,76,32,0,8,8,244,98,8,22,30,24,7,0,11,10,75,36,16,12,27,14,0,1028,359,42,67,86,27,4,45,0,0,0,0,0.467412446815054,0.467412446815054
johnsvi01w,4,0,NYL,WNBA,32,32,1042,430,30,65,95,75,29,7,55,0,345,158,92,79,96,35,0,0,0,0,0,0,0,0,0,0,0,0,0,0,0,0,0,0,0,0,1042,430,30,65,75,29,7,55,0,0,0,0,0.505278306091379,0.505278306091379
johnsvi01w,5,0,NYL,WNBA,34,34,1119,321,37,84,121,124,25,4,71,0,293,121,70,62,60,17,0,5,5,161,41,11,11,22,16,5,1,4,10,39,14,12,11,10,2,0,1119,321,37,84,124,25,4,71,0,0,0,0,0.4058087541929512,0.4058087541929512
johnsvi01w,6,0,NYL,WNBA,34,34,1023,353,37,81,118,92,23,2,44,0,272,129,84,65,84,30,0,2,2,73,26,0,6,6,7,1,0,4,7,22,10,8,6,3,0,0,1023,353,37,81,92,23,2,44,0,0,0,0,0.4654936415885275,0.4654936415885275
johnsvi01w,7,0,SAS,WNBA,34,34,1004,337,55,112,167,122,28,3,59,0,317,119,90,76,69,23,0,0,0,0,0,0,0,0,0,0,0,0,0,0,0,0,0,0,0,0,1004,337,55,112,122,28,3,59,0,0,0,0,0.5010956125388883,0.5010956125388883
johnsvi01w,8,0,SAS,WNBA,30,29,852,243,51,93,144,104,34,8,36,0,214,95,39,32,49,21,0,5,5,165,47,9,20,29,23,6,1,9,11,49,18,6,3,19,8,0,852,243,51,93,104,34,8,36,0,0,0,0,0.4889671304111839,0.4889671304111839
johnsvi01w,9,0,SAS,WNBA,32,32,892,213,39,130,169,115,26,5,49,0,198,87,36,28,39,11,0,9,9,274,75,10,32,42,28,9,0,19,13,65,32,11,7,10,4,0,892,213,39,130,115,26,5,49,0,0,0,0,0.42186098181770204,0.42186098181770204
johnsvi01w,10,0,SAS,WNBA,32,32,737,204,23,85,108,77,16,4,39,0,185,80,27,23,56,21,0,3,3,90,46,3,6,9,14,5,0,3,6,25,18,6,5,7,5,0,737,204,23,85,77,16,4,39,0,0,0,0,0.4119402929180422,0.4119402929180422
jonesas01w,3,0,WAS,WNBA,32,5,612,208,39,50,89,28,13,17,39,0,233,93,33,20,10,2,2,5,0,63,18,3,5,8,3,0,1,1,13,19,8,2,1,2,1,0,612,208,39,50,28,13,17,39,0,0,0,0,0.44003267254848577,0.44003267254848577
jonesas01w,4,0,WAS,WNBA,34,10,748,290,62,73,135,52,16,25,63,0,279,121,55,41,17,7,1,0,0,0,0,0,0,0,0,0,0,0,0,0,0,0,0,0,0,0,748,290,62,73,52,16,25,63,0,0,0,0,0.5151069449852013,0.5151069449852013
jonesas01w,5,0,CON,WNBA,34,1,699,235,51,67,118,39,20,18,53,0,239,96,48,41,6,2,0,8,0,171,59,8,13,21,11,5,1,18,10,53,26,11,7,0,0,0,699,235,51,67,39,20,18,53,0,0,0,0,0.4503576473482454,0.4503576473482454
jonesas01w,6,0,CON,WNBA,33,4,705,301,54,67,121,40,10,7,51,0,275,133,56,33,5,2,0,8,0,178,71,8,20,28,7,2,4,11,23,60,29,23,13,2,0,0,705,301,54,67,40,10,7,51,0,0,0,0,0.5175886451405867,0.5175886451405867
jonesas01w,7,0,CON,WNBA,34,2,777,377,59,124,183,46,23,20,60,0,334,155,79,62,19,5,0,5,0,113,35,10,12,22,10,3,3,8,13,51,14,16,7,2,0,0,777,377,59,124,46,23,20,60,0,0,0,0,0.6235521155269999,0.6235521155269999
jonesas01w,8,0,CON,WNBA,30,30,942,459,65,118,183,75,25,23,91,0,430,193,94,72,12,1,1,3,3,116,47,7,17,24,10,3,2,5,11,44,22,3,2,1,1,0,942,459,65,118,75,25,23,91,0,0,0,0,0.6071125200943469,0.6071125200943469
jonesas01w,9,0,CON,WNBA,33,33,963,561,73,128,201,81,20,26,74,0,461,223,139,110,23,5,2,3,3,98,45,9,13,22,4,2,1,7,9,47,17,12,11,2,0,0,963,561,73,128,81,20,26,74,0,0,0,0,0.7305295874295993,0.7305295874295993
jonesas01w,10,0,CON,WNBA,23,23,727,384,43,93,136,56,20,13,49,0,339,159,80,61,16,5,1,0,0,0,0,0,0,0,0,0,0,0,0,0,0,0,0,0,0,0,727,384,43,93,56,20,13,49,0,0,0,0,0.6629986153645308,0.6629986153645308
jonesch01w,5,0,DET,WNBA,31,8,397,107,8,26,34,45,18,5,40,0,103,37,31,25,32,8,0,2,0,10,2,0,0,0,1,0,0,1,2,4,1,0,0,0,0,0,397,107,8,26,45,18,5,40,0,0,0,0,0.37380351703265696,0.37380351703265696
jonesch01w,6,1,DET,WNBA,21,0,329,125,8,23,31,23,13,2,23,0,113,46,19,15,37,18,0,0,0,0,0,0,0,0,0,0,0,0,0,0,0,0,0,0,0,0,329,125,8,23,23,13,2,23,0,0,0,0,0.4635258217773307,0.4635258217773307
jonesch01w,6,2,MIN,WNBA,10,9,281,81,10,23,33,30,13,3,17,0,83,29,19,12,32,11,0,0,0,0,0,0,0,0,0,0,0,0,0,0,0,0,0,0,0,0,281,81,10,23,30,13,3,17,0,0,0,0,0.44092525121262455,0.44092525121262455
jonesch01w,7,0,MIN,WNBA,6,0,38,17,2,3,5,3,1,0,2,0,9,5,4,4,4,3,0,0,0,0,0,0,0,0,0,0,0,0,0,0,0,0,0,0,0,0,38,17,2,3,3,1,0,2,0,0,0,0,0.5605261682825872,0.5605261682825872
jonesja01w,1,0,MIA,WNBA,21,0,233,68,10,12,22,10,8,0,25,0,95,25,16,11,35,7,0,0,0,0,0,0,0,0,0,0,0,0,0,0,0,0,0,0,0,0,233,68,10,12,10,8,0,25,0,0,0,0,0.30729612415038093,0.30729612415038093
jonesla01w,1,0,CHA,WNBA,9,0,54,19,0,5,5,2,0,1,4,0,19,8,2,1,6,2,0,0,0,0,0,0,0,0,0,0,0,0,0,0,0,0,0,0,0,0,54,19,0,5,2,0,1,4,0,0,0,0,0.3611110442386955,0.3611110442386955
jonesme01w,1,0,CLE,WNBA,32,32,948,352,52,87,139,63,29,2,60,0,323,153,47,32,45,14,2,6,6,207,83,11,32,43,11,7,0,8,14,86,34,12,9,20,6,0,948,352,52,87,63,29,2,60,0,0,0,0,0.47310126083226517,0.47310126083226517
jonesme01w,2,0,CLE,WNBA,30,30,998,404,43,121,164,45,29,4,53,0,377,165,82,65,34,9,0,3,3,103,36,8,10,18,9,1,1,3,5,32,15,5,5,3,1,0,998,404,43,121,45,29,4,53,0,0,0,0,0.4963927805972668,0.4963927805972668
jonesme01w,3,0,CLE,WNBA,32,32,1094,391,33,143,176,72,44,4,55,0,393,157,79,62,54,15,0,0,0,0,0,0,0,0,0,0,0,0,0,0,0,0,0,0,0,0,1094,391,33,143,72,44,4,55,0,0,0,0,0.47714807607725707,0.47714807607725707
jonesme01w,4,0,CLE,WNBA,34,15,672,164,18,79,97,44,22,3,36,0,196,66,39,28,13,4,0,3,0,37,5,3,2,5,0,0,0,2,2,5,2,2,1,1,0,0,672,164,18,79,44,22,3,36,0,0,0,0,0.34717261388135984,0.34717261388135984
jonesme01w,5,0,DET,WNBA,33,2,517,180,23,46,69,21,19,2,26,0,205,76,32,24,15,4,0,3,1,61,23,3,9,12,2,4,0,2,8,26,11,1,1,1,0,0,517,180,23,46,21,19,2,26,0,0,0,0,0.43694389870514705,0.43694389870514705
kellycr01w,9,0,SAC,WNBA,33,4,551,243,47,62,109,15,18,5,41,0,138,62,140,119,1,0,0,3,3,80,37,4,6,10,4,1,0,2,8,20,14,10,9,0,0,0,551,243,47,62,15,18,5,41,0,0,0,0,0.5290381029212686,0.5290381029212686
kellycr01w,10,2,DET,WNBA,11,0,84,31,6,8,14,4,4,1,11,0,22,8,18,15,0,0,0,3,0,15,4,0,2,2,2,0,0,0,2,0,0,4,4,0,0,0,84,31,6,8,4,4,1,11,0,0,0,0,0.4238094733560151,0.4238094733560151
kellycr01w,10,1,SAC,WNBA,23,4,283,98,20,19,39,8,7,2,22,0,57,25,57,48,1,0,0,0,0,0,0,0,0,0,0,0,0,0,0,0,0,0,0,0,0,0,283,98,20,19,8,7,2,22,0,0,0,0,0.3982332014758586,0.3982332014758586
kingbsu01w,6,0,MIN,WNBA,3,0,17,3,0,1,1,1,0,1,0,0,1,0,4,3,0,0,0,0,0,0,0,0,0,0,0,0,0,0,0,0,0,0,0,0,0,0,17,3,0,1,1,0,1,0,0,0,0,0,0.31176452249145736,0.31176452249145736
kingija01w,2,0,DET,WNBA,29,17,625,169,20,43,63,74,31,8,53,0,142,55,36,26,88,33,0,0,0,0,0,0,0,0,0,0,0,0,0,0,0,0,0,0,0,0,625,169,20,43,74,31,8,53,0,0,0,0,0.4094399934489601,0.4094399934489601
kingija01w,5,1,DET,WNBA,5,0,15,3,0,1,1,1,0,0,2,0,0,0,4,3,0,0,0,0,0,0,0,0,0,0,0,0,0,0,0,0,0,0,0,0,0,0,15,3,0,1,1,0,0,2,0,0,0,0,0.15333323111117925,0.15333323111117925
kingija01w,5,2,PHO,WNBA,13,0,128,20,5,8,13,12,5,2,7,0,18,6,7,5,7,3,0,0,0,0,0,0,0,0,0,0,0,0,0,0,0,0,0,0,0,0,128,20,5,8,12,5,2,7,0,0,0,0,0.29609372686767754,0.29609372686767754
kingija01w,7,0,SAS,WNBA,18,1,115,25,3,7,10,11,6,0,5,0,18,8,9,7,6,2,0,0,0,0,0,0,0,0,0,0,0,0,0,0,0,0,0,0,0,0,115,25,3,7,11,6,0,5,0,0,0,0,0.35826083841210105,0.35826083841210105
klimezu01w,3,0,IND,WNBA,11,0,39,5,1,4,5,2,1,1,2,0,12,2,1,1,0,0,0,0,0,0,0,0,0,0,0,0,0,0,0,0,0,0,0,0,0,0,39,5,1,4,2,1,1,2,0,0,0,0,0.22820506969100776,0.22820506969100776
klimezu01w,4,0,IND,WNBA,1,0,3,2,0,0,0,0,0,0,0,0,1,0,2,2,0,0,0,0,0,0,0,0,0,0,0,0,0,0,0,0,0,0,0,0,0,0,3,2,0,0,0,0,0,0,0,0,0,0,0.6666644444518518,0.6666644444518518
koehnla01w,6,0,WAS,WNBA,30,0,230,113,4,7,11,10,2,0,6,0,79,37,5,4,75,35,0,0,0,0,0,0,0,0,0,0,0,0,0,0,0,0,0,0,0,0,230,113,4,7,10,2,0,6,0,0,0,0,0.5386956287523639,0.5386956287523639
koehnla01w,7,0,WAS,WNBA,32,0,161,71,0,12,12,8,2,2,5,0,46,23,4,3,42,22,0,2,0,0,0,0,0,0,0,0,0,0,0,0,0,0,0,0,0,0,161,71,0,12,8,2,2,5,0,0,0,0,0.5068322666563809,0.5068322666563809
koehnla01w,8,0,WAS,WNBA,28,0,109,40,0,8,8,5,0,0,3,0,36,13,2,2,33,12,0,0,0,0,0,0,0,0,0,0,0,0,0,0,0,0,0,0,0,0,109,40,0,8,5,0,0,3,0,0,0,0,0.4073394121706961,0.4073394121706961
koehnla01w,9,0,WAS,WNBA,30,0,144,71,4,7,11,3,0,0,10,0,61,24,2,0,55,23,0,0,0,0,0,0,0,0,0,0,0,0,0,0,0,0,0,0,0,0,144,71,4,7,3,0,0,10,0,0,0,0,0.4784721889949868,0.4784721889949868
korstil01w,2,0,PHO,WNBA,12,0,75,21,6,5,11,5,3,0,9,0,25,7,7,6,3,1,0,0,0,0,0,0,0,0,0,0,0,0,0,0,0,0,0,0,0,0,75,21,6,5,5,3,0,9,0,0,0,0,0.3426666209777839,0.3426666209777839
kostaan01w,7,0,HOU,WNBA,32,0,266,67,3,22,25,19,7,0,42,0,57,18,35,25,30,6,0,2,0,11,5,0,1,1,1,0,0,3,2,2,2,1,1,0,0,0,266,67,3,22,19,7,0,42,0,0,0,0,0.2244360817881172,0.2244360817881172
kostita01w,1,0,MIA,WNBA,5,0,46,7,3,2,5,4,2,0,7,0,9,3,2,1,0,0,0,0,0,0,0,0,0,0,0,0,0,0,0,0,0,0,0,0,0,0,46,7,3,2,4,2,0,7,0,0,0,0,0.1891303936673057,0.1891303936673057
kraayca01w,6,0,NYL,WNBA,17,0,196,69,13,14,27,5,4,8,17,0,55,23,15,14,24,9,0,2,0,37,8,2,5,7,0,0,0,2,6,3,1,6,5,1,1,0,196,69,13,14,5,4,8,17,0,0,0,0,0.41989793776030926,0.41989793776030926
kraayca01w,7,0,NYL,WNBA,34,13,903,298,46,112,158,32,16,15,62,0,239,106,72,55,93,31,0,0,0,0,0,0,0,0,0,0,0,0,0,0,0,0,0,0,0,0,903,298,46,112,32,16,15,62,0,0,0,0,0.40398670648962676,0.40398670648962676
kraayca01w,8,0,NYL,WNBA,34,34,967,366,38,116,154,51,32,20,84,0,298,129,70,55,129,53,0,3,3,87,38,4,14,18,2,2,3,4,9,33,14,5,5,12,5,0,967,366,38,116,51,32,20,84,0,0,0,0,0.46163391456428227,0.46163391456428227
kraayca01w,9,0,NYL,WNBA,34,34,961,326,50,159,209,49,28,26,55,0,298,114,51,36,165,62,2,6,6,202,44,14,31,45,17,4,3,10,15,45,16,4,2,29,10,0,961,326,50,159,49,28,26,55,0,0,0,0,0.4752341261682193,0.4752341261682193
kraayca01w,10,0,NYL,WNBA,34,26,888,307,32,123,155,32,22,13,66,0,264,105,49,37,144,60,0,0,0,0,0,0,0,0,0,0,0,0,0,0,0,0,0,0,0,0,888,307,32,123,32,22,13,66,0,0,0,0,0.4136261214681743,0.4136261214681743
kubikni01w,1,0,PHO,WNBA,4,0,19,6,0,2,2,2,0,0,3,0,3,1,4,4,1,0,0,2,0,5,2,0,0,0,0,0,0,1,2,2,0,2,2,0,0,0,19,6,0,2,2,0,0,3,0,0,0,0,0.29473668698069105,0.29473668698069105
kubikni01w,2,0,PHO,WNBA,3,0,21,2,0,2,2,5,4,0,3,0,4,1,0,0,1,0,0,0,0,0,0,0,0,0,0,0,0,0,0,0,0,0,0,0,0,0,21,2,0,2,5,4,0,3,0,0,0,0,0.4095236145125645,0.4095236145125645
lacyje01w,7,0,PHO,WNBA,33,3,504,162,42,60,102,14,12,12,45,0,128,61,58,40,4,0,1,0,0,0,0,0,0,0,0,0,0,0,0,0,0,0,0,0,0,0,504,162,42,60,14,12,12,45,0,0,0,0,0.40158729361929973,0.40158729361929973
lacyje01w,8,0,PHO,WNBA,20,0,94,35,10,9,19,2,3,0,10,0,29,12,18,10,3,1,0,1,0,3,2,0,0,0,0,0,0,0,2,2,1,2,0,0,0,0,94,35,10,9,2,3,0,10,0,0,0,0,0.4223403806020872,0.4223403806020872
lacyje01w,9,0,ATL,WNBA,33,22,605,189,35,54,89,27,18,6,37,0,190,74,55,37,21,4,1,0,0,0,0,0,0,0,0,0,0,0,0,0,0,0,0,0,0,0,605,189,35,54,27,18,6,37,0,0,0,0,0.40280991069735683,0.40280991069735683
lacyje01w,10,0,ATL,WNBA,32,0,362,96,32,38,70,9,9,7,24,0,107,35,33,22,19,4,0,2,0,23,2,1,1,2,0,0,0,0,3,5,0,4,2,2,0,0,362,96,32,38,9,9,7,24,0,0,0,0,0.36132595686944874,0.36132595686944874
lacyve01w,1,0,NYL,WNBA,2,2,18,6,1,4,5,0,0,0,2,0,5,2,4,2,0,0,0,0,0,0,0,0,0,0,0,0,0,0,0,0,0,0,0,0,0,0,18,6,1,4,0,0,0,2,0,0,0,0,0.3277775956791135,0.3277775956791135
lambesh01w,3,0,CHA,WNBA,3,0,16,2,2,1,3,3,1,0,2,0,3,1,0,0,0,0,0,0,0,0,0,0,0,0,0,0,0,0,0,0,0,0,0,0,0,0,16,2,2,1,3,1,0,2,0,0,0,0,0.35624977734388913,0.35624977734388913
lambesh01w,4,0,DET,WNBA,27,1,187,87,10,18,28,14,5,0,29,0,66,24,41,32,16,7,0,7,0,14,5,0,2,2,1,0,0,4,3,6,2,0,0,3,1,0,187,87,10,18,14,5,0,29,0,0,0,0,0.47807484074466094,0.47807484074466094
lambesh01w,5,0,HOU,WNBA,34,25,788,197,19,49,68,88,26,4,82,0,177,75,51,40,27,7,0,0,0,0,0,0,0,0,0,0,0,0,0,0,0,0,0,0,0,0,788,197,19,49,88,26,4,82,0,0,0,0,0.3312182699083976,0.3312182699083976
lambesh01w,6,0,DET,WNBA,12,5,152,33,2,15,17,21,8,1,24,0,45,14,5,4,7,1,0,0,0,0,0,0,0,0,0,0,0,0,0,0,0,0,0,0,0,0,152,33,2,15,21,8,1,24,0,0,0,0,0.2953947174082423,0.2953947174082423
lambmo01w,1,0,HOU,WNBA,13,2,140,26,5,21,26,3,2,4,4,0,20,10,12,6,0,0,0,0,0,0,0,0,0,0,0,0,0,0,0,0,0,0,0,0,0,0,140,26,5,21,3,2,4,4,0,0,0,0,0.2914285506122464,0.2914285506122464
langhcr01w,9,0,WAS,WNBA,34,6,529,164,53,83,136,15,15,6,36,0,109,68,51,28,0,0,1,0,0,0,0,0,0,0,0,0,0,0,0,0,0,0,0,0,0,0,529,164,53,83,15,15,6,36,0,0,0,0,0.42722116394666987,0.42722116394666987
langhcr01w,10,0,WAS,WNBA,34,22,1013,408,101,167,268,29,34,13,76,0,284,163,119,82,2,0,0,2,2,79,33,5,15,20,1,1,1,6,6,20,14,8,5,0,0,0,1013,408,101,167,29,34,13,76,0,0,0,0,0.5220138151824895,0.5220138151824895
larkier01w,9,0,NYL,WNBA,27,0,335,129,38,35,73,18,10,7,35,0,94,48,56,33,0,0,0,6,0,87,26,12,17,29,1,3,1,8,12,24,11,10,4,0,0,0,335,129,38,35,18,10,7,35,0,0,0,0,0.4958208807217648,0.4958208807217648
larkier01w,10,0,NYL,WNBA,18,0,137,44,11,20,31,8,9,4,16,0,33,14,23,16,0,0,0,0,0,0,0,0,0,0,0,0,0,0,0,0,0,0,0,0,0,0,137,44,11,20,8,9,4,16,0,0,0,0,0.45766420017049636,0.45766420017049636
lassiam01w,2,0,HOU,WNBA,32,18,613,138,27,83,110,34,16,21,35,0,139,51,15,10,67,26,0,2,0,54,19,1,8,9,0,0,3,2,4,16,7,2,2,9,3,0,613,138,27,83,34,16,21,35,0,0,0,0,0.35530178865739337,0.35530178865739337
lassiam01w,3,1,HOU,WNBA,6,0,46,1,1,5,6,2,2,2,2,0,10,0,2,1,5,0,0,0,0,0,0,0,0,0,0,0,0,0,0,0,0,0,0,0,0,0,46,1,1,5,2,2,2,2,0,0,0,0,0.15652170510397712,0.15652170510397712
lassiam01w,3,2,SEA,WNBA,24,22,554,126,23,40,63,55,27,19,49,0,130,47,17,12,66,20,1,2,2,46,10,0,7,7,4,3,1,5,4,15,4,0,0,9,2,0,554,126,23,40,55,27,19,49,0,0,0,0,0.3720216539346272,0.3720216539346272
lassiam01w,4,0,SEA,WNBA,32,18,733,163,33,79,112,42,27,26,42,0,156,60,30,19,73,24,2,0,0,0,0,0,0,0,0,0,0,0,0,0,0,0,0,0,0,0,733,163,33,79,42,27,26,42,0,0,0,0,0.35852659811014187,0.35852659811014187
lassiam01w,5,0,MIN,WNBA,33,12,563,127,15,65,80,37,21,22,40,0,135,47,9,6,89,27,0,2,0,30,9,0,4,4,1,2,3,4,5,7,3,0,0,6,3,0,563,127,15,65,37,21,22,40,0,0,0,0,0.3499111838381673,0.3499111838381673
lassiam01w,6,0,MIN,WNBA,31,3,388,107,10,36,46,23,14,4,29,0,115,38,11,7,72,24,0,0,0,0,0,0,0,0,0,0,0,0,0,0,0,0,0,0,0,0,388,107,10,36,23,14,4,29,0,0,0,0,0.35257731050058483,0.35257731050058483
lassiam01w,7,0,CHI,WNBA,32,29,778,257,25,63,88,65,42,17,57,0,254,93,31,22,149,49,3,0,0,0,0,0,0,0,0,0,0,0,0,0,0,0,0,0,0,0,778,257,25,63,65,42,17,57,0,0,0,0,0.46323906859589886,0.46323906859589886
lattaiv01w,8,0,DET,WNBA,31,1,221,93,4,15,19,20,8,2,16,0,87,34,7,3,49,22,0,10,0,47,19,0,3,3,3,2,0,2,3,19,5,6,4,15,5,0,221,93,4,15,20,8,2,16,0,0,0,0,0.5171945467332785,0.5171945467332785
lattaiv01w,9,0,ATL,WNBA,34,31,960,388,13,59,72,123,45,1,61,0,343,124,106,85,160,55,0,0,0,0,0,0,0,0,0,0,0,0,0,0,0,0,0,0,0,0,960,388,13,59,123,45,1,61,0,0,0,0,0.5445833276605903,0.5445833276605903
lattaiv01w,10,0,ATL,WNBA,24,0,350,146,3,13,16,34,13,1,26,0,110,45,46,38,50,18,0,2,2,75,27,2,2,4,5,1,0,3,5,20,8,9,8,9,3,0,350,146,3,13,34,13,1,26,0,0,0,0,0.497142842938776,0.497142842938776
lawsoed01w,6,2,HOU,WNBA,17,0,114,25,1,6,7,4,2,1,12,0,24,8,4,4,13,5,0,1,0,1,0,0,0,0,0,0,0,0,0,0,0,0,0,0,0,0,114,25,1,6,4,2,1,12,0,0,0,0,0.1973684037396137,0.1973684037396137
lawsoed01w,6,1,NYL,WNBA,2,0,12,2,0,2,2,0,0,0,0,0,4,0,2,2,2,0,0,0,0,0,0,0,0,0,0,0,0,0,0,0,0,0,0,0,0,0,12,2,0,2,0,0,0,0,0,0,0,0,0.21666648611126157,0.21666648611126157
lawsoed01w,7,0,SEA,WNBA,26,0,209,43,2,19,21,29,15,1,19,0,45,17,6,4,19,5,0,3,0,11,4,0,0,0,1,0,0,0,0,4,1,2,1,4,1,0,209,43,2,19,29,15,1,19,0,0,0,0,0.36411481511412364,0.36411481511412364
lawsoed01w,9,0,SAS,WNBA,30,1,280,100,9,22,31,26,12,0,25,0,80,36,9,6,47,22,0,5,0,84,25,3,9,12,9,3,0,5,5,22,7,4,4,15,7,0,280,100,9,22,26,12,0,25,0,0,0,0,0.44964284108418423,0.44964284108418423
lawsoed01w,10,0,SAS,WNBA,33,12,583,172,9,57,66,74,29,1,29,0,151,58,18,15,113,41,0,3,3,75,32,4,5,9,6,2,0,3,6,18,12,0,0,13,8,0,583,172,9,57,74,29,1,29,0,0,0,0,0.46380788226744624,0.46380788226744624
lawsoka01w,4,0,SAC,WNBA,34,0,769,263,30,77,107,56,15,5,42,0,227,89,40,31,135,54,0,6,0,154,32,2,21,23,16,1,2,4,8,42,9,8,7,23,7,0,769,263,30,77,56,15,5,42,0,0,0,0,0.443563063152626,0.443563063152626
lawsoka01w,5,0,SAC,WNBA,34,10,827,294,12,65,77,68,21,8,53,0,245,103,44,37,134,51,0,6,0,153,58,3,12,15,11,8,1,5,10,54,20,9,8,24,10,0,827,294,12,65,68,21,8,53,0,0,0,0,0.4424425581324963,0.4424425581324963
lawsoka01w,6,0,SAC,WNBA,24,1,508,192,7,26,33,37,13,3,22,0,148,65,31,26,81,36,0,8,2,208,90,2,27,29,18,8,1,11,9,67,29,18,17,29,15,0,508,192,7,26,37,13,3,22,0,0,0,0,0.46397636881936294,0.46397636881936294
lawsoka01w,7,0,SAC,WNBA,34,6,749,277,11,54,65,56,20,4,43,0,242,96,39,36,123,49,0,9,9,289,110,14,17,31,14,9,1,12,14,87,39,14,11,48,21,0,749,277,11,54,56,20,4,43,0,0,0,0,0.45113484043878715,0.45113484043878715
lawsoka01w,8,0,SAC,WNBA,34,0,774,375,24,56,80,67,29,8,49,0,340,128,88,74,133,45,0,3,0,75,37,1,6,7,9,3,2,2,5,26,13,7,6,13,5,0,774,375,24,56,67,29,8,49,0,0,0,0,0.5989664005301499,0.5989664005301499
lawsoka01w,9,0,SAC,WNBA,32,32,829,391,16,66,82,67,28,2,48,0,343,139,58,53,139,60,0,3,3,81,29,1,14,15,13,2,0,7,5,23,11,5,4,8,3,0,829,391,16,66,67,28,2,48,0,0,0,0,0.5681543960415634,0.5681543960415634
lawsoka01w,10,0,SAC,WNBA,25,5,604,220,11,42,53,63,16,1,35,0,200,76,33,31,110,37,0,0,0,0,0,0,0,0,0,0,0,0,0,0,0,0,0,0,0,0,604,220,11,42,63,16,1,35,0,0,0,0,0.4723509855571028,0.4723509855571028
lazicka01w,2,0,NYL,WNBA,8,0,55,17,2,4,6,3,3,0,10,0,20,8,2,1,2,0,0,2,0,2,0,0,1,1,0,0,0,1,0,0,0,0,0,0,0,0,55,17,2,4,3,3,0,10,0,0,0,0,0.28363631206612505,0.28363631206612505
lehnish01w,10,0,ATL,WNBA,34,20,707,102,19,60,79,127,18,3,54,0,93,36,31,24,30,6,0,0,0,0,0,0,0,0,0,0,0,0,0,0,0,0,0,0,0,0,707,102,19,60,127,18,3,54,0,0,0,0,0.3214992882390483,0.3214992882390483
lennobe01w,1,0,MIN,WNBA,32,31,984,541,53,125,178,82,53,9,97,0,471,201,105,84,139,55,4,0,0,0,0,0,0,0,0,0,0,0,0,0,0,0,0,0,0,0,984,541,53,125,82,53,9,97,0,0,0,0,0.6733739768966059,0.6733739768966059
lennobe01w,2,0,MIN,WNBA,11,7,241,121,13,41,54,16,10,4,25,0,110,41,20,19,52,20,0,0,0,0,0,0,0,0,0,0,0,0,0,0,0,0,0,0,0,0,241,121,13,41,16,10,4,25,0,0,0,0,0.611618231883061,0.611618231883061
lennobe01w,3,2,MIA,WNBA,26,3,581,310,18,55,73,47,25,5,62,0,307,110,58,44,131,46,2,0,0,0,0,0,0,0,0,0,0,0,0,0,0,0,0,0,0,0,581,310,18,55,47,25,5,62,0,0,0,0,0.6094664266873249,0.6094664266873249
lennobe01w,3,1,MIN,WNBA,5,1,138,31,2,14,16,16,5,0,20,0,48,10,10,6,23,5,1,0,0,0,0,0,0,0,0,0,0,0,0,0,0,0,0,0,0,0,138,31,2,14,16,5,0,20,0,0,0,0,0.27246374837219217,0.27246374837219217
lennobe01w,4,0,CLE,WNBA,34,1,560,258,19,70,89,32,14,4,58,0,269,100,36,26,103,32,0,3,0,45,21,1,6,7,3,3,0,4,7,19,9,2,1,5,2,0,560,258,19,70,32,14,4,58,0,0,0,0,0.5076785623628829,0.5076785623628829
lennobe01w,5,0,SEA,WNBA,32,32,920,358,28,131,159,79,34,3,77,0,330,139,68,58,83,22,0,8,8,251,117,4,25,29,21,8,1,23,21,97,44,24,21,18,8,0,920,358,28,131,79,34,3,77,0,0,0,0,0.4955434728745276,0.4955434728745276
lennobe01w,6,0,SEA,WNBA,28,26,800,346,21,103,124,57,35,5,75,0,314,123,87,76,78,24,0,3,3,94,46,1,13,14,8,3,0,6,9,38,15,14,13,12,3,0,800,346,21,103,57,35,5,75,0,0,0,0,0.5169999935375,0.5169999935375
lennobe01w,7,0,SEA,WNBA,34,34,891,465,34,103,137,73,36,5,98,0,423,191,71,54,90,29,2,3,3,90,35,2,15,17,15,5,0,8,4,44,13,7,4,19,5,0,891,465,34,103,73,36,5,98,0,0,0,0,0.601234561153372,0.601234561153372
lennobe01w,8,0,SEA,WNBA,34,34,937,454,47,113,160,92,36,5,91,0,362,155,121,110,99,34,0,2,2,62,36,5,8,13,4,2,0,4,9,36,13,5,5,13,5,1,937,454,47,113,92,36,5,91,0,0,0,0,0.6006403351052259,0.6006403351052259
lennobe01w,9,0,ATL,WNBA,34,33,1010,595,36,107,143,81,45,3,114,0,499,207,138,118,176,63,0,0,0,0,0,0,0,0,0,0,0,0,0,0,0,0,0,0,0,0,1010,595,36,107,81,45,3,114,0,0,0,0,0.6606930627654153,0.6606930627654153
lennobe01w,10,0,LAS,WNBA,30,13,640,306,33,103,136,54,26,4,70,0,268,111,66,59,83,25,0,6,0,128,74,2,16,18,9,5,0,11,11,58,24,15,15,25,11,0,640,306,33,103,54,26,4,70,0,0,0,0,0.5843749908691408,0.5843749908691408
leslili01w,1,0,LAS,WNBA,32,32,1028,570,75,231,306,60,31,74,103,0,430,197,205,169,32,7,7,4,4,139,75,10,31,41,8,1,5,13,14,57,28,23,19,3,0,0,1028,570,75,231,60,31,74,103,0,0,0,0,0.7332684753573105,0.7332684753573105
leslili01w,2,0,LAS,WNBA,31,31,1033,606,88,210,298,73,34,71,98,0,467,221,193,142,60,22,3,7,7,260,156,28,58,86,21,12,31,26,22,118,58,50,37,7,3,0,1033,606,88,210,73,34,71,98,0,0,0,0,0.7847047358692669,0.7847047358692669
leslili01w,3,0,LAS,WNBA,31,31,1060,523,78,244,322,83,46,90,108,0,406,189,183,133,37,12,7,6,6,232,116,10,37,47,11,11,17,8,22,86,46,26,19,8,5,0,1060,523,78,244,83,46,90,108,0,0,0,0,0.7186792385030262,0.7186792385030262
leslili01w,4,0,LAS,WNBA,23,23,792,424,76,155,231,46,31,63,65,0,373,165,133,82,37,12,3,9,9,327,187,22,58,80,23,12,28,24,39,137,74,54,38,3,1,1,792,424,76,155,46,31,63,65,0,0,0,0,0.7559343338897181,0.7559343338897181
leslili01w,5,0,LAS,WNBA,34,34,1150,598,60,276,336,88,50,98,110,0,451,223,205,146,22,6,5,3,3,110,34,4,22,26,2,1,8,8,10,31,14,8,6,0,0,0,1150,598,60,276,88,50,98,110,0,0,0,0,0.7380869501035917,0.7380869501035917
leslili01w,6,0,LAS,WNBA,34,34,1096,517,70,178,248,87,67,71,100,0,464,204,174,102,34,7,2,2,2,67,18,4,9,13,7,5,3,2,8,14,5,13,8,0,0,0,1096,517,70,178,87,67,71,100,0,0,0,0,0.6791970740949173,0.6791970740949173
leslili01w,7,0,LAS,WNBA,34,34,1043,680,83,240,323,108,51,57,126,0,503,257,243,158,20,8,4,5,5,163,63,12,24,36,9,4,8,17,20,65,20,29,22,3,1,0,1043,680,83,240,108,51,57,126,0,0,0,0,0.862991362770936,0.862991362770936
leslili01w,9,0,LAS,WNBA,33,33,1059,497,84,209,293,80,49,97,119,0,406,188,177,117,17,4,2,6,6,192,83,12,41,53,13,7,17,26,29,64,33,24,15,4,2,2,1059,497,84,209,80,49,97,119,0,0,0,0,0.6850802579312535,0.6850802579312535
leslili01w,10,0,LAS,WNBA,23,21,638,354,56,95,151,49,16,33,59,0,278,144,90,65,6,1,1,6,6,208,100,19,36,55,12,8,9,13,26,84,38,39,24,0,0,1,638,354,56,95,49,16,33,59,0,0,0,0,0.7221003021614374,0.7221003021614374
leuchye01w,7,0,CHA,WNBA,4,0,38,12,2,3,5,3,0,1,1,0,10,5,4,2,0,0,0,0,0,0,0,0,0,0,0,0,0,0,0,0,0,0,0,0,0,0,38,12,2,3,3,0,1,1,0,0,0,0,0.4552630380886742,0.4552630380886742
leuchye01w,8,0,WAS,WNBA,6,0,29,4,2,1,3,3,2,0,3,0,6,1,2,2,0,0,0,0,0,0,0,0,0,0,0,0,0,0,0,0,0,0,0,0,0,0,29,4,2,1,3,2,0,3,0,0,0,0,0.26551714982167246,0.26551714982167246
levanni01w,2,0,LAS,WNBA,13,0,67,20,5,4,9,7,5,1,5,0,22,7,1,1,17,5,0,3,0,5,0,0,0,0,0,0,0,0,0,3,0,0,0,2,0,0,67,20,5,4,7,5,1,5,0,0,0,0,0.48805962864781666,0.48805962864781666
lewista01w,3,0,SEA,WNBA,14,0,57,18,7,17,24,3,2,0,7,0,10,4,18,10,1,0,0,0,0,0,0,0,0,0,0,0,0,0,0,0,0,0,0,0,0,0,57,18,7,17,3,2,0,7,0,0,0,0,0.456140270852584,0.456140270852584
lewisty01w,2,0,HOU,WNBA,29,4,419,97,21,41,62,15,11,4,26,0,92,39,17,11,20,8,0,2,0,6,0,0,0,0,2,0,0,0,1,1,0,0,0,0,0,0,419,97,21,41,15,11,4,26,0,0,0,0,0.3054892528522852,0.3054892528522852
lewisty01w,3,0,HOU,WNBA,17,1,145,34,6,12,18,9,3,3,9,0,30,13,8,5,8,3,0,0,0,0,0,0,0,0,0,0,0,0,0,0,0,0,0,0,0,0,145,34,6,12,9,3,3,9,0,0,0,0,0.3296551496789552,0.3296551496789552
lewisty01w,4,0,CHA,WNBA,23,0,234,70,11,22,33,20,10,6,16,0,62,26,12,11,13,7,0,2,0,29,14,2,1,3,4,0,1,0,2,8,4,6,5,1,1,0,234,70,11,22,20,10,6,16,0,0,0,0,0.4457264766783557,0.4457264766783557
lewisty01w,5,0,CHA,WNBA,34,2,617,246,23,34,57,44,27,7,44,0,210,91,58,44,50,20,1,0,0,0,0,0,0,0,0,0,0,0,0,0,0,0,0,0,0,0,617,246,23,34,44,27,7,44,0,0,0,0,0.49643435175957296,0.49643435175957296
lewisty01w,6,1,CHA,WNBA,10,1,166,47,10,10,20,13,3,3,11,0,61,19,16,8,12,1,0,0,0,0,0,0,0,0,0,0,0,0,0,0,0,0,0,0,0,0,166,47,10,10,13,3,3,11,0,0,0,0,0.39156624147191316,0.39156624147191316
lewisty01w,6,2,MIN,WNBA,11,0,90,28,0,5,5,7,3,1,11,0,27,10,9,7,3,1,0,0,0,0,0,0,0,0,0,0,0,0,0,0,0,0,0,0,0,0,90,28,0,5,7,3,1,11,0,0,0,0,0.32777774135802873,0.32777774135802873
lewisty01w,7,0,MIN,WNBA,19,0,202,46,10,17,27,18,12,5,16,0,55,19,10,7,11,1,0,0,0,0,0,0,0,0,0,0,0,0,0,0,0,0,0,0,0,0,202,46,10,17,18,12,5,16,0,0,0,0,0.38168314942162623,0.38168314942162623
liebena01w,9,0,DET,WNBA,1,0,9,0,0,0,0,2,0,0,2,0,1,0,0,0,0,0,0,0,0,0,0,0,0,0,0,0,0,0,0,0,0,0,0,0,0,0,9,0,0,0,2,0,0,2,0,0,0,0,0.0,0.0
littlca01w,8,0,SAS,WNBA,34,7,711,132,57,95,152,23,30,11,40,0,131,54,40,21,11,3,0,5,0,87,18,4,7,11,4,2,6,4,10,14,6,12,6,0,0,0,711,132,57,95,23,30,11,40,0,0,0,0,0.3156118099070069,0.3156118099070069
littlca01w,9,1,ATL,WNBA,13,2,221,62,18,22,40,9,10,7,18,0,50,21,27,16,10,4,0,0,0,0,0,0,0,0,0,0,0,0,0,0,0,0,0,0,0,0,221,62,18,22,9,10,7,18,0,0,0,0,0.4036198912389189,0.4036198912389189
littlca01w,9,2,SEA,WNBA,19,13,442,185,29,54,83,27,18,6,42,0,141,75,45,30,15,5,2,3,3,105,35,4,6,10,1,3,0,10,9,27,9,18,15,4,2,0,442,185,29,54,27,18,6,42,0,0,0,0,0.5214932008711946,0.5214932008711946
littlca01w,10,0,SEA,WNBA,34,34,1044,341,75,147,222,35,39,13,67,0,263,124,126,86,27,7,1,3,3,102,23,1,9,10,3,2,2,4,14,25,10,2,2,6,1,0,1044,341,75,147,35,39,13,67,0,0,0,0,0.4383141720467992,0.4383141720467992
lloydan01w,1,0,MIN,WNBA,14,2,333,75,14,29,43,22,12,2,24,0,68,26,17,12,32,11,0,0,0,0,0,0,0,0,0,0,0,0,0,0,0,0,0,0,0,0,333,75,14,29,22,12,2,24,0,0,0,0,0.3168168073027986,0.3168168073027986
lobore01w,2,0,NYL,WNBA,16,0,85,17,2,12,14,1,2,0,7,0,22,7,4,2,2,1,0,0,0,0,0,0,0,0,0,0,0,0,0,0,0,0,0,0,0,0,85,17,2,12,1,2,0,7,0,0,0,0,0.21176468096886106,0.21176468096886106
lobore01w,3,0,HOU,WNBA,21,0,132,34,9,14,23,12,1,5,11,0,32,15,4,1,7,3,0,0,0,0,0,0,0,0,0,0,0,0,0,0,0,0,0,0,0,0,132,34,9,14,12,1,5,11,0,0,0,0,0.3901514855945844,0.3901514855945844
lobore01w,4,0,CON,WNBA,25,13,297,59,9,43,52,5,6,15,14,0,88,25,9,2,28,7,0,2,1,38,9,3,5,8,5,0,4,2,4,10,4,0,0,4,1,0,297,59,9,43,5,6,15,14,0,0,0,0,0.30370369347799014,0.30370369347799014
lovelst01w,1,0,SEA,WNBA,23,1,324,99,19,38,57,16,13,2,35,0,103,36,31,25,9,2,0,0,0,0,0,0,0,0,0,0,0,0,0,0,0,0,0,0,0,0,324,99,19,38,16,13,2,35,0,0,0,0,0.3694444330418385,0.3694444330418385
lovelst01w,2,0,SEA,WNBA,22,2,211,76,14,18,32,9,8,5,18,0,71,27,17,12,26,10,0,0,0,0,0,0,0,0,0,0,0,0,0,0,0,0,0,0,0,0,211,76,14,18,9,8,5,18,0,0,0,0,0.4511848127400563,0.4511848127400563
lovelst01w,5,0,MIN,WNBA,34,0,388,121,25,41,66,20,18,9,45,0,122,49,24,20,17,3,0,2,0,17,6,1,2,3,1,0,1,1,0,4,2,4,2,1,0,0,388,121,25,41,20,18,9,45,0,0,0,0,0.39381442283983453,0.39381442283983453
lovelst01w,6,0,MIN,WNBA,34,2,594,209,35,72,107,31,24,11,37,0,173,70,54,43,63,26,0,0,0,0,0,0,0,0,0,0,0,0,0,0,0,0,0,0,0,0,594,209,35,72,31,24,11,37,0,0,0,0,0.478282820230929,0.478282820230929
lovelst01w,7,0,CHI,WNBA,34,6,623,253,48,88,136,22,19,20,53,0,229,95,56,44,63,19,0,0,0,0,0,0,0,0,0,0,0,0,0,0,0,0,0,0,0,0,623,253,48,88,22,19,20,53,0,0,0,0,0.5152487878772265,0.5152487878772265
lovelst01w,8,0,WAS,WNBA,9,0,105,24,6,7,13,2,4,0,7,0,21,9,8,4,7,2,0,0,0,0,0,0,0,0,0,0,0,0,0,0,0,0,0,0,0,0,105,24,6,7,2,4,0,7,0,0,0,0,0.27904759247165783,0.27904759247165783
lovelst01w,9,1,ATL,WNBA,15,7,258,91,20,34,54,15,17,10,18,0,89,36,13,9,24,10,2,0,0,0,0,0,0,0,0,0,0,0,0,0,0,0,0,0,0,0,258,91,20,34,15,17,10,18,0,0,0,0,0.5395348628087262,0.5395348628087262
lovelst01w,9,2,DET,WNBA,7,2,44,10,1,6,7,1,1,0,4,0,7,2,6,4,5,2,0,0,0,0,0,0,0,0,0,0,0,0,0,0,0,0,0,0,0,0,44,10,1,6,1,1,0,4,0,0,0,0,0.23863630940083874,0.23863630940083874
luckepa01w,2,0,PHO,WNBA,1,0,8,0,0,1,1,1,0,1,0,0,1,0,0,0,0,0,0,0,0,0,0,0,0,0,0,0,0,0,0,0,0,0,0,0,0,0,8,0,0,1,1,0,1,0,0,0,0,0,0.2874996406254492,0.2874996406254492
luzhe01w,2,0,WAS,WNBA,32,3,489,164,10,27,37,55,28,5,43,0,136,55,25,22,82,32,0,0,0,0,0,0,0,0,0,0,0,0,0,0,0,0,0,0,0,0,489,164,10,27,55,28,5,43,0,0,0,0,0.45828219921713303,0.45828219921713303
luzhe01w,3,0,WAS,WNBA,32,0,474,187,9,23,32,48,18,5,43,0,148,65,19,15,106,42,0,4,0,46,18,0,3,3,8,2,0,3,2,12,7,0,0,8,4,0,474,187,9,23,48,18,5,43,0,0,0,0,0.4814345889992704,0.4814345889992704
luzhe01w,4,0,WAS,WNBA,20,0,165,59,2,8,10,21,6,2,11,0,53,19,10,9,40,12,0,0,0,0,0,0,0,0,0,0,0,0,0,0,0,0,0,0,0,0,165,59,2,8,21,6,2,11,0,0,0,0,0.4896969400183672,0.4896969400183672
lyttlsa01w,6,0,HOU,WNBA,33,0,460,140,35,90,125,17,20,3,23,0,101,59,40,22,0,0,0,5,0,34,10,2,10,12,0,2,0,0,5,5,3,6,4,0,0,0,460,140,35,90,17,20,3,23,0,0,0,0,0.4532608597117205,0.4532608597117205
lyttlsa01w,7,0,HOU,WNBA,29,2,380,106,40,74,114,8,25,4,18,0,87,40,42,26,0,0,0,2,0,31,11,0,10,10,0,1,0,2,4,5,4,4,3,0,0,0,380,106,40,74,8,25,4,18,0,0,0,0,0.4610526194459837,0.4610526194459837
lyttlsa01w,8,0,HOU,WNBA,31,25,506,183,66,98,164,30,37,20,40,0,156,77,51,29,0,0,0,0,0,0,0,0,0,0,0,0,0,0,0,0,0,0,0,0,0,0,506,183,66,98,30,37,20,40,0,0,0,0,0.6039525572341391,0.6039525572341391
lyttlsa01w,9,0,HOU,WNBA,27,9,489,222,49,119,168,24,40,27,30,0,158,92,51,38,0,0,2,0,0,0,0,0,0,0,0,0,0,0,0,0,0,0,0,0,0,0,489,222,49,119,24,40,27,30,0,0,0,0,0.7218813758306467,0.7218813758306467
lyttlsa01w,10,0,ATL,WNBA,34,31,931,443,72,182,254,51,68,22,64,0,363,184,101,75,1,0,2,2,2,51,17,3,7,10,4,4,0,4,8,17,7,7,3,1,0,0,931,443,72,182,51,68,22,64,0,0,0,0,0.671321152832211,0.671321152832211
mabikmw01w,1,0,LAS,WNBA,32,32,940,394,45,134,179,98,58,18,51,0,335,130,89,73,159,61,2,4,4,136,70,6,15,21,4,6,4,5,14,46,25,4,3,32,17,0,940,394,45,134,98,58,18,51,0,0,0,0,0.626276589082164,0.626276589082164
mabikmw01w,2,0,LAS,WNBA,28,24,828,313,22,108,130,87,39,11,44,0,256,99,79,68,123,47,0,7,7,231,63,6,40,46,17,7,6,10,21,66,21,14,11,40,10,0,828,313,22,108,87,39,11,44,0,0,0,0,0.5480676262310673,0.5480676262310673
mabikmw01w,3,0,LAS,WNBA,32,32,1050,539,32,135,167,92,38,9,62,0,444,188,118,99,175,64,1,6,6,212,88,11,30,41,25,8,1,10,19,82,31,26,18,25,8,0,1050,539,32,135,92,38,9,62,0,0,0,0,0.6465714224136055,0.6465714224136055
mabikmw01w,4,0,LAS,WNBA,32,30,1042,441,34,107,141,82,30,18,74,0,388,158,112,97,106,28,3,9,9,344,129,10,40,50,21,14,2,20,29,121,53,13,11,34,12,0,1042,441,34,107,82,30,18,74,0,0,0,0,0.5306141983626278,0.5306141983626278
mabikmw01w,5,0,LAS,WNBA,31,31,965,445,39,83,122,75,36,3,48,0,383,159,108,89,94,38,0,3,3,107,56,3,5,8,10,7,0,6,10,46,17,16,15,20,7,0,965,445,39,83,75,36,3,48,0,0,0,0,0.5836269369572339,0.5836269369572339
mabikmw01w,6,0,LAS,WNBA,17,14,367,99,8,19,27,29,15,0,14,0,122,39,20,10,49,11,0,1,1,11,2,0,0,0,0,0,0,2,0,4,1,0,0,2,0,0,367,99,8,19,29,15,0,14,0,0,0,0,0.38228881792128566,0.38228881792128566
mabikmw01w,7,0,LAS,WNBA,32,32,679,272,17,47,64,48,19,6,37,0,244,92,63,56,96,32,0,5,4,140,77,7,13,20,10,7,0,8,21,67,26,17,12,30,13,1,679,272,17,47,48,19,6,37,0,0,0,0,0.4918998454801201,0.4918998454801201
mabikmw01w,8,0,LAS,WNBA,33,23,762,267,16,110,126,72,28,4,73,0,258,94,57,43,116,36,1,0,0,0,0,0,0,0,0,0,0,0,0,0,0,0,0,0,0,0,762,267,16,110,72,28,4,73,0,0,0,0,0.44908135893594014,0.44908135893594014
mabikmw01w,9,0,HOU,WNBA,20,11,327,92,10,27,37,17,10,0,12,0,99,30,21,15,62,17,0,0,0,0,0,0,0,0,0,0,0,0,0,0,0,0,0,0,0,0,327,92,10,27,17,10,0,12,0,0,0,0,0.3733944839940525,0.3733944839940525
macchla01w,5,0,LAS,WNBA,25,15,410,152,23,38,61,14,21,6,29,0,106,52,55,41,26,7,0,1,0,15,2,1,3,4,1,1,0,3,4,6,1,0,0,1,0,0,410,152,23,38,14,21,6,29,0,0,0,0,0.4670731593396791,0.4670731593396791
macchla01w,6,0,LAS,WNBA,13,1,148,63,6,12,18,7,8,1,13,0,53,21,17,12,28,9,0,2,0,9,7,0,0,0,0,0,0,0,1,4,2,2,2,1,1,0,148,63,6,12,7,8,1,13,0,0,0,0,0.49864861495617463,0.49864861495617463
machacl01w,1,0,LAS,WNBA,31,1,421,110,20,52,72,18,13,4,19,0,83,48,25,14,1,0,1,4,0,47,12,6,5,11,0,1,1,1,6,8,4,6,4,0,0,0,421,110,20,52,18,13,4,19,0,0,0,0,0.3695961907459337,0.3695961907459337
machacl01w,2,0,CHA,WNBA,30,8,580,163,34,87,121,17,16,16,41,0,126,63,57,37,0,0,2,8,0,132,38,7,12,19,2,3,3,6,11,32,17,6,4,0,0,0,580,163,34,87,17,16,16,41,0,0,0,0,0.38086206239892995,0.38086206239892995
machacl01w,3,0,ORL,WNBA,29,25,428,138,26,38,64,17,12,4,33,0,114,61,25,16,0,0,0,0,0,0,0,0,0,0,0,0,0,0,0,0,0,0,0,0,0,0,428,138,26,38,17,12,4,33,0,0,0,0,0.3915887758974585,0.3915887758974585
mahonme01w,7,0,CON,WNBA,31,1,351,76,15,51,66,24,7,1,25,0,85,26,19,17,29,7,0,4,0,13,0,0,2,2,0,0,0,2,2,4,0,0,0,3,0,0,351,76,15,51,24,7,1,25,0,0,0,0,0.3099715011404131,0.3099715011404131
mahonme01w,8,0,CON,WNBA,18,0,121,31,7,7,14,8,4,1,11,0,28,7,22,16,6,1,0,2,0,11,7,2,1,3,0,1,0,0,3,4,3,2,1,1,0,0,121,31,7,7,8,4,1,11,0,0,0,0,0.3305784850761582,0.3305784850761582
mahonsh01w,1,0,NYL,WNBA,15,3,158,27,10,20,30,4,2,1,5,0,38,11,8,4,5,1,0,0,0,0,0,0,0,0,0,0,0,0,0,0,0,0,0,0,0,0,158,27,10,20,4,2,1,5,0,0,0,0,0.26582276798590077,0.26582276798590077
mahonsh01w,3,0,PHO,WNBA,3,0,13,5,2,0,2,1,0,0,1,0,3,2,1,1,1,0,0,0,0,0,0,0,0,0,0,0,0,0,0,0,0,0,0,0,0,0,13,5,2,0,1,0,0,1,0,0,0,0,0.4923073136097588,0.4923073136097588
maigaha01w,3,0,SAC,WNBA,23,3,197,40,18,19,37,9,15,3,23,0,53,13,30,14,0,0,0,0,0,0,0,0,0,0,0,0,0,0,0,0,0,0,0,0,0,0,197,40,18,19,9,15,3,23,0,0,0,0,0.3162436387693585,0.3162436387693585
maigaha01w,4,0,SAC,WNBA,22,0,190,42,13,24,37,14,18,2,14,0,52,17,20,8,0,0,0,4,0,15,2,1,2,3,2,0,0,5,4,3,1,0,0,0,0,0,190,42,13,24,14,18,2,14,0,0,0,0,0.41210524146814514,0.41210524146814514
maigaha01w,5,0,SAC,WNBA,34,0,480,140,35,36,71,25,29,6,49,0,132,62,29,16,0,0,0,6,0,68,5,3,3,6,4,7,0,7,11,13,2,4,1,1,0,0,480,140,35,36,25,29,6,49,0,0,0,0,0.3881249919140627,0.3881249919140627
maigaha01w,6,0,SAC,WNBA,34,0,408,129,31,36,67,30,24,6,42,0,131,59,35,11,0,0,0,8,0,82,30,5,8,13,4,5,3,8,16,26,13,6,4,0,0,1,408,129,31,36,30,24,6,42,0,0,0,0,0.4399509696090449,0.4399509696090449
maigaha01w,7,0,SAC,WNBA,34,7,537,177,35,38,73,30,32,9,45,0,158,75,48,27,1,0,1,9,0,118,36,8,7,15,12,6,1,10,23,42,16,5,4,0,0,0,537,177,35,38,30,32,9,45,0,0,0,0,0.44487894888493573,0.44487894888493573
maigaha01w,8,0,HOU,WNBA,34,34,1008,310,39,98,137,77,57,3,70,0,269,122,78,65,5,1,1,0,0,0,0,0,0,0,0,0,0,0,0,0,0,0,0,0,0,0,1008,310,39,98,77,57,3,70,0,0,0,0,0.43025793223950465,0.43025793223950465
maigaha01w,9,0,HOU,WNBA,26,22,590,202,30,55,85,39,33,8,57,0,177,87,39,27,2,1,0,0,0,0,0,0,0,0,0,0,0,0,0,0,0,0,0,0,0,0,590,202,30,55,39,33,8,57,0,0,0,0,0.4449152466963518,0.4449152466963518
maigaha01w,10,0,SAC,WNBA,34,5,676,303,34,55,89,37,31,8,52,0,255,124,77,55,1,0,0,0,0,0,0,0,0,0,0,0,0,0,0,0,0,0,0,0,0,0,676,303,34,55,37,31,8,52,0,0,0,0,0.5433431872286512,0.5433431872286512
malcona01w,2,0,IND,WNBA,31,23,705,257,31,60,91,26,13,3,48,0,212,90,62,54,56,23,2,0,0,0,0,0,0,0,0,0,0,0,0,0,0,0,0,0,0,0,705,257,31,60,26,13,3,48,0,0,0,0,0.41234041968311463,0.41234041968311463
malcona01w,3,0,IND,WNBA,29,28,599,156,22,39,61,21,13,3,34,0,158,58,37,28,41,12,0,3,3,69,17,1,5,6,0,0,0,2,9,13,7,3,2,4,1,1,599,156,22,39,21,13,3,34,0,0,0,0,0.3106844689368202,0.3106844689368202
malloso01w,4,0,PHO,WNBA,6,0,44,10,4,6,10,0,1,4,6,0,9,4,2,2,0,0,0,0,0,0,0,0,0,0,0,0,0,0,0,0,0,0,0,0,0,0,44,10,4,6,0,1,4,6,0,0,0,0,0.30909083884299116,0.30909083884299116
maltsev01w,8,0,CON,WNBA,26,7,482,147,16,50,66,39,20,2,26,0,140,53,12,9,77,32,0,3,0,33,0,0,4,4,1,1,3,3,3,6,0,0,0,6,0,0,482,147,16,50,39,20,2,26,0,0,0,0,0.4319501985072573,0.4319501985072573
mannish01w,1,0,MIA,WNBA,24,9,403,103,41,59,100,17,23,4,39,0,92,44,26,14,2,1,1,0,0,0,0,0,0,0,0,0,0,0,0,0,0,0,0,0,0,0,403,103,41,59,17,23,4,39,0,0,0,0,0.3831265413616243,0.3831265413616243
mannkr01w,6,0,MIN,WNBA,24,0,185,71,11,24,35,11,8,1,7,0,60,30,16,11,9,0,0,0,0,0,0,0,0,0,0,0,0,0,0,0,0,0,0,0,0,0,185,71,11,24,11,8,1,7,0,0,0,0,0.5345945656975911,0.5345945656975911
mannkr01w,7,0,MIN,WNBA,33,33,894,245,23,90,113,94,19,7,50,0,238,92,34,25,96,36,0,0,0,0,0,0,0,0,0,0,0,0,0,0,0,0,0,0,0,0,894,245,23,90,94,19,7,50,0,0,0,0,0.4005592796358023,0.4005592796358023
mannkr01w,8,0,MIN,WNBA,34,17,882,258,39,83,122,43,31,7,27,0,256,96,37,29,106,37,1,0,0,0,0,0,0,0,0,0,0,0,0,0,0,0,0,0,0,0,882,258,39,83,43,31,7,27,0,0,0,0,0.412925165386336,0.412925165386336
mannkr01w,9,1,ATL,WNBA,13,8,223,45,9,10,19,14,8,4,14,0,44,18,5,5,8,4,0,0,0,0,0,0,0,0,0,0,0,0,0,0,0,0,0,0,0,0,223,45,9,10,14,8,4,14,0,0,0,0,0.2973094037080985,0.2973094037080985
mannkr01w,9,2,IND,WNBA,5,0,31,2,1,3,4,1,1,1,1,0,4,1,0,0,1,0,0,3,0,30,10,1,0,1,1,1,0,4,4,9,4,0,0,6,2,0,31,2,1,3,1,1,1,1,0,0,0,0,0.1806451030177087,0.1806451030177087
mannkr01w,10,0,WAS,WNBA,16,0,95,25,2,12,14,6,3,0,3,0,28,10,1,1,18,4,0,1,0,8,3,1,0,1,0,0,0,1,1,2,1,0,0,2,1,0,95,25,2,12,6,3,0,3,0,0,0,0,0.37894732853186014,0.37894732853186014
mapprh01w,1,0,CHA,WNBA,30,30,856,357,60,145,205,64,30,24,59,0,300,138,88,73,22,8,3,0,0,0,0,0,0,0,0,0,0,0,0,0,0,0,0,0,0,0,856,357,60,145,64,30,24,59,0,0,0,0,0.5858644791370973,0.5858644791370973
mapprh01w,2,0,LAS,WNBA,30,0,395,126,34,45,79,14,16,6,25,0,123,51,32,24,3,0,0,5,0,27,6,1,6,7,3,0,0,2,5,9,3,0,0,0,0,0,395,126,34,45,14,16,6,25,0,0,0,0,0.4412658116135238,0.4412658116135238
mapprh01w,4,0,LAS,WNBA,24,4,255,62,26,42,68,6,7,6,12,0,60,30,4,2,1,0,0,0,0,0,0,0,0,0,0,0,0,0,0,0,0,0,0,0,0,0,255,62,26,42,6,7,6,12,0,0,0,0,0.39137253367166536,0.39137253367166536
marcimi01w,1,0,POR,WNBA,32,0,537,177,11,48,59,73,37,6,67,0,154,58,75,43,54,18,2,0,0,0,0,0,0,0,0,0,0,0,0,0,0,0,0,0,0,0,537,177,11,48,73,37,6,67,0,0,0,0,0.4620111645807977,0.4620111645807977
marcimi01w,2,0,SEA,WNBA,27,5,392,132,17,21,38,47,30,2,30,0,139,51,37,20,33,10,0,0,0,0,0,0,0,0,0,0,0,0,0,0,0,0,0,0,0,0,392,132,17,21,47,30,2,30,0,0,0,0,0.5081632523427743,0.5081632523427743
marcimi01w,3,0,SEA,WNBA,23,1,280,72,8,20,28,38,11,2,25,0,68,24,29,22,8,2,0,2,0,29,8,0,2,2,1,3,0,4,3,5,1,6,6,1,0,0,280,72,8,20,38,11,2,25,0,0,0,0,0.3914285574489801,0.3914285574489801
martima01w,1,0,MIN,WNBA,30,13,456,132,25,42,67,21,17,13,29,0,118,54,32,19,19,5,1,0,0,0,0,0,0,0,0,0,0,0,0,0,0,0,0,0,0,0,456,132,25,42,21,17,13,29,0,0,0,0,0.40372806132175304,0.40372806132175304
martima01w,2,0,MIN,WNBA,31,12,494,95,27,59,86,19,17,15,37,0,103,35,31,19,18,6,2,0,0,0,0,0,0,0,0,0,0,0,0,0,0,0,0,0,0,0,494,95,27,59,19,17,15,37,0,0,0,0,0.2947368361389304,0.2947368361389304
martinu01w,6,0,MIN,WNBA,1,0,2,0,0,0,0,0,0,0,0,0,1,0,0,0,1,0,0,0,0,0,0,0,0,0,0,0,0,0,0,0,0,0,0,0,0,0,2,0,0,0,0,0,0,0,0,0,0,0,0.0,0.0
mascira01w,5,0,LAS,WNBA,17,0,116,28,1,4,5,8,1,0,5,0,25,10,10,4,11,4,0,1,0,2,0,0,0,0,0,0,0,0,1,0,0,0,0,0,0,0,116,28,1,4,8,1,0,5,0,0,0,0,0.29224135411712465,0.29224135411712465
mascira01w,6,0,LAS,WNBA,33,1,463,122,20,27,47,23,15,1,21,0,104,44,20,15,46,19,0,2,1,47,24,2,1,3,4,1,0,1,6,17,8,4,4,10,4,0,463,122,20,27,23,15,1,21,0,0,0,0,0.35010798379896363,0.35010798379896363
mascira01w,9,0,LAS,WNBA,29,1,412,126,15,25,40,16,8,1,16,0,135,47,20,16,68,16,0,5,3,82,34,1,1,2,2,2,3,1,8,27,12,5,3,15,7,0,412,126,15,25,16,8,1,16,0,0,0,0,0.3713592142873977,0.3713592142873977
matteca01w,6,0,CHA,WNBA,10,0,56,9,0,3,3,6,1,0,2,0,13,3,2,2,7,1,0,0,0,0,0,0,0,0,0,0,0,0,0,0,0,0,0,0,0,0,56,9,0,3,6,1,0,2,0,0,0,0,0.2660713810586819,0.2660713810586819
maxwemo01w,1,0,IND,WNBA,32,32,1029,332,40,120,160,63,49,16,64,0,285,110,58,50,156,62,0,0,0,0,0,0,0,0,0,0,0,0,0,0,0,0,0,0,0,0,1029,332,40,120,63,49,16,64,0,0,0,0,0.44703595289566617,0.44703595289566617
maxwemo01w,2,0,IND,WNBA,15,3,238,47,12,26,38,14,5,3,22,0,53,16,12,8,31,7,0,0,0,0,0,0,0,0,0,0,0,0,0,0,0,0,0,0,0,0,238,47,12,26,14,5,3,22,0,0,0,0,0.26554620732999124,0.26554620732999124
maxwemo01w,3,0,IND,WNBA,18,0,170,35,12,19,31,7,7,4,6,0,47,14,2,2,17,5,0,2,0,8,0,0,0,0,1,0,0,0,0,3,0,0,0,1,0,0,170,35,12,19,7,7,4,6,0,0,0,0,0.35941174356401506,0.35941174356401506
mazzake01w,5,0,CHA,WNBA,34,0,339,79,9,24,33,9,7,2,20,0,92,31,6,4,52,13,0,0,0,0,0,0,0,0,0,0,0,0,0,0,0,0,0,0,0,0,339,79,9,24,9,7,2,20,0,0,0,0,0.2669616440424294,0.2669616440424294
mazzake01w,6,0,CHA,WNBA,27,2,226,64,14,17,31,7,9,0,7,0,72,21,10,8,46,14,0,0,0,0,0,0,0,0,0,0,0,0,0,0,0,0,0,0,0,0,226,64,14,17,7,9,0,7,0,0,0,0,0.3889380358876975,0.3889380358876975
mazzake01w,7,0,CHA,WNBA,34,0,725,302,23,76,99,64,47,6,48,0,277,105,33,28,167,64,0,0,0,0,0,0,0,0,0,0,0,0,0,0,0,0,0,0,0,0,725,302,23,76,64,47,6,48,0,0,0,0,0.5653793025464925,0.5653793025464925
mazzake01w,8,0,PHO,WNBA,34,3,488,182,11,45,56,38,26,2,20,0,165,64,15,15,114,39,0,9,0,131,58,7,11,18,6,4,0,1,9,45,19,2,2,42,18,0,488,182,11,45,38,26,2,20,0,0,0,0,0.5106557272406613,0.5106557272406613
mazzake01w,9,0,PHO,WNBA,34,2,641,197,15,51,66,38,24,2,18,0,205,68,6,5,169,56,0,0,0,0,0,0,0,0,0,0,0,0,0,0,0,0,0,0,0,0,641,197,15,51,38,24,2,18,0,0,0,0,0.4193447672489116,0.4193447672489116
mazzake01w,10,0,PHO,WNBA,31,2,433,106,7,33,40,17,10,3,10,0,99,36,3,3,88,31,0,4,0,14,0,0,2,2,0,0,0,1,0,2,0,0,0,1,0,0,433,106,7,33,17,10,3,10,0,0,0,0,0.32517320265188915,0.32517320265188915
mccaibr01w,3,0,CLE,WNBA,31,2,392,83,4,22,26,41,11,3,34,0,86,25,16,12,58,21,0,0,0,0,0,0,0,0,0,0,0,0,0,0,0,0,0,0,0,0,392,83,4,22,41,11,3,34,0,0,0,0,0.2892857069059768,0.2892857069059768
mccaiti01w,1,0,ORL,WNBA,25,0,214,51,2,9,11,5,3,1,9,0,49,15,18,16,22,5,0,2,0,11,6,0,1,1,1,0,0,1,4,3,2,0,0,3,2,0,214,51,2,9,5,3,1,9,0,0,0,0,0.25747662348240075,0.25747662348240075
mccaiti01w,2,0,ORL,WNBA,32,9,442,97,7,31,38,36,10,8,34,0,109,35,9,6,67,21,0,0,0,0,0,0,0,0,0,0,0,0,0,0,0,0,0,0,0,0,442,97,7,31,36,10,8,34,0,0,0,0,0.2968325724698513,0.2968325724698513
mccaiti01w,3,0,ORL,WNBA,16,0,51,7,1,2,3,2,3,0,3,0,10,2,4,3,4,0,0,0,0,0,0,0,0,0,0,0,0,0,0,0,0,0,0,0,0,0,51,7,1,2,2,3,0,3,0,0,0,0,0.20196074471357947,0.20196074471357947
mccanra01w,10,0,MIN,WNBA,34,1,482,145,30,38,68,26,15,10,36,0,150,56,39,22,38,11,1,0,0,0,0,0,0,0,0,0,0,0,0,0,0,0,0,0,0,0,482,145,30,38,26,15,10,36,0,0,0,0,0.39917011619979015,0.39917011619979015
mccarja01w,6,0,CHA,WNBA,28,3,311,50,32,44,76,11,12,7,22,0,50,17,25,16,0,0,0,0,0,0,0,0,0,0,0,0,0,0,0,0,0,0,0,0,0,0,311,50,32,44,11,12,7,22,0,0,0,0,0.30096462054776146,0.30096462054776146
mccarja01w,7,0,CHA,WNBA,30,3,421,136,40,65,105,25,17,20,28,0,118,54,44,28,0,0,1,0,0,0,0,0,0,0,0,0,0,0,0,0,0,0,0,0,0,0,421,136,40,65,25,17,20,28,0,0,0,0,0.5166270661133714,0.5166270661133714
mccarja01w,8,0,NYL,WNBA,32,21,677,332,45,107,152,36,39,20,79,0,249,136,72,60,1,0,1,3,3,98,42,3,14,17,10,8,4,9,13,41,17,14,8,0,0,0,677,332,45,107,36,39,20,79,0,0,0,0,0.6079763573415605,0.6079763573415605
mccarja01w,9,0,NYL,WNBA,31,31,816,425,52,116,168,66,45,26,67,0,314,168,115,89,8,0,1,6,6,165,83,6,25,31,8,6,9,19,22,71,35,23,13,2,0,0,816,425,52,116,66,45,26,67,0,0,0,0,0.693872540516268,0.693872540516268
mccarja01w,10,0,NYL,WNBA,32,32,848,393,63,112,175,88,41,44,86,0,301,151,107,90,3,1,1,0,0,0,0,0,0,0,0,0,0,0,0,0,0,0,0,0,0,0,848,393,63,112,88,41,44,86,0,0,0,0,0.6576650865841382,0.6576650865841382
mccarst01w,1,0,IND,WNBA,32,12,635,230,14,46,60,57,31,6,47,0,166,66,86,71,70,27,0,0,0,0,0,0,0,0,0,0,0,0,0,0,0,0,0,0,0,0,635,230,14,46,57,31,6,47,0,0,0,0,0.4733858193167588,0.4733858193167588
mccarst01w,2,0,IND,WNBA,30,0,504,169,13,42,55,58,26,14,38,0,137,52,55,42,57,23,0,0,0,0,0,0,0,0,0,0,0,0,0,0,0,0,0,0,0,0,504,169,13,42,58,26,14,38,0,0,0,0,0.49742062505117807,0.49742062505117807
mccarst01w,4,0,IND,WNBA,28,10,577,194,14,27,41,58,34,6,37,0,173,60,48,45,84,29,0,0,0,0,0,0,0,0,0,0,0,0,0,0,0,0,0,0,0,0,577,194,14,27,58,34,6,37,0,0,0,0,0.47296359665574356,0.47296359665574356
mccarst01w,5,0,IND,WNBA,22,12,450,91,8,20,28,52,24,5,30,0,72,27,34,24,39,13,0,0,0,0,0,0,0,0,0,0,0,0,0,0,0,0,0,0,0,0,450,91,8,20,52,24,5,30,0,0,0,0,0.34133332574814834,0.34133332574814834
mcconsu01w,1,0,CLE,WNBA,32,32,705,173,9,41,50,119,15,1,69,0,140,58,25,19,97,38,0,6,6,147,39,3,11,14,25,5,1,16,5,45,14,2,2,36,9,0,705,173,9,41,119,15,1,69,0,0,0,0,0.36539006573914806,0.36539006573914806
mccouan01w,10,0,ATL,WNBA,34,10,735,435,35,70,105,71,74,12,72,0,336,160,135,100,51,15,2,2,2,58,38,1,10,11,6,2,0,12,7,31,15,6,4,7,4,0,735,435,35,70,71,74,12,72,0,0,0,0,0.7693877446341804,0.7693877446341804
mccrani01w,1,0,WAS,WNBA,32,32,1046,497,22,34,56,85,45,5,89,0,385,167,147,113,151,50,0,2,2,70,15,2,4,6,13,1,0,10,6,16,7,0,0,7,1,0,1046,497,22,34,85,45,5,89,0,0,0,0,0.5435946410746211,0.5435946410746211
mccrani01w,2,0,WAS,WNBA,32,32,828,351,22,34,56,47,26,0,73,0,290,119,128,91,95,22,1,0,0,0,0,0,0,0,0,0,0,0,0,0,0,0,0,0,0,0,828,351,22,34,47,26,0,73,0,0,0,0,0.45483091238126916,0.45483091238126916
mccrani01w,3,0,IND,WNBA,32,32,1058,369,29,68,97,70,28,3,82,0,318,132,103,84,66,21,2,3,3,99,24,1,3,4,11,1,0,5,4,27,10,5,3,6,1,0,1058,369,29,68,70,28,3,82,0,0,0,0,0.40519848388281204,0.40519848388281204
mccrani01w,4,0,IND,WNBA,34,32,734,131,18,33,51,49,37,2,44,0,138,52,24,20,32,7,1,0,0,0,0,0,0,0,0,0,0,0,0,0,0,0,0,0,0,0,734,131,18,33,49,37,2,44,0,0,0,0,0.26907356581643643,0.26907356581643643
mccrani01w,5,0,PHO,WNBA,27,9,371,69,10,19,29,13,7,0,18,0,67,30,7,4,11,5,0,0,0,0,0,0,0,0,0,0,0,0,0,0,0,0,0,0,0,0,371,69,10,19,13,7,0,18,0,0,0,0,0.2256064629216587,0.2256064629216587
mccrani01w,6,0,SAS,WNBA,23,5,302,38,7,13,20,16,11,0,18,0,62,15,11,7,20,1,0,0,0,0,0,0,0,0,0,0,0,0,0,0,0,0,0,0,0,0,302,38,7,13,16,11,0,18,0,0,0,0,0.1847682058023773,0.1847682058023773
mccrani01w,7,0,CHI,WNBA,11,2,86,22,2,3,5,5,7,1,10,0,22,8,7,5,5,1,0,0,0,0,0,0,0,0,0,0,0,0,0,0,0,0,0,0,0,0,86,22,2,3,5,7,1,10,0,0,0,0,0.31744182355327627,0.31744182355327627
mccrini01w,1,0,LAS,WNBA,32,0,488,101,9,23,32,65,29,8,48,0,77,39,14,7,33,16,0,4,0,49,10,3,4,7,10,1,0,5,2,12,3,4,3,4,1,0,488,101,9,23,65,29,8,48,0,0,0,0,0.34467212408458764,0.34467212408458764
mccrini01w,2,0,LAS,WNBA,28,0,350,64,3,9,12,63,21,0,22,0,63,28,7,3,12,5,0,7,0,41,5,0,4,4,6,5,0,4,5,2,1,4,2,1,1,0,350,64,3,9,63,21,0,22,0,0,0,0,0.37371427503673504,0.37371427503673504
mccrini01w,3,0,LAS,WNBA,32,0,356,51,9,14,23,53,22,3,24,0,49,20,11,7,15,4,0,5,0,22,8,0,1,1,2,2,0,1,2,7,3,1,1,2,1,0,356,51,9,14,53,22,3,24,0,0,0,0,0.32443819313375866,0.32443819313375866
mccrini01w,4,0,LAS,WNBA,33,1,299,68,7,22,29,32,19,1,17,0,63,28,8,7,12,5,0,7,0,54,9,0,4,4,7,2,0,4,5,18,4,0,0,6,1,0,299,68,7,22,32,19,1,17,0,0,0,0,0.38294313100524646,0.38294313100524646
mcculda01w,1,0,IND,WNBA,29,2,456,175,45,37,82,19,16,22,37,0,153,63,63,46,17,3,1,0,0,0,0,0,0,0,0,0,0,0,0,0,0,0,0,0,0,0,456,175,45,37,19,16,22,37,0,0,0,0,0.5210526201523549,0.5210526201523549
mcculda01w,2,0,IND,WNBA,8,2,90,28,4,13,17,5,0,2,7,0,18,5,18,17,2,1,0,0,0,0,0,0,0,0,0,0,0,0,0,0,0,0,0,0,0,0,90,28,4,13,5,0,2,7,0,0,0,0,0.38555551271605415,0.38555551271605415
mcculda01w,3,0,SEA,WNBA,4,1,43,2,3,4,7,1,1,0,2,0,12,0,2,2,3,0,0,0,0,0,0,0,0,0,0,0,0,0,0,0,0,0,0,0,0,0,43,2,3,4,1,1,0,2,0,0,0,0,0.12325578528935224,0.12325578528935224
mcculda01w,4,0,SEA,WNBA,7,0,26,2,0,1,1,0,0,0,4,0,6,1,0,0,1,0,0,0,0,0,0,0,0,0,0,0,0,0,0,0,0,0,0,0,0,0,26,2,0,1,0,0,0,4,0,0,0,0,-0.06538459023669607,-0.06538459023669607
mcgheca01w,1,0,ORL,WNBA,32,0,408,87,27,37,64,23,21,5,31,0,83,30,39,27,3,0,0,3,0,37,5,4,1,5,1,4,0,3,3,7,1,3,3,0,0,0,408,87,27,37,23,21,5,31,0,0,0,0,0.3308823448313151,0.3308823448313151
mcgheca01w,2,0,ORL,WNBA,17,0,71,14,3,7,10,0,1,1,6,0,24,6,4,2,0,0,0,0,0,0,0,0,0,0,0,0,0,0,0,0,0,0,0,0,0,0,71,14,3,7,0,1,1,6,0,0,0,0,0.19999997183098991,0.19999997183098991
mcgheca01w,3,0,ORL,WNBA,2,0,4,5,1,0,1,0,0,0,0,0,4,2,1,1,0,0,0,0,0,0,0,0,0,0,0,0,0,0,0,0,0,0,0,0,0,0,4,5,1,0,0,0,0,0,0,0,0,0,1.4249964375089064,1.4249964375089064
mckivte01w,4,0,CHA,WNBA,31,1,341,105,37,54,91,6,14,24,27,0,78,41,31,23,1,0,0,2,0,13,0,2,0,2,0,0,1,0,2,2,0,0,0,0,0,0,341,105,37,54,6,14,24,27,0,0,0,0,0.4812316574418869,0.4812316574418869
mckivte01w,5,0,CHA,WNBA,9,0,77,35,9,9,18,0,2,6,5,0,27,14,14,7,0,0,0,0,0,0,0,0,0,0,0,0,0,0,0,0,0,0,0,0,0,0,77,35,9,9,0,2,6,5,0,0,0,0,0.6103895311182427,0.6103895311182427
mckivte01w,6,0,CHA,WNBA,31,1,362,113,29,36,65,7,14,18,26,0,91,44,36,25,0,0,0,0,0,0,0,0,0,0,0,0,0,0,0,0,0,0,0,0,0,0,362,113,29,36,7,14,18,26,0,0,0,0,0.4339778885641468,0.4339778885641468
mckivte01w,8,0,PHO,WNBA,2,0,5,0,0,1,1,0,0,1,0,0,0,0,2,0,0,0,0,0,0,0,0,0,0,0,0,0,0,0,0,0,0,0,0,0,0,0,5,0,0,1,0,0,1,0,0,0,0,0,0.25999948000104,0.25999948000104
mcwilta01w,1,0,ORL,WNBA,32,32,1098,438,90,154,244,54,59,31,83,0,330,173,122,87,17,5,0,3,3,107,43,6,17,23,5,2,3,5,8,38,18,9,7,2,0,0,1098,438,90,154,54,59,31,83,0,0,0,0,0.5539162062484864,0.5539162062484864
mcwilta01w,2,0,ORL,WNBA,32,32,1059,403,114,129,243,69,52,50,80,0,331,157,117,87,10,2,1,0,0,0,0,0,0,0,0,0,0,0,0,0,0,0,0,0,0,0,1059,403,114,129,69,52,50,80,0,0,0,0,0.5783758207896523,0.5783758207896523
mcwilta01w,3,0,ORL,WNBA,13,12,383,110,21,42,63,13,19,14,22,0,82,41,31,27,3,1,1,0,0,0,0,0,0,0,0,0,0,0,0,0,0,0,0,0,0,0,383,110,21,42,13,19,14,22,0,0,0,0,0.4211488140692216,0.4211488140692216
mcwilta01w,4,0,CON,WNBA,34,34,983,354,78,149,227,49,43,33,54,0,301,133,102,76,43,12,1,4,4,122,65,9,21,30,5,6,2,6,10,47,24,17,16,5,1,0,983,354,78,149,49,43,33,54,0,0,0,0,0.5333672377073526,0.5333672377073526
mcwilta01w,5,0,CON,WNBA,34,34,1133,413,83,161,244,63,48,45,73,0,352,168,128,77,12,0,1,8,8,252,83,19,40,59,15,12,6,13,22,87,35,18,12,2,1,0,1133,413,83,161,63,48,45,73,0,0,0,0,0.5316857852454917,0.5316857852454917
mcwilta01w,6,0,CON,WNBA,34,34,1083,471,78,170,248,65,37,25,59,0,364,180,136,107,18,4,1,8,8,284,127,22,53,75,13,9,11,16,23,94,48,38,30,3,1,0,1083,471,78,170,65,37,25,59,0,0,0,0,0.5951985171265142,0.5951985171265142
mcwilta01w,7,0,CON,WNBA,32,32,996,410,104,202,306,80,35,31,78,0,329,164,110,81,8,1,0,5,5,164,64,16,31,47,11,2,4,9,17,63,27,15,10,3,0,0,996,410,104,202,80,35,31,78,0,0,0,0,0.61385541552354,0.61385541552354
mcwilta01w,8,0,LAS,WNBA,29,27,851,321,69,101,170,49,34,30,50,0,255,125,88,68,13,3,1,0,0,0,0,0,0,0,0,0,0,0,0,0,0,0,0,0,0,0,851,321,69,101,49,34,30,50,0,0,0,0,0.5435957632949969,0.5435957632949969
mcwilta01w,9,2,DET,WNBA,7,7,185,75,17,30,47,13,3,5,9,0,64,27,22,20,1,1,0,9,9,293,116,19,44,63,19,9,12,17,22,98,48,22,19,2,1,0,185,75,17,30,13,3,5,9,0,0,0,0,0.5832432117165832,0.5832432117165832
mcwilta01w,9,1,WAS,WNBA,26,26,862,347,59,132,191,41,44,25,75,0,280,147,63,46,25,7,0,0,0,0,0,0,0,0,0,0,0,0,0,0,0,0,0,0,0,0,862,347,59,132,41,44,25,75,0,0,0,0,0.5370069543270656,0.5370069543270656
mcwilta01w,10,0,DET,WNBA,34,34,1032,332,65,160,225,98,33,16,66,0,283,139,68,51,15,3,0,5,5,134,38,6,16,22,9,5,2,13,18,28,18,2,1,1,1,0,1032,332,65,160,98,33,16,66,0,0,0,0,0.49079456888764955,0.49079456888764955
melvich01w,1,0,CLE,WNBA,32,32,904,373,69,103,172,61,29,18,62,0,289,136,137,100,7,1,4,6,6,183,53,16,24,40,11,5,3,11,20,38,20,18,13,1,0,0,904,373,69,103,61,29,18,62,0,0,0,0,0.5511061885939581,0.5511061885939581
melvich01w,2,0,CLE,WNBA,27,20,754,266,66,88,154,50,24,16,45,0,215,102,86,60,2,2,0,3,2,81,24,6,6,12,6,2,2,6,5,16,8,11,8,0,0,0,754,266,66,88,50,24,16,45,0,0,0,0,0.5087533089024759,0.5087533089024759
melvich01w,3,0,CLE,WNBA,32,32,1055,399,84,110,194,57,28,18,74,0,330,153,131,90,6,3,2,0,0,0,0,0,0,0,0,0,0,0,0,0,0,0,0,0,0,0,1055,399,84,110,57,28,18,74,0,0,0,0,0.49270141713079224,0.49270141713079224
melvich01w,4,0,CLE,WNBA,34,34,1061,444,82,133,215,52,28,22,67,0,333,159,176,123,11,3,0,3,3,104,50,3,10,13,5,2,4,8,10,31,12,34,26,1,0,0,1061,444,82,133,52,28,22,67,0,0,0,0,0.5431668186317924,0.5431668186317924
melvich01w,5,0,WAS,WNBA,34,16,825,293,63,68,131,37,15,18,52,0,256,104,111,85,0,0,0,3,3,104,41,7,18,25,6,1,4,2,10,31,13,21,15,0,0,0,825,293,63,68,37,15,18,52,0,0,0,0,0.45515150963452716,0.45515150963452716
melvich01w,6,0,WAS,WNBA,34,34,1051,397,82,117,199,25,31,14,61,0,305,150,138,93,16,4,1,0,0,0,0,0,0,0,0,0,0,0,0,0,0,0,0,0,0,0,1051,397,82,117,25,31,14,61,0,0,0,0,0.4743101762672676,0.4743101762672676
melvich01w,7,0,WAS,WNBA,34,34,999,405,84,140,224,45,34,26,62,0,294,153,151,99,2,0,1,2,2,58,11,10,5,15,0,0,0,5,11,15,5,4,1,0,0,1,999,405,84,140,45,34,26,62,0,0,0,0,0.5493493438503569,0.5493493438503569
melvich01w,8,2,CHI,WNBA,29,25,853,288,66,127,193,37,32,22,69,0,233,109,110,69,5,1,0,0,0,0,0,0,0,0,0,0,0,0,0,0,0,0,0,0,0,0,853,288,66,127,37,32,22,69,0,0,0,0,0.46225087383058766,0.46225087383058766
melvich01w,8,1,WAS,WNBA,3,3,82,34,7,13,20,0,6,0,2,0,26,9,19,16,2,0,0,0,0,0,0,0,0,0,0,0,0,0,0,0,0,0,0,0,0,0,82,34,7,13,0,6,0,2,0,0,0,0,0.5707316377156538,0.5707316377156538
melvich01w,9,0,CHI,WNBA,34,18,759,278,85,87,172,50,31,10,49,0,221,98,132,81,3,1,1,0,0,0,0,0,0,0,0,0,0,0,0,0,0,0,0,0,0,0,759,278,85,87,50,31,10,49,0,0,0,0,0.5343873447379797,0.5343873447379797
melvich01w,10,0,WAS,WNBA,34,33,756,201,79,79,158,36,34,29,50,0,188,84,61,33,1,0,0,2,2,45,17,2,4,6,4,2,1,7,10,12,7,3,3,0,0,1,756,201,79,79,36,34,29,50,0,0,0,0,0.4351851794287675,0.4351851794287675
mendigi01w,5,0,SAC,WNBA,6,0,39,10,2,3,5,3,0,0,3,0,8,4,0,0,5,2,0,0,0,0,0,0,0,0,0,0,0,0,0,0,0,0,0,0,0,0,39,10,2,3,3,0,0,3,0,0,0,0,0.315384534516786,0.315384534516786
miaomi01w,6,0,SAC,WNBA,18,0,135,31,0,4,4,13,5,1,15,0,30,9,7,7,20,6,0,0,0,0,0,0,0,0,0,0,0,0,0,0,0,0,0,0,0,0,135,31,0,4,13,5,1,15,0,0,0,0,0.26814812828532386,0.26814812828532386
millebr01w,10,0,DET,WNBA,1,0,8,0,0,0,0,0,1,0,0,0,1,0,0,0,0,0,0,0,0,0,0,0,0,0,0,0,0,0,0,0,0,0,0,0,0,0,8,0,0,0,0,1,0,0,0,0,0,0,0.12499984375019532,0.12499984375019532
milleco01w,2,0,WAS,WNBA,20,0,137,34,5,4,9,8,6,0,13,0,40,13,11,6,6,2,0,0,0,0,0,0,0,0,0,0,0,0,0,0,0,0,0,0,0,0,137,34,5,4,8,6,0,13,0,0,0,0,0.28978100074591234,0.28978100074591234
milleco01w,3,0,WAS,WNBA,32,32,904,298,44,72,116,82,33,2,59,0,263,114,56,46,64,24,0,5,5,163,54,7,8,15,12,2,0,7,13,50,21,10,6,11,6,0,904,298,44,72,82,33,2,59,0,0,0,0,0.45176990650697013,0.45176990650697013
milleco01w,4,0,WAS,WNBA,33,33,1076,413,55,72,127,86,39,7,53,0,382,172,53,37,89,32,1,0,0,0,0,0,0,0,0,0,0,0,0,0,0,0,0,0,0,0,1076,413,55,72,86,39,7,53,0,0,0,0,0.5131040844507055,0.5131040844507055
milleco01w,5,0,WAS,WNBA,33,8,637,160,35,28,63,43,18,3,27,0,167,72,14,11,19,5,0,3,0,51,16,3,4,7,2,5,0,2,2,19,7,2,2,0,0,0,637,160,35,28,43,18,3,27,0,0,0,0,0.36091051238759003,0.36091051238759003
milleco01w,6,0,WAS,WNBA,34,4,500,153,24,35,59,44,26,3,28,0,160,68,10,8,24,9,0,0,0,0,0,0,0,0,0,0,0,0,0,0,0,0,0,0,0,0,500,153,24,35,44,26,3,28,0,0,0,0,0.45059999098800024,0.45059999098800024
milleco01w,7,0,WAS,WNBA,34,4,658,206,36,55,91,59,34,4,49,0,171,84,29,26,30,12,1,2,0,38,16,2,4,6,2,1,0,4,7,15,7,4,1,2,1,0,658,206,36,55,59,34,4,49,0,0,0,0,0.4493920904347707,0.4493920904347707
milleco01w,8,0,WAS,WNBA,30,2,455,120,20,29,49,25,19,2,29,0,116,47,16,16,25,10,0,0,0,0,0,0,0,0,0,0,0,0,0,0,0,0,0,0,0,0,455,120,20,29,25,19,2,29,0,0,0,0,0.35098900327496696,0.35098900327496696
milleco01w,9,0,WAS,WNBA,34,6,710,179,46,39,85,47,26,5,58,0,217,77,16,10,53,15,0,0,0,0,0,0,0,0,0,0,0,0,0,0,0,0,0,0,0,0,710,179,46,39,47,26,5,58,0,0,0,0,0.34211267123784966,0.34211267123784966
milleco01w,10,0,ATL,WNBA,34,5,407,131,20,30,50,33,12,2,31,0,122,50,26,23,27,8,0,2,0,13,7,0,0,0,2,0,0,1,0,5,3,0,0,1,1,0,407,131,20,30,33,12,2,31,0,0,0,0,0.41769040742775415,0.41769040742775415
milleke01w,2,0,CHA,WNBA,26,0,225,55,11,17,28,14,9,0,9,0,57,22,5,4,19,7,0,2,0,8,0,0,0,0,0,0,0,0,0,2,0,2,0,0,0,0,225,55,11,17,14,9,0,9,0,0,0,0,0.36355553939753155,0.36355553939753155
milleke01w,3,0,CHA,WNBA,32,0,554,211,31,37,68,49,22,1,27,0,177,79,38,29,51,24,0,2,0,13,5,0,2,2,0,0,0,1,3,4,2,0,0,1,1,0,554,211,31,37,49,22,1,27,0,0,0,0,0.521299629579429,0.521299629579429
milleke01w,4,0,CHA,WNBA,34,0,523,189,20,33,53,47,18,2,35,0,167,68,40,31,52,22,0,2,0,23,8,0,1,1,2,0,0,1,2,10,4,0,0,2,0,0,523,189,20,33,47,18,2,35,0,0,0,0,0.4682600292875711,0.4682600292875711
milleke01w,5,0,IND,WNBA,34,34,1096,348,28,80,108,106,37,5,74,0,326,126,57,50,112,46,3,0,0,0,0,0,0,0,0,0,0,0,0,0,0,0,0,0,0,0,1096,348,28,80,106,37,5,74,0,0,0,0,0.424817514372103,0.424817514372103
milleke01w,6,0,IND,WNBA,34,34,1057,348,26,60,86,81,40,2,53,0,278,122,79,67,114,37,1,4,4,155,40,0,7,7,10,5,0,5,13,39,12,10,7,17,9,0,1057,348,26,60,81,40,2,53,0,0,0,0,0.42970671305859304,0.42970671305859304
milleke01w,7,0,PHO,WNBA,27,24,814,296,41,103,144,94,28,6,73,0,259,109,62,48,79,30,0,0,0,0,0,0,0,0,0,0,0,0,0,0,0,0,0,0,0,0,814,296,41,103,94,28,6,73,0,0,0,0,0.5044225982257666,0.5044225982257666
milleke01w,8,0,PHO,WNBA,34,34,1040,321,47,121,168,156,42,5,86,0,240,115,82,64,70,27,1,9,9,297,105,19,29,48,32,12,1,18,18,77,35,33,27,26,8,0,1040,321,47,121,156,42,5,86,0,0,0,0,0.4876923030029587,0.4876923030029587
milleke01w,9,0,PHO,WNBA,34,34,945,283,50,98,148,135,22,4,84,0,262,107,58,49,52,20,0,0,0,0,0,0,0,0,0,0,0,0,0,0,0,0,0,0,0,0,945,283,50,98,135,22,4,84,0,0,0,0,0.44910052434814257,0.44910052434814257
milleke01w,10,0,MIN,WNBA,34,25,675,150,19,55,74,67,24,2,50,0,149,54,22,20,66,22,0,0,0,0,0,0,0,0,0,0,0,0,0,0,0,0,0,0,0,0,675,150,19,55,67,24,2,50,0,0,0,0,0.3300740691840879,0.3300740691840879
millsta01w,1,0,WAS,WNBA,31,0,295,130,39,41,80,9,10,8,37,0,105,46,51,38,0,0,1,2,0,21,11,2,1,3,0,0,0,3,7,7,4,8,3,0,0,0,295,130,39,41,9,10,8,37,0,0,0,0,0.5410169308129855,0.5410169308129855
millsta01w,2,0,WAS,WNBA,30,0,319,64,40,65,105,6,14,4,25,0,69,23,31,18,1,0,0,0,0,0,0,0,0,0,0,0,0,0,0,0,0,0,0,0,0,0,319,64,40,65,6,14,4,25,0,0,0,0,0.34639497346724224,0.34639497346724224
millsta01w,3,0,WAS,WNBA,4,0,17,0,0,3,3,0,1,0,2,0,4,0,2,0,0,0,0,0,0,0,0,0,0,0,0,0,0,0,0,0,0,0,0,0,0,0,17,0,0,3,0,1,0,2,0,0,0,0,-0.005882349480970899,-0.005882349480970899
millsta01w,4,0,SAS,WNBA,29,0,185,58,27,28,55,7,4,2,23,0,49,20,31,18,0,0,1,0,0,0,0,0,0,0,0,0,0,0,0,0,0,0,0,0,0,0,185,58,27,28,7,4,2,23,0,0,0,0,0.4070270050255673,0.4070270050255673
millsta01w,8,0,DET,WNBA,5,1,51,15,10,8,18,2,0,0,6,0,21,6,4,3,0,0,0,0,0,0,0,0,0,0,0,0,0,0,0,0,0,0,0,0,0,0,51,15,10,8,2,0,0,6,0,0,0,0,0.3999999215686428,0.3999999215686428
miltode01w,1,0,LAS,WNBA,32,32,983,378,55,139,194,68,44,29,67,0,293,150,102,76,8,2,3,4,4,136,50,11,11,22,12,6,2,10,14,37,20,12,10,0,0,1,983,378,55,139,68,44,29,67,0,0,0,0,0.5414038602095234,0.5414038602095234
miltode01w,2,0,LAS,WNBA,32,27,938,330,71,98,169,68,49,29,58,0,296,134,63,50,35,12,0,7,7,226,86,12,32,44,20,7,10,11,22,64,35,19,13,8,3,0,938,330,71,98,68,49,29,58,0,0,0,0,0.5299573504268938,0.5299573504268938
miltode01w,3,0,LAS,WNBA,32,25,966,362,65,146,211,45,50,35,94,0,271,132,104,77,50,21,3,6,3,204,78,9,32,41,8,10,9,11,22,60,27,16,15,16,9,0,966,362,65,146,45,50,35,94,0,0,0,0,0.5044513405336299,0.5044513405336299
miltode01w,4,0,LAS,WNBA,31,30,1086,416,59,161,220,64,49,41,79,0,328,139,143,115,61,23,3,9,9,338,131,20,37,57,25,17,13,20,40,106,47,35,27,18,10,1,1086,416,59,161,64,49,41,79,0,0,0,0,0.5346224628487803,0.5346224628487803
miltode01w,5,0,LAS,WNBA,19,19,604,186,35,55,90,31,23,10,48,0,161,65,62,45,37,11,1,0,0,0,0,0,0,0,0,0,0,0,0,0,0,0,0,0,0,0,604,186,35,55,31,23,10,48,0,0,0,0,0.40231787413381004,0.40231787413381004
miltode01w,6,0,WAS,WNBA,33,30,1069,394,45,127,172,58,57,18,75,0,331,138,99,79,119,39,4,0,0,0,0,0,0,0,0,0,0,0,0,0,0,0,0,0,0,0,1069,394,45,127,58,57,18,75,0,0,0,0,0.48793264276957304,0.48793264276957304
miltode01w,7,0,WAS,WNBA,23,20,675,335,23,89,112,48,35,17,67,0,265,125,63,51,79,34,2,2,2,69,28,7,11,18,5,3,1,6,5,29,11,2,2,9,4,0,675,335,23,89,48,35,17,67,0,0,0,0,0.6085925835764062,0.6085925835764062
miltode01w,8,0,WAS,WNBA,34,34,1141,456,45,172,217,55,52,38,121,0,473,165,116,98,119,28,2,0,0,0,0,0,0,0,0,0,0,0,0,0,0,0,0,0,0,0,1141,456,45,172,55,52,38,121,0,0,0,0,0.4935144566738435,0.4935144566738435
miltode01w,9,0,LAS,WNBA,31,31,1016,431,64,132,196,73,34,18,99,0,344,165,93,72,81,29,0,6,6,206,64,14,22,36,11,8,4,13,23,59,24,15,11,14,5,0,1016,431,64,132,73,34,18,99,0,0,0,0,0.5328740105032086,0.5328740105032086
miltode01w,10,0,LAS,WNBA,33,33,1043,338,51,106,157,71,41,8,74,0,322,129,74,56,82,24,1,6,6,190,54,16,19,35,15,10,1,13,14,57,20,16,10,13,4,0,1043,338,51,106,71,41,8,74,0,0,0,0,0.4328859018898763,0.4328859018898763
mitchle01w,9,0,NYL,WNBA,34,5,518,131,14,43,57,97,17,3,39,0,105,39,42,34,47,19,0,6,0,62,29,0,2,2,8,0,0,6,5,21,9,6,6,10,5,0,518,131,14,43,97,17,3,39,0,0,0,0,0.44729728866221463,0.44729728866221463
mitchle01w,10,0,NYL,WNBA,34,2,436,80,8,33,41,76,9,2,26,0,100,30,6,6,52,14,0,0,0,0,0,0,0,0,0,0,0,0,0,0,0,0,0,0,0,0,436,80,8,33,76,9,2,26,0,0,0,0,0.35894494589575815,0.35894494589575815
moeggli01w,7,0,CHI,WNBA,27,1,277,58,27,19,46,17,10,6,15,0,63,20,30,14,12,4,0,0,0,0,0,0,0,0,0,0,0,0,0,0,0,0,0,0,0,0,277,58,27,19,17,10,6,15,0,0,0,0,0.3631768821957805,0.3631768821957805
moeggli01w,8,0,CHI,WNBA,23,0,206,37,26,5,31,6,3,2,10,0,41,17,5,2,6,1,0,0,0,0,0,0,0,0,0,0,0,0,0,0,0,0,0,0,0,0,206,37,26,5,6,3,2,10,0,0,0,0,0.28009707378169546,0.28009707378169546
moisead01w,2,0,PHO,WNBA,7,0,123,41,4,12,16,17,6,0,16,0,36,14,12,9,12,4,0,0,0,0,0,0,0,0,0,0,0,0,0,0,0,0,0,0,0,0,123,41,4,12,17,6,0,16,0,0,0,0,0.44227638680679787,0.44227638680679787
moisead01w,3,0,PHO,WNBA,32,4,619,193,15,45,60,79,30,3,72,0,164,63,60,48,66,19,0,0,0,0,0,0,0,0,0,0,0,0,0,0,0,0,0,0,0,0,619,193,15,45,79,30,3,72,0,0,0,0,0.4151857768144463,0.4151857768144463
moisead01w,8,0,PHO,WNBA,4,0,31,7,3,4,7,3,3,0,10,0,5,2,2,2,1,1,0,0,0,0,0,0,0,0,0,0,0,0,0,0,0,0,0,0,0,0,31,7,3,4,3,3,0,10,0,0,0,0,0.2032257408949222,0.2032257408949222
montaan01w,10,0,MIN,WNBA,16,1,169,35,15,11,26,19,9,0,12,0,36,14,2,2,15,5,0,0,0,0,0,0,0,0,0,0,0,0,0,0,0,0,0,0,0,0,169,35,15,11,19,9,0,12,0,0,0,0,0.383431929974442,0.383431929974442
montgre01w,10,0,MIN,WNBA,34,9,764,306,15,51,66,72,25,9,66,0,250,102,72,60,121,42,0,0,0,0,0,0,0,0,0,0,0,0,0,0,0,0,0,0,0,0,764,306,15,51,72,25,9,66,0,0,0,0,0.48664920828993186,0.48664920828993186
mooreja01w,3,0,IND,WNBA,18,2,128,42,9,20,29,3,5,1,14,0,38,16,14,10,1,0,0,2,0,6,0,0,1,1,0,1,0,0,3,2,0,0,0,0,0,0,128,42,9,20,3,5,1,14,0,0,0,0,0.3851562199096703,0.3851562199096703
mooreje01w,6,1,CHA,WNBA,6,0,49,3,1,4,5,2,0,0,4,0,3,1,2,1,0,0,1,0,0,0,0,0,0,0,0,0,0,0,0,0,0,0,0,0,0,0,49,3,1,4,2,0,0,4,0,0,0,0,0.05918366139108951,0.05918366139108951
mooreje01w,6,2,LAS,WNBA,15,0,109,8,4,4,8,1,4,0,5,0,8,4,0,0,0,0,0,0,0,0,0,0,0,0,0,0,0,0,0,0,0,0,0,0,0,0,109,8,4,4,1,4,0,5,0,0,0,0,0.11009173301910706,0.11009173301910706
mooreje01w,7,0,LAS,WNBA,34,33,653,147,35,63,98,24,22,9,28,0,136,59,38,29,2,0,1,5,5,89,24,5,11,16,5,2,0,3,14,22,11,2,2,0,0,0,653,147,35,63,24,22,9,28,0,0,0,0,0.33292495661676946,0.33292495661676946
mooreje01w,8,0,LAS,WNBA,29,17,440,123,36,52,88,18,6,6,33,0,121,48,42,27,0,0,1,0,0,0,0,0,0,0,0,0,0,0,0,0,0,0,0,0,0,0,440,123,36,52,18,6,6,33,0,0,0,0,0.3654545371487605,0.3654545371487605
mooreje01w,9,0,LAS,WNBA,28,2,309,39,17,28,45,17,4,5,17,0,43,14,16,11,0,0,0,6,0,52,8,0,5,5,3,0,0,3,8,9,3,2,2,0,0,0,309,39,17,28,17,4,5,17,0,0,0,0,0.22103559155224622,0.22103559155224622
mooreje01w,10,0,IND,WNBA,31,9,613,148,40,56,96,14,19,6,32,0,121,57,46,34,1,0,0,10,0,120,22,9,8,17,3,5,2,3,24,24,8,8,6,0,0,1,613,148,40,56,14,19,6,32,0,0,0,0,0.32593800447083193,0.32593800447083193
moorelo01w,6,0,NYL,WNBA,24,0,182,22,4,23,27,19,10,0,25,0,23,9,9,4,2,0,0,1,0,1,0,0,0,0,0,0,0,0,0,0,0,0,0,0,0,0,182,22,4,23,19,10,0,25,0,0,0,0,0.1961538353761629,0.1961538353761629
moorelo01w,7,0,NYL,WNBA,34,29,952,208,31,113,144,122,61,10,65,0,201,68,51,37,96,35,0,0,0,0,0,0,0,0,0,0,0,0,0,0,0,0,0,0,0,0,952,208,31,113,122,61,10,65,0,0,0,0,0.4113445334942801,0.4113445334942801
moorelo01w,8,0,NYL,WNBA,34,33,1163,327,40,98,138,163,75,5,99,0,289,119,58,34,135,55,1,3,3,113,31,1,14,15,15,6,0,6,4,32,12,4,2,17,5,0,1163,327,40,98,163,75,5,99,0,0,0,0,0.454342214494048,0.454342214494048
moorelo01w,9,0,NYL,WNBA,29,29,809,154,30,82,112,132,44,4,77,0,161,55,24,20,83,24,0,6,6,178,43,2,19,21,25,9,0,11,11,48,15,8,4,23,9,0,809,154,30,82,132,44,4,77,0,0,0,0,0.374042022570556,0.374042022570556
moorelo01w,10,0,NYL,WNBA,34,32,941,215,19,106,125,133,66,2,78,0,233,78,48,33,100,26,0,0,0,0,0,0,0,0,0,0,0,0,0,0,0,0,0,0,0,0,941,215,19,106,133,66,2,78,0,0,0,0,0.40712008068947847,0.40712008068947847
moorena01w,8,0,MIN,WNBA,19,0,87,21,3,12,15,4,3,0,7,0,26,7,8,6,8,1,0,0,0,0,0,0,0,0,0,0,0,0,0,0,0,0,0,0,0,0,87,21,3,12,4,3,0,7,0,0,0,0,0.30689651644867627,0.30689651644867627
moorena01w,9,0,MIN,WNBA,16,0,125,48,7,8,15,5,4,3,3,0,47,15,27,15,9,3,0,0,0,0,0,0,0,0,0,0,0,0,0,0,0,0,0,0,0,0,125,48,7,8,5,4,3,3,0,0,0,0,0.5143999588480033,0.5143999588480033
mooreta01w,3,1,MIA,WNBA,5,3,83,28,3,4,7,10,7,0,11,0,25,8,10,10,9,2,0,0,0,0,0,0,0,0,0,0,0,0,0,0,0,0,0,0,0,0,83,28,3,4,10,7,0,11,0,0,0,0,0.4493975362171643,0.4493975362171643
mooreta01w,3,2,MIN,WNBA,26,20,653,196,20,56,76,78,23,9,74,0,172,63,53,44,68,26,0,0,0,0,0,0,0,0,0,0,0,0,0,0,0,0,0,0,0,0,653,196,20,56,78,23,9,74,0,0,0,0,0.4024502235459384,0.4024502235459384
mooreta01w,4,1,DET,WNBA,15,0,66,21,3,6,9,4,4,2,6,0,16,8,6,5,4,0,0,0,0,0,0,0,0,0,0,0,0,0,0,0,0,0,0,0,0,0,66,21,3,6,4,4,2,6,0,0,0,0,0.4378787215335271,0.4378787215335271
mooreta01w,4,2,PHO,WNBA,11,0,110,33,3,16,19,8,5,4,10,0,26,11,13,11,5,0,0,0,0,0,0,0,0,0,0,0,0,0,0,0,0,0,0,0,0,0,110,33,3,16,8,5,4,10,0,0,0,0,0.4263635976033093,0.4263635976033093
mooreta01w,5,0,PHO,WNBA,32,0,387,82,7,21,28,53,26,9,34,0,61,27,29,25,10,3,0,0,0,0,0,0,0,0,0,0,0,0,0,0,0,0,0,0,0,0,387,82,7,21,53,26,9,34,0,0,0,0,0.38036174727747424,0.38036174727747424
mooreta01w,6,0,NYL,WNBA,7,0,48,11,0,7,7,6,0,0,4,0,6,4,2,2,3,1,0,0,0,0,0,0,0,0,0,0,0,0,0,0,0,0,0,0,0,0,48,11,0,7,6,0,0,4,0,0,0,0,0.31458326779515255,0.31458326779515255
mooreta01w,7,0,LAS,WNBA,34,33,634,206,16,55,71,65,33,8,38,0,145,68,66,53,49,17,0,4,4,87,31,3,9,12,11,3,1,8,7,19,10,11,7,6,4,0,634,206,16,55,65,33,8,38,0,0,0,0,0.4758675003806388,0.4758675003806388
mooreta01w,8,0,HOU,WNBA,15,9,289,58,8,17,25,44,16,2,32,0,57,21,12,12,15,4,1,0,0,0,0,0,0,0,0,0,0,0,0,0,0,0,0,0,0,0,289,58,8,17,44,16,2,32,0,0,0,0,0.34152247953209414,0.34152247953209414
moosca01w,3,0,MIA,WNBA,2,0,6,0,0,0,0,0,0,1,0,0,1,0,0,0,0,0,0,0,0,0,0,0,0,0,0,0,0,0,0,0,0,0,0,0,0,0,6,0,0,0,0,0,1,0,0,0,0,0,0.16666638888935187,0.16666638888935187
mosbybe01w,8,0,WAS,WNBA,28,0,279,83,25,53,78,10,8,6,19,0,62,30,28,23,1,0,0,0,0,0,0,0,0,0,0,0,0,0,0,0,0,0,0,0,0,0,279,83,25,53,10,8,6,19,0,0,0,0,0.43512543243278023,0.43512543243278023
mosbybe01w,9,0,WAS,WNBA,24,1,183,48,17,36,53,2,2,7,12,0,51,20,12,8,0,0,0,0,0,0,0,0,0,0,0,0,0,0,0,0,0,0,0,0,0,0,183,48,17,36,2,2,7,12,0,0,0,0,0.3808742961270877,0.3808742961270877
mosbybe01w,10,0,WAS,WNBA,24,0,169,46,15,22,37,3,8,1,16,0,47,17,14,12,1,0,1,0,0,0,0,0,0,0,0,0,0,0,0,0,0,0,0,0,0,0,169,46,15,22,3,8,1,16,0,0,0,0,0.34970412131928275,0.34970412131928275
moweje01w,2,0,POR,WNBA,5,0,17,6,1,2,3,0,0,1,2,0,3,3,0,0,0,0,0,0,0,0,0,0,0,0,0,0,0,0,0,0,0,0,0,0,0,0,17,6,1,2,0,0,1,2,0,0,0,0,0.37058801730116636,0.37058801730116636
moweje01w,3,0,POR,WNBA,5,0,16,1,1,0,1,0,0,0,1,0,1,0,2,1,0,0,0,0,0,0,0,0,0,0,0,0,0,0,0,0,0,0,0,0,0,0,16,1,1,0,0,0,0,1,0,0,0,0,0.04374997265626709,0.04374997265626709
moweje01w,4,0,LAS,WNBA,1,0,21,0,0,1,1,0,0,1,1,0,2,0,0,0,0,0,0,0,0,0,0,0,0,0,0,0,0,0,0,0,0,0,0,0,0,0,21,0,0,1,0,0,1,1,0,0,0,0,0.01428570748299644,0.01428570748299644
mulitna01w,1,0,UTA,WNBA,22,3,291,99,12,22,34,6,4,6,30,0,69,41,20,15,3,2,0,0,0,0,0,0,0,0,0,0,0,0,0,0,0,0,0,0,0,0,291,99,12,22,6,4,6,30,0,0,0,0,0.34364259987482476,0.34364259987482476
murphsh01w,8,0,MIN,WNBA,32,0,436,165,50,54,104,17,19,8,20,0,145,54,46,39,66,18,0,0,0,0,0,0,0,0,0,0,0,0,0,0,0,0,0,0,0,0,436,165,50,54,17,19,8,20,0,0,0,0,0.55091741855694,0.55091741855694
murphsh01w,9,2,DET,WNBA,13,3,122,33,8,13,21,7,6,2,9,0,40,12,6,4,19,5,0,0,0,0,0,0,0,0,0,0,0,0,0,0,0,0,0,0,0,0,122,33,8,13,7,6,2,9,0,0,0,0,0.3975409510212335,0.3975409510212335
murphsh01w,9,1,MIN,WNBA,2,0,5,2,2,0,2,0,0,0,0,0,5,1,0,0,0,0,0,0,0,0,0,0,0,0,0,0,0,0,0,0,0,0,0,0,0,0,5,2,2,0,0,0,0,0,0,0,0,0,0.67999864000272,0.67999864000272
murphsh01w,9,3,WAS,WNBA,2,0,11,2,3,0,3,1,0,0,2,0,3,1,0,0,1,0,0,0,0,0,0,0,0,0,0,0,0,0,0,0,0,0,0,0,0,0,11,2,3,0,1,0,0,2,0,0,0,0,0.2818179256200676,0.2818179256200676
murphsh01w,10,0,IND,WNBA,24,0,186,100,23,19,42,10,6,2,9,0,89,34,26,21,32,11,0,4,0,9,0,1,1,2,1,0,0,0,2,5,0,0,0,2,0,0,186,100,23,19,10,6,2,9,0,0,0,0,0.703225768643776,0.703225768643776
nagyan01w,1,0,WAS,WNBA,23,23,694,97,10,53,63,118,17,8,55,0,79,31,26,21,39,14,0,0,0,0,0,0,0,0,0,0,0,0,0,0,0,0,0,0,0,0,694,97,10,53,118,17,8,55,0,0,0,0,0.2995677190264017,0.2995677190264017
nagyan01w,2,0,NYL,WNBA,23,0,213,34,0,9,9,24,2,3,23,0,31,13,4,2,12,6,1,4,0,30,8,0,4,4,3,0,1,3,2,4,3,3,2,0,0,0,213,34,0,9,24,2,3,23,0,0,0,0,0.20046947415636274,0.20046947415636274
nagyan01w,3,0,SAC,WNBA,24,8,409,34,3,26,29,73,10,4,31,0,44,12,16,7,14,3,1,0,0,0,0,0,0,0,0,0,0,0,0,0,0,0,0,0,0,0,409,34,3,26,73,10,4,31,0,0,0,0,0.2442542727566193,0.2442542727566193
nanch01w,10,0,CHI,WNBA,26,5,320,97,23,32,55,6,8,9,29,0,95,46,8,5,0,0,0,0,0,0,0,0,0,0,0,0,0,0,0,0,0,0,0,0,0,0,320,97,23,32,6,8,9,29,0,0,0,0,0.36468748860351596,0.36468748860351596
ndiayas01w,1,0,DET,WNBA,32,32,868,346,65,122,187,40,23,22,64,0,333,158,51,29,6,1,0,0,0,0,0,0,0,0,0,0,0,0,0,0,0,0,0,0,0,0,868,346,65,122,40,23,22,64,0,0,0,0,0.5173963074032684,0.5173963074032684
ndiayas01w,2,0,DET,WNBA,32,31,913,376,60,111,171,49,22,28,73,0,341,156,76,59,15,5,1,0,0,0,0,0,0,0,0,0,0,0,0,0,0,0,0,0,0,0,913,376,60,111,49,22,28,73,0,0,0,0,0.5227820315138879,0.5227820315138879
ndiayas01w,3,0,DET,WNBA,32,32,776,275,44,118,162,39,17,12,58,0,270,126,39,23,2,0,0,0,0,0,0,0,0,0,0,0,0,0,0,0,0,0,0,0,0,0,776,275,44,118,39,17,12,58,0,0,0,0,0.45257731375544696,0.45257731375544696
ndiayas01w,4,0,DET,WNBA,11,2,70,20,5,9,14,1,3,1,9,0,21,10,2,0,0,0,0,2,0,6,1,0,0,0,1,0,0,0,1,0,0,2,1,0,0,0,70,20,5,9,1,3,1,9,0,0,0,0,0.31714281183674115,0.31714281183674115
ndiayas01w,5,0,IND,WNBA,10,0,74,12,2,9,11,4,1,3,8,0,19,5,4,2,0,0,0,0,0,0,0,0,0,0,0,0,0,0,0,0,0,0,0,0,0,0,74,12,2,9,4,1,3,8,0,0,0,0,0.21756753816654892,0.21756753816654892
ndiayas01w,7,0,HOU,WNBA,11,3,127,35,10,20,30,8,1,1,10,0,35,16,6,3,0,0,0,0,0,0,0,0,0,0,0,0,0,0,0,0,0,0,0,0,0,0,127,35,10,20,8,1,1,10,0,0,0,0,0.3779527261454546,0.3779527261454546
ndiayas01w,8,0,SEA,WNBA,4,0,58,10,4,3,7,0,1,1,5,0,14,5,0,0,1,0,0,1,0,4,0,0,0,0,0,1,0,1,0,1,0,0,0,0,0,0,58,10,4,3,0,1,1,5,0,0,0,0,0.18448272681332298,0.18448272681332298
ndongem01w,7,0,LAS,WNBA,17,0,111,20,15,11,26,3,7,8,6,0,27,7,13,6,0,0,0,0,0,0,0,0,0,0,0,0,0,0,0,0,0,0,0,0,0,0,111,20,15,11,3,7,8,6,0,0,0,0,0.4126125754403085,0.4126125754403085
nemcoev01w,1,0,CLE,WNBA,14,14,443,185,9,32,41,23,15,8,27,0,164,67,24,22,71,29,0,0,0,0,0,0,0,0,0,0,0,0,0,0,0,0,0,0,0,0,443,185,9,32,23,15,8,27,0,0,0,0,0.49638825064586345,0.49638825064586345
nemcoev01w,2,0,CLE,WNBA,8,2,113,34,1,9,10,8,2,5,6,0,38,13,8,5,15,3,0,0,0,0,0,0,0,0,0,0,0,0,0,0,0,0,0,0,0,0,113,34,1,9,8,2,5,6,0,0,0,0,0.41061943268854584,0.41061943268854584
nevescl01w,1,0,DET,WNBA,30,20,636,179,8,27,35,59,31,1,55,0,166,63,30,25,92,28,0,0,0,0,0,0,0,0,0,0,0,0,0,0,0,0,0,0,0,0,636,179,8,27,59,31,1,55,0,0,0,0,0.35959118931460393,0.35959118931460393
nevescl01w,2,0,DET,WNBA,22,15,407,95,3,26,29,34,21,0,28,0,94,34,8,8,52,19,0,0,0,0,0,0,0,0,0,0,0,0,0,0,0,0,0,0,0,0,407,95,3,26,34,21,0,28,0,0,0,0,0.32407861611600447,0.32407861611600447
nevescl01w,3,0,MIA,WNBA,20,0,194,37,0,7,7,25,8,0,13,0,31,11,16,11,21,4,0,0,0,0,0,0,0,0,0,0,0,0,0,0,0,0,0,0,0,0,194,37,0,7,25,8,0,13,0,0,0,0,0.30463915955468246,0.30463915955468246
newtoch01w,6,0,SAC,WNBA,34,34,715,148,32,34,66,55,24,9,37,0,149,60,36,22,25,6,0,8,8,182,46,4,10,14,8,2,0,11,19,42,18,12,8,4,2,0,715,148,32,34,55,24,9,37,0,0,0,0,0.32391607938578915,0.32391607938578915
newtoch01w,7,0,CHI,WNBA,27,11,648,176,19,52,71,58,36,7,40,0,155,52,80,59,49,13,0,0,0,0,0,0,0,0,0,0,0,0,0,0,0,0,0,0,0,0,648,176,19,52,58,36,7,40,0,0,0,0,0.4103394998404398,0.4103394998404398
newtoch01w,8,0,SAC,WNBA,34,34,696,219,28,34,62,46,31,6,42,0,197,74,78,60,33,11,2,3,3,46,9,4,3,7,3,5,1,3,13,12,3,2,2,1,1,0,696,219,28,34,46,31,6,42,0,0,0,0,0.41637930436236625,0.41637930436236625
newtoch01w,9,0,SAC,WNBA,26,0,393,117,13,22,35,28,30,1,25,0,95,38,51,39,7,2,0,3,0,44,13,0,2,2,3,2,0,2,8,7,5,2,2,1,1,1,393,117,13,22,28,30,1,25,0,0,0,0,0.4241730171966153,0.4241730171966153
newtoch01w,10,0,SAC,WNBA,23,0,336,68,10,20,30,39,18,3,16,0,70,26,18,12,12,4,0,0,0,0,0,0,0,0,0,0,0,0,0,0,0,0,0,0,0,0,336,68,10,20,39,18,3,16,0,0,0,0,0.3720237984516727,0.3720237984516727
ngarsch01w,7,0,NYL,WNBA,15,0,92,27,11,7,18,5,5,2,8,0,29,8,25,11,2,0,0,0,0,0,0,0,0,0,0,0,0,0,0,0,0,0,0,0,0,0,92,27,11,7,5,5,2,8,0,0,0,0,0.4434782126654117,0.4434782126654117
ngoyibe01w,3,0,NYL,WNBA,7,0,12,6,1,4,5,0,0,2,0,0,5,3,0,0,0,0,0,3,0,10,8,1,2,3,0,0,0,1,2,5,3,5,2,0,0,0,12,6,1,4,0,0,2,0,0,0,0,0,0.824999312500573,0.824999312500573
ngoyibe01w,6,0,SAS,WNBA,26,0,251,111,17,44,61,5,5,2,25,0,81,46,26,19,0,0,1,0,0,0,0,0,0,0,0,0,0,0,0,0,0,0,0,0,0,0,251,111,17,44,5,5,2,25,0,0,0,0,0.49043822747258053,0.49043822747258053
ngoyibe01w,7,0,CHI,WNBA,30,23,627,302,65,105,170,28,14,7,60,0,231,122,98,58,0,0,1,0,0,0,0,0,0,0,0,0,0,0,0,0,0,0,0,0,0,0,627,302,65,105,28,14,7,60,0,0,0,0,0.5869218407189499,0.5869218407189499
ngoyibe01w,9,0,IND,WNBA,31,1,226,83,20,33,53,7,6,7,31,0,63,30,32,23,0,0,0,1,0,2,0,0,1,1,0,0,0,1,0,0,0,0,0,0,0,0,226,83,20,33,7,6,7,31,0,0,0,0,0.4243362644098998,0.4243362644098998
nieuwma01w,6,0,LAS,WNBA,7,0,16,4,2,0,2,0,0,0,2,0,3,2,0,0,0,0,0,0,0,0,0,0,0,0,0,0,0,0,0,0,0,0,0,0,0,0,16,4,2,0,0,0,0,2,0,0,0,0,0.21249986718758304,0.21249986718758304
nnamach01w,9,0,ATL,WNBA,12,0,84,16,6,6,12,2,5,0,4,0,26,6,3,2,11,2,0,0,0,0,0,0,0,0,0,0,0,0,0,0,0,0,0,0,0,0,84,16,6,6,2,5,0,4,0,0,0,0,0.29761901218821285,0.29761901218821285
nolande01w,2,0,DET,WNBA,27,0,545,192,16,37,53,30,17,6,35,0,194,64,53,43,73,21,0,0,0,0,0,0,0,0,0,0,0,0,0,0,0,0,0,0,0,0,545,192,16,37,30,17,6,35,0,0,0,0,0.42623852428920134,0.42623852428920134
nolande01w,3,0,DET,WNBA,32,32,804,277,17,70,87,62,27,12,61,0,248,103,36,29,114,42,1,0,0,0,0,0,0,0,0,0,0,0,0,0,0,0,0,0,0,0,804,277,17,70,62,27,12,61,0,0,0,0,0.4351989995622015,0.4351989995622015
nolande01w,4,0,DET,WNBA,32,32,954,396,12,95,107,83,41,14,69,0,312,136,96,76,114,48,0,8,8,257,124,4,25,29,21,10,2,13,21,96,44,16,15,47,21,0,954,396,12,95,83,41,14,69,0,0,0,0,0.5261006234161361,0.5261006234161361
nolande01w,5,0,DET,WNBA,34,34,1138,464,29,105,134,112,66,12,90,0,435,166,124,99,114,33,1,3,3,119,54,3,11,14,7,5,0,10,5,45,18,15,14,13,4,0,1138,464,29,105,112,66,12,90,0,0,0,0,0.5411247755612937,0.5411247755612937
nolande01w,6,0,DET,WNBA,33,33,1213,524,31,125,156,121,55,14,100,0,462,184,160,128,90,28,0,2,2,79,37,1,7,8,7,2,2,6,4,37,15,7,6,4,1,0,1213,524,31,125,121,55,14,100,0,0,0,0,0.5549876293900443,0.5549876293900443
nolande01w,7,0,DET,WNBA,34,34,1088,468,32,121,153,124,47,11,86,0,425,172,100,85,113,39,1,10,10,357,178,8,33,41,39,16,2,27,19,148,72,30,25,21,9,0,1088,468,32,121,124,47,11,86,0,0,0,0,0.5723345535631015,0.5723345535631015
nolande01w,8,0,DET,WNBA,34,34,1175,553,35,113,148,132,49,12,82,0,480,221,79,65,117,46,0,11,11,412,208,10,59,69,45,9,3,21,29,188,80,30,27,47,21,0,1175,553,35,113,132,49,12,82,0,0,0,0,0.614808505405885,0.614808505405885
nolande01w,9,0,DET,WNBA,34,34,1144,538,26,107,133,150,42,10,73,0,465,216,73,63,115,43,1,9,9,349,158,8,33,41,26,19,3,24,24,156,56,33,31,44,15,0,1144,538,26,107,150,42,10,73,0,0,0,0,0.6270104840296287,0.6270104840296287
nolande01w,10,0,DET,WNBA,33,33,1113,559,36,105,141,116,44,10,73,0,525,214,116,91,123,40,1,5,5,190,108,5,3,8,16,9,2,18,18,98,39,23,21,28,9,0,1113,559,36,105,116,44,10,73,0,0,0,0,0.6403414138334105,0.6403414138334105
nygaava01w,1,0,POR,WNBA,32,28,843,253,50,71,121,30,17,5,38,0,209,91,54,41,90,30,2,0,0,0,0,0,0,0,0,0,0,0,0,0,0,0,0,0,0,0,843,253,50,71,30,17,5,38,0,0,0,0,0.3835112647270313,0.3835112647270313
nygaava01w,2,0,POR,WNBA,31,0,259,76,13,22,35,10,6,2,14,0,72,28,3,1,49,19,0,0,0,0,0,0,0,0,0,0,0,0,0,0,0,0,0,0,0,0,259,76,13,22,10,6,2,14,0,0,0,0,0.3694980552317353,0.3694980552317353
nygaava01w,3,0,MIA,WNBA,29,22,443,120,27,40,67,9,11,1,13,0,101,43,13,10,64,24,0,0,0,0,0,0,0,0,0,0,0,0,0,0,0,0,0,0,0,0,443,120,27,40,9,11,1,13,0,0,0,0,0.3586907368241369,0.3586907368241369
nygaava01w,4,0,LAS,WNBA,11,3,168,41,11,8,19,5,3,0,4,0,36,16,4,3,17,6,1,5,0,24,8,3,2,5,0,1,1,1,1,5,3,0,0,2,2,0,168,41,11,8,5,3,0,4,0,0,0,0,0.32797617095379933,0.32797617095379933
ogayu01w,9,0,PHO,WNBA,23,0,180,56,5,12,17,14,7,0,22,0,57,20,17,16,10,0,1,0,0,0,0,0,0,0,0,0,0,0,0,0,0,0,0,0,0,0,180,56,5,12,14,7,0,22,0,0,0,0,0.3449999808333344,0.3449999808333344
ohldeni01w,5,0,MIN,WNBA,34,34,1018,397,83,111,194,60,16,45,74,0,308,136,177,125,2,0,1,2,2,74,28,4,6,10,9,1,0,6,5,23,11,10,6,0,0,0,1018,397,83,111,60,16,45,74,0,0,0,0,0.5259331971912261,0.5259331971912261
ohldeni01w,6,0,MIN,WNBA,34,34,1038,382,63,131,194,78,21,22,84,0,292,133,142,116,2,0,1,0,0,0,0,0,0,0,0,0,0,0,0,0,0,0,0,0,0,0,1038,382,63,131,78,21,22,84,0,0,0,0,0.4840077024662072,0.4840077024662072
ohldeni01w,7,0,MIN,WNBA,34,34,870,327,61,129,190,54,20,25,74,0,265,120,131,87,1,0,0,0,0,0,0,0,0,0,0,0,0,0,0,0,0,0,0,0,0,0,870,327,61,129,54,20,25,74,0,0,0,0,0.4981609138142424,0.4981609138142424
ohldeni01w,8,0,MIN,WNBA,34,34,922,392,69,139,208,56,17,20,82,0,342,128,161,136,0,0,4,0,0,0,0,0,0,0,0,0,0,0,0,0,0,0,0,0,0,0,922,392,69,139,56,17,20,82,0,0,0,0,0.5347071525519832,0.5347071525519832
ohldeni01w,9,0,MIN,WNBA,34,34,559,197,44,68,112,45,10,22,50,0,161,73,65,51,0,0,1,0,0,0,0,0,0,0,0,0,0,0,0,0,0,0,0,0,0,0,559,197,44,68,45,10,22,50,0,0,0,0,0.4923076835007571,0.4923076835007571
ohldeni01w,10,0,PHO,WNBA,21,0,311,109,19,40,59,6,5,20,29,0,71,38,46,33,0,0,1,11,0,150,29,9,21,30,4,4,3,10,21,22,14,5,1,0,0,0,311,109,19,40,6,5,20,29,0,0,0,0,0.4382636515027766,0.4382636515027766
oneilkr01w,9,0,SEA,WNBA,11,0,31,0,0,3,3,1,0,0,1,0,4,0,0,0,2,0,0,0,0,0,0,0,0,0,0,0,0,0,0,0,0,0,0,0,0,0,31,0,0,3,1,0,0,1,0,0,0,0,0.02903224869927461,0.02903224869927461
osipoir01w,7,0,DET,WNBA,2,0,12,2,1,0,1,0,0,0,1,0,0,0,2,2,0,0,0,9,0,116,21,3,6,9,11,6,0,13,16,19,9,7,3,1,0,0,12,2,1,0,0,0,0,1,0,0,0,0,0.1416665486112095,0.1416665486112095
owenhe01w,1,0,WAS,WNBA,11,0,60,2,2,7,9,2,0,0,3,0,4,1,0,0,0,0,0,0,0,0,0,0,0,0,0,0,0,0,0,0,0,0,0,0,0,0,60,2,2,7,2,0,0,3,0,0,0,0,0.07499998750000209,0.07499998750000209
owenssh01w,1,0,MIA,WNBA,31,16,605,131,47,50,97,21,11,26,54,0,131,51,54,29,0,0,3,0,0,0,0,0,0,0,0,0,0,0,0,0,0,0,0,0,0,0,605,131,47,50,21,11,26,54,0,0,0,0,0.3023140445898505,0.3023140445898505
owenssh01w,3,0,CHA,WNBA,2,0,6,0,0,2,2,0,0,0,0,0,0,0,0,0,0,0,0,0,0,0,0,0,0,0,0,0,0,0,0,0,0,0,0,0,0,0,6,0,0,2,0,0,0,0,0,0,0,0,0.09999983333361111,0.09999983333361111
pageda01w,9,0,CON,WNBA,3,0,12,6,2,4,6,0,0,0,2,0,5,3,0,0,0,0,0,0,0,0,0,0,0,0,0,0,0,0,0,0,0,0,0,0,0,0,12,6,2,4,0,0,0,2,0,0,0,0,0.5499995416670486,0.5499995416670486
pagemu01w,1,0,WAS,WNBA,32,32,1046,314,79,129,208,64,23,32,63,0,222,131,92,52,0,0,2,2,2,69,11,2,4,6,1,2,0,4,5,9,4,4,3,0,0,0,1046,314,79,129,64,23,32,63,0,0,0,0,0.44359464203064397,0.44359464203064397
pagemu01w,2,0,WAS,WNBA,32,32,989,225,74,103,177,55,30,36,60,0,231,100,36,21,17,4,2,0,0,0,0,0,0,0,0,0,0,0,0,0,0,0,0,0,0,0,989,225,74,103,55,30,36,60,0,0,0,0,0.3728008051284044,0.3728008051284044
pagemu01w,3,0,WAS,WNBA,32,15,750,208,55,100,155,37,14,15,45,0,195,88,53,30,4,2,0,5,0,113,48,6,16,22,4,1,4,3,12,27,17,15,14,0,0,0,750,208,55,100,37,14,15,45,0,0,0,0,0.39666666137777784,0.39666666137777784
pagemu01w,4,0,WAS,WNBA,34,34,850,213,62,90,152,35,18,24,41,0,220,83,56,42,12,5,0,0,0,0,0,0,0,0,0,0,0,0,0,0,0,0,0,0,0,0,850,213,62,90,35,18,24,41,0,0,0,0,0.37576470146159174,0.37576470146159174
pagemu01w,5,0,WAS,WNBA,33,19,809,184,40,100,140,36,25,16,30,0,175,81,40,22,3,0,1,3,3,90,11,3,11,14,4,0,1,3,5,16,5,2,1,0,0,0,809,184,40,100,36,25,16,30,0,0,0,0,0.3572311451516546,0.3572311451516546
pagemu01w,6,0,WAS,WNBA,34,4,589,108,21,62,83,25,15,9,23,0,119,47,8,8,22,6,0,0,0,0,0,0,0,0,0,0,0,0,0,0,0,0,0,0,0,0,589,108,21,62,25,15,9,23,0,0,0,0,0.28404074220643905,0.28404074220643905
pagemu01w,7,0,LAS,WNBA,34,4,690,167,40,81,121,33,17,9,30,0,140,66,46,35,3,0,1,5,1,118,28,10,13,23,3,3,2,2,11,29,9,11,9,2,1,0,690,167,40,81,33,17,9,30,0,0,0,0,0.3598550672484773,0.3598550672484773
pagemu01w,8,0,LAS,WNBA,34,8,627,163,33,78,111,45,14,9,25,0,170,71,24,19,10,2,0,0,0,0,0,0,0,0,0,0,0,0,0,0,0,0,0,0,0,0,627,163,33,78,45,14,9,25,0,0,0,0,0.4027113173411273,0.4027113173411273
pagemu01w,9,0,LAS,WNBA,27,1,243,42,13,22,35,14,5,1,11,0,49,16,12,8,8,2,0,5,0,15,1,0,0,0,1,0,1,0,2,2,0,2,1,0,0,0,243,42,13,22,14,5,1,11,0,0,0,0,0.2744855854121158,0.2744855854121158
paigeyo01w,6,0,IND,WNBA,13,0,78,16,2,7,9,13,2,0,6,0,22,6,4,3,5,1,0,0,0,0,0,0,0,0,0,0,0,0,0,0,0,0,0,0,0,0,78,16,2,7,13,2,0,6,0,0,0,0,0.36538456854043994,0.36538456854043994
paliesa01w,7,0,DET,WNBA,11,0,51,12,4,0,4,6,1,1,10,0,25,5,0,0,5,2,0,0,0,0,0,0,0,0,0,0,0,0,0,0,0,0,0,0,0,0,51,12,4,0,6,1,1,10,0,0,0,0,0.2509803429450308,0.2509803429450308
palmewe01w,1,0,DET,WNBA,32,30,914,441,67,152,219,39,20,10,65,0,373,167,135,95,48,12,2,0,0,0,0,0,0,0,0,0,0,0,0,0,0,0,0,0,0,0,914,441,67,152,39,20,10,65,0,0,0,0,0.5880743918153787,0.5880743918153787
palmewe01w,2,0,DET,WNBA,22,22,651,233,38,116,154,23,23,4,48,0,215,91,59,40,33,11,0,0,0,0,0,0,0,0,0,0,0,0,0,0,0,0,0,0,0,0,651,233,38,116,23,23,4,48,0,0,0,0,0.4552995321766586,0.4552995321766586
palmewe01w,3,1,DET,WNBA,16,16,464,184,27,69,96,20,13,2,34,0,153,65,53,35,60,19,0,0,0,0,0,0,0,0,0,0,0,0,0,0,0,0,0,0,0,0,464,184,27,69,20,13,2,34,0,0,0,0,0.4840517137057821,0.4840517137057821
palmewe01w,3,2,ORL,WNBA,16,16,501,180,20,73,93,21,22,6,23,0,148,65,39,27,60,23,0,0,0,0,0,0,0,0,0,0,0,0,0,0,0,0,0,0,0,0,501,180,20,73,21,22,6,23,0,0,0,0,0.4828343216999137,0.4828343216999137
palmewe01w,4,0,CON,WNBA,32,1,433,149,29,77,106,16,11,3,35,0,147,58,28,23,46,10,0,4,0,64,29,1,11,12,3,0,0,7,9,22,13,3,2,4,1,0,433,149,29,77,16,11,3,35,0,0,0,0,0.432794447279574,0.432794447279574
palmewe01w,5,0,CON,WNBA,33,33,786,297,47,135,182,30,23,5,40,0,253,108,85,68,41,13,0,8,8,156,44,10,25,35,1,3,3,8,11,49,18,8,5,12,3,0,786,297,47,135,30,23,5,40,0,0,0,0,0.4941475764103362,0.4941475764103362
palmewe01w,6,0,SAS,WNBA,34,29,882,326,53,140,193,33,20,7,42,0,242,125,70,52,56,24,0,0,0,0,0,0,0,0,0,0,0,0,0,0,0,0,0,0,0,0,882,326,53,140,33,20,7,42,0,0,0,0,0.47970520998066657,0.47970520998066657
palmewe01w,7,0,SEA,WNBA,5,2,120,47,13,25,38,3,5,3,10,0,33,16,19,14,3,1,0,0,0,0,0,0,0,0,0,0,0,0,0,0,0,0,0,0,0,0,120,47,13,25,3,5,3,10,0,0,0,0,0.538333288472226,0.538333288472226
palmewe01w,8,0,SEA,WNBA,34,3,474,156,44,101,145,17,15,7,36,0,132,55,55,43,21,3,0,2,0,27,17,4,4,8,0,0,1,2,6,16,8,1,0,2,1,0,474,156,44,101,17,15,7,36,0,0,0,0,0.46434598176485276,0.46434598176485276
parisco01w,10,0,SAC,WNBA,33,6,442,160,56,78,134,22,11,10,20,0,132,68,33,24,1,0,0,0,0,0,0,0,0,0,0,0,0,0,0,0,0,0,0,0,0,0,442,160,56,78,22,11,10,20,0,0,0,0,0.5556560960258803,0.5556560960258803
parkeca01w,9,0,LAS,WNBA,33,33,1109,610,84,229,313,113,42,75,93,0,442,231,187,137,26,11,2,6,6,219,90,20,39,59,23,9,13,17,16,74,34,29,22,7,0,0,1109,610,84,229,113,42,75,93,0,0,0,0,0.7885482345487085,0.7885482345487085
parkeca01w,10,0,LAS,WNBA,25,24,815,328,60,184,244,64,15,53,55,0,270,131,80,61,24,5,1,6,6,211,108,21,43,64,10,5,11,10,23,71,38,44,31,4,1,1,815,328,60,184,64,15,53,55,0,0,0,0,0.616196311457714,0.616196311457714
pascafl01w,9,0,SEA,WNBA,3,0,9,0,1,0,1,0,0,0,1,0,1,0,0,0,0,0,0,0,0,0,0,0,0,0,0,0,0,0,0,0,0,0,0,0,0,0,9,0,1,0,0,0,0,1,0,0,0,0,-0.03333329629633745,-0.03333329629633745
pavlimi01w,2,0,UTA,WNBA,10,0,21,1,0,6,6,1,0,2,1,0,2,0,2,1,0,0,0,1,0,2,0,0,0,0,0,0,0,0,0,0,0,0,0,0,0,0,21,1,0,6,1,0,2,1,0,0,0,0,0.22857131972794298,0.22857131972794298
pavlimi01w,4,0,PHO,WNBA,8,0,29,6,1,3,4,1,1,0,2,0,7,3,0,0,0,0,0,0,0,0,0,0,0,0,0,0,0,0,0,0,0,0,0,0,0,0,29,6,1,3,1,1,0,2,0,0,0,0,0.2620688751486637,0.2620688751486637
payeka01w,1,0,MIN,WNBA,28,12,408,56,3,27,30,38,8,6,28,0,58,19,9,6,41,12,0,0,0,0,0,0,0,0,0,0,0,0,0,0,0,0,0,0,0,0,408,56,3,27,38,8,6,28,0,0,0,0,0.22107842595396016,0.22107842595396016
payeka01w,2,0,MIN,WNBA,32,16,652,91,7,54,61,97,21,0,46,0,78,30,16,11,56,20,0,0,0,0,0,0,0,0,0,0,0,0,0,0,0,0,0,0,0,0,652,91,7,54,97,21,0,46,0,0,0,0,0.2823619588594792,0.2823619588594792
payeka01w,3,0,SEA,WNBA,19,0,114,21,2,5,7,5,3,0,8,0,19,7,2,1,16,6,1,0,0,0,0,0,0,0,0,0,0,0,0,0,0,0,0,0,0,0,114,21,2,5,5,3,0,8,0,0,0,0,0.2096491044167452,0.2096491044167452
penicti01w,1,0,SAC,WNBA,30,30,936,208,12,77,89,236,70,6,71,0,185,68,107,62,50,10,1,2,2,77,16,2,5,7,14,4,0,6,10,16,4,6,5,6,3,1,936,208,12,77,236,70,6,71,0,0,0,0,0.5133546953701421,0.5133546953701421
penicti01w,2,0,SAC,WNBA,23,22,744,144,6,80,86,172,40,8,64,0,124,42,64,49,42,11,1,5,5,163,31,3,16,19,33,3,4,9,9,40,10,4,4,19,7,0,744,144,6,80,172,40,8,64,0,0,0,0,0.44112902632891093,0.44112902632891093
penicti01w,3,0,SAC,WNBA,24,24,853,203,7,95,102,192,64,1,69,0,159,60,103,75,32,8,0,0,0,0,0,0,0,0,0,0,0,0,0,0,0,0,0,0,0,0,853,203,7,95,192,64,1,69,0,0,0,0,0.4975380949878301,0.4975380949878301
penicti01w,4,0,SAC,WNBA,34,34,1089,183,29,90,119,229,61,1,81,0,205,62,76,44,60,15,1,6,6,143,25,1,13,14,18,6,3,7,12,24,8,8,7,8,2,0,1089,183,29,90,229,61,1,81,0,0,0,0,0.4043158824213417,0.4043158824213417
penicti01w,5,0,SAC,WNBA,33,32,970,199,14,88,102,163,64,2,72,0,178,63,70,50,68,23,0,6,6,193,25,4,16,20,32,15,2,19,17,27,6,16,11,15,2,0,970,199,14,88,163,64,2,72,0,0,0,0,0.40432989273886716,0.40432989273886716
penicti01w,6,0,SAC,WNBA,34,33,927,195,8,89,97,149,48,6,67,0,172,54,100,79,41,8,0,6,6,162,32,2,22,24,31,6,1,14,9,31,10,15,12,4,0,0,927,195,8,89,149,48,6,67,0,0,0,0,0.3919093808855514,0.3919093808855514
penicti01w,7,0,SAC,WNBA,34,34,846,183,10,81,91,116,58,2,67,0,171,58,77,61,31,6,0,9,9,213,45,0,21,21,34,11,0,11,14,51,15,17,11,14,4,0,846,183,10,81,116,58,2,67,0,0,0,0,0.3821512957192518,0.3821512957192518
penicti01w,8,0,SAC,WNBA,32,32,757,181,18,65,83,144,49,1,60,0,188,59,73,60,14,3,1,3,3,69,18,3,4,7,15,7,0,10,9,22,6,10,6,3,0,0,757,181,18,65,144,49,1,60,0,0,0,0,0.45852046950435316,0.45852046950435316
penicti01w,9,0,SAC,WNBA,33,33,856,284,19,80,99,172,67,4,87,0,222,83,136,110,28,8,1,3,3,94,41,2,10,12,19,7,1,5,7,37,18,3,2,4,3,0,856,284,19,80,172,67,4,87,0,0,0,0,0.557593451429983,0.557593451429983
penicti01w,10,0,SAC,WNBA,30,28,724,148,12,69,81,155,30,4,64,0,139,45,70,57,9,1,0,0,0,0,0,0,0,0,0,0,0,0,0,0,0,0,0,0,0,0,724,148,12,69,155,30,4,64,0,0,0,0,0.41726518760683445,0.41726518760683445
pennjo01w,4,0,WAS,WNBA,30,0,288,86,19,33,52,16,15,1,20,0,78,31,33,22,13,2,0,0,0,0,0,0,0,0,0,0,0,0,0,0,0,0,0,0,0,0,288,86,19,33,16,15,1,20,0,0,0,0,0.42083331872106533,0.42083331872106533
pennjo01w,5,0,SAS,WNBA,1,0,3,4,0,1,1,0,0,0,0,0,2,2,0,0,0,0,0,0,0,0,0,0,0,0,0,0,0,0,0,0,0,0,0,0,0,0,3,4,0,1,0,0,0,0,0,0,0,0,1.4333285555714814,1.4333285555714814
perkiji01w,5,0,CHA,WNBA,4,0,17,3,1,2,3,1,3,0,1,0,5,0,4,3,0,0,0,0,0,0,0,0,0,0,0,0,0,0,0,0,0,0,0,0,0,0,17,3,1,2,1,3,0,1,0,0,0,0,0.4294115121108753,0.4294115121108753
perkiji01w,6,0,CHA,WNBA,30,11,464,150,24,20,44,32,29,9,32,0,151,64,30,19,9,3,0,0,0,0,0,0,0,0,0,0,0,0,0,0,0,0,0,0,0,0,464,150,24,20,32,29,9,32,0,0,0,0,0.45431033503641527,0.45431033503641527
perkiji01w,7,0,CHI,WNBA,30,27,841,282,33,74,107,97,43,13,56,0,299,105,67,54,65,18,0,0,0,0,0,0,0,0,0,0,0,0,0,0,0,0,0,0,0,0,841,282,33,74,97,43,13,56,0,0,0,0,0.5045184244409224,0.5045184244409224
perkiji01w,8,0,CHI,WNBA,33,5,762,386,30,80,110,75,50,7,51,0,330,153,53,41,90,39,1,0,0,0,0,0,0,0,0,0,0,0,0,0,0,0,0,0,0,0,762,386,30,80,75,50,7,51,0,0,0,0,0.6719160016808924,0.6719160016808924
perkiji01w,9,0,CHI,WNBA,34,34,1083,577,44,93,137,96,64,10,61,0,488,213,119,106,124,45,1,0,0,0,0,0,0,0,0,0,0,0,0,0,0,0,0,0,0,0,1083,577,44,93,96,64,10,61,0,0,0,0,0.6876269557929182,0.6876269557929182
perkiji01w,10,0,CHI,WNBA,34,34,931,450,28,88,116,100,73,6,55,0,379,158,123,104,78,30,0,0,0,0,0,0,0,0,0,0,0,0,0,0,0,0,0,0,0,0,931,450,28,88,100,73,6,55,0,0,0,0,0.6659505836095534,0.6659505836095534
pettibr01w,1,0,PHO,WNBA,32,6,583,189,19,41,60,46,31,4,39,0,168,60,61,49,75,20,1,2,0,41,21,1,4,5,6,1,0,3,7,18,7,2,2,11,5,0,583,189,19,41,46,31,4,39,0,0,0,0,0.44013721371977343,0.44013721371977343
pettibr01w,2,0,PHO,WNBA,32,1,497,172,30,30,60,50,28,4,38,0,159,53,56,46,63,20,1,0,0,0,0,0,0,0,0,0,0,0,0,0,0,0,0,0,0,0,497,172,30,30,50,28,4,38,0,0,0,0,0.49496980895432985,0.49496980895432985
pettibr01w,3,0,IND,WNBA,32,0,375,113,17,22,39,17,8,0,24,0,107,38,39,28,43,9,0,3,0,43,16,6,3,9,2,0,0,4,0,15,5,7,5,3,1,0,375,113,17,22,17,8,0,24,0,0,0,0,0.3533333239111114,0.3533333239111114
pettibr01w,4,0,IND,WNBA,31,0,148,49,5,14,19,8,4,1,8,0,52,15,17,13,27,6,0,0,0,0,0,0,0,0,0,0,0,0,0,0,0,0,0,0,0,0,148,49,5,14,8,4,1,8,0,0,0,0,0.4168918637235227,0.4168918637235227
pettibr01w,7,0,PHO,WNBA,11,0,67,14,5,4,9,10,3,0,2,0,19,5,6,3,8,1,0,0,0,0,0,0,0,0,0,0,0,0,0,0,0,0,0,0,0,0,67,14,5,4,10,3,0,2,0,0,0,0,0.44328351592783344,0.44328351592783344
philler01w,7,0,CON,WNBA,34,13,615,182,20,53,73,80,29,2,38,0,145,57,50,44,70,24,1,5,1,101,33,1,6,7,7,4,1,6,10,22,10,8,6,13,7,0,615,182,20,53,80,29,2,38,0,0,0,0,0.46325202498777196,0.46325202498777196
philler01w,9,0,CON,WNBA,8,0,86,41,9,8,17,3,4,1,6,0,28,13,11,9,12,6,0,3,0,36,9,0,2,2,5,0,1,1,0,11,3,0,0,6,3,0,86,41,9,8,3,4,1,6,0,0,0,0,0.6011627207950324,0.6011627207950324
philler01w,10,0,CON,WNBA,32,18,740,258,30,73,103,66,43,3,43,0,225,86,64,52,116,34,0,0,0,0,0,0,0,0,0,0,0,0,0,0,0,0,0,0,0,0,740,258,30,73,66,43,3,43,0,0,0,0,0.49986485810993436,0.49986485810993436
phillta01w,1,0,NYL,WNBA,31,30,978,427,86,161,247,28,59,21,85,0,364,170,130,85,8,2,5,7,7,222,114,16,37,53,8,12,6,16,26,95,48,23,18,1,0,1,978,427,86,161,28,59,21,85,0,0,0,0,0.5710633888439326,0.5710633888439326
phillta01w,2,0,NYL,WNBA,32,32,1049,489,89,168,257,34,48,17,84,0,410,208,125,73,4,0,0,6,6,202,68,15,34,49,10,9,6,17,17,62,26,34,16,1,0,1,1049,489,89,168,34,48,17,84,0,0,0,0,0.5878932260448692,0.5878932260448692
phillta01w,3,0,NYL,WNBA,32,31,1009,451,69,154,223,41,58,14,93,0,373,183,126,85,2,0,2,8,8,249,115,16,31,47,10,9,4,19,26,91,45,35,25,3,0,0,1009,451,69,154,41,58,14,93,0,0,0,0,0.5604558913730834,0.5604558913730834
phillta01w,4,0,NYL,WNBA,33,32,1033,372,99,181,280,56,56,28,92,0,358,142,134,87,5,1,3,0,0,0,0,0,0,0,0,0,0,0,0,0,0,0,0,0,0,0,1033,372,99,181,56,56,28,92,0,0,0,0,0.5262342640248378,0.5262342640248378
phillta01w,5,0,NYL,WNBA,13,13,311,87,28,42,70,16,14,10,33,0,95,33,46,21,0,0,1,0,0,0,0,0,0,0,0,0,0,0,0,0,0,0,0,0,0,0,311,87,28,42,16,14,10,33,0,0,0,0,0.4057877683026441,0.4057877683026441
phillta01w,6,0,HOU,WNBA,32,1,366,111,30,49,79,14,11,8,30,0,94,40,48,31,0,0,0,5,0,53,13,1,8,9,1,1,0,4,6,12,5,4,3,0,0,0,366,111,30,49,14,11,8,30,0,0,0,0,0.40901638226731196,0.40901638226731196
phillta01w,7,0,HOU,WNBA,21,2,222,59,12,35,47,4,9,5,23,0,52,20,29,19,0,0,1,0,0,0,0,0,0,0,0,0,0,0,0,0,0,0,0,0,0,0,222,59,12,35,4,9,5,23,0,0,0,0,0.3283783635865602,0.3283783635865602
phillta01w,8,0,HOU,WNBA,7,0,35,10,2,3,5,1,3,0,5,0,10,3,4,4,0,0,0,0,0,0,0,0,0,0,0,0,0,0,0,0,0,0,0,0,0,0,35,10,2,3,1,3,0,5,0,0,0,0,0.32285705061227127,0.32285705061227127
pierspl01w,4,0,PHO,WNBA,33,5,602,198,37,43,80,22,19,13,42,0,177,67,101,64,2,0,1,0,0,0,0,0,0,0,0,0,0,0,0,0,0,0,0,0,0,0,602,198,37,43,22,19,13,42,0,0,0,0,0.41328902967958425,0.41328902967958425
pierspl01w,5,0,PHO,WNBA,31,25,803,290,46,85,131,26,26,17,49,0,253,112,109,66,3,0,4,0,0,0,0,0,0,0,0,0,0,0,0,0,0,0,0,0,0,0,803,290,46,85,26,26,17,49,0,0,0,0,0.4579078398766147,0.4579078398766147
pierspl01w,6,2,DET,WNBA,23,0,444,178,27,35,62,21,14,6,42,0,126,55,96,67,1,1,0,2,0,20,4,3,3,6,0,1,0,0,5,5,2,2,0,0,0,0,444,178,27,35,21,14,6,42,0,0,0,0,0.46486485439493574,0.46486485439493574
pierspl01w,6,1,PHO,WNBA,12,11,318,92,19,40,59,13,10,13,32,0,105,36,29,20,1,0,2,0,0,0,0,0,0,0,0,0,0,0,0,0,0,0,0,0,0,0,318,92,19,40,13,10,13,32,0,0,0,0,0.3814465288853294,0.3814465288853294
pierspl01w,7,0,DET,WNBA,34,0,565,220,44,88,132,24,18,14,37,0,180,82,80,56,3,0,0,10,0,189,88,17,37,54,17,6,9,14,27,61,26,51,36,0,0,0,565,220,44,88,24,18,14,37,0,0,0,0,0.5242477783318977,0.5242477783318977
pierspl01w,8,0,DET,WNBA,34,0,858,396,70,127,197,59,26,29,79,0,312,149,130,98,5,0,5,11,1,281,123,32,47,79,18,7,12,28,43,109,46,41,30,2,1,2,858,396,70,127,59,26,29,79,0,0,0,0,0.60384614680832,0.60384614680832
pierspl01w,9,0,DET,WNBA,28,0,649,332,64,72,136,63,24,34,48,0,267,122,117,88,2,0,1,6,0,107,47,7,11,18,10,4,2,11,12,38,18,13,11,0,0,0,649,332,64,72,63,24,34,48,0,0,0,0,0.7263482168513373,0.7263482168513373
pierspl01w,10,0,DET,WNBA,1,0,5,0,0,0,0,0,1,1,0,0,2,0,0,0,0,0,0,0,0,0,0,0,0,0,0,0,0,0,0,0,0,0,0,0,0,0,5,0,0,0,0,1,1,0,0,0,0,0,0.39999920000160005,0.39999920000160005
pondeca01w,7,0,PHO,WNBA,32,32,1067,624,37,70,107,98,37,4,45,0,495,219,163,139,126,47,3,0,0,0,0,0,0,0,0,0,0,0,0,0,0,0,0,0,0,0,1067,624,37,70,98,37,4,45,0,0,0,0,0.7168697214913803,0.7168697214913803
pondeca01w,8,0,PHO,WNBA,31,31,966,532,15,97,112,123,29,8,69,0,448,193,135,110,108,36,0,9,9,300,215,11,32,43,52,11,1,17,14,160,74,63,55,38,12,0,966,532,15,97,123,29,8,69,0,0,0,0,0.6859213179511251,0.6859213179511251
pondeca01w,9,0,PHO,WNBA,32,32,1002,679,26,93,119,135,38,5,93,0,567,234,201,170,131,41,1,0,0,0,0,0,0,0,0,0,0,0,0,0,0,0,0,0,0,0,1002,679,26,93,135,38,5,93,0,0,0,0,0.8084830258634429,0.8084830258634429
pondeca01w,10,0,PHO,WNBA,34,34,1075,648,32,112,144,171,31,12,86,0,513,236,151,133,120,43,0,11,11,340,200,11,29,40,39,13,0,16,26,164,76,44,39,36,9,0,1075,648,32,112,171,31,12,86,0,0,0,0,0.7739534811725258,0.7739534811725258
potthan01w,1,0,MIN,WNBA,3,0,8,0,0,2,2,1,0,0,0,0,2,0,0,0,1,0,0,0,0,0,0,0,0,0,0,0,0,0,0,0,0,0,0,0,0,0,8,0,0,2,1,0,0,0,0,0,0,0,0.19999975000031253,0.19999975000031253
powelel01w,1,0,ORL,WNBA,20,1,347,72,17,33,50,42,12,1,30,0,66,26,22,17,9,3,0,0,0,0,0,0,0,0,0,0,0,0,0,0,0,0,0,0,0,0,347,72,17,33,42,12,1,30,0,0,0,0,0.34236310252555907,0.34236310252555907
powelel01w,2,0,ORL,WNBA,32,32,1055,357,32,66,98,98,49,7,79,0,296,119,106,80,102,39,0,0,0,0,0,0,0,0,0,0,0,0,0,0,0,0,0,0,0,0,1055,357,32,66,98,49,7,79,0,0,0,0,0.4494786687253207,0.4494786687253207
powelel01w,3,2,DET,WNBA,15,13,397,148,26,37,63,60,23,8,41,0,121,54,40,34,22,6,0,0,0,0,0,0,0,0,0,0,0,0,0,0,0,0,0,0,0,0,397,148,26,37,60,23,8,41,0,0,0,0,0.572544066182769,0.572544066182769
powelel01w,3,1,ORL,WNBA,15,1,308,88,7,25,32,30,20,4,30,0,99,35,26,16,11,2,0,0,0,0,0,0,0,0,0,0,0,0,0,0,0,0,0,0,0,0,308,88,7,25,30,20,4,30,0,0,0,0,0.40389609078259453,0.40389609078259453
powelel01w,4,0,DET,WNBA,33,33,938,296,43,63,106,129,45,9,79,0,233,105,106,79,20,7,0,8,8,219,41,6,24,30,38,7,4,13,17,46,16,11,7,10,2,0,938,296,43,63,129,45,9,79,0,0,0,0,0.4786780332763536,0.4786780332763536
powelel01w,5,0,DET,WNBA,30,26,760,133,31,53,84,134,36,8,61,0,138,52,50,29,0,0,0,3,3,97,23,4,2,6,21,10,0,8,7,14,7,17,9,0,0,0,760,133,31,53,134,36,8,61,0,0,0,0,0.3784210476523547,0.3784210476523547
powelel01w,6,0,DET,WNBA,29,21,671,163,25,55,80,77,29,4,51,0,142,62,65,39,2,0,0,2,0,32,0,2,5,7,5,3,0,2,5,0,0,0,0,0,0,0,671,163,25,55,77,29,4,51,0,0,0,0,0.3815201135391936,0.3815201135391936
powelel01w,7,1,CHI,WNBA,14,3,251,69,7,18,25,37,13,3,26,0,60,26,24,17,3,0,0,0,0,0,0,0,0,0,0,0,0,0,0,0,0,0,0,0,0,0,251,69,7,18,37,13,3,26,0,0,0,0,0.4235059592228702,0.4235059592228702
powelel01w,7,2,DET,WNBA,11,0,120,14,7,6,13,15,3,0,9,0,16,3,14,8,2,0,0,0,0,0,0,0,0,0,0,0,0,0,0,0,0,0,0,0,0,0,120,14,7,6,15,3,0,9,0,0,0,0,0.24749997937500173,0.24749997937500173
powelel01w,8,0,DET,WNBA,32,12,323,60,11,23,34,44,12,2,29,0,54,22,23,16,0,0,0,11,3,94,10,2,9,11,12,5,0,8,8,9,3,4,4,0,0,0,323,60,11,23,44,12,2,29,0,0,0,0,0.32074302412560307,0.32074302412560307
powelel01w,9,0,DET,WNBA,16,16,313,58,18,32,50,35,6,1,18,0,49,24,12,9,2,1,0,9,9,171,29,3,18,21,18,6,0,13,29,17,10,11,9,0,0,1,313,58,18,32,35,6,1,18,0,0,0,0,0.3329073376067943,0.3329073376067943
powelni01w,5,0,CHA,WNBA,31,0,384,132,10,61,71,16,15,4,22,0,121,50,10,8,58,24,0,0,0,0,0,0,0,0,0,0,0,0,0,0,0,0,0,0,0,0,384,132,10,61,16,15,4,22,0,0,0,0,0.4434895717841258,0.4434895717841258
powelni01w,6,0,SAC,WNBA,34,34,988,364,32,92,124,62,39,16,44,0,317,120,72,58,159,66,0,8,8,257,88,2,18,20,15,7,1,12,16,78,30,10,8,42,20,0,988,364,32,92,62,39,16,44,0,0,0,0,0.49291497476806706,0.49291497476806706
powelni01w,7,0,SAC,WNBA,34,34,886,327,25,106,131,61,42,15,47,0,309,116,49,40,156,55,0,9,9,254,106,8,33,41,14,14,1,13,26,74,39,13,11,34,17,0,886,327,25,106,61,42,15,47,0,0,0,0,0.5048532674395794,0.5048532674395794
powelni01w,8,0,SAC,WNBA,34,34,986,436,65,126,191,58,48,12,64,0,391,147,83,80,163,62,0,3,3,80,46,4,13,17,5,4,1,7,7,35,16,11,11,10,3,0,986,436,65,126,58,48,12,64,0,0,0,0,0.5814401563748463,0.5814401563748463
powelni01w,9,0,SAC,WNBA,34,33,944,463,41,109,150,46,40,6,62,0,437,161,75,63,190,78,2,3,3,90,54,5,13,18,8,3,1,7,11,39,20,10,10,16,4,0,944,463,41,109,46,40,6,62,0,0,0,0,0.5872881293719477,0.5872881293719477
powelni01w,10,0,SAC,WNBA,34,34,1035,567,51,149,200,77,49,8,84,0,476,198,96,94,212,77,0,0,0,0,0,0,0,0,0,0,0,0,0,0,0,0,0,0,0,0,1035,567,51,149,77,49,8,84,0,0,0,0,0.6738164186104695,0.6738164186104695
pricear01w,8,0,CHI,WNBA,34,34,893,269,83,121,204,99,40,7,59,0,232,95,151,78,3,1,0,0,0,0,0,0,0,0,0,0,0,0,0,0,0,0,0,0,0,0,893,269,83,121,99,40,7,59,0,0,0,0,0.5043672955837929,0.5043672955837929
pricear01w,9,0,CHI,WNBA,34,11,763,235,57,68,125,59,36,12,50,0,194,85,125,65,1,0,1,0,0,0,0,0,0,0,0,0,0,0,0,0,0,0,0,0,0,0,763,235,57,68,59,36,12,50,0,0,0,0,0.46173000705465256,0.46173000705465256
pricear01w,10,2,ATL,WNBA,11,0,98,16,7,9,16,4,3,2,9,0,14,5,10,6,0,0,0,2,0,31,10,3,3,6,4,4,0,2,2,9,3,7,4,0,0,0,98,16,7,9,4,3,2,9,0,0,0,0,0.24081630195752013,0.24081630195752013
pricear01w,10,1,CHI,WNBA,22,0,324,77,25,34,59,26,12,1,18,0,70,27,40,23,0,0,0,0,0,0,0,0,0,0,0,0,0,0,0,0,0,0,0,0,0,0,324,77,25,34,26,12,1,18,0,0,0,0,0.3879629509887978,0.3879629509887978
pridely01w,1,0,POR,WNBA,32,1,462,114,22,39,61,40,16,9,33,0,118,41,42,29,9,3,1,0,0,0,0,0,0,0,0,0,0,0,0,0,0,0,0,0,0,0,462,114,22,39,40,16,9,33,0,0,0,0,0.3746753165654694,0.3746753165654694
pridely01w,2,0,MIN,WNBA,32,14,713,170,47,99,146,28,28,20,46,0,174,68,55,33,4,1,2,0,0,0,0,0,0,0,0,0,0,0,0,0,0,0,0,0,0,0,713,170,47,99,28,28,20,46,0,0,0,0,0.3683029401360037,0.3683029401360037
pridely01w,3,0,MIN,WNBA,31,15,589,123,25,78,103,43,25,25,47,0,148,57,17,8,10,1,1,0,0,0,0,0,0,0,0,0,0,0,0,0,0,0,0,0,0,0,589,123,25,78,43,25,25,47,0,0,0,0,0.35636671720939356,0.35636671720939356
pridely01w,4,2,LAS,WNBA,4,0,28,1,3,3,6,0,0,0,3,0,5,0,4,1,0,0,1,6,0,36,5,6,3,9,1,2,1,3,10,6,2,1,1,0,0,0,28,1,3,3,0,0,0,3,0,0,0,0,0.03571427295918821,0.03571427295918821
pridely01w,4,1,MIN,WNBA,13,0,66,17,8,9,17,1,3,1,8,0,14,7,4,3,0,0,0,0,0,0,0,0,0,0,0,0,0,0,0,0,0,0,0,0,0,0,66,17,8,9,1,3,1,8,0,0,0,0,0.33787873668503987,0.33787873668503987
pringla01w,9,0,PHO,WNBA,29,7,377,128,52,50,102,9,10,44,27,0,96,43,51,42,0,0,0,0,0,0,0,0,0,0,0,0,0,0,0,0,0,0,0,0,0,0,377,128,52,50,9,10,44,27,0,0,0,0,0.5713527699906428,0.5713527699906428
pringla01w,10,0,MIN,WNBA,17,0,159,37,14,23,37,8,3,14,14,0,30,13,15,11,0,0,0,0,0,0,0,0,0,0,0,0,0,0,0,0,0,0,0,0,0,0,159,37,14,23,8,3,14,14,0,0,0,0,0.40691821340137013,0.40691821340137013
queenbr01w,7,0,CON,WNBA,4,0,10,2,0,0,0,0,0,0,1,0,1,0,2,2,0,0,0,0,0,0,0,0,0,0,0,0,0,0,0,0,0,0,0,0,0,0,10,2,0,0,0,0,0,1,0,0,0,0,0.0999999000001,0.0999999000001
queenbr01w,9,0,CHI,WNBA,8,0,36,2,1,3,4,2,0,0,5,0,8,1,0,0,2,0,0,0,0,0,0,0,0,0,0,0,0,0,0,0,0,0,0,0,0,0,36,2,1,3,2,0,0,5,0,0,0,0,0.016666662037038312,0.016666662037038312
quiglal01w,9,0,PHO,WNBA,14,0,100,29,6,5,11,4,6,1,6,0,39,13,2,1,11,2,0,0,0,0,0,0,0,0,0,0,0,0,0,0,0,0,0,0,0,0,100,29,6,5,4,6,1,6,0,0,0,0,0.396999960300004,0.396999960300004
quiglal01w,10,0,PHO,WNBA,6,0,32,10,1,4,5,1,0,0,5,0,8,3,2,2,4,2,0,0,0,0,0,0,0,0,0,0,0,0,0,0,0,0,0,0,0,0,32,10,1,4,1,0,0,5,0,0,0,0,0.24687492285158655,0.24687492285158655
quinnno01w,8,0,MIN,WNBA,34,19,670,96,18,71,89,148,29,13,67,0,124,37,24,15,38,7,0,0,0,0,0,0,0,0,0,0,0,0,0,0,0,0,0,0,0,0,670,96,18,71,148,29,13,67,0,0,0,0,0.3774626809333928,0.3774626809333928
quinnno01w,9,0,MIN,WNBA,32,25,533,116,12,57,69,81,21,2,46,0,118,47,18,12,32,10,0,0,0,0,0,0,0,0,0,0,0,0,0,0,0,0,0,0,0,0,533,116,12,57,81,21,2,46,0,0,0,0,0.37429642824959797,0.37429642824959797
quinnno01w,10,0,LAS,WNBA,34,9,929,284,33,89,122,118,40,11,51,0,244,115,37,30,77,24,0,6,4,158,29,5,14,19,23,7,3,19,10,38,10,8,8,10,1,0,929,284,33,89,118,40,11,51,0,0,0,0,0.4863293812020519,0.4863293812020519
quinnte01w,1,0,IND,WNBA,17,0,118,15,11,5,16,15,4,0,10,0,14,6,5,3,0,0,0,0,0,0,0,0,0,0,0,0,0,0,0,0,0,0,0,0,0,0,118,15,11,5,15,4,0,10,0,0,0,0,0.2813559083596688,0.2813559083596688
radunha01w,2,0,NYL,WNBA,4,0,9,4,1,3,4,0,0,1,2,0,2,1,2,2,0,0,0,0,0,0,0,0,0,0,0,0,0,0,0,0,0,0,0,0,0,0,9,4,1,3,0,0,1,2,0,0,0,0,0.5111105432105075,0.5111105432105075
raglafe01w,3,0,SEA,WNBA,31,3,432,141,27,21,48,23,27,1,29,0,125,48,28,23,55,22,0,2,0,19,7,2,4,6,1,0,0,2,0,9,3,0,0,3,1,0,432,141,27,21,23,27,1,29,0,0,0,0,0.43564813806370056,0.43564813806370056
raglafe01w,4,0,PHO,WNBA,3,0,39,5,0,2,2,2,2,0,3,0,12,1,2,2,5,1,0,0,0,0,0,0,0,0,0,0,0,0,0,0,0,0,0,0,0,0,39,5,0,2,2,2,0,3,0,0,0,0,0.1692307258382754,0.1692307258382754
raglafe01w,5,0,HOU,WNBA,34,10,517,118,19,48,67,38,25,3,32,0,120,44,13,11,49,19,0,0,0,0,0,0,0,0,0,0,0,0,0,0,0,0,0,0,0,0,517,118,19,48,38,25,3,32,0,0,0,0,0.34758219830595366,0.34758219830595366
raglafe01w,6,0,HOU,WNBA,4,0,9,0,0,0,0,1,0,0,0,0,1,0,0,0,0,0,0,0,0,0,0,0,0,0,0,0,0,0,0,0,0,0,0,0,0,0,9,0,0,0,1,0,0,0,0,0,0,0,0.11111098765445816,0.11111098765445816
randase01w,2,0,SEA,WNBA,32,30,884,300,32,73,105,44,29,4,73,0,315,117,100,66,4,0,0,0,0,0,0,0,0,0,0,0,0,0,0,0,0,0,0,0,0,0,884,300,32,73,44,29,4,73,0,0,0,0,0.3940045204298131,0.3940045204298131
randase01w,3,1,SEA,WNBA,21,16,458,134,38,30,68,29,20,1,36,0,133,47,51,36,19,4,0,0,0,0,0,0,0,0,0,0,0,0,0,0,0,0,0,0,0,0,458,134,38,30,29,20,1,36,0,0,0,0,0.40087335369272153,0.40087335369272153
randase01w,3,2,UTA,WNBA,8,0,135,58,4,17,21,8,4,1,10,0,40,18,29,22,2,0,0,5,0,62,20,3,9,12,5,1,0,3,9,22,8,5,4,0,0,0,135,58,4,17,8,4,1,10,0,0,0,0,0.5103703325651605,0.5103703325651605
randase01w,4,0,SAS,WNBA,33,1,339,88,25,28,53,23,11,0,44,0,90,32,45,24,1,0,0,0,0,0,0,0,0,0,0,0,0,0,0,0,0,0,0,0,0,0,339,88,25,28,23,11,0,44,0,0,0,0,0.3064896664752311,0.3064896664752311
randase01w,5,0,SAS,WNBA,29,8,462,136,26,34,60,20,22,4,28,0,143,53,48,30,5,0,0,0,0,0,0,0,0,0,0,0,0,0,0,0,0,0,0,0,0,0,462,136,26,34,20,22,4,28,0,0,0,0,0.39480518625962796,0.39480518625962796
rasmukr01w,1,2,MIA,WNBA,25,7,454,126,44,52,96,27,24,14,29,0,100,35,64,54,7,2,0,0,0,0,0,0,0,0,0,0,0,0,0,0,0,0,0,0,0,0,454,126,44,52,27,24,14,29,0,0,0,0,0.45903082689359415,0.45903082689359415
rasmukr01w,1,1,UTA,WNBA,1,0,9,0,1,1,2,1,1,0,1,0,0,0,0,0,0,0,0,0,0,0,0,0,0,0,0,0,0,0,0,0,0,0,0,0,0,0,9,0,1,1,1,1,0,1,0,0,0,0,0.22222197530891633,0.22222197530891633
rasmukr01w,2,0,MIA,WNBA,28,3,416,75,33,55,88,16,11,14,31,0,86,31,16,12,4,1,0,3,0,23,1,3,3,6,0,1,0,6,1,5,0,2,1,0,0,0,416,75,33,55,16,11,14,31,0,0,0,0,0.2995192235692494,0.2995192235692494
rasmukr01w,3,0,MIA,WNBA,31,5,674,170,41,76,117,41,18,16,37,0,116,64,46,39,7,3,0,0,0,0,0,0,0,0,0,0,0,0,0,0,0,0,0,0,0,0,674,170,41,76,41,18,16,37,0,0,0,0,0.38501483108286605,0.38501483108286605
rasmukr01w,4,0,IND,WNBA,33,25,814,226,44,71,115,64,24,15,48,0,200,94,39,31,15,7,0,0,0,0,0,0,0,0,0,0,0,0,0,0,0,0,0,0,0,0,814,226,44,71,64,24,15,48,0,0,0,0,0.40921375418656325,0.40921375418656325
rasmukr01w,5,0,IND,WNBA,33,4,692,152,41,72,113,47,21,14,35,0,135,56,38,30,27,10,0,0,0,0,0,0,0,0,0,0,0,0,0,0,0,0,0,0,0,0,692,152,41,72,47,21,14,35,0,0,0,0,0.3602601104008654,0.3602601104008654
rasmukr01w,6,2,CHA,WNBA,3,0,29,6,2,3,5,2,1,0,1,0,4,2,0,0,3,2,0,0,0,0,0,0,0,0,0,0,0,0,0,0,0,0,0,0,0,0,29,6,2,3,2,1,0,1,0,0,0,0,0.3551722913198996,0.3551722913198996
rasmukr01w,6,1,HOU,WNBA,24,19,522,121,26,50,76,22,13,16,19,0,98,47,30,22,15,5,0,0,0,0,0,0,0,0,0,0,0,0,0,0,0,0,0,0,0,0,522,121,26,50,22,13,16,19,0,0,0,0,0.35670497400948326,0.35670497400948326
rasmukr01w,7,0,PHO,WNBA,34,32,908,146,72,136,208,72,28,27,33,0,125,64,20,12,14,6,0,0,0,0,0,0,0,0,0,0,0,0,0,0,0,0,0,0,0,0,908,146,72,136,72,28,27,33,0,0,0,0,0.36475770523394596,0.36475770523394596
rasmukr01w,8,0,CON,WNBA,33,3,522,114,35,56,91,29,11,5,35,0,99,41,21,17,27,15,1,2,0,38,12,0,4,4,2,1,1,0,5,10,6,0,0,2,0,0,522,114,35,56,29,11,5,35,0,0,0,0,0.31666666060025556,0.31666666060025556
rasmukr01w,9,0,MIN,WNBA,31,0,393,79,32,53,85,27,12,6,19,0,72,27,23,17,23,8,0,0,0,0,0,0,0,0,0,0,0,0,0,0,0,0,0,0,0,0,393,79,32,53,27,12,6,19,0,0,0,0,0.36463103397885416,0.36463103397885416
raymost01w,8,0,CHI,WNBA,20,0,180,61,2,12,14,27,4,0,18,0,61,20,13,7,44,14,0,0,0,0,0,0,0,0,0,0,0,0,0,0,0,0,0,0,0,0,180,61,2,12,27,4,0,18,0,0,0,0,0.4388888645061742,0.4388888645061742
reddja01w,1,0,SEA,WNBA,26,8,387,140,18,27,45,16,19,1,35,0,125,49,34,24,52,18,0,0,0,0,0,0,0,0,0,0,0,0,0,0,0,0,0,0,0,0,387,140,18,27,16,19,1,35,0,0,0,0,0.41782944656771454,0.41782944656771454
reddja01w,2,0,SEA,WNBA,32,6,659,231,29,53,82,48,17,3,48,0,216,82,66,45,77,22,0,0,0,0,0,0,0,0,0,0,0,0,0,0,0,0,0,0,0,0,659,231,29,53,48,17,3,48,0,0,0,0,0.4358118295020967,0.4358118295020967
reddja01w,3,0,SEA,WNBA,10,0,112,52,8,5,13,7,2,0,7,0,34,17,12,9,18,9,0,0,0,0,0,0,0,0,0,0,0,0,0,0,0,0,0,0,0,0,112,52,8,5,7,2,0,7,0,0,0,0,0.5455356655771727,0.5455356655771727
reedbr01w,1,0,PHO,WNBA,32,30,1090,608,59,128,187,86,66,21,90,0,456,231,142,128,43,18,0,2,2,73,28,2,5,7,8,0,1,5,5,22,12,4,3,4,1,0,1090,608,59,128,86,66,21,90,0,0,0,0,0.7070642136966585,0.7070642136966585
reedbr01w,2,0,PHO,WNBA,1,0,13,3,0,3,3,0,0,0,0,0,8,1,1,1,0,0,0,0,0,0,0,0,0,0,0,0,0,0,0,0,0,0,0,0,0,0,13,3,0,3,0,0,0,0,0,0,0,0,0.29999976923094673,0.29999976923094673
reedbr01w,3,0,PHO,WNBA,5,4,85,38,1,3,4,4,2,3,8,0,41,15,11,8,5,0,0,0,0,0,0,0,0,0,0,0,0,0,0,0,0,0,0,0,0,0,85,38,1,3,4,2,3,8,0,0,0,0,0.4776470026297644,0.4776470026297644
reidtr01w,1,0,CHA,WNBA,29,17,620,211,45,55,100,29,14,9,51,0,180,86,72,39,2,0,1,0,0,0,0,0,0,0,0,0,0,0,0,0,0,0,0,0,0,0,620,211,45,55,29,14,9,51,0,0,0,0,0.41935483194588985,0.41935483194588985
reidtr01w,2,0,MIA,WNBA,21,2,278,80,10,27,37,13,15,5,25,0,63,32,26,16,0,0,0,3,0,21,4,1,4,5,1,1,0,2,1,5,2,4,0,0,0,0,278,80,10,27,13,15,5,25,0,0,0,0,0.37086329601211165,0.37086329601211165
reidtr01w,3,0,PHO,WNBA,24,12,421,113,33,44,77,14,22,2,36,0,117,48,28,17,1,0,0,0,0,0,0,0,0,0,0,0,0,0,0,0,0,0,0,0,0,0,421,113,33,44,14,22,2,36,0,0,0,0,0.35938241426645096,0.35938241426645096
reidtr01w,4,0,PHO,WNBA,2,0,12,2,1,0,1,1,2,0,1,0,3,1,0,0,0,0,0,0,0,0,0,0,0,0,0,0,0,0,0,0,0,0,0,0,0,0,12,2,1,0,1,2,0,1,0,0,0,0,0.3916663402780498,0.3916663402780498
rileyru01w,2,0,MIA,WNBA,32,20,799,218,51,79,130,26,25,46,63,0,162,77,83,64,0,0,3,3,3,110,24,5,11,16,3,1,4,3,12,19,8,19,8,0,0,0,799,218,51,79,26,25,46,63,0,0,0,0,0.3897371665865185,0.3897371665865185
rileyru01w,3,0,MIA,WNBA,26,8,519,148,24,66,90,25,11,41,49,0,129,60,46,28,0,0,1,0,0,0,0,0,0,0,0,0,0,0,0,0,0,0,0,0,0,0,519,148,24,66,25,11,41,49,0,0,0,0,0.409633903475262,0.409633903475262
rileyru01w,4,0,DET,WNBA,34,34,995,327,59,142,201,64,25,58,82,0,231,115,127,97,0,0,2,8,8,258,103,15,34,49,20,5,20,13,26,106,41,26,21,0,0,0,995,327,59,142,64,25,58,82,0,0,0,0,0.478291452479483,0.478291452479483
rileyru01w,5,0,DET,WNBA,34,34,1037,378,68,131,199,50,31,53,82,0,343,153,87,71,2,1,2,3,3,95,29,7,8,15,9,2,6,2,9,21,9,15,11,0,0,0,1037,378,68,131,50,31,53,82,0,0,0,0,0.49845708294641206,0.49845708294641206
rileyru01w,6,0,DET,WNBA,33,33,855,251,43,113,156,39,23,46,68,0,267,100,60,48,12,3,4,2,2,54,17,3,8,11,0,1,2,5,10,17,7,0,0,3,3,1,855,251,43,113,39,23,46,68,0,0,0,0,0.4152046735063781,0.4152046735063781
rileyru01w,7,0,DET,WNBA,34,34,875,249,36,129,165,52,18,49,54,0,252,115,18,16,9,3,2,10,10,225,44,12,20,32,5,5,13,15,27,52,20,4,4,0,0,0,875,249,36,129,52,18,49,54,0,0,0,0,0.4318857093498776,0.4318857093498776
rileyru01w,8,0,SAS,WNBA,30,29,773,176,32,116,148,37,27,59,69,0,194,72,29,27,27,5,1,5,5,132,30,6,19,25,11,3,13,8,19,31,14,0,0,4,2,0,773,176,32,116,37,27,59,69,0,0,0,0,0.37153945185589327,0.37153945185589327
rileyru01w,9,0,SAS,WNBA,30,3,580,153,14,94,108,31,14,41,52,0,145,63,21,18,28,9,2,9,1,154,18,5,14,19,10,4,8,13,26,33,7,4,3,9,1,0,580,153,14,94,31,14,41,52,0,0,0,0,0.3879310277942926,0.3879310277942926
rileyru01w,10,0,SAS,WNBA,31,17,650,163,35,105,140,28,14,45,35,0,147,68,26,23,18,4,4,3,0,44,12,4,3,7,1,1,4,1,7,8,4,6,4,0,0,0,650,163,35,105,28,14,45,35,0,0,0,0,0.41692307050887584,0.41692307050887584
rizzoje01w,1,0,HOU,WNBA,32,2,437,60,6,30,36,44,15,2,26,0,55,21,9,6,39,12,0,1,0,3,0,0,0,0,0,0,0,0,0,1,0,0,0,1,0,0,437,60,6,30,44,15,2,26,0,0,0,0,0.24759724833873573,0.24759724833873573
rizzoje01w,2,0,CLE,WNBA,32,0,476,119,2,28,30,51,25,2,41,0,110,42,11,7,73,28,0,3,0,45,6,0,3,3,7,0,0,0,2,6,2,0,0,6,2,0,476,119,2,28,51,25,2,41,0,0,0,0,0.3483193204134597,0.3483193204134597
rizzoje01w,3,0,CLE,WNBA,26,25,695,178,5,65,70,85,23,3,45,0,135,54,40,32,99,38,3,0,0,0,0,0,0,0,0,0,0,0,0,0,0,0,0,0,0,0,695,178,5,65,85,23,3,45,0,0,0,0,0.3841726563428395,0.3841726563428395
rizzoje01w,4,0,CLE,WNBA,33,0,525,59,4,38,42,65,14,0,35,0,72,20,16,9,51,10,0,3,0,36,12,0,2,2,8,0,0,1,2,6,4,0,0,6,4,0,525,59,4,38,65,14,0,35,0,0,0,0,0.2232380909859411,0.2232380909859411
robinas01w,5,0,PHO,WNBA,19,0,130,17,4,9,13,2,8,10,4,0,14,7,7,3,1,0,0,0,0,0,0,0,0,0,0,0,0,0,0,0,0,0,0,0,0,0,130,17,4,9,2,8,10,4,0,0,0,0,0.2961538233727828,0.2961538233727828
robinas01w,6,0,PHO,WNBA,34,15,659,103,48,70,118,31,20,34,38,0,129,42,38,19,1,0,3,0,0,0,0,0,0,0,0,0,0,0,0,0,0,0,0,0,0,0,659,103,48,70,31,20,34,38,0,0,0,0,0.3104704050004491,0.3104704050004491
robinas01w,7,1,CHI,WNBA,12,5,124,21,16,18,34,6,2,8,10,0,29,9,6,2,1,1,0,0,0,0,0,0,0,0,0,0,0,0,0,0,0,0,0,0,0,0,124,21,16,18,6,2,8,10,0,0,0,0,0.3516128748699294,0.3516128748699294
robinas01w,7,2,SEA,WNBA,17,0,197,21,18,26,44,7,6,8,12,0,25,9,10,3,1,0,0,2,0,5,0,0,0,0,0,0,0,0,3,0,0,2,0,0,0,0,197,21,18,26,7,6,8,12,0,0,0,0,0.25583755046509893,0.25583755046509893
robinas01w,8,0,SEA,WNBA,33,5,409,48,30,70,100,14,16,25,26,0,63,22,15,4,1,0,0,2,2,52,8,4,12,16,6,2,5,3,4,11,4,0,0,0,0,0,409,48,30,70,14,16,25,26,0,0,0,0,0.2909535381184954,0.2909535381184954
robinas01w,9,0,SEA,WNBA,33,1,329,29,29,43,72,12,12,20,28,0,43,13,10,3,0,0,0,3,1,46,7,5,7,12,2,1,2,2,9,6,3,2,1,0,0,0,329,29,29,43,12,12,20,28,0,0,0,0,0.23768996238024429,0.23768996238024429
robinas01w,10,0,SEA,WNBA,26,2,167,12,5,19,24,2,2,13,10,0,25,5,4,2,1,0,0,3,0,18,0,1,0,1,0,0,1,1,2,2,0,0,0,0,0,0,167,12,5,19,2,2,13,10,0,0,0,0,0.1688622653375889,0.1688622653375889
robincr01w,1,0,NYL,WNBA,27,14,722,238,26,42,68,48,23,10,33,0,201,86,33,30,102,36,0,7,0,150,46,7,13,20,5,9,1,10,12,39,16,5,5,19,9,0,722,238,26,42,48,23,10,33,0,0,0,0,0.4387811573576017,0.4387811573576017
robincr01w,2,0,NYL,WNBA,32,32,980,342,23,69,92,83,32,8,28,0,267,123,29,26,168,70,1,6,6,223,69,7,16,23,8,8,2,14,15,54,27,4,3,29,12,0,980,342,23,69,83,32,8,28,0,0,0,0,0.483469382821741,0.483469382821741
robincr01w,3,0,NYL,WNBA,32,32,1068,378,22,70,92,81,48,12,52,0,302,126,72,59,181,67,0,8,8,259,67,8,16,24,14,8,2,5,17,65,23,9,9,39,12,0,1068,378,22,70,81,48,12,52,0,0,0,0,0.47134831019336787,0.47134831019336787
robincr01w,4,0,NYL,WNBA,33,33,1078,395,13,57,70,63,40,13,43,0,326,143,56,47,168,62,0,0,0,0,0,0,0,0,0,0,0,0,0,0,0,0,0,0,0,0,1078,395,13,57,63,40,13,43,0,0,0,0,0.4584415541888539,0.4584415541888539
robincr01w,5,0,NYL,WNBA,28,27,890,339,19,64,83,58,24,8,33,0,279,122,43,40,144,55,2,5,5,175,75,4,12,16,13,9,2,8,16,58,29,5,4,33,13,1,890,339,19,64,58,24,8,33,0,0,0,0,0.48146066874763294,0.48146066874763294
robincr01w,6,0,NYL,WNBA,32,31,969,234,29,71,100,58,21,5,38,0,224,85,38,30,107,34,1,2,2,50,7,1,7,8,4,1,1,1,5,13,2,2,2,7,1,0,969,234,29,71,58,21,5,38,0,0,0,0,0.33188854146657853,0.33188854146657853
robincr01w,7,0,WAS,WNBA,27,27,727,199,18,52,70,49,33,0,27,0,184,74,31,25,92,26,2,2,0,37,8,1,3,4,9,0,0,1,8,8,3,0,0,5,2,0,727,199,18,52,49,33,0,27,0,0,0,0,0.3881705586221381,0.3881705586221381
robincr01w,8,0,WAS,WNBA,2,1,34,2,0,2,2,2,2,1,1,0,6,1,0,0,2,0,0,0,0,0,0,0,0,0,0,0,0,0,0,0,0,0,0,0,0,0,34,2,0,2,2,2,1,1,0,0,0,0,0.1941175899654147,0.1941175899654147
robinre01w,1,0,WAS,WNBA,2,0,5,4,0,0,0,0,1,0,1,0,1,0,4,4,1,0,0,0,0,0,0,0,0,0,0,0,0,0,0,0,0,0,0,0,0,0,5,4,0,0,0,1,0,1,0,0,0,0,0.7999984000032001,0.7999984000032001
rolanja01w,1,0,ORL,WNBA,21,0,173,33,7,10,17,8,6,0,19,0,37,13,8,4,10,3,0,3,0,26,2,1,3,4,1,1,1,0,0,5,0,2,2,1,0,0,173,33,7,10,8,6,0,19,0,0,0,0,0.20751443887199775,0.20751443887199775
rossad01w,9,0,SAS,WNBA,4,0,7,2,0,1,1,0,0,0,0,0,2,0,2,2,0,0,0,2,0,3,0,0,0,0,1,0,0,0,1,0,0,0,0,0,0,0,7,2,0,1,0,0,0,0,0,0,0,0,0.32857095918434404,0.32857095918434404
rushle01w,9,0,CHI,WNBA,2,0,12,3,0,0,0,0,0,0,2,0,2,0,4,3,1,0,0,0,0,0,0,0,0,0,0,0,0,0,0,0,0,0,0,0,0,0,12,3,0,0,0,0,0,2,0,0,0,0,0.08333326388894677,0.08333326388894677
salesny01w,1,0,ORL,WNBA,32,32,995,430,43,96,139,69,47,12,67,0,383,170,62,43,119,47,2,3,3,106,33,1,8,9,4,3,0,9,9,31,15,2,0,10,3,0,995,430,43,96,69,47,12,67,0,0,0,0,0.5526633110285095,0.5526633110285095
salesny01w,2,0,ORL,WNBA,32,31,1039,433,57,115,172,58,70,6,72,0,379,166,74,58,137,43,0,0,0,0,0,0,0,0,0,0,0,0,0,0,0,0,0,0,0,0,1039,433,57,115,58,70,6,72,0,0,0,0,0.5480269437148514,0.5480269437148514
salesny01w,3,0,ORL,WNBA,32,32,1042,431,36,84,120,60,60,7,71,0,376,155,106,84,115,37,0,0,0,0,0,0,0,0,0,0,0,0,0,0,0,0,0,0,0,0,1042,431,36,84,60,60,7,71,0,0,0,0,0.5157389585821597,0.5157389585821597
salesny01w,4,0,CON,WNBA,34,34,1106,548,27,118,145,92,46,13,73,0,468,194,144,116,114,44,3,4,4,131,47,1,12,13,9,5,3,7,12,40,17,18,13,6,0,0,1106,548,27,118,92,46,13,73,0,0,0,0,0.6150994519430429,0.6150994519430429
salesny01w,5,0,CON,WNBA,34,34,1096,517,33,102,135,97,75,8,76,0,486,210,77,56,129,41,0,8,8,260,118,12,31,43,11,25,6,20,22,102,44,22,15,29,15,0,1096,517,33,102,97,75,8,76,0,0,0,0,0.6156021841642138,0.6156021841642138
salesny01w,6,0,CON,WNBA,34,34,1074,532,36,88,124,74,61,10,64,0,482,201,108,81,116,49,0,8,8,270,115,10,22,32,19,16,8,16,20,101,37,31,25,38,16,0,1074,532,36,88,74,61,10,64,0,0,0,0,0.6188081879068139,0.6188081879068139
salesny01w,7,0,CON,WNBA,22,20,609,286,21,61,82,60,26,6,29,0,254,109,50,36,80,32,0,5,5,151,25,10,20,30,17,7,3,5,9,38,6,14,11,15,2,0,609,286,21,61,60,26,6,29,0,0,0,0,0.6272577893717933,0.6272577893717933
salesny01w,8,0,CON,WNBA,26,25,762,341,33,72,105,82,36,11,57,0,314,123,82,72,71,23,1,3,3,104,37,1,14,15,6,1,0,7,10,31,13,10,7,9,4,0,762,341,33,72,82,36,11,57,0,0,0,0,0.6006561600963759,0.6006561600963759
sampsch01w,1,0,SEA,WNBA,21,6,280,76,13,27,40,11,18,6,14,0,46,21,28,25,23,9,0,0,0,0,0,0,0,0,0,0,0,0,0,0,0,0,0,0,0,0,280,76,13,27,11,18,6,14,0,0,0,0,0.40785712829081683,0.40785712829081683
samsh01w,1,0,MIA,WNBA,31,27,904,396,38,94,132,66,35,5,74,0,380,147,100,67,120,35,0,0,0,0,0,0,0,0,0,0,0,0,0,0,0,0,0,0,0,0,904,396,38,94,66,35,5,74,0,0,0,0,0.5340707905523142,0.5340707905523142
samsh01w,2,0,MIA,WNBA,32,32,1100,444,41,96,137,88,55,8,87,0,417,180,76,57,98,27,0,3,3,109,31,4,6,10,4,5,0,8,11,31,10,11,9,9,2,1,1100,444,41,96,88,55,8,87,0,0,0,0,0.5140909044173554,0.5140909044173554
samsh01w,3,0,MIA,WNBA,32,32,1073,463,58,97,155,83,69,6,71,0,440,191,89,55,76,26,0,0,0,0,0,0,0,0,0,0,0,0,0,0,0,0,0,0,0,0,1073,463,58,97,83,69,6,71,0,0,0,0,0.577539603191616,0.577539603191616
samsh01w,4,0,MIN,WNBA,34,28,953,374,46,96,142,88,38,6,48,0,360,138,105,74,73,24,0,3,0,74,26,5,11,16,8,6,0,8,6,28,10,8,6,4,0,0,953,374,46,96,88,38,6,48,0,0,0,0,0.5445960068772717,0.5445960068772717
samsh01w,5,0,SEA,WNBA,34,32,1018,310,42,97,139,82,53,6,63,0,284,117,76,65,42,11,1,8,8,248,59,13,31,44,28,10,0,25,21,76,25,9,6,12,3,0,1018,310,42,97,82,53,6,63,0,0,0,0,0.43860510374651174,0.43860510374651174
samsh01w,6,0,CHA,WNBA,34,33,1075,387,53,92,145,91,44,2,100,0,377,146,108,77,56,18,1,0,0,0,0,0,0,0,0,0,0,0,0,0,0,0,0,0,0,0,1075,387,53,92,91,44,2,100,0,0,0,0,0.45460464693391034,0.45460464693391034
samsh01w,7,0,CHA,WNBA,34,34,990,359,53,119,172,90,55,3,73,0,343,137,102,64,78,21,0,0,0,0,0,0,0,0,0,0,0,0,0,0,0,0,0,0,0,0,990,359,53,119,90,55,3,73,0,0,0,0,0.511919186748291,0.511919186748291
samsh01w,8,0,IND,WNBA,33,4,591,164,35,62,97,42,29,6,39,0,186,63,42,29,33,9,0,6,5,185,48,15,17,32,13,6,1,5,19,51,19,12,6,8,4,0,591,164,35,62,42,29,6,39,0,0,0,0,0.41472080516546866,0.41472080516546866
samsh01w,9,0,DET,WNBA,32,15,478,92,29,62,91,38,19,3,31,0,110,34,26,18,21,6,0,6,0,30,6,1,2,3,0,1,0,0,2,7,2,2,2,0,0,0,478,92,29,62,38,19,3,31,0,0,0,0,0.3345188214535812,0.3345188214535812
sanchis01w,5,0,DET,WNBA,10,0,62,22,3,2,5,3,2,0,11,0,14,6,11,8,5,2,0,0,0,0,0,0,0,0,0,0,0,0,0,0,0,0,0,0,0,0,62,22,3,2,3,2,0,11,0,0,0,0,0.3016128545785719,0.3016128545785719
sandeam01w,8,0,DET,WNBA,6,0,9,2,0,2,2,0,0,0,2,0,2,0,4,2,0,0,0,0,0,0,0,0,0,0,0,0,0,0,0,0,0,0,0,0,0,0,9,2,0,2,0,0,0,2,0,0,0,0,0.0666665925926749,0.0666665925926749
sanfona01w,4,0,WAS,WNBA,17,0,134,49,10,16,26,1,3,2,14,0,40,20,20,9,0,0,0,0,0,0,0,0,0,0,0,0,0,0,0,0,0,0,0,0,0,0,134,49,10,16,1,3,2,14,0,0,0,0,0.3940298213410581,0.3940298213410581
sanfona01w,5,0,WAS,WNBA,31,29,653,169,53,101,154,18,18,16,37,0,126,63,75,43,0,0,0,3,3,62,13,8,11,19,0,2,1,7,12,12,4,6,5,0,0,0,653,169,53,101,18,18,16,37,0,0,0,0,0.38499233713641134,0.38499233713641134
sanfona01w,6,0,WAS,WNBA,27,0,293,88,15,30,45,6,10,11,17,0,60,29,62,30,0,0,0,0,0,0,0,0,0,0,0,0,0,0,0,0,0,0,0,0,0,0,293,88,15,30,6,10,11,17,0,0,0,0,0.40102387709816123,0.40102387709816123
sanfona01w,7,0,WAS,WNBA,34,19,885,301,69,134,203,36,28,21,72,0,216,112,125,77,0,0,2,2,2,60,13,7,9,16,1,3,0,2,5,15,5,11,3,1,0,0,885,301,69,134,36,28,21,72,0,0,0,0,0.4548022547479971,0.4548022547479971
sanfona01w,8,0,WAS,WNBA,34,31,994,375,100,142,242,23,27,28,88,0,232,123,194,129,0,0,5,0,0,0,0,0,0,0,0,0,0,0,0,0,0,0,0,0,0,0,994,375,100,142,23,27,28,88,0,0,0,0,0.48048289255047394,0.48048289255047394
sanfona01w,9,0,WAS,WNBA,34,28,795,229,77,116,193,40,21,11,83,0,199,90,123,49,0,0,3,0,0,0,0,0,0,0,0,0,0,0,0,0,0,0,0,0,0,0,795,229,77,116,40,21,11,83,0,0,0,0,0.3857861586693565,0.3857861586693565
sanfona01w,10,0,WAS,WNBA,34,13,663,213,55,92,147,22,26,14,73,0,164,77,102,59,0,0,1,2,0,35,10,3,2,5,3,0,1,2,10,7,5,2,0,0,0,1,663,213,55,92,22,26,14,73,0,0,0,0,0.4043740512160777,0.4043740512160777
sanniol01w,9,0,DET,WNBA,31,9,325,106,26,38,64,6,11,7,40,0,82,41,37,24,1,0,0,9,0,66,16,5,11,16,3,3,0,4,11,16,7,4,2,0,0,0,325,106,26,38,6,11,7,40,0,0,0,0,0.36799998867692346,0.36799998867692346
sanniol01w,10,0,DET,WNBA,31,1,298,119,27,30,57,16,11,5,30,0,98,47,36,25,0,0,0,3,0,13,10,1,2,3,0,0,3,0,3,8,5,0,0,0,0,0,298,119,27,30,16,11,5,30,0,0,0,0,0.4996644127629392,0.4996644127629392
santoal01w,1,0,IND,WNBA,3,0,11,3,0,3,3,0,0,0,2,0,1,1,6,1,0,0,0,0,0,0,0,0,0,0,0,0,0,0,0,0,0,0,0,0,0,0,11,3,0,3,0,0,0,2,0,0,0,0,0.17272711570262209,0.17272711570262209
santoal01w,2,0,SEA,WNBA,10,1,62,13,10,6,16,0,0,0,3,0,14,4,11,5,0,0,0,0,0,0,0,0,0,0,0,0,0,0,0,0,0,0,0,0,0,0,62,13,10,6,0,0,0,3,0,0,0,0,0.30322575754423264,0.30322575754423264
santoke01w,2,0,DET,WNBA,14,0,153,52,11,16,27,5,3,3,12,0,42,20,18,12,1,0,0,0,0,0,0,0,0,0,0,0,0,0,0,0,0,0,0,0,0,0,153,52,11,16,5,3,3,12,0,0,0,0,0.4150326526122449,0.4150326526122449
santoke01w,3,0,DET,WNBA,12,0,169,44,12,20,32,7,3,9,14,0,42,16,20,12,0,0,0,0,0,0,0,0,0,0,0,0,0,0,0,0,0,0,0,0,0,0,169,44,12,20,7,3,9,14,0,0,0,0,0.37514790679598187,0.37514790679598187
santoke01w,9,0,SEA,WNBA,22,1,134,47,10,18,28,5,4,2,10,0,41,16,23,15,0,0,0,2,0,2,2,0,0,0,0,0,0,0,0,2,1,0,0,0,0,0,134,47,10,18,5,4,2,10,0,0,0,0,0.45074623501893774,0.45074623501893774
sarenra01w,1,0,PHO,WNBA,20,0,142,64,11,19,30,8,0,1,17,0,44,23,27,17,1,1,0,0,0,0,0,0,0,0,0,0,0,0,0,0,0,0,0,0,0,0,142,64,11,19,8,0,1,17,0,0,0,0,0.4887323599484254,0.4887323599484254
sauerpa01w,1,0,LAS,WNBA,12,0,66,20,3,13,16,3,2,1,6,0,14,8,5,4,0,0,0,1,0,2,0,0,1,1,0,0,0,0,1,0,0,0,0,0,0,0,66,20,3,13,3,2,1,6,0,0,0,0,0.393939334251616,0.393939334251616
sauerpa01w,2,0,CLE,WNBA,2,0,4,2,1,1,2,0,0,1,1,0,3,1,0,0,0,0,0,1,0,4,2,0,1,1,0,0,0,1,0,3,1,0,0,0,0,0,4,2,1,1,0,0,1,1,0,0,0,0,0.7499981250046875,0.7499981250046875
sauerpa01w,3,0,CLE,WNBA,1,0,7,0,1,1,2,0,1,0,1,0,3,0,0,0,0,0,0,0,0,0,0,0,0,0,0,0,0,0,0,0,0,0,0,0,0,0,7,0,1,1,0,1,0,1,0,0,0,0,0.14285693877580175,0.14285693877580175
saundja01w,2,0,PHO,WNBA,28,6,253,68,13,27,40,7,10,8,14,0,77,25,25,17,3,1,0,0,0,0,0,0,0,0,0,0,0,0,0,0,0,0,0,0,0,0,253,68,13,27,7,10,8,14,0,0,0,0,0.38023713912106166,0.38023713912106166
saundja01w,3,0,PHO,WNBA,27,1,302,99,10,28,38,23,9,4,20,0,103,39,32,21,4,0,0,0,0,0,0,0,0,0,0,0,0,0,0,0,0,0,0,0,0,0,302,99,10,28,23,9,4,20,0,0,0,0,0.43178806517258067,0.43178806517258067
saureau01w,2,0,WAS,WNBA,25,3,455,76,11,31,42,43,24,4,41,0,111,33,24,7,26,3,0,0,0,0,0,0,0,0,0,0,0,0,0,0,0,0,0,0,0,0,455,76,11,31,43,24,4,41,0,0,0,0,0.27032966438835904,0.27032966438835904
saureau01w,3,0,WAS,WNBA,15,2,165,24,3,8,11,18,8,2,15,0,24,10,5,3,5,1,0,0,0,0,0,0,0,0,0,0,0,0,0,0,0,0,0,0,0,0,165,24,3,8,18,8,2,15,0,0,0,0,0.25151513627180994,0.25151513627180994
schumke01w,2,0,IND,WNBA,28,5,380,112,23,47,70,10,5,29,21,0,93,46,20,17,5,3,0,0,0,0,0,0,0,0,0,0,0,0,0,0,0,0,0,0,0,0,380,112,23,47,10,5,29,21,0,0,0,0,0.4347368306648202,0.4347368306648202
schumke01w,3,0,IND,WNBA,31,1,352,108,18,41,59,13,7,23,21,0,89,45,26,18,1,0,0,3,0,52,32,6,3,9,3,0,2,2,6,20,13,8,4,2,2,0,352,108,18,41,13,7,23,21,0,0,0,0,0.44005680568020444,0.44005680568020444
schumke01w,4,0,IND,WNBA,34,1,480,189,40,59,99,20,7,24,32,0,169,81,27,23,9,4,0,0,0,0,0,0,0,0,0,0,0,0,0,0,0,0,0,0,0,0,480,189,40,59,20,7,24,32,0,0,0,0,0.5285416556553821,0.5285416556553821
schumke01w,5,0,IND,WNBA,32,7,601,224,36,68,104,25,10,31,52,0,196,92,45,35,13,5,0,0,0,0,0,0,0,0,0,0,0,0,0,0,0,0,0,0,0,0,601,224,36,68,25,10,31,52,0,0,0,0,0.4718801918156374,0.4718801918156374
schumke01w,6,0,IND,WNBA,34,14,516,135,26,42,68,14,10,24,33,0,138,58,21,17,11,2,0,4,0,42,20,7,1,8,2,2,4,0,6,19,9,2,2,0,0,0,516,135,26,42,14,10,24,33,0,0,0,0,0.35038759010876763,0.35038759010876763
schumke01w,7,0,NYL,WNBA,21,21,539,163,38,78,116,23,3,25,35,0,141,58,63,45,8,2,1,0,0,0,0,0,0,0,0,0,0,0,0,0,0,0,0,0,0,0,539,163,38,78,23,3,25,35,0,0,0,0,0.42486084554989156,0.42486084554989156
schumke01w,8,0,PHO,WNBA,34,0,543,151,29,118,147,12,17,25,34,0,125,57,46,34,7,3,0,9,0,118,11,15,14,29,3,4,8,5,17,31,5,2,1,0,0,0,543,151,29,118,12,17,25,34,0,0,0,0,0.4174953882597535,0.4174953882597535
schumke01w,9,0,DET,WNBA,7,0,89,14,4,16,20,5,2,3,8,0,16,6,2,2,2,0,0,8,0,95,14,5,19,24,3,1,3,3,13,16,7,0,0,2,0,0,89,14,4,16,5,2,3,8,0,0,0,0,0.2651685095316281,0.2651685095316281
schumke01w,10,0,DET,WNBA,1,0,10,0,0,0,0,0,0,1,0,0,0,0,0,0,0,0,0,0,0,0,0,0,0,0,0,0,0,0,0,0,0,0,0,0,0,0,10,0,0,0,0,0,1,0,0,0,0,0,0.0999999000001,0.0999999000001
schwege01w,2,0,MIN,WNBA,24,8,423,87,15,35,50,34,11,6,17,0,103,33,17,13,43,8,1,0,0,0,0,0,0,0,0,0,0,0,0,0,0,0,0,0,0,0,423,87,15,35,34,11,6,17,0,0,0,0,0.33569739159107825,0.33569739159107825
schwege01w,3,0,MIN,WNBA,30,9,509,124,7,44,51,37,15,5,27,0,87,42,30,26,33,14,1,0,0,0,0,0,0,0,0,0,0,0,0,0,0,0,0,0,0,0,509,124,7,44,37,15,5,27,0,0,0,0,0.33811394227673985,0.33811394227673985
schwege01w,4,0,MIN,WNBA,16,0,118,15,7,11,18,7,3,1,8,0,17,6,0,0,9,3,0,0,0,0,0,0,0,0,0,0,0,0,0,0,0,0,0,0,0,0,118,15,7,11,7,3,1,8,0,0,0,0,0.2220338794886543,0.2220338794886543
scottol01w,1,0,DET,WNBA,28,0,369,100,28,52,80,28,12,10,45,0,89,37,40,26,2,0,2,0,0,0,0,0,0,0,0,0,0,0,0,0,0,0,0,0,0,0,369,100,28,52,28,12,10,45,0,0,0,0,0.37994578916136074,0.37994578916136074
scottol01w,2,0,IND,WNBA,32,30,775,280,52,109,161,40,22,12,72,0,217,99,111,82,2,0,1,0,0,0,0,0,0,0,0,0,0,0,0,0,0,0,0,0,0,0,775,280,52,109,40,22,12,72,0,0,0,0,0.45303225221893867,0.45303225221893867
scottol01w,3,0,IND,WNBA,31,31,975,292,80,131,211,52,38,13,69,0,232,113,82,66,4,0,2,3,3,99,21,7,17,24,5,1,1,14,11,16,8,5,5,0,0,0,975,292,80,131,52,38,13,69,0,0,0,0,0.432102559670743,0.432102559670743
scottol01w,5,0,CHA,WNBA,34,0,398,73,28,37,65,10,9,13,36,0,67,27,32,19,1,0,0,0,0,0,0,0,0,0,0,0,0,0,0,0,0,0,0,0,0,0,398,73,28,37,10,9,13,36,0,0,0,0,0.25050250626878123,0.25050250626878123
scottol01w,6,0,SAC,WNBA,18,0,170,38,17,16,33,5,4,2,22,0,39,14,20,10,0,0,0,7,0,38,9,2,5,7,5,0,1,3,8,8,4,2,1,0,0,0,170,38,17,16,5,4,2,22,0,0,0,0,0.2570588084083053,0.2570588084083053
scottol01w,7,0,IND,WNBA,21,0,159,50,8,25,33,7,7,2,15,0,53,23,8,4,1,0,0,2,0,26,10,3,2,5,0,1,0,3,5,9,5,0,0,1,0,0,159,50,8,25,7,7,2,15,0,0,0,0,0.4031446287330422,0.4031446287330422
scottol01w,8,0,PHO,WNBA,8,0,32,8,2,2,4,2,3,1,3,0,7,1,8,6,0,0,0,1,0,2,0,0,0,0,0,0,0,0,0,1,0,0,0,0,0,0,32,8,2,2,2,3,1,3,0,0,0,0,0.4062498730469146,0.4062498730469146
scottol01w,9,0,PHO,WNBA,6,0,69,16,2,17,19,3,1,6,6,0,22,8,0,0,0,0,1,0,0,0,0,0,0,0,0,0,0,0,0,0,0,0,0,0,0,0,69,16,2,17,3,1,6,6,0,0,0,0,0.3840579153539253,0.3840579153539253
shakiel01w,1,0,HOU,WNBA,14,0,150,57,14,17,31,4,5,2,7,0,30,13,33,29,12,2,0,0,0,0,0,0,0,0,0,0,0,0,0,0,0,0,0,0,0,0,150,57,14,17,4,5,2,7,0,0,0,0,0.5059999662666689,0.5059999662666689
shakiel01w,2,0,HOU,WNBA,26,2,203,38,15,20,35,9,6,2,9,0,38,12,23,14,7,0,0,1,0,1,0,0,0,0,0,0,0,0,0,0,0,0,0,0,0,0,203,38,15,20,9,6,2,9,0,0,0,0,0.3078817582324257,0.3078817582324257
shakiel01w,3,0,CHA,WNBA,1,0,5,1,1,0,1,0,1,0,0,0,0,0,2,1,0,0,0,0,0,0,0,0,0,0,0,0,0,0,0,0,0,0,0,0,0,0,5,1,1,0,0,1,0,0,0,0,0,0,0.5399989200021601,0.5399989200021601
sharpkb01w,4,0,NYL,WNBA,30,0,398,94,11,21,32,37,14,0,26,0,71,28,39,31,24,7,0,0,0,0,0,0,0,0,0,0,0,0,0,0,0,0,0,0,0,0,398,94,11,21,37,14,0,26,0,0,0,0,0.33417084587510437,0.33417084587510437
sharpkb01w,5,0,NYL,WNBA,30,0,240,29,5,16,21,33,6,1,20,0,37,9,12,11,12,0,0,5,0,20,5,0,1,1,5,0,0,0,2,5,2,0,0,1,1,0,240,29,5,16,33,6,1,20,0,0,0,0,0.23874999005208372,0.23874999005208372
sharpkb01w,7,0,IND,WNBA,23,0,155,22,3,6,9,23,7,0,8,0,35,8,3,3,15,3,0,0,0,0,0,0,0,0,0,0,0,0,0,0,0,0,0,0,0,0,155,22,3,6,23,7,0,8,0,0,0,0,0.3090322381269524,0.3090322381269524
sharpkb01w,8,0,IND,WNBA,34,0,454,109,10,22,32,49,13,0,26,0,97,40,29,21,28,8,0,6,0,46,7,2,3,5,3,1,0,2,1,10,1,6,5,3,0,0,454,109,10,22,49,13,0,26,0,0,0,0,0.3493391993537621,0.3493391993537621
sharpkb01w,9,0,CHI,WNBA,34,6,598,106,7,38,45,49,14,0,31,0,90,39,29,19,28,9,0,0,0,0,0,0,0,0,0,0,0,0,0,0,0,0,0,0,0,0,598,106,7,38,49,14,0,31,0,0,0,0,0.25802675153801424,0.25802675153801424
sharpkb01w,10,0,CHI,WNBA,27,0,325,70,3,17,20,25,8,2,23,0,57,23,19,18,17,6,0,0,0,0,0,0,0,0,0,0,0,0,0,0,0,0,0,0,0,0,325,70,3,17,25,8,2,23,0,0,0,0,0.2744615300165683,0.2744615300165683
shielas01w,8,0,HOU,WNBA,26,0,304,137,14,19,33,20,10,1,44,0,138,38,73,54,18,7,0,0,0,0,0,0,0,0,0,0,0,0,0,0,0,0,0,0,0,0,304,137,14,19,20,10,1,44,0,0,0,0,0.45888156385258017,0.45888156385258017
shielas01w,9,2,DET,WNBA,7,0,44,22,0,3,3,2,1,0,6,0,22,8,4,3,9,3,0,3,0,4,2,0,0,0,1,1,0,0,2,5,1,0,0,0,0,0,44,22,0,3,2,1,0,6,0,0,0,0,0.45227262448349437,0.45227262448349437
shielas01w,9,1,HOU,WNBA,3,0,12,2,0,0,0,1,1,0,1,0,7,0,4,2,2,0,0,0,0,0,0,0,0,0,0,0,0,0,0,0,0,0,0,0,0,0,12,2,0,0,1,1,0,1,0,0,0,0,0.24999979166684028,0.24999979166684028
slaisma01w,1,0,DET,WNBA,3,0,7,4,0,1,1,0,1,0,0,0,2,0,4,4,1,0,0,0,0,0,0,0,0,0,0,0,0,0,0,0,0,0,0,0,0,0,7,4,0,1,0,1,0,0,0,0,0,0,0.7571417755117493,0.7571417755117493
slauggw01w,5,0,MIN,WNBA,3,0,7,2,0,1,1,0,0,1,0,0,1,0,2,2,0,0,0,0,0,0,0,0,0,0,0,0,0,0,0,0,0,0,0,0,0,0,7,2,0,1,0,0,1,0,0,0,0,0,0.4714278979601458,0.4714278979601458
slavtge01w,4,0,PHO,WNBA,2,0,12,0,0,0,0,1,0,0,1,0,2,0,0,0,2,0,0,0,0,0,0,0,0,0,0,0,0,0,0,0,0,0,0,0,0,0,12,0,0,0,1,0,0,1,0,0,0,0,0.0,0.0
smithai01w,4,0,WAS,WNBA,31,2,422,104,21,44,65,10,11,9,26,0,120,41,34,17,34,5,0,0,0,0,0,0,0,0,0,0,0,0,0,0,0,0,0,0,0,0,422,104,21,44,10,11,9,26,0,0,0,0,0.3220379070607131,0.3220379070607131
smithai01w,5,0,WAS,WNBA,29,3,403,115,26,43,69,15,17,12,21,0,103,42,34,22,16,9,0,3,0,53,15,5,3,8,1,1,0,4,5,15,5,5,4,4,1,0,403,115,26,43,15,17,12,21,0,0,0,0,0.4196029672555095,0.4196029672555095
smithbr01w,9,0,PHO,WNBA,10,0,134,41,10,26,36,9,2,3,9,0,28,16,13,9,0,0,0,0,0,0,0,0,0,0,0,0,0,0,0,0,0,0,0,0,0,0,134,41,10,26,9,2,3,9,0,0,0,0,0.4537313094230366,0.4537313094230366
smithbr01w,10,0,PHO,WNBA,21,0,144,21,11,24,35,3,2,3,7,0,15,7,8,7,0,0,0,1,0,6,4,0,0,0,0,1,0,0,1,2,2,0,0,0,0,0,144,21,11,24,3,2,3,7,0,0,0,0,0.25624998220486234,0.25624998220486234
smithch02w,1,0,CHA,WNBA,30,7,659,156,29,77,106,55,15,17,48,0,159,56,25,20,76,24,2,0,0,0,0,0,0,0,0,0,0,0,0,0,0,0,0,0,0,0,659,156,29,77,55,15,17,48,0,0,0,0,0.36176023730257606,0.36176023730257606
smithch02w,2,0,CHA,WNBA,30,24,678,171,36,65,101,50,16,13,41,0,146,57,64,47,32,10,1,8,8,224,47,13,19,32,14,6,8,7,24,54,16,11,10,20,5,0,678,171,36,65,50,16,13,41,0,0,0,0,0.37418878504146336,0.37418878504146336
smithch02w,3,0,CHA,WNBA,32,32,890,256,39,82,121,53,21,17,60,0,222,91,54,40,91,34,3,2,2,53,12,0,7,7,0,1,2,2,7,17,5,2,2,7,0,0,890,256,39,82,53,21,17,60,0,0,0,0,0.3807865125754325,0.3807865125754325
smithch02w,4,0,CHA,WNBA,27,9,443,95,23,37,60,18,10,2,24,0,98,31,36,24,32,9,0,2,0,7,2,1,0,1,1,0,0,0,0,1,1,0,0,0,0,0,443,95,23,37,18,10,2,24,0,0,0,0,0.28939051265484167,0.28939051265484167
smithch02w,5,0,CHA,WNBA,34,34,977,280,50,89,139,40,18,13,55,0,206,99,73,53,58,29,1,0,0,0,0,0,0,0,0,0,0,0,0,0,0,0,0,0,0,0,977,280,50,89,40,18,13,55,0,0,0,0,0.3661207741441067,0.3661207741441067
smithch02w,6,0,WAS,WNBA,34,34,1036,246,34,94,128,71,22,11,46,0,190,87,46,30,100,42,0,0,0,0,0,0,0,0,0,0,0,0,0,0,0,0,0,0,0,0,1036,246,34,94,71,22,11,46,0,0,0,0,0.3436293403124581,0.3436293403124581
smithch02w,7,0,IND,WNBA,18,2,173,35,9,15,24,7,3,1,13,0,39,12,4,3,22,8,0,1,0,1,0,0,0,0,0,0,0,0,0,0,0,0,0,0,0,0,173,35,9,15,7,3,1,13,0,0,0,0,0.2531791761168106,0.2531791761168106
smithch03w,1,0,SEA,WNBA,32,3,516,52,14,33,47,53,16,3,32,0,56,16,18,10,32,10,0,0,0,0,0,0,0,0,0,0,0,0,0,0,0,0,0,0,0,0,516,52,14,33,53,16,3,32,0,0,0,0,0.2164728640218437,0.2164728640218437
smithch03w,2,0,SEA,WNBA,32,8,589,58,18,37,55,39,17,1,26,0,63,17,21,13,38,11,0,0,0,0,0,0,0,0,0,0,0,0,0,0,0,0,0,0,0,0,589,58,18,37,39,17,1,26,0,0,0,0,0.1913412531181451,0.1913412531181451
smithch03w,4,0,PHO,WNBA,4,0,17,0,1,3,4,1,0,0,0,0,2,0,0,0,2,0,0,0,0,0,0,0,0,0,0,0,0,0,0,0,0,0,0,0,0,0,17,0,1,3,1,0,0,0,0,0,0,0,0.1529410865052432,0.1529410865052432
smithcr01w,7,0,PHO,WNBA,23,0,197,60,4,18,22,22,17,0,18,0,47,21,12,11,19,7,0,0,0,0,0,0,0,0,0,0,0,0,0,0,0,0,0,0,0,0,197,60,4,18,22,17,0,18,0,0,0,0,0.45279185518823073,0.45279185518823073
smithcr01w,8,0,HOU,WNBA,27,23,683,170,12,41,53,72,34,3,56,0,156,62,21,19,70,27,0,0,0,0,0,0,0,0,0,0,0,0,0,0,0,0,0,0,0,0,683,170,12,41,72,34,3,56,0,0,0,0,0.3568081938973911,0.3568081938973911
smithcr01w,9,1,MIN,WNBA,1,0,0,0,0,0,0,0,0,0,0,0,0,0,0,0,0,0,0,0,0,0,0,0,0,0,0,0,0,0,0,0,0,0,0,0,0,0,0,0,0,0,0,0,0,0,0,0,0,0,0.0,0.0
smithcr01w,9,2,WAS,WNBA,28,4,392,121,10,18,28,25,14,2,34,0,110,39,36,29,38,14,0,0,0,0,0,0,0,0,0,0,0,0,0,0,0,0,0,0,0,0,392,121,10,18,25,14,2,34,0,0,0,0,0.3581632561693047,0.3581632561693047
smithje01w,6,0,NYL,WNBA,2,0,7,0,0,0,0,0,0,0,0,0,1,0,0,0,0,0,0,0,0,0,0,0,0,0,0,0,0,0,0,0,0,0,0,0,0,0,7,0,0,0,0,0,0,0,0,0,0,0,0.0,0.0
smithka01w,1,0,MIN,WNBA,32,32,1193,646,28,65,93,90,44,7,76,0,482,203,175,152,232,88,0,0,0,0,0,0,0,0,0,0,0,0,0,0,0,0,0,0,0,0,1193,646,28,65,90,44,7,76,0,0,0,0,0.6287510425083735,0.6287510425083735
smithka01w,2,0,MIN,WNBA,32,32,1234,739,40,82,122,70,23,5,87,0,519,204,275,246,240,85,0,0,0,0,0,0,0,0,0,0,0,0,0,0,0,0,0,0,0,0,1234,739,40,82,70,23,5,87,0,0,0,0,0.650405181115031,0.650405181115031
smithka01w,3,0,MIN,WNBA,31,31,1138,512,24,68,92,79,32,7,70,0,401,162,153,126,188,62,2,0,0,0,0,0,0,0,0,0,0,0,0,0,0,0,0,0,0,0,1138,512,24,68,79,32,7,70,0,0,0,0,0.5247803117330376,0.5247803117330376
smithka01w,4,0,MIN,WNBA,34,34,1185,620,40,98,138,84,25,6,67,0,455,208,143,126,200,78,2,3,3,120,52,3,10,13,9,1,0,8,11,42,18,12,11,14,5,0,1185,620,40,98,84,25,6,67,0,0,0,0,0.6121518935683384,0.6121518935683384
smithka01w,5,0,MIN,WNBA,23,23,800,432,17,67,84,52,23,6,51,0,318,137,109,98,139,60,1,0,0,0,0,0,0,0,0,0,0,0,0,0,0,0,0,0,0,0,800,432,17,67,52,23,6,51,0,0,0,0,0.6174999922812501,0.6174999922812501
smithka01w,6,2,DET,WNBA,13,9,394,124,11,17,28,26,5,3,17,0,107,40,34,26,55,18,0,2,2,67,21,2,4,6,1,2,0,2,5,26,7,5,5,10,2,0,394,124,11,17,26,5,3,17,0,0,0,0,0.3903553200417431,0.3903553200417431
smithka01w,6,1,MIN,WNBA,23,23,766,306,12,43,55,61,25,2,54,0,261,100,90,71,104,35,0,0,0,0,0,0,0,0,0,0,0,0,0,0,0,0,0,0,0,0,766,306,12,43,61,25,2,54,0,0,0,0,0.47167101211917734,0.47167101211917734
smithka01w,7,0,DET,WNBA,34,34,1137,398,19,73,92,112,25,4,65,0,302,123,102,93,161,59,0,10,10,371,147,7,18,25,40,5,0,24,29,117,51,34,25,50,20,0,1137,398,19,73,112,25,4,65,0,0,0,0,0.44784520274542483,0.44784520274542483
smithka01w,8,0,DET,WNBA,34,34,1166,450,18,110,128,124,42,3,59,0,355,128,157,133,196,61,0,11,11,393,134,7,28,35,40,8,2,25,32,132,45,25,19,73,25,1,1166,450,18,110,124,42,3,59,0,0,0,0,0.5193824998337694,0.5193824998337694
smithka01w,9,0,DET,WNBA,34,34,1152,500,10,84,94,137,32,3,80,0,410,157,124,110,211,76,0,9,9,309,138,4,32,36,22,4,1,16,21,117,48,33,25,48,17,0,1152,500,10,84,137,32,3,80,0,0,0,0,0.5418402730743033,0.5418402730743033
smithka01w,10,0,DET,WNBA,27,27,894,369,13,50,63,76,21,2,62,0,294,128,61,56,132,57,2,0,0,0,0,0,0,0,0,0,0,0,0,0,0,0,0,0,0,0,894,369,13,50,76,21,2,62,0,0,0,0,0.4810961914866198,0.4810961914866198
smithki01w,7,0,SAC,WNBA,31,0,313,74,11,28,39,20,9,0,22,0,84,28,9,5,32,13,0,5,0,11,4,0,2,2,0,0,0,2,0,2,1,2,1,2,1,0,313,74,11,28,20,9,0,22,0,0,0,0,0.31022363226122585,0.31022363226122585
smithki01w,8,0,SAC,WNBA,3,0,6,0,0,2,2,0,0,0,1,0,0,0,0,0,0,0,0,0,0,0,0,0,0,0,0,0,0,0,0,0,0,0,0,0,0,0,6,0,0,2,0,0,0,1,0,0,0,0,-0.06666655555574075,-0.06666655555574075
smithki01w,9,0,SAC,WNBA,21,0,143,33,5,9,14,5,7,2,9,0,47,12,12,8,12,1,0,0,0,0,0,0,0,0,0,0,0,0,0,0,0,0,0,0,0,0,143,33,5,9,5,7,2,9,0,0,0,0,0.3090908874761617,0.3090908874761617
smithla01w,1,0,ORL,WNBA,3,0,12,5,1,1,2,1,2,0,2,0,3,2,1,1,1,0,0,1,0,1,0,0,0,0,0,0,0,0,0,0,0,0,0,0,0,0,12,5,1,1,1,2,0,2,0,0,0,0,0.5833328472226273,0.5833328472226273
smithta01w,1,0,SAC,WNBA,32,32,925,388,61,117,178,43,30,64,60,0,371,176,46,36,0,0,1,2,2,59,21,0,8,8,1,2,1,2,5,22,9,4,3,0,0,0,925,388,61,117,43,30,64,60,0,0,0,0,0.5868108044669101,0.5868108044669101
smithta01w,2,0,SAC,WNBA,32,32,912,358,48,131,179,41,34,55,66,0,352,148,85,62,2,0,2,5,5,164,55,8,16,24,8,5,5,4,16,60,23,11,9,0,0,0,912,358,48,131,41,34,55,66,0,0,0,0,0.5426535028217819,0.5426535028217819
smithta01w,3,0,SAC,WNBA,32,32,1063,469,56,132,188,40,27,46,59,0,435,184,101,86,42,15,4,0,0,0,0,0,0,0,0,0,0,0,0,0,0,0,0,0,0,0,1063,469,56,132,40,27,46,59,0,0,0,0,0.5661335788698628,0.5661335788698628
smithta01w,4,0,SAC,WNBA,34,34,986,430,61,126,187,52,43,32,56,0,427,188,58,41,49,13,2,6,6,176,77,9,37,46,11,5,3,11,17,73,29,20,14,15,5,0,986,430,61,126,52,43,32,56,0,0,0,0,0.5897565863107851,0.5897565863107851
smithta01w,5,0,SAC,WNBA,34,33,908,380,46,92,138,50,38,25,53,0,401,165,56,45,29,5,0,6,6,185,95,11,20,31,8,9,12,11,17,86,38,22,17,9,2,0,908,380,46,92,50,38,25,53,0,0,0,0,0.5504405225722409,0.5504405225722409
smithta01w,6,0,CHA,WNBA,31,31,1063,421,45,117,162,41,51,32,84,0,405,169,104,83,7,0,1,0,0,0,0,0,0,0,0,0,0,0,0,0,0,0,0,0,0,0,1063,421,45,117,41,51,32,84,0,0,0,0,0.49633113361870995,0.49633113361870995
smithta01w,7,0,CHA,WNBA,34,34,972,445,48,132,180,50,41,29,70,0,423,178,78,58,85,31,1,0,0,0,0,0,0,0,0,0,0,0,0,0,0,0,0,0,0,0,972,445,48,132,50,41,29,70,0,0,0,0,0.584567895220495,0.584567895220495
smithta01w,8,0,PHO,WNBA,34,34,1072,428,54,166,220,44,40,56,56,0,399,165,99,78,61,20,1,9,9,286,105,16,54,70,15,9,16,13,32,91,37,20,16,31,15,0,1072,428,54,166,44,40,56,56,0,0,0,0,0.55932835299134,0.55932835299134
smithta01w,9,0,PHO,WNBA,25,25,722,277,50,126,176,28,28,29,41,0,266,111,45,39,46,16,3,0,0,0,0,0,0,0,0,0,0,0,0,0,0,0,0,0,0,0,722,277,50,126,28,28,29,41,0,0,0,0,0.5454293553264633,0.5454293553264633
smithta01w,10,0,PHO,WNBA,34,34,920,336,35,148,183,27,34,57,37,0,304,137,23,20,93,42,4,11,11,290,109,14,50,64,9,15,9,7,38,76,40,12,9,38,20,0,920,336,35,148,27,34,57,37,0,0,0,0,0.5281521681722591,0.5281521681722591
smithty01w,8,0,DET,WNBA,1,0,7,1,1,1,2,0,1,0,0,0,2,0,2,1,0,0,0,1,0,0,0,0,0,0,0,0,0,0,0,0,0,0,0,0,0,0,7,1,1,1,0,1,0,0,0,0,0,0,0.4285708163274053,0.4285708163274053
smithwa01w,9,0,DET,WNBA,1,0,0,0,0,0,0,0,0,0,0,0,0,0,0,0,0,0,0,0,0,0,0,0,0,0,0,0,0,0,0,0,0,0,0,0,0,0,0,0,0,0,0,0,0,0,0,0,0,0,0.0,0.0
snellbe01w,6,0,PHO,WNBA,20,0,226,65,19,17,36,18,7,1,11,0,55,19,18,16,37,11,0,0,0,0,0,0,0,0,0,0,0,0,0,0,0,0,0,0,0,0,226,65,19,17,18,7,1,11,0,0,0,0,0.435398210823088,0.435398210823088
snellbe01w,7,0,PHO,WNBA,30,0,250,100,11,28,39,19,15,3,17,0,90,35,10,10,63,20,0,0,0,0,0,0,0,0,0,0,0,0,0,0,0,0,0,0,0,0,250,100,11,28,19,15,3,17,0,0,0,0,0.544399978224001,0.544399978224001
snellbe01w,8,0,PHO,WNBA,30,2,343,107,12,34,46,44,20,4,18,0,106,37,11,7,79,26,0,8,0,52,13,6,3,9,7,1,0,2,9,23,4,2,1,18,4,0,343,107,12,34,44,20,4,18,0,0,0,0,0.5119533378439262,0.5119533378439262
snellbe01w,10,0,SAS,WNBA,30,6,553,187,21,49,70,37,27,3,29,0,182,61,29,23,137,42,0,1,0,7,0,0,2,2,1,0,0,0,0,2,0,0,0,2,0,0,553,187,21,49,37,27,3,29,0,0,0,0,0.4600361580463624,0.4600361580463624
snowmi01w,3,0,HOU,WNBA,32,2,480,125,31,88,119,13,12,26,22,0,96,45,57,34,2,1,0,3,0,79,19,6,15,21,4,0,2,5,9,18,6,8,7,1,0,0,480,125,31,88,13,12,26,22,0,0,0,0,0.42104165789496545,0.42104165789496545
snowmi01w,4,0,HOU,WNBA,34,34,1025,314,76,187,263,42,35,62,68,0,253,126,85,62,1,0,2,3,3,89,25,12,17,29,5,4,4,5,10,25,10,8,5,0,0,0,1025,314,76,187,42,35,62,68,0,0,0,0,0.48224389773420584,0.48224389773420584
snowmi01w,5,0,HOU,WNBA,31,31,893,276,62,177,239,31,28,35,71,0,229,104,113,68,0,0,0,0,0,0,0,0,0,0,0,0,0,0,0,0,0,0,0,0,0,0,893,276,62,177,31,28,35,71,0,0,0,0,0.4428891327783972,0.4428891327783972
snowmi01w,6,0,HOU,WNBA,33,33,966,396,68,157,225,40,20,38,65,0,276,152,130,92,0,0,4,5,5,152,52,1,26,27,4,5,3,16,15,34,18,23,16,0,0,0,966,396,68,157,40,20,38,65,0,0,0,0,0.5421324995638458,0.5421324995638458
snowmi01w,7,0,HOU,WNBA,34,34,995,442,78,191,269,47,33,38,88,0,349,178,129,86,0,0,3,2,2,57,31,3,9,12,4,2,6,2,9,17,10,12,11,0,0,0,995,442,78,191,47,33,38,88,0,0,0,0,0.5868341649564406,0.5868341649564406
snowmi01w,8,0,HOU,WNBA,34,34,892,366,78,152,230,47,18,35,91,0,284,140,112,86,0,0,1,0,0,0,0,0,0,0,0,0,0,0,0,0,0,0,0,0,0,0,892,366,78,152,47,18,35,91,0,0,0,0,0.5327354200365985,0.5327354200365985
snowmi01w,9,0,HOU,WNBA,34,34,856,336,75,155,230,43,18,31,64,0,238,126,119,83,2,1,3,0,0,0,0,0,0,0,0,0,0,0,0,0,0,0,0,0,0,0,856,336,75,155,43,18,31,64,0,0,0,0,0.5408878441485065,0.5408878441485065
snowmi01w,10,0,ATL,WNBA,34,2,503,185,40,105,145,17,15,17,39,0,140,67,67,51,2,0,0,2,0,33,9,3,5,8,1,0,2,2,3,10,3,5,3,0,0,0,503,185,40,105,17,15,17,39,0,0,0,0,0.5059642046527991,0.5059642046527991
spencsi01w,8,0,LAS,WNBA,34,22,828,327,48,90,138,42,27,11,35,0,300,118,42,37,123,54,0,0,0,0,0,0,0,0,0,0,0,0,0,0,0,0,0,0,0,0,828,327,48,90,42,27,11,35,0,0,0,0,0.5224637618059933,0.5224637618059933
spencsi01w,9,0,LAS,WNBA,33,2,451,174,28,34,62,18,14,4,23,0,155,63,18,17,81,31,0,5,0,48,7,4,5,9,1,0,1,3,5,12,3,1,1,3,0,0,451,174,28,34,18,14,4,23,0,0,0,0,0.4807095237093232,0.4807095237093232
spencsi01w,10,0,NYL,WNBA,33,0,340,99,7,31,38,15,6,1,9,0,88,34,9,9,57,22,0,0,0,0,0,0,0,0,0,0,0,0,0,0,0,0,0,0,0,0,340,99,7,31,15,6,1,9,0,0,0,0,0.3711764596712806,0.3711764596712806
spornra01w,2,0,DET,WNBA,23,1,265,41,21,31,52,11,7,4,13,0,47,19,9,3,0,0,0,0,0,0,0,0,0,0,0,0,0,0,0,0,0,0,0,0,0,0,265,41,21,31,11,7,4,13,0,0,0,0,0.2792452724813105,0.2792452724813105
stafftr01w,2,0,HOU,WNBA,30,4,365,113,37,48,85,16,12,2,26,0,106,39,52,35,1,0,0,2,0,16,4,2,1,3,1,2,2,0,3,5,1,4,2,0,0,0,365,113,37,48,16,12,2,26,0,0,0,0,0.4309588923024962,0.4309588923024962
stafftr01w,3,0,MIA,WNBA,6,0,38,8,3,3,6,2,1,0,6,0,6,1,8,6,0,0,0,0,0,0,0,0,0,0,0,0,0,0,0,0,0,0,0,0,0,0,38,8,3,3,2,1,0,6,0,0,0,0,0.2105262603878262,0.2105262603878262
staleda01w,1,0,CHA,WNBA,32,32,1099,282,21,56,77,190,37,1,91,0,253,94,74,65,88,29,1,0,0,0,0,0,0,0,0,0,0,0,0,0,0,0,0,0,0,0,1099,282,21,56,190,37,1,91,0,0,0,0,0.40991810364041764,0.40991810364041764
staleda01w,2,0,CHA,WNBA,32,32,1152,298,11,60,71,179,52,1,100,0,281,107,57,51,89,33,0,8,8,301,94,3,15,18,35,9,2,34,19,77,32,21,17,26,13,0,1152,298,11,60,179,52,1,100,0,0,0,0,0.3955729132328741,0.3955729132328741
staleda01w,3,0,CHA,WNBA,32,32,1061,278,8,48,56,164,48,0,80,0,231,84,101,77,83,33,0,2,2,78,17,2,3,5,10,3,0,4,2,21,6,6,3,10,2,0,1061,278,8,48,164,48,0,80,0,0,0,0,0.40527803576552274,0.40527803576552274
staleda01w,4,0,CHA,WNBA,34,34,1086,269,14,44,58,174,49,4,78,0,216,90,73,61,72,28,0,2,2,58,18,1,4,5,7,4,0,4,6,17,6,5,2,8,4,0,1086,269,14,44,174,49,4,78,0,0,0,0,0.4060773443270963,0.4060773443270963
staleda01w,5,0,CHA,WNBA,34,34,1143,302,12,46,58,171,43,2,74,0,246,106,87,66,59,24,0,0,0,0,0,0,0,0,0,0,0,0,0,0,0,0,0,0,0,0,1143,302,12,46,171,43,2,74,0,0,0,0,0.40787401217957997,0.40787401217957997
staleda01w,6,1,CHA,WNBA,23,23,684,146,7,46,53,121,30,0,42,0,131,53,30,23,42,17,0,0,0,0,0,0,0,0,0,0,0,0,0,0,0,0,0,0,0,0,684,146,7,46,121,30,0,42,0,0,0,0,0.4001461929803189,0.4001461929803189
staleda01w,6,2,HOU,WNBA,10,3,221,33,2,15,17,28,6,1,12,0,28,10,10,9,14,4,1,5,0,125,21,0,4,4,14,9,0,7,9,13,6,7,6,8,3,0,221,33,2,15,28,6,1,12,0,0,0,0,0.280090485063779,0.280090485063779
staleda01w,7,0,HOU,WNBA,34,34,1018,250,14,61,75,133,35,5,76,0,200,84,36,29,124,53,0,2,2,40,3,1,4,5,2,0,0,4,1,7,1,0,0,3,1,0,1018,250,14,61,133,35,5,76,0,0,0,0,0.3684675798775287,0.3684675798775287
stansti01w,7,0,LAS,WNBA,4,0,23,6,6,1,7,2,1,2,2,0,8,3,0,0,0,0,0,2,0,7,0,0,1,1,1,0,1,0,1,0,0,0,0,0,0,0,23,6,6,1,2,1,2,2,0,0,0,0,0.5869562665407537,0.5869562665407537
stansti01w,8,0,MIN,WNBA,30,14,437,130,50,80,130,15,13,11,29,0,120,55,39,20,0,0,0,0,0,0,0,0,0,0,0,0,0,0,0,0,0,0,0,0,0,0,437,130,50,80,15,13,11,29,0,0,0,0,0.4553775639501702,0.4553775639501702
starbka01w,1,0,UTA,WNBA,29,0,340,117,12,21,33,30,13,11,29,0,109,39,42,34,23,5,0,0,0,0,0,0,0,0,0,0,0,0,0,0,0,0,0,0,0,0,340,117,12,21,30,13,11,29,0,0,0,0,0.46088233938581363,0.46088233938581363
starbka01w,2,0,UTA,WNBA,23,7,310,109,13,17,30,21,8,1,15,0,110,41,27,22,23,5,0,1,0,2,0,0,0,0,0,0,0,0,0,1,0,0,0,1,0,0,310,109,13,17,21,8,1,15,0,0,0,0,0.44580643723205043,0.44580643723205043
starbka01w,3,2,SEA,WNBA,9,0,186,53,3,16,19,12,6,4,11,0,44,20,9,8,11,5,0,2,0,23,5,1,2,3,1,1,1,4,2,2,1,2,2,1,1,0,186,53,3,16,12,6,4,11,0,0,0,0,0.38118277520522714,0.38118277520522714
starbka01w,3,1,UTA,WNBA,15,0,88,26,0,7,7,7,9,4,2,0,25,10,7,4,8,2,0,0,0,0,0,0,0,0,0,0,0,0,0,0,0,0,0,0,0,0,88,26,0,7,7,9,4,2,0,0,0,0,0.5238635768336845,0.5238635768336845
starbka01w,5,0,IND,WNBA,12,0,117,20,6,3,9,11,6,0,9,0,23,6,6,5,10,3,0,0,0,0,0,0,0,0,0,0,0,0,0,0,0,0,0,0,0,0,117,20,6,3,11,6,0,9,0,0,0,0,0.2829059587259864,0.2829059587259864
stedika01w,1,0,SAC,WNBA,29,0,309,91,11,28,39,14,11,10,17,0,95,36,7,2,53,17,0,2,0,10,0,1,0,1,1,0,0,2,0,2,0,0,0,2,0,0,309,91,11,28,14,11,10,17,0,0,0,0,0.4048543558299562,0.4048543558299562
stedika01w,2,0,SEA,WNBA,26,17,393,102,9,26,35,24,16,9,22,0,94,35,20,16,35,16,1,0,0,0,0,0,0,0,0,0,0,0,0,0,0,0,0,0,0,0,393,102,9,26,24,16,9,22,0,0,0,0,0.36412212813938605,0.36412212813938605
stepama01w,1,0,PHO,WNBA,15,1,170,57,15,33,48,8,4,9,22,0,54,24,15,9,0,0,1,0,0,0,0,0,0,0,0,0,0,0,0,0,0,0,0,0,0,0,170,57,15,33,8,4,9,22,0,0,0,0,0.4494117382698978,0.4494117382698978
stepama01w,2,0,PHO,WNBA,32,31,815,334,66,135,201,41,43,64,50,0,282,143,78,48,2,0,3,0,0,0,0,0,0,0,0,0,0,0,0,0,0,0,0,0,0,0,815,334,66,135,41,43,64,50,0,0,0,0,0.6364417099823104,0.6364417099823104
stepama01w,6,0,PHO,WNBA,15,14,409,162,29,51,80,23,20,38,22,0,144,68,40,26,0,0,0,0,0,0,0,0,0,0,0,0,0,0,0,0,0,0,0,0,0,0,409,162,29,51,23,20,38,22,0,0,0,0,0.6273838477412264,0.6273838477412264
stephst01w,5,0,DET,WNBA,7,1,36,4,2,7,9,3,0,0,2,0,6,2,2,0,0,0,0,0,0,0,0,0,0,0,0,0,0,0,0,0,0,0,0,0,0,0,36,4,2,7,3,0,0,2,0,0,0,0,0.23611104552470955,0.23611104552470955
stevema01w,5,0,SAS,WNBA,29,0,259,38,11,24,35,5,6,4,11,0,45,15,8,7,1,1,0,0,0,0,0,0,0,0,0,0,0,0,0,0,0,0,0,0,0,0,259,38,11,24,5,6,4,11,0,0,0,0,0.21969111120883744,0.21969111120883744
stevema01w,6,0,SEA,WNBA,4,1,53,6,2,4,6,1,2,0,4,0,12,3,0,0,1,0,0,0,0,0,0,0,0,0,0,0,0,0,0,0,0,0,0,0,0,0,53,6,2,4,1,2,0,4,0,0,0,0,0.14339619935920767,0.14339619935920767
stevema01w,7,0,PHO,WNBA,2,0,18,3,1,1,2,0,1,1,2,0,5,1,0,0,1,1,0,0,0,0,0,0,0,0,0,0,0,0,0,0,0,0,0,0,0,0,18,3,1,1,0,1,1,2,0,0,0,0,0.2222220987655007,0.2222220987655007
stileja01w,2,0,POR,WNBA,32,32,1023,478,24,53,77,55,24,3,68,0,385,156,149,116,116,50,0,0,0,0,0,0,0,0,0,0,0,0,0,0,0,0,0,0,0,0,1023,478,24,53,55,24,3,68,0,0,0,0,0.512903220792735,0.512903220792735
stileja01w,3,0,POR,WNBA,21,3,382,125,7,11,18,20,4,0,21,0,135,43,30,24,44,15,0,0,0,0,0,0,0,0,0,0,0,0,0,0,0,0,0,0,0,0,382,125,7,11,20,4,0,21,0,0,0,0,0.35654449328417565,0.35654449328417565
stinsan01w,1,0,CHA,WNBA,32,32,1123,565,35,101,136,121,55,23,86,0,463,214,134,99,106,38,0,0,0,0,0,0,0,0,0,0,0,0,0,0,0,0,0,0,0,0,1123,565,35,101,121,55,23,86,0,0,0,0,0.6525378392472142,0.6525378392472142
stinsan01w,2,0,CHA,WNBA,32,32,1006,450,39,98,137,88,43,19,70,0,370,179,79,63,65,29,0,8,8,278,96,12,37,49,26,13,2,18,18,95,37,21,17,13,5,0,1006,450,39,98,88,43,19,70,0,0,0,0,0.5832007894314037,0.5832007894314037
stinsan01w,3,0,CHA,WNBA,32,32,950,411,37,140,177,91,37,9,52,0,349,159,93,64,70,29,0,2,2,65,30,7,4,11,9,7,0,4,4,25,12,2,2,7,4,0,950,411,37,140,91,37,9,52,0,0,0,0,0.5935789411202217,0.5935789411202217
stinsan01w,4,0,CHA,WNBA,34,34,1000,377,28,112,140,97,48,5,75,0,321,147,79,60,75,23,0,2,2,64,36,4,5,9,7,2,0,4,4,28,12,9,9,7,3,0,1000,377,28,112,97,48,5,75,0,0,0,0,0.5051999949480002,0.5051999949480002
stinsan01w,5,0,CHA,WNBA,34,34,777,203,25,94,119,49,27,7,41,0,191,79,44,34,37,11,1,0,0,0,0,0,0,0,0,0,0,0,0,0,0,0,0,0,0,0,777,203,25,94,49,27,7,41,0,0,0,0,0.3741312693161999,0.3741312693161999
stinsan01w,6,0,DET,WNBA,18,1,102,22,6,6,12,13,3,0,4,0,23,8,6,4,10,2,0,0,0,0,0,0,0,0,0,0,0,0,0,0,0,0,0,0,0,0,102,22,6,6,13,3,0,4,0,0,0,0,0.3921568242983505,0.3921568242983505
stiresh01w,1,0,MIN,WNBA,21,0,117,35,6,8,14,7,6,0,14,0,29,13,6,4,10,5,0,0,0,0,0,0,0,0,0,0,0,0,0,0,0,0,0,0,0,0,117,35,6,8,7,6,0,14,0,0,0,0,0.3470085173496994,0.3470085173496994
stiresh01w,2,0,MIN,WNBA,18,5,201,51,10,17,27,14,8,4,19,0,53,20,7,5,25,6,0,0,0,0,0,0,0,0,0,0,0,0,0,0,0,0,0,0,0,0,201,51,10,17,14,8,4,19,0,0,0,0,0.3487562015544178,0.3487562015544178
stiresh01w,3,0,MIN,WNBA,9,0,22,6,4,2,6,1,0,1,2,0,4,2,2,1,2,1,0,0,0,0,0,0,0,0,0,0,0,0,0,0,0,0,0,0,0,0,22,6,4,2,1,0,1,2,0,0,0,0,0.42727253305793955,0.42727253305793955
stockta01w,2,0,WAS,WNBA,3,0,11,3,0,2,2,0,0,0,0,0,3,1,2,1,0,0,0,0,0,0,0,0,0,0,0,0,0,0,0,0,0,0,0,0,0,0,11,3,0,2,0,0,0,0,0,0,0,0,0.3272724297523366,0.3272724297523366
streiju01w,1,0,IND,WNBA,27,6,424,121,25,46,71,44,16,23,32,0,117,46,35,27,6,2,1,0,0,0,0,0,0,0,0,0,0,0,0,0,0,0,0,0,0,0,424,121,25,46,44,16,23,32,0,0,0,0,0.47948112076695476,0.47948112076695476
streiju01w,2,0,IND,WNBA,27,26,707,246,45,94,139,52,37,19,52,0,207,99,57,48,9,0,2,0,0,0,0,0,0,0,0,0,0,0,0,0,0,0,0,0,0,0,707,246,45,94,52,37,19,52,0,0,0,0,0.5115982954512264,0.5115982954512264
streiju01w,6,0,IND,WNBA,34,20,686,186,37,64,101,32,29,11,36,0,178,82,27,19,6,3,0,4,4,96,18,10,8,18,5,5,1,6,11,23,6,6,6,0,0,0,686,186,37,64,32,29,11,36,0,0,0,0,0.3893585949073092,0.3893585949073092
strotan01w,7,0,PHO,WNBA,8,0,39,16,2,3,5,2,1,2,0,0,14,6,0,0,10,4,0,0,0,0,0,0,0,0,0,0,0,0,0,0,0,0,0,0,0,0,39,16,2,3,2,1,2,0,0,0,0,0,0.597435744247245,0.597435744247245
strotan01w,8,0,IND,WNBA,12,0,69,28,6,3,9,3,0,0,2,0,31,10,2,2,15,6,0,3,0,15,7,0,3,3,2,1,0,0,1,7,3,0,0,3,1,0,69,28,6,3,3,0,0,2,0,0,0,0,0.4942028269271265,0.4942028269271265
strotan01w,9,0,ATL,WNBA,21,0,160,39,5,8,13,7,5,3,3,0,34,12,12,8,19,7,0,0,0,0,0,0,0,0,0,0,0,0,0,0,0,0,0,0,0,0,160,39,5,8,7,5,3,3,0,0,0,0,0.3556249777734389,0.3556249777734389
summela01w,6,0,CON,WNBA,11,0,43,10,5,5,10,3,2,0,4,0,9,3,5,4,0,0,0,2,0,2,0,0,0,0,0,0,0,0,0,0,0,0,0,0,0,0,43,10,5,5,3,2,0,4,0,0,0,0,0.3720929367225728,0.3720929367225728
summela01w,7,0,CON,WNBA,33,3,359,83,12,24,36,19,3,2,20,0,74,32,27,16,15,3,0,2,0,7,2,0,1,1,0,0,0,0,0,2,1,0,0,0,0,0,359,83,12,24,19,3,2,20,0,0,0,0,0.28579386390546346,0.28579386390546346
sun-mju01w,4,0,SEA,WNBA,17,0,118,30,1,9,10,1,5,0,5,0,32,13,4,4,7,0,0,0,0,0,0,0,0,0,0,0,0,0,0,0,0,0,0,0,0,0,118,30,1,9,1,5,0,5,0,0,0,0,0.29152539902327124,0.29152539902327124
suttota01w,2,0,CHA,WNBA,29,21,602,196,51,78,129,11,21,39,40,0,147,72,72,52,0,0,1,8,8,167,60,10,16,26,4,1,11,8,25,46,25,14,10,0,0,0,602,196,51,78,11,21,39,40,0,0,0,0,0.4752491615407117,0.4752491615407117
suttota01w,3,0,CHA,WNBA,32,29,885,382,76,115,191,15,29,36,49,0,243,129,174,124,0,0,3,2,2,56,15,4,8,12,0,1,1,7,6,14,7,6,1,0,0,0,885,382,76,115,15,29,36,49,0,0,0,0,0.5657627054716079,0.5657627054716079
suttota01w,4,0,CHA,WNBA,34,33,864,286,73,128,201,15,19,50,59,0,233,98,131,90,0,0,2,2,1,32,4,1,5,6,0,0,3,2,5,7,2,0,0,0,0,0,864,286,73,128,15,19,50,59,0,0,0,0,0.4635416613016012,0.4635416613016012
suttota01w,5,0,CHA,WNBA,34,34,970,325,63,148,211,15,31,71,71,0,224,106,162,113,0,0,1,0,0,0,0,0,0,0,0,0,0,0,0,0,0,0,0,0,0,0,970,325,63,148,15,31,71,71,0,0,0,0,0.47371133532256354,0.47371133532256354
suttota01w,6,0,CHA,WNBA,34,33,887,318,64,115,179,14,30,37,69,0,218,111,141,96,0,0,5,0,0,0,0,0,0,0,0,0,0,0,0,0,0,0,0,0,0,0,887,318,64,115,14,30,37,69,0,0,0,0,0.46144306131405793,0.46144306131405793
suttota01w,7,0,CHA,WNBA,30,30,800,335,70,106,176,20,26,55,71,0,242,118,155,99,0,0,2,0,0,0,0,0,0,0,0,0,0,0,0,0,0,0,0,0,0,0,800,335,70,106,20,26,55,71,0,0,0,0,0.5572499930343751,0.5572499930343751
suttota01w,8,0,IND,WNBA,34,33,860,409,66,118,184,30,35,47,85,0,307,149,155,111,0,0,1,6,6,123,42,7,21,28,4,1,12,8,15,43,15,21,12,0,0,0,860,409,66,118,30,35,47,85,0,0,0,0,0.6018604581179016,0.6018604581179016
suttota01w,9,0,IND,WNBA,33,33,956,389,63,145,208,17,20,57,69,0,289,143,153,103,1,0,2,3,3,93,44,6,10,16,1,1,4,6,12,31,12,21,20,0,0,0,956,389,63,145,17,20,57,69,0,0,0,0,0.52468618698027,0.52468618698027
suttota01w,10,0,IND,WNBA,27,25,680,266,44,114,158,23,15,40,49,0,204,95,102,76,0,0,2,10,10,311,143,15,41,56,5,9,14,30,30,106,56,45,31,0,0,0,680,266,44,114,23,15,40,49,0,0,0,0,0.5294117569204153,0.5294117569204153
swanike01w,9,0,CON,WNBA,25,6,231,41,5,24,29,26,14,1,20,0,47,13,10,8,30,7,0,0,0,0,0,0,0,0,0,0,0,0,0,0,0,0,0,0,0,0,231,41,5,24,26,14,1,20,0,0,0,0,0.31471860109443284,0.31471860109443284
swanike01w,10,0,PHO,WNBA,33,0,388,93,7,46,53,54,15,3,46,0,88,33,18,16,33,11,0,9,0,91,20,2,7,9,13,2,0,7,10,27,8,0,0,11,4,0,388,93,7,46,54,15,3,46,0,0,0,0,0.35489689806966757,0.35489689806966757
swoopsh01w,1,0,HOU,WNBA,31,31,1090,643,40,155,195,119,87,33,82,0,484,245,145,119,91,34,0,6,6,220,113,9,25,34,19,17,0,12,11,87,41,29,23,17,8,0,1090,643,40,155,119,87,33,82,0,0,0,0,0.8022935706211599,0.8022935706211599
swoopsh01w,3,0,HOU,WNBA,32,32,1154,592,30,128,158,107,88,23,87,0,509,221,154,127,80,23,0,3,3,127,73,10,12,22,17,12,2,8,7,63,25,25,20,9,3,0,1154,592,30,128,107,88,23,87,0,0,0,0,0.6779895955113553,0.6779895955113553
swoopsh01w,4,0,HOU,WNBA,31,30,1084,484,32,111,143,121,77,26,73,0,434,175,124,110,79,24,0,3,3,110,56,2,17,19,13,4,2,5,8,46,20,16,15,10,1,0,1084,484,32,111,121,77,26,73,0,0,0,0,0.6371771158932,0.6371771158932
swoopsh01w,5,0,HOU,WNBA,31,31,1070,459,38,115,153,91,47,16,59,0,429,181,90,77,65,20,0,0,0,0,0,0,0,0,0,0,0,0,0,0,0,0,0,0,0,0,1070,459,38,115,91,47,16,59,0,0,0,0,0.5748598077115906,0.5748598077115906
swoopsh01w,6,0,HOU,WNBA,33,33,1225,614,27,92,119,141,66,26,72,0,486,217,180,153,75,27,0,5,5,189,92,8,20,28,19,7,2,15,17,87,35,21,17,14,5,0,1225,614,27,92,141,66,26,72,0,0,0,0,0.6706122394235736,0.6706122394235736
swoopsh01w,7,0,HOU,WNBA,31,31,1111,482,34,149,183,115,64,9,74,0,436,180,127,97,90,25,0,2,2,62,22,0,5,5,3,2,2,2,2,18,7,8,7,6,1,0,1111,482,34,149,115,64,9,74,0,0,0,0,0.5981098055975715,0.5981098055975715
swoopsh01w,8,0,HOU,WNBA,3,3,106,23,3,14,17,11,5,1,9,0,25,9,4,4,7,1,0,0,0,0,0,0,0,0,0,0,0,0,0,0,0,0,0,0,0,0,106,23,3,14,11,5,1,9,0,0,0,0,0.3518867592559661,0.3518867592559661
swoopsh01w,9,0,SEA,WNBA,29,25,706,205,26,100,126,60,43,9,31,0,192,75,59,41,63,14,0,3,2,72,26,3,7,10,3,6,0,5,7,25,8,9,8,10,2,0,706,205,26,100,60,43,9,31,0,0,0,0,0.47337109811089095,0.47337109811089095
tateso01w,1,0,MIN,WNBA,8,0,94,27,6,7,13,5,3,0,7,0,22,10,2,1,11,6,0,0,0,0,0,0,0,0,0,0,0,0,0,0,0,0,0,0,0,0,94,27,6,7,5,3,0,7,0,0,0,0,0.36489357820281076,0.36489357820281076
tauradi01w,5,0,PHO,WNBA,34,34,1130,578,28,121,149,132,43,25,90,0,503,209,129,98,188,62,4,0,0,0,0,0,0,0,0,0,0,0,0,0,0,0,0,0,0,0,1130,578,28,121,132,43,25,90,0,0,0,0,0.6583185782449683,0.6583185782449683
tauradi01w,6,0,PHO,WNBA,33,33,1089,527,22,116,138,150,38,28,112,0,427,175,151,121,179,56,2,0,0,0,0,0,0,0,0,0,0,0,0,0,0,0,0,0,0,0,1089,527,22,116,150,38,28,112,0,0,0,0,0.6255280016021303,0.6255280016021303
tauradi01w,7,0,PHO,WNBA,34,34,1152,860,25,97,122,139,42,27,79,0,660,298,183,143,305,121,2,0,0,0,0,0,0,0,0,0,0,0,0,0,0,0,0,0,0,0,1152,860,25,97,139,42,27,79,0,0,0,0,0.8989583255298755,0.8989583255298755
tauradi01w,8,0,PHO,WNBA,32,32,1025,613,18,117,135,137,45,34,84,0,468,206,127,106,259,95,1,9,9,299,179,6,33,39,27,13,7,18,31,127,64,26,19,82,32,1,1025,613,18,117,137,45,34,84,0,0,0,0,0.773365846113504,0.773365846113504
tauradi01w,9,0,PHO,WNBA,34,34,1083,820,26,146,172,121,46,46,83,0,579,258,247,215,247,89,2,0,0,0,0,0,0,0,0,0,0,0,0,0,0,0,0,0,0,0,1083,820,26,146,121,46,46,83,0,0,0,0,0.9344413579460632,0.9344413579460632
tauradi01w,10,0,PHO,WNBA,31,31,976,631,18,160,178,109,36,43,82,0,434,200,170,152,194,79,0,11,11,362,245,9,56,65,42,8,14,33,41,182,82,56,50,85,31,2,976,631,18,160,109,36,43,82,0,0,0,0,0.8172131063810133,0.8172131063810133
tayloli01w,5,0,PHO,WNBA,5,0,26,3,0,3,3,2,1,1,1,0,5,1,0,0,3,1,0,0,0,0,0,0,0,0,0,0,0,0,0,0,0,0,0,0,0,0,26,3,0,3,2,1,1,1,0,0,0,0,0.26538451331364876,0.26538451331364876
taylope01w,2,0,CLE,WNBA,32,0,561,230,36,76,112,44,35,11,38,0,225,86,46,36,73,22,0,3,0,59,21,2,7,9,3,6,1,5,4,25,8,4,3,11,2,0,561,230,36,76,44,35,11,38,0,0,0,0,0.5882352836321697,0.5882352836321697
taylope01w,3,0,CLE,WNBA,30,26,908,391,51,107,158,68,37,11,58,0,320,133,102,87,111,38,0,0,0,0,0,0,0,0,0,0,0,0,0,0,0,0,0,0,0,0,908,391,51,107,68,37,11,58,0,0,0,0,0.5691629893263987,0.5691629893263987
taylope01w,4,0,CLE,WNBA,34,33,898,398,44,104,148,80,38,10,60,0,340,143,95,78,99,34,0,3,3,99,45,1,12,13,3,6,1,6,10,36,16,12,10,10,3,0,898,398,44,104,80,38,10,60,0,0,0,0,0.5879732673945071,0.5879732673945071
taylope01w,5,0,PHO,WNBA,33,33,1076,434,51,109,160,82,52,14,81,0,310,150,108,93,96,41,1,0,0,0,0,0,0,0,0,0,0,0,0,0,0,0,0,0,0,0,1076,434,51,109,82,52,14,81,0,0,0,0,0.5291821512157793,0.5291821512157793
taylope01w,6,0,PHO,WNBA,29,29,852,382,38,82,120,94,38,11,77,0,261,121,118,102,94,38,2,0,0,0,0,0,0,0,0,0,0,0,0,0,0,0,0,0,0,0,852,382,38,82,94,38,11,77,0,0,0,0,0.5859154860808042,0.5859154860808042
taylope01w,7,0,PHO,WNBA,20,8,536,277,32,81,113,51,29,9,29,0,220,98,66,57,65,24,1,0,0,0,0,0,0,0,0,0,0,0,0,0,0,0,0,0,0,0,536,277,32,81,51,29,9,29,0,0,0,0,0.7158581955996606,0.7158581955996606
taylope01w,8,0,PHO,WNBA,34,34,1010,605,73,141,214,98,51,22,77,0,397,198,198,175,90,34,2,9,9,311,174,24,47,71,34,16,10,25,33,112,52,68,62,20,8,0,1010,605,73,141,98,51,22,77,0,0,0,0,0.7845544476776787,0.7845544476776787
taylope01w,10,0,PHO,WNBA,14,1,283,153,12,22,34,32,18,2,31,0,108,50,48,43,25,10,0,11,0,265,157,10,28,38,37,4,2,12,23,93,49,51,44,31,15,0,283,153,12,22,32,18,2,31,0,0,0,0,0.6678444993694523,0.6678444993694523
teaslni01w,3,0,LAS,WNBA,32,32,882,204,17,67,84,140,25,9,68,0,166,67,40,30,100,40,1,6,6,184,49,3,10,13,47,9,1,22,22,42,14,19,16,22,5,1,882,204,17,67,140,25,9,68,0,0,0,0,0.38775509764450006,0.38775509764450006
teaslni01w,4,0,LAS,WNBA,34,34,1189,392,30,145,175,214,39,15,108,0,288,112,112,98,165,70,0,9,9,312,70,11,29,40,71,12,0,27,23,67,22,20,16,45,10,0,1189,392,30,145,214,39,15,108,0,0,0,0,0.518502939289294,0.518502939289294
teaslni01w,5,0,LAS,WNBA,34,34,1105,336,29,87,116,207,43,7,103,0,278,108,68,52,165,68,0,3,3,88,19,1,2,3,16,2,1,14,10,19,5,4,4,15,5,0,1105,336,29,87,207,43,7,103,0,0,0,0,0.48542985986036336,0.48542985986036336
teaslni01w,6,0,LAS,WNBA,19,19,551,141,6,47,53,70,23,4,47,0,135,45,26,22,94,29,0,2,1,61,22,2,3,5,14,3,0,3,4,21,7,9,6,11,2,0,551,141,6,47,70,23,4,47,0,0,0,0,0.3798548025434699,0.3798548025434699
teaslni01w,7,0,WAS,WNBA,34,34,975,364,13,76,89,183,44,11,77,0,318,118,92,76,151,52,1,2,2,67,20,1,9,10,8,1,0,7,5,21,7,7,6,9,0,0,975,364,13,76,183,44,11,77,0,0,0,0,0.5711794813212362,0.5711794813212362
teaslni01w,8,0,WAS,WNBA,33,33,746,172,19,54,73,109,23,6,62,0,152,51,45,42,85,28,0,0,0,0,0,0,0,0,0,0,0,0,0,0,0,0,0,0,0,0,746,172,19,54,109,23,6,62,0,0,0,0,0.37198390922273583,0.37198390922273583
teaslni01w,10,1,ATL,WNBA,10,10,234,39,2,15,17,35,9,1,12,0,30,12,10,8,17,7,0,0,0,0,0,0,0,0,0,0,0,0,0,0,0,0,0,0,0,0,234,39,2,15,35,9,1,12,0,0,0,0,0.3329059686792321,0.3329059686792321
teaslni01w,10,2,DET,WNBA,11,7,222,42,1,13,14,24,6,4,16,0,39,15,2,2,30,10,0,5,5,83,24,0,1,1,9,1,1,9,16,18,8,6,4,10,4,0,222,42,1,13,24,6,4,16,0,0,0,0,0.29099097788328926,0.29099097788328926
teilaza01w,7,0,WAS,WNBA,16,0,105,29,11,16,27,1,3,3,4,0,26,14,2,1,0,0,0,2,0,4,0,0,0,0,0,0,0,0,0,1,0,0,0,0,0,0,105,29,11,16,1,3,3,4,0,0,0,0,0.4238094834467159,0.4238094834467159
terryka01w,7,0,IND,WNBA,10,0,53,23,4,10,14,0,0,3,8,0,19,11,5,1,0,0,0,0,0,0,0,0,0,0,0,0,0,0,0,0,0,0,0,0,0,0,53,23,4,10,0,0,3,8,0,0,0,0,0.4490565190459398,0.4490565190459398
terryka01w,8,0,IND,WNBA,9,0,54,9,5,9,14,1,2,3,11,0,12,3,4,3,0,0,1,0,0,0,0,0,0,0,0,0,0,0,0,0,0,0,0,0,0,0,54,9,5,9,1,2,3,11,0,0,0,0,0.18888885390947147,0.18888885390947147
terryka01w,9,2,ATL,WNBA,20,8,275,92,27,37,64,10,10,11,37,0,76,36,33,20,0,0,0,0,0,0,0,0,0,0,0,0,0,0,0,0,0,0,0,0,0,0,275,92,27,37,10,10,11,37,0,0,0,0,0.42181816647933945,0.42181816647933945
terryka01w,9,1,IND,WNBA,2,0,24,2,1,4,5,2,0,0,6,0,5,1,0,0,0,0,0,0,0,0,0,0,0,0,0,0,0,0,0,0,0,0,0,0,0,0,24,2,1,4,2,0,0,6,0,0,0,0,-0.0041666649305562645,-0.0041666649305562645
thomaca01w,8,0,CHI,WNBA,17,0,122,43,11,17,28,3,1,4,7,0,38,15,14,13,1,0,0,0,0,0,0,0,0,0,0,0,0,0,0,0,0,0,0,0,0,0,122,43,11,17,3,1,4,7,0,0,0,0,0.46557373233002197,0.46557373233002197
thomach01w,5,0,LAS,WNBA,31,8,547,165,43,77,120,23,18,14,27,0,143,66,41,28,11,5,0,3,3,100,24,11,12,23,2,1,1,2,14,22,12,0,0,1,0,0,547,165,43,77,23,18,14,27,0,0,0,0,0.450091399449883,0.450091399449883
thomach01w,6,0,LAS,WNBA,32,0,520,122,28,76,104,17,11,19,25,0,96,48,32,22,12,4,1,2,0,38,8,1,1,2,2,0,2,2,7,4,3,1,1,1,1,0,520,122,28,76,17,11,19,25,0,0,0,0,0.3584615315680475,0.3584615315680475
thomach01w,7,0,LAS,WNBA,27,1,539,164,43,100,143,26,20,14,42,0,133,65,47,30,20,4,1,5,0,107,30,1,15,16,4,3,6,1,13,22,12,5,4,3,2,0,539,164,43,100,26,20,14,42,0,0,0,0,0.4491651122603876,0.4491651122603876
thomach01w,8,0,LAS,WNBA,34,19,640,287,66,113,179,18,22,9,46,0,237,114,70,53,17,6,2,0,0,0,0,0,0,0,0,0,0,0,0,0,0,0,0,0,0,0,640,287,66,113,18,22,9,46,0,0,0,0,0.5782812409643556,0.5782812409643556
thomach01w,9,0,LAS,WNBA,20,0,159,29,10,30,40,6,2,8,8,0,34,12,8,4,6,1,0,0,0,0,0,0,0,0,0,0,0,0,0,0,0,0,0,0,0,0,159,29,10,30,6,2,8,8,0,0,0,0,0.33333331236897407,0.33333331236897407
thomach01w,10,0,MIN,WNBA,11,0,66,3,5,10,15,3,3,5,6,0,21,1,2,1,7,0,0,0,0,0,0,0,0,0,0,0,0,0,0,0,0,0,0,0,0,0,66,3,5,10,3,3,5,6,0,0,0,0,0.21969693640955507,0.21969693640955507
thomala01w,4,0,CLE,WNBA,32,25,852,345,63,101,164,37,28,13,42,0,296,137,90,71,6,0,1,3,3,100,41,6,17,23,4,1,4,6,11,32,14,17,13,2,0,0,852,345,63,101,37,28,13,42,0,0,0,0,0.5345070359799644,0.5345070359799644
thomala01w,5,0,SAS,WNBA,31,30,964,440,48,90,138,42,25,11,56,0,350,171,113,95,8,3,1,0,0,0,0,0,0,0,0,0,0,0,0,0,0,0,0,0,0,0,964,440,48,90,42,25,11,56,0,0,0,0,0.5421161769490024,0.5421161769490024
thomala01w,6,0,SAS,WNBA,21,12,505,185,18,50,68,22,7,8,33,0,161,69,49,44,7,3,0,0,0,0,0,0,0,0,0,0,0,0,0,0,0,0,0,0,0,0,505,185,18,50,22,7,8,33,0,0,0,0,0.4289108825958241,0.4289108825958241
thomala01w,7,0,SAS,WNBA,19,0,369,157,27,55,82,22,14,7,27,0,124,56,59,45,0,0,1,0,0,0,0,0,0,0,0,0,0,0,0,0,0,0,0,0,0,0,369,157,27,55,22,14,7,27,0,0,0,0,0.5647696323910669,0.5647696323910669
thomala01w,8,0,LAS,WNBA,27,7,487,208,27,34,61,32,9,7,29,0,174,77,46,38,38,16,0,0,0,0,0,0,0,0,0,0,0,0,0,0,0,0,0,0,0,0,487,208,27,34,32,9,7,29,0,0,0,0,0.5258726791401914,0.5258726791401914
thomala01w,9,1,DET,WNBA,7,0,40,8,2,3,5,1,1,1,2,0,15,4,0,0,2,0,0,0,0,0,0,0,0,0,0,0,0,0,0,0,0,0,0,0,0,0,40,8,2,3,1,1,1,2,0,0,0,0,0.28249992937501767,0.28249992937501767
thomala01w,9,2,MIN,WNBA,13,0,147,47,8,17,25,3,2,0,18,0,38,19,9,4,7,5,0,0,0,0,0,0,0,0,0,0,0,0,0,0,0,0,0,0,0,0,147,47,8,17,3,2,0,18,0,0,0,0,0.3040816119672373,0.3040816119672373
thomast01w,1,0,POR,WNBA,32,31,863,163,48,78,126,101,54,15,68,0,163,58,74,44,12,3,1,0,0,0,0,0,0,0,0,0,0,0,0,0,0,0,0,0,0,0,863,163,48,78,101,54,15,68,0,0,0,0,0.37311702928021984,0.37311702928021984
thomast01w,2,0,POR,WNBA,32,1,413,59,31,39,70,41,30,10,40,0,60,22,35,15,7,0,0,0,0,0,0,0,0,0,0,0,0,0,0,0,0,0,0,0,0,0,413,59,31,39,41,30,10,40,0,0,0,0,0.3230024134866244,0.3230024134866244
thomast01w,3,0,POR,WNBA,32,6,621,143,34,60,94,67,42,12,36,0,148,51,61,31,39,10,0,0,0,0,0,0,0,0,0,0,0,0,0,0,0,0,0,0,0,0,621,143,34,60,67,42,12,36,0,0,0,0,0.43446054050788185,0.43446054050788185
thomast01w,4,2,DET,WNBA,11,0,82,15,5,11,16,5,9,1,6,0,16,5,11,4,5,1,0,4,0,13,0,0,3,3,0,1,0,1,1,1,0,0,0,0,0,0,82,15,5,11,5,9,1,6,0,0,0,0,0.3756097102914987,0.3756097102914987
thomast01w,4,1,PHO,WNBA,19,1,187,46,10,17,27,10,11,8,10,0,46,15,16,10,22,6,0,0,0,0,0,0,0,0,0,0,0,0,0,0,0,0,0,0,0,0,187,46,10,17,10,11,8,10,0,0,0,0,0.4122994431925431,0.4122994431925431
thomast01w,5,0,DET,WNBA,1,0,1,0,0,0,0,0,0,0,0,0,0,0,0,0,0,0,0,3,0,7,3,0,1,1,0,1,0,0,1,1,1,0,0,1,1,0,1,0,0,0,0,0,0,0,0,0,0,0,0.0,0.0
thomast01w,6,1,DET,WNBA,17,0,133,12,10,10,20,8,8,3,3,0,12,2,20,8,1,0,0,0,0,0,0,0,0,0,0,0,0,0,0,0,0,0,0,0,0,0,133,12,10,10,8,8,3,3,0,0,0,0,0.2857142642320102,0.2857142642320102
thomast01w,6,2,MIN,WNBA,1,0,3,0,1,1,2,0,0,0,0,0,2,0,0,0,0,0,0,0,0,0,0,0,0,0,0,0,0,0,0,0,0,0,0,0,0,0,3,0,1,1,0,0,0,0,0,0,0,0,0.3333322222259259,0.3333322222259259
thompal01w,1,0,IND,WNBA,31,26,792,310,48,109,157,41,24,4,53,0,255,131,42,30,40,18,4,0,0,0,0,0,0,0,0,0,0,0,0,0,0,0,0,0,0,0,792,310,48,109,41,24,4,53,0,0,0,0,0.49532827657413797,0.49532827657413797
thompal01w,2,0,IND,WNBA,22,7,381,186,21,42,63,25,9,7,22,0,174,76,23,17,43,17,0,0,0,0,0,0,0,0,0,0,0,0,0,0,0,0,0,0,0,0,381,186,21,42,25,9,7,22,0,0,0,0,0.6097112700863183,0.6097112700863183
thompal01w,3,0,IND,WNBA,18,2,314,97,12,30,42,14,7,2,18,0,109,39,17,12,29,7,0,1,0,2,2,0,0,0,0,0,0,0,0,1,1,0,0,0,0,0,314,97,12,30,14,7,2,18,0,0,0,0,0.3802547649600394,0.3802547649600394
thompal01w,5,0,SEA,WNBA,23,2,182,52,8,16,24,9,6,0,7,0,54,24,2,1,16,3,0,8,0,83,39,6,9,15,6,2,1,7,6,33,15,3,3,12,6,0,182,52,8,16,9,6,0,7,0,0,0,0,0.3868131655597162,0.3868131655597162
thompal01w,6,0,SEA,WNBA,30,1,329,83,10,35,45,14,4,4,18,0,81,32,16,12,22,7,0,1,0,10,2,0,3,3,0,0,0,0,0,4,1,0,0,1,0,0,329,83,10,35,14,4,4,18,0,0,0,0,0.31762916967692495,0.31762916967692495
thompti01w,1,0,HOU,WNBA,32,32,1087,540,68,177,245,48,47,25,84,0,407,191,123,103,132,55,0,6,6,233,76,17,31,48,10,5,5,10,19,62,25,18,17,23,9,0,1087,540,68,177,48,47,25,84,0,0,0,0,0.622539092708932,0.622539092708932
thompti01w,2,0,HOU,WNBA,30,30,1102,579,84,149,233,58,29,22,87,0,528,199,163,137,150,44,0,2,2,68,29,4,8,12,7,1,0,10,5,20,11,5,4,5,3,0,1102,579,84,149,58,29,22,87,0,0,0,0,0.63929219020606,0.63929219020606
thompti01w,3,0,HOU,WNBA,29,29,1052,485,67,150,217,62,25,20,92,0,408,176,113,93,108,40,0,3,3,128,43,9,15,24,4,6,3,2,12,44,16,10,7,12,4,0,1052,485,67,150,62,25,20,92,0,0,0,0,0.5626425802030173,0.5626425802030173
thompti01w,4,0,HOU,WNBA,28,28,974,472,39,126,165,47,18,23,69,0,426,176,104,81,114,39,0,3,3,106,45,3,11,14,5,2,6,6,9,46,18,7,6,13,3,0,974,472,39,126,47,18,23,69,0,0,0,0,0.5709445526597069,0.5709445526597069
thompti01w,5,0,HOU,WNBA,26,26,943,520,44,113,157,48,22,23,70,0,448,180,147,116,108,44,0,0,0,0,0,0,0,0,0,0,0,0,0,0,0,0,0,0,0,0,943,520,44,113,48,22,23,70,0,0,0,0,0.6444326548840651,0.6444326548840651
thompti01w,6,0,HOU,WNBA,15,15,439,152,17,40,57,22,12,4,32,0,150,62,21,16,40,12,0,5,5,168,69,10,18,28,6,2,6,9,15,57,28,14,10,10,3,0,439,152,17,40,22,12,4,32,0,0,0,0,0.41435078782800033,0.41435078782800033
thompti01w,7,0,HOU,WNBA,21,21,696,392,31,87,118,47,20,13,52,0,304,139,92,74,96,40,0,2,2,63,27,3,2,5,3,2,1,5,7,21,8,9,9,5,2,0,696,392,31,87,47,20,13,52,0,0,0,0,0.6721264271246202,0.6721264271246202
thompti01w,8,0,HOU,WNBA,34,34,1234,639,65,164,229,94,29,23,112,0,495,208,205,171,130,52,0,0,0,0,0,0,0,0,0,0,0,0,0,0,0,0,0,0,0,0,1234,639,65,164,94,29,23,112,0,0,0,0,0.6221231716197474,0.6221231716197474
thompti01w,9,0,HOU,WNBA,30,29,1074,542,48,160,208,64,33,20,112,0,456,188,128,110,139,56,0,0,0,0,0,0,0,0,0,0,0,0,0,0,0,0,0,0,0,0,1074,542,48,160,64,33,20,112,0,0,0,0,0.5852886351462884,0.5852886351462884
thompti01w,10,0,LAS,WNBA,34,34,1182,441,46,153,199,78,26,24,94,0,395,152,98,85,141,52,0,6,6,218,91,16,26,42,17,5,4,15,16,74,28,24,23,26,12,0,1182,441,46,153,78,26,24,94,0,0,0,0,0.46793569824081477,0.46793569824081477
thorbsh01w,7,0,MIN,WNBA,22,0,141,16,4,14,18,19,4,2,14,0,27,5,8,5,8,1,0,0,0,0,0,0,0,0,0,0,0,0,0,0,0,0,0,0,0,0,141,16,4,14,19,4,2,14,0,0,0,0,0.2411347346712954,0.2411347346712954
thorbsh01w,8,0,SEA,WNBA,2,0,8,2,0,1,1,0,0,0,2,0,2,1,0,0,0,0,0,0,0,0,0,0,0,0,0,0,0,0,0,0,0,0,0,0,0,0,8,2,0,1,0,0,0,2,0,0,0,0,0.03749995312505857,0.03749995312505857
thorner01w,4,0,NYL,WNBA,23,0,181,44,3,8,11,16,4,1,13,0,42,13,10,10,33,8,0,0,0,0,0,0,0,0,0,0,0,0,0,0,0,0,0,0,0,0,181,44,3,8,16,4,1,13,0,0,0,0,0.31215467888648185,0.31215467888648185
thorner01w,5,0,NYL,WNBA,17,1,156,34,0,8,8,8,4,1,9,0,45,12,2,1,31,9,0,2,0,3,3,0,0,0,0,0,0,0,0,1,1,0,0,1,1,0,156,34,0,8,8,4,1,9,0,0,0,0,0.2589743423734396,0.2589743423734396
thorner01w,6,0,NYL,WNBA,21,0,203,56,4,10,14,13,4,0,7,0,54,21,4,4,29,10,0,2,0,10,2,0,0,0,0,0,0,0,1,2,1,0,0,0,0,0,203,56,4,10,13,4,0,7,0,0,0,0,0.3536945638574106,0.3536945638574106
thorner01w,7,0,NYL,WNBA,27,1,378,166,9,29,38,33,6,1,21,0,132,55,31,28,65,28,0,0,0,0,0,0,0,0,0,0,0,0,0,0,0,0,0,0,0,0,378,166,9,29,33,6,1,21,0,0,0,0,0.529100515103161,0.529100515103161
thorner01w,8,0,NYL,WNBA,29,29,883,281,17,70,87,73,25,1,48,0,245,104,34,25,123,48,0,3,3,74,13,1,8,9,6,2,0,3,1,11,5,0,0,8,3,0,883,281,17,70,73,25,1,48,0,0,0,0,0.4132502784456367,0.4132502784456367
thorner01w,9,0,NYL,WNBA,32,5,380,101,2,18,20,36,7,2,20,0,106,36,11,10,71,19,0,6,0,62,24,0,2,2,6,1,0,5,1,12,7,7,6,7,4,0,380,101,2,18,36,7,2,20,0,0,0,0,0.34947367501385074,0.34947367501385074
thorner01w,10,0,CHI,WNBA,34,0,577,211,13,40,53,53,20,0,31,0,170,72,33,30,92,37,0,0,0,0,0,0,0,0,0,0,0,0,0,0,0,0,0,0,0,0,577,211,13,40,53,20,0,31,0,0,0,0,0.47504331932333943,0.47504331932333943
threaro01w,1,0,SEA,WNBA,20,7,377,155,10,22,32,18,13,3,30,0,157,60,35,23,37,12,1,0,0,0,0,0,0,0,0,0,0,0,0,0,0,0,0,0,0,0,377,155,10,22,18,13,3,30,0,0,0,0,0.45782492154310556,0.45782492154310556
tilliic01w,5,0,DET,WNBA,31,1,287,83,13,26,39,13,9,8,23,0,74,35,12,7,18,6,0,3,0,18,2,0,1,1,1,0,0,1,3,1,1,0,0,0,0,0,287,83,13,26,13,9,8,23,0,0,0,0,0.37247385461763566,0.37247385461763566
tilliic01w,7,0,NYL,WNBA,25,0,256,86,21,34,55,11,10,4,22,0,89,32,22,16,29,6,2,0,0,0,0,0,0,0,0,0,0,0,0,0,0,0,0,0,0,0,256,86,21,34,11,10,4,22,0,0,0,0,0.44492185762024,0.44492185762024
tilliic01w,8,2,DET,WNBA,8,1,26,4,2,5,7,1,0,0,7,0,6,2,0,0,2,0,0,0,0,0,0,0,0,0,0,0,0,0,0,0,0,0,0,0,0,0,26,4,2,5,1,0,0,7,0,0,0,0,0.03461537130178028,0.03461537130178028
tilliic01w,8,1,LAS,WNBA,3,0,8,0,0,1,1,0,0,0,4,0,2,0,0,0,0,0,0,0,0,0,0,0,0,0,0,0,0,0,0,0,0,0,0,0,0,0,8,0,0,1,0,0,0,4,0,0,0,0,-0.4624994218757227,-0.4624994218757227
timmsmi01w,1,0,PHO,WNBA,8,8,176,30,2,14,16,18,15,2,18,0,30,11,4,4,17,4,0,0,0,0,0,0,0,0,0,0,0,0,0,0,0,0,0,0,0,0,176,30,2,14,18,15,2,18,0,0,0,0,0.29886361938274886,0.29886361938274886
timmsmi01w,2,0,PHO,WNBA,21,18,408,98,11,34,45,87,21,2,42,0,110,38,10,8,46,14,0,0,0,0,0,0,0,0,0,0,0,0,0,0,0,0,0,0,0,0,408,98,11,34,87,21,2,42,0,0,0,0,0.4507352830702137,0.4507352830702137
tolivkr01w,10,0,CHI,WNBA,27,0,386,205,6,31,37,51,10,3,44,0,159,72,23,21,90,40,0,0,0,0,0,0,0,0,0,0,0,0,0,0,0,0,0,0,0,0,386,205,6,31,51,10,3,44,0,0,0,0,0.6178756316612531,0.6178756316612531
torniel01w,1,0,DET,WNBA,32,32,869,330,41,69,110,82,29,13,68,0,241,122,93,85,8,1,0,0,0,0,0,0,0,0,0,0,0,0,0,0,0,0,0,0,0,0,869,330,41,69,82,29,13,68,0,0,0,0,0.5010356674219141,0.5010356674219141
torniel01w,2,0,DET,WNBA,32,32,777,307,28,49,77,56,19,14,59,0,249,111,71,63,49,22,0,0,0,0,0,0,0,0,0,0,0,0,0,0,0,0,0,0,0,0,777,307,28,49,56,19,14,59,0,0,0,0,0.47786357171346755,0.47786357171346755
torrele01w,2,0,MIA,WNBA,2,0,8,0,0,0,0,0,0,0,2,0,0,0,0,0,0,0,0,2,0,3,2,0,2,2,0,0,0,1,0,0,0,2,2,0,0,0,8,0,0,0,0,0,0,2,0,0,0,0,-0.24999968750039064,-0.24999968750039064
traviti01w,1,0,CHA,WNBA,32,12,574,173,24,57,81,26,31,4,32,0,158,70,28,21,25,12,0,0,0,0,0,0,0,0,0,0,0,0,0,0,0,0,0,0,0,0,574,173,24,57,26,31,4,32,0,0,0,0,0.4109756025962438,0.4109756025962438
tremich01w,1,0,IND,WNBA,25,3,318,50,6,25,31,51,10,1,30,0,51,18,16,10,9,4,0,0,0,0,0,0,0,0,0,0,0,0,0,0,0,0,0,0,0,0,318,50,6,25,51,10,1,30,0,0,0,0,0.294654078784463,0.294654078784463
turneba01w,7,0,SEA,WNBA,34,9,622,216,26,60,86,48,13,6,47,0,159,71,77,64,40,10,0,3,0,53,7,2,6,8,5,1,2,0,1,9,3,0,0,3,1,0,622,216,26,60,48,13,6,47,0,0,0,0,0.4376205717424345,0.4376205717424345
turneba01w,8,0,HOU,WNBA,22,2,263,92,9,33,42,20,8,4,21,0,72,29,41,27,30,7,0,0,0,0,0,0,0,0,0,0,0,0,0,0,0,0,0,0,0,0,263,92,9,33,20,8,4,21,0,0,0,0,0.45323192193034517,0.45323192193034517
turneba01w,9,0,CON,WNBA,34,6,663,273,23,85,108,52,12,14,40,0,192,80,89,69,118,44,0,3,0,57,16,3,7,10,1,0,1,3,6,22,5,2,2,14,4,0,663,273,23,85,52,12,14,40,0,0,0,0,0.5318250296858971,0.5318250296858971
turneba01w,10,0,CON,WNBA,7,0,144,28,4,11,15,14,5,0,4,0,39,8,10,8,25,4,0,0,0,0,0,0,0,0,0,0,0,0,0,0,0,0,0,0,0,0,144,28,4,11,14,5,0,4,0,0,0,0,0.34097219854359734,0.34097219854359734
tuvicsl01w,2,0,PHO,WNBA,30,0,325,54,18,45,63,17,16,17,28,0,42,13,59,28,0,0,0,0,0,0,0,0,0,0,0,0,0,0,0,0,0,0,0,0,0,0,325,54,18,45,17,16,17,28,0,0,0,0,0.3141538364875743,0.3141538364875743
tuvicsl01w,3,0,PHO,WNBA,26,1,320,86,11,52,63,11,9,9,31,0,77,30,32,25,6,1,0,0,0,0,0,0,0,0,0,0,0,0,0,0,0,0,0,0,0,0,320,86,11,52,11,9,9,31,0,0,0,0,0.3353124895214848,0.3353124895214848
tuvicsl01w,4,0,PHO,WNBA,17,14,365,127,31,36,67,12,10,15,32,0,116,45,46,37,4,0,2,0,0,0,0,0,0,0,0,0,0,0,0,0,0,0,0,0,0,0,365,127,31,36,12,10,15,32,0,0,0,0,0.4506849191593173,0.4506849191593173
tuvicsl01w,5,0,PHO,WNBA,33,26,691,91,25,98,123,32,25,37,41,0,99,37,24,17,1,0,2,0,0,0,0,0,0,0,0,0,0,0,0,0,0,0,0,0,0,0,691,91,25,98,32,25,37,41,0,0,0,0,0.2762662767544678,0.2762662767544678
udokamf01w,4,0,HOU,WNBA,25,3,251,80,22,29,51,4,4,2,21,0,64,32,23,16,1,0,0,1,0,6,1,0,1,1,0,0,0,2,2,0,0,2,1,0,0,0,251,80,22,29,4,4,2,21,0,0,0,0,0.37091631988381196,0.37091631988381196
udokamf01w,5,0,LAS,WNBA,3,0,19,1,2,1,3,0,0,0,1,0,2,0,4,1,0,0,0,0,0,0,0,0,0,0,0,0,0,0,0,0,0,0,0,0,0,0,19,1,2,1,0,0,0,1,0,0,0,0,0.08947363711913835,0.08947363711913835
ujhelpe01w,4,0,DET,WNBA,14,0,68,4,3,9,12,3,0,1,10,0,8,2,3,0,0,0,0,0,0,0,0,0,0,0,0,0,0,0,0,0,0,0,0,0,0,0,68,4,3,9,3,0,1,10,0,0,0,0,0.041176464532872846,0.041176464532872846
umoh-it01w,4,0,HOU,WNBA,3,0,6,0,0,0,0,1,0,0,1,0,0,0,0,0,0,0,0,0,0,0,0,0,0,0,0,0,0,0,0,0,0,0,0,0,0,0,6,0,0,0,1,0,0,1,0,0,0,0,0.0,0.0
valdeam01w,1,0,HOU,WNBA,22,0,171,57,3,18,21,13,8,4,13,0,60,20,6,6,29,11,0,3,0,16,9,1,3,4,0,1,0,0,0,5,2,4,4,3,1,0,171,57,3,18,13,8,4,13,0,0,0,0,0.44736839489073715,0.44736839489073715
vangomi01w,1,0,POR,WNBA,28,1,199,69,16,26,42,5,3,4,30,0,50,25,35,19,0,0,0,0,0,0,0,0,0,0,0,0,0,0,0,0,0,0,0,0,0,0,199,69,16,26,5,3,4,30,0,0,0,0,0.3517587762935288,0.3517587762935288
vangomi01w,2,0,MIN,WNBA,22,8,243,41,15,19,34,12,3,6,18,0,40,15,20,11,1,0,0,0,0,0,0,0,0,0,0,0,0,0,0,0,0,0,0,0,0,0,243,41,15,19,12,3,6,18,0,0,0,0,0.24773661531948085,0.24773661531948085
vangomi01w,3,0,MIN,WNBA,22,13,352,100,29,35,64,14,6,11,20,0,90,41,22,16,7,2,2,0,0,0,0,0,0,0,0,0,0,0,0,0,0,0,0,0,0,0,352,100,29,35,14,6,11,20,0,0,0,0,0.40284089764656544,0.40284089764656544
vangomi01w,4,0,MIN,WNBA,31,1,528,175,32,75,107,17,10,20,56,0,162,70,52,35,1,0,2,3,0,31,9,0,1,1,3,1,3,4,11,7,2,8,5,0,0,0,528,175,32,75,17,10,20,56,0,0,0,0,0.39943181061682176,0.39943181061682176
vangomi01w,5,0,MIN,WNBA,8,0,66,22,6,7,13,1,0,1,7,0,19,9,8,4,1,0,0,0,0,0,0,0,0,0,0,0,0,0,0,0,0,0,0,0,0,0,66,22,6,7,1,0,1,7,0,0,0,0,0.35303024954087125,0.35303024954087125
vaughki01w,10,0,NYL,WNBA,34,1,396,163,35,53,88,8,6,3,32,0,148,73,34,17,2,0,0,0,0,0,0,0,0,0,0,0,0,0,0,0,0,0,0,0,0,0,396,163,35,53,8,6,3,32,0,0,0,0,0.4757575637434959,0.4757575637434959
vaughkr01w,9,0,WAS,WNBA,15,0,78,12,4,11,15,0,2,2,10,0,19,3,10,6,2,0,0,0,0,0,0,0,0,0,0,0,0,0,0,0,0,0,0,0,0,0,78,12,4,11,0,2,2,10,0,0,0,0,0.15512818523997626,0.15512818523997626
vealkr01w,2,0,PHO,WNBA,29,14,658,116,14,46,60,125,33,4,82,0,125,35,42,32,50,14,0,0,0,0,0,0,0,0,0,0,0,0,0,0,0,0,0,0,0,0,658,116,14,46,125,33,4,82,0,0,0,0,0.3337385967516931,0.3337385967516931
vealkr01w,3,0,PHO,WNBA,23,10,361,71,6,21,27,41,14,2,42,0,79,24,13,10,47,13,0,0,0,0,0,0,0,0,0,0,0,0,0,0,0,0,0,0,0,0,361,71,6,21,41,14,2,42,0,0,0,0,0.26731301198578916,0.26731301198578916
vilipda01w,7,0,LAS,WNBA,2,0,12,0,0,2,2,0,0,1,1,0,2,0,0,0,0,0,0,0,0,0,0,0,0,0,0,0,0,0,0,0,0,0,0,0,0,0,12,0,0,2,0,0,1,1,0,0,0,0,0.049999958333368066,0.049999958333368066
vodicka01w,1,0,SEA,WNBA,23,19,489,200,28,69,97,22,13,12,57,0,171,68,78,60,20,4,0,0,0,0,0,0,0,0,0,0,0,0,0,0,0,0,0,0,0,0,489,200,28,69,22,13,12,57,0,0,0,0,0.4709611355631669,0.4709611355631669
vodicka01w,2,0,SEA,WNBA,29,4,405,150,25,46,71,23,16,7,34,0,122,51,44,38,25,10,0,0,0,0,0,0,0,0,0,0,0,0,0,0,0,0,0,0,0,0,405,150,25,46,23,16,7,34,0,0,0,0,0.47728393883249537,0.47728393883249537
vodicka01w,3,0,SEA,WNBA,32,30,817,295,61,115,176,47,36,18,55,0,245,114,67,54,38,13,1,2,2,61,25,2,8,10,3,2,0,2,3,16,7,11,10,2,1,0,817,295,61,115,47,36,18,55,0,0,0,0,0.5118726987530882,0.5118726987530882
vodicka01w,4,0,SEA,WNBA,28,27,709,284,55,88,143,31,20,21,53,0,213,101,101,82,5,0,4,0,0,0,0,0,0,0,0,0,0,0,0,0,0,0,0,0,0,0,709,284,55,88,31,20,21,53,0,0,0,0,0.5188998516375197,0.5188998516375197
vodicka01w,5,0,SEA,WNBA,34,34,873,273,65,103,168,55,32,12,73,0,241,94,108,84,2,1,5,8,8,204,49,13,17,30,6,7,7,13,16,47,19,18,11,0,0,0,873,273,65,103,55,32,12,73,0,0,0,0,0.4300114498280475,0.4300114498280475
vodicka01w,6,0,PHO,WNBA,28,25,821,305,60,136,196,63,28,22,58,0,257,127,72,48,7,3,2,0,0,0,0,0,0,0,0,0,0,0,0,0,0,0,0,0,0,0,821,305,60,136,63,28,22,58,0,0,0,0,0.5393422589605085,0.5393422589605085
vodicka01w,7,0,PHO,WNBA,28,27,736,272,46,141,187,41,28,19,53,0,250,111,65,50,7,0,2,0,0,0,0,0,0,0,0,0,0,0,0,0,0,0,0,0,0,0,736,272,46,141,41,28,19,53,0,0,0,0,0.5183423842616524,0.5183423842616524
vodopna01w,6,0,SEA,WNBA,17,0,98,25,3,17,20,10,3,2,8,0,22,8,12,8,5,1,0,1,0,3,0,0,0,0,0,0,0,0,0,1,0,0,0,0,0,0,98,25,3,17,10,3,2,8,0,0,0,0,0.39999995918367764,0.39999995918367764
walkeas01w,10,0,SEA,WNBA,13,0,90,23,6,17,23,4,2,2,7,0,28,7,10,8,6,1,0,1,0,1,0,0,0,0,0,0,0,1,0,0,0,0,0,0,0,0,90,23,6,17,4,2,2,7,0,0,0,0,0.3699999588888934,0.3699999588888934
walkeay01w,3,0,DET,WNBA,32,0,548,162,56,62,118,17,12,34,29,0,167,63,49,34,9,2,0,0,0,0,0,0,0,0,0,0,0,0,0,0,0,0,0,0,0,0,548,162,56,62,17,12,34,29,0,0,0,0,0.4631386776799511,0.4631386776799511
walkeay01w,4,0,DET,WNBA,34,1,271,56,34,37,71,10,10,11,19,0,70,24,21,8,0,0,0,4,0,24,5,3,3,6,0,4,1,1,0,5,1,3,3,0,0,0,271,56,34,37,10,10,11,19,0,0,0,0,0.3797047830367239,0.3797047830367239
walkeay01w,5,0,DET,WNBA,18,1,148,18,10,16,26,6,1,4,5,0,28,8,6,2,0,0,0,2,0,4,0,0,0,0,1,0,0,1,1,0,0,0,0,0,0,0,148,18,10,16,6,1,4,5,0,0,0,0,0.24189187554784622,0.24189187554784622
walkeay01w,6,2,CHA,WNBA,9,0,92,12,4,14,18,6,2,2,3,0,16,4,8,4,0,0,0,0,0,0,0,0,0,0,0,0,0,0,0,0,0,0,0,0,0,0,92,12,4,14,6,2,2,3,0,0,0,0,0.28260866493384074,0.28260866493384074
walkeay01w,6,1,DET,WNBA,12,11,241,59,16,31,47,13,6,10,16,0,52,25,12,9,0,0,0,0,0,0,0,0,0,0,0,0,0,0,0,0,0,0,0,0,0,0,241,59,16,31,13,6,10,16,0,0,0,0,0.3838174114598584,0.3838174114598584
walkeay01w,7,0,CHA,WNBA,25,0,181,46,11,20,31,3,10,10,4,0,37,17,21,12,0,0,0,0,0,0,0,0,0,0,0,0,0,0,0,0,0,0,0,0,0,0,181,46,11,20,3,10,10,4,0,0,0,0,0.43480660581178976,0.43480660581178976
walkeay01w,8,0,DET,WNBA,2,1,43,7,0,6,6,1,1,2,6,0,7,3,3,1,0,0,1,5,0,9,6,1,4,5,1,0,0,0,2,3,2,3,2,0,0,0,43,7,0,6,1,1,2,6,0,0,0,0,0.15813949810709346,0.15813949810709346
walkede01w,1,0,POR,WNBA,30,1,311,92,29,18,47,19,17,7,35,0,88,35,47,22,2,0,1,0,0,0,0,0,0,0,0,0,0,0,0,0,0,0,0,0,0,0,311,92,29,18,19,17,7,35,0,0,0,0,0.40418005131253854,0.40418005131253854
walkede01w,2,0,POR,WNBA,21,0,297,113,29,29,58,10,7,12,35,0,100,44,40,23,3,2,0,0,0,0,0,0,0,0,0,0,0,0,0,0,0,0,0,0,0,0,297,113,29,29,10,7,12,35,0,0,0,0,0.4579124424945306,0.4579124424945306
walkede01w,3,0,POR,WNBA,31,29,848,339,55,99,154,51,26,33,90,0,287,139,95,59,12,2,0,0,0,0,0,0,0,0,0,0,0,0,0,0,0,0,0,0,0,0,848,339,55,99,51,26,33,90,0,0,0,0,0.5037735789649342,0.5037735789649342
walkede01w,4,0,SAC,WNBA,34,21,740,307,61,88,149,47,25,23,69,0,242,111,143,83,15,2,0,6,6,170,59,14,13,27,10,1,3,21,17,55,24,20,11,0,0,0,740,307,61,88,47,25,23,69,0,0,0,0,0.5433783710354274,0.5433783710354274
walkede01w,5,0,SAC,WNBA,34,34,884,284,72,71,143,86,26,13,86,0,267,111,103,62,10,0,1,6,6,173,71,11,9,20,14,6,8,18,12,54,30,17,11,0,0,0,884,284,72,71,86,26,13,86,0,0,0,0,0.44649320761885514,0.44649320761885514
walkede01w,6,0,SAC,WNBA,22,19,598,311,47,70,117,48,28,13,69,0,234,125,93,60,1,1,1,6,0,165,61,7,11,18,21,3,0,17,19,52,26,12,9,0,0,0,598,311,47,70,48,28,13,69,0,0,0,0,0.6436454741865305,0.6436454741865305
walkede01w,7,0,SAC,WNBA,23,8,438,213,55,37,92,32,15,7,36,0,181,79,84,55,0,0,1,9,9,220,95,22,15,37,23,6,5,20,24,93,41,23,13,0,0,0,438,213,55,37,32,15,7,36,0,0,0,0,0.6406392547799258,0.6406392547799258
walkede01w,8,0,SAC,WNBA,5,5,105,44,17,8,25,6,3,3,15,0,42,17,14,10,0,0,0,0,0,0,0,0,0,0,0,0,0,0,0,0,0,0,0,0,0,0,105,44,17,8,6,3,3,15,0,0,0,0,0.5266666165079412,0.5266666165079412
walkede01w,9,0,SAC,WNBA,7,0,52,11,4,2,6,1,5,0,10,0,11,5,2,1,0,0,0,3,0,47,20,4,10,14,1,2,0,6,8,16,8,5,4,0,0,0,52,11,4,2,1,5,0,10,0,0,0,0,0.19999996153846888,0.19999996153846888
walkede01w,10,0,SAC,WNBA,34,30,821,291,54,103,157,65,27,16,92,0,250,119,73,53,1,0,1,0,0,0,0,0,0,0,0,0,0,0,0,0,0,0,0,0,0,0,821,291,54,103,65,27,16,92,0,0,0,0,0.4576126619048397,0.4576126619048397
walkema01w,9,0,HOU,WNBA,2,0,11,0,5,2,7,1,0,1,4,0,4,0,2,0,0,0,0,0,0,0,0,0,0,0,0,0,0,0,0,0,0,0,0,0,0,0,11,0,5,2,1,0,1,4,0,0,0,0,0.19090891735552964,0.19090891735552964
walsema01w,2,0,SAC,WNBA,4,0,8,4,2,0,2,0,0,0,2,0,2,1,2,2,0,0,0,0,0,0,0,0,0,0,0,0,0,0,0,0,0,0,0,0,0,0,8,4,2,0,0,0,0,2,0,0,0,0,0.42499946875066413,0.42499946875066413
walsema01w,3,0,WAS,WNBA,18,0,104,13,7,14,21,7,2,0,9,0,25,6,2,0,7,1,0,1,0,7,0,0,0,0,1,0,1,1,1,2,0,0,0,0,0,0,104,13,7,14,7,2,0,9,0,0,0,0,0.21249997956730962,0.21249997956730962
washico01w,1,0,HOU,WNBA,25,0,236,43,3,16,19,24,16,0,19,0,33,12,20,16,15,3,0,6,0,92,14,4,7,11,6,5,1,8,4,9,3,6,5,7,3,0,236,43,3,16,24,16,0,19,0,0,0,0,0.30042371608374085,0.30042371608374085
washico01w,2,0,HOU,WNBA,32,32,1013,169,20,98,118,122,69,9,57,0,177,63,22,14,81,29,1,2,2,74,7,2,7,9,5,2,0,2,5,17,3,0,0,10,1,0,1013,169,20,98,122,69,9,57,0,0,0,0,0.3508390883431482,0.3508390883431482
washico01w,3,1,HOU,WNBA,21,15,349,44,7,34,41,31,13,0,20,0,50,17,2,2,21,8,1,0,0,0,0,0,0,0,0,0,0,0,0,0,0,0,0,0,0,0,349,44,7,34,31,13,0,20,0,0,0,0,0.23810887569888609,0.23810887569888609
washico01w,3,2,IND,WNBA,11,8,325,80,7,26,33,48,23,2,24,0,70,26,20,14,31,14,0,3,3,110,25,1,5,6,14,3,0,6,10,27,9,1,1,16,6,0,325,80,7,26,48,23,2,24,0,0,0,0,0.4359999865846158,0.4359999865846158
washico01w,4,0,IND,WNBA,20,10,348,63,2,27,29,48,14,2,30,0,67,19,13,11,48,14,0,0,0,0,0,0,0,0,0,0,0,0,0,0,0,0,0,0,0,0,348,63,2,27,48,14,2,30,0,0,0,0,0.30603447396452665,0.30603447396452665
washito01w,1,0,WAS,WNBA,19,0,103,26,6,8,14,5,2,0,4,0,29,8,6,4,14,6,0,1,0,4,0,0,0,0,0,0,0,1,1,0,0,0,0,0,0,0,103,26,6,8,5,2,0,4,0,0,0,0,0.34563103440475396,0.34563103440475396
washito01w,2,0,WAS,WNBA,30,2,336,101,19,24,43,10,4,2,14,0,114,41,11,9,29,10,0,0,0,0,0,0,0,0,0,0,0,0,0,0,0,0,0,0,0,0,336,101,19,24,10,4,2,14,0,0,0,0,0.3675595128702526,0.3675595128702526
washito01w,3,0,WAS,WNBA,25,0,291,73,27,11,38,15,3,2,16,0,86,28,13,11,18,6,0,4,0,52,20,1,2,3,2,3,0,1,4,14,7,5,4,5,2,0,291,73,27,11,15,3,2,16,0,0,0,0,0.3408934590758262,0.3408934590758262
washito01w,4,2,SEA,WNBA,11,0,121,33,7,4,11,5,4,0,5,0,33,13,5,5,8,2,0,0,0,0,0,0,0,0,0,0,0,0,0,0,0,0,0,0,0,0,121,33,7,4,5,4,0,5,0,0,0,0,0.3561983176695605,0.3561983176695605
washito01w,4,1,WAS,WNBA,13,0,101,20,5,5,10,3,1,0,5,0,30,7,2,2,12,4,0,0,0,0,0,0,0,0,0,0,0,0,0,0,0,0,0,0,0,0,101,20,5,5,3,1,0,5,0,0,0,0,0.23762373884913476,0.23762373884913476
wautean01w,1,0,CLE,WNBA,32,0,598,199,47,82,129,37,21,24,63,0,149,78,58,43,2,0,0,6,0,107,28,5,13,18,5,3,3,8,7,27,13,6,2,2,0,0,598,199,47,82,37,21,24,63,0,0,0,0,0.4607023334330714,0.4607023334330714
wautean01w,2,0,CLE,WNBA,24,14,622,234,35,79,114,35,17,13,50,0,153,87,75,60,2,0,0,3,3,86,34,6,4,10,2,2,3,4,10,19,13,9,8,0,0,0,622,234,35,79,35,17,13,50,0,0,0,0,0.4778134971412621,0.4778134971412621
wautean01w,3,0,CLE,WNBA,28,25,802,314,45,95,140,39,16,21,59,0,217,120,87,74,1,0,0,0,0,0,0,0,0,0,0,0,0,0,0,0,0,0,0,0,0,0,802,314,45,95,39,16,21,59,0,0,0,0,0.48753116599088325,0.48753116599088325
wautean01w,5,0,NYL,WNBA,13,4,271,82,10,30,40,21,4,8,21,0,66,29,29,23,3,1,0,0,0,0,0,0,0,0,0,0,0,0,0,0,0,0,0,0,0,0,271,82,10,30,21,4,8,21,0,0,0,0,0.40590404406258146,0.40590404406258146
wautean01w,6,0,NYL,WNBA,28,28,879,383,47,137,184,41,18,23,71,0,279,151,105,79,2,2,1,0,0,0,0,0,0,0,0,0,0,0,0,0,0,0,0,0,0,0,879,383,47,137,41,18,23,71,0,0,0,0,0.5324232021339795,0.5324232021339795
wautean01w,9,0,SAS,WNBA,32,31,980,471,47,192,239,56,36,38,70,0,366,195,98,70,31,11,0,9,9,300,121,13,39,52,14,6,12,17,26,108,48,27,24,12,1,0,980,471,47,192,56,36,38,70,0,0,0,0,0.6341836669981259,0.6341836669981259
wautean01w,10,0,SAS,WNBA,17,16,463,220,29,66,95,19,13,6,44,0,168,92,52,35,6,1,0,3,3,82,32,8,15,23,10,0,0,4,7,36,14,5,4,0,0,0,463,220,29,66,19,13,6,44,0,0,0,0,0.5488120831790048,0.5488120831790048
weathte01w,1,0,NYL,WNBA,32,32,1078,205,16,93,109,205,65,5,86,0,153,67,81,60,44,11,0,7,7,253,32,2,17,19,49,19,0,20,20,34,12,11,7,5,1,1,1078,205,16,93,205,65,5,86,0,0,0,0,0.40176251946416963,0.40176251946416963
weathte01w,2,0,NYL,WNBA,32,32,974,207,29,89,118,203,55,4,81,0,167,72,79,53,26,10,1,6,6,198,23,7,15,22,28,7,0,5,16,38,8,4,4,11,3,0,974,207,29,89,203,55,4,81,0,0,0,0,0.4466119050655862,0.4466119050655862
weathte01w,3,0,NYL,WNBA,32,32,954,108,23,63,86,181,42,3,78,0,114,39,54,28,20,2,2,8,8,241,53,8,27,35,53,8,0,14,18,40,19,18,15,2,0,0,954,108,23,63,181,42,3,78,0,0,0,0,0.3050314433434859,0.3050314433434859
weathte01w,4,0,NYL,WNBA,34,34,824,98,19,78,97,149,28,5,62,0,96,37,32,24,4,0,0,0,0,0,0,0,0,0,0,0,0,0,0,0,0,0,0,0,0,0,824,98,19,78,149,28,5,62,0,0,0,0,0.3091019379963357,0.3091019379963357
weathte01w,5,0,LAS,WNBA,34,0,292,17,6,23,29,32,12,1,26,0,25,8,0,0,3,1,0,2,0,10,0,1,1,2,1,1,0,3,1,1,0,0,0,0,0,0,292,17,6,23,32,12,1,26,0,0,0,0,0.16130136433899436,0.16130136433899436
webbum01w,1,0,MIA,WNBA,13,5,195,43,3,11,14,14,7,4,23,0,40,10,25,21,8,2,0,0,0,0,0,0,0,0,0,0,0,0,0,0,0,0,0,0,0,0,195,43,3,11,14,7,4,23,0,0,0,0,0.2584615252071013,0.2584615252071013
weberma01w,8,0,NYL,WNBA,2,0,4,0,0,1,1,0,0,0,1,0,1,0,0,0,0,0,0,0,0,0,0,0,0,0,0,0,0,0,0,0,0,0,0,0,0,0,4,0,0,1,0,0,0,1,0,0,0,0,-0.17499956250109375,-0.17499956250109375
weckeke01w,6,0,SAS,WNBA,1,0,11,4,0,0,0,2,1,0,1,0,6,2,0,0,3,0,0,0,0,0,0,0,0,0,0,0,0,0,0,0,0,0,0,0,0,0,11,4,0,0,2,1,0,1,0,0,0,0,0.5454540495872277,0.5454540495872277
weckeke01w,7,0,SAS,WNBA,34,11,578,190,22,62,84,47,11,3,32,0,214,75,27,21,56,19,0,0,0,0,0,0,0,0,0,0,0,0,0,0,0,0,0,0,0,0,578,190,22,62,47,11,3,32,0,0,0,0,0.437716255402833,0.437716255402833
weckeke01w,8,0,SAS,WNBA,14,1,73,16,4,4,8,4,3,1,3,0,20,6,6,4,4,0,0,2,0,5,3,0,1,1,0,1,0,2,1,1,1,1,1,0,0,0,73,16,4,4,4,3,1,3,0,0,0,0,0.34246570651154706,0.34246570651154706
weckeke01w,9,0,WAS,WNBA,9,0,48,5,4,7,11,7,3,0,7,0,17,2,0,0,7,1,0,0,0,0,0,0,0,0,0,0,0,0,0,0,0,0,0,0,0,0,48,5,4,7,7,3,0,7,0,0,0,0,0.2687499440104283,0.2687499440104283
whaleli01w,5,0,CON,WNBA,31,30,946,275,21,69,90,148,39,0,94,0,183,83,122,89,57,20,0,8,8,255,107,5,13,18,41,11,3,17,23,65,30,53,43,11,4,0,946,275,21,69,148,39,0,94,0,0,0,0,0.4264270568030966,0.4264270568030966
whaleli01w,6,0,CON,WNBA,34,34,1047,411,29,99,128,172,42,2,89,0,290,135,156,125,46,16,0,7,7,220,78,6,18,24,23,6,1,20,11,57,19,48,37,15,3,0,1047,411,29,99,172,42,2,89,0,0,0,0,0.5616045791632801,0.5616045791632801
whaleli01w,7,0,CON,WNBA,33,33,861,296,17,105,122,153,34,2,79,0,226,88,124,112,62,8,0,5,5,154,63,3,16,19,11,4,1,18,11,56,19,25,18,21,7,0,861,296,17,105,153,34,2,79,0,0,0,0,0.5219512134500439,0.5219512134500439
whaleli01w,8,0,CON,WNBA,34,34,1040,454,33,129,162,169,73,3,75,0,333,156,158,124,86,18,0,3,3,110,40,2,19,21,15,1,0,11,8,43,14,10,9,13,3,0,1040,454,33,129,169,73,3,75,0,0,0,0,0.6594230705824705,0.6594230705824705
whaleli01w,9,0,CON,WNBA,31,31,908,435,33,141,174,166,45,1,58,0,306,141,157,126,80,27,0,3,3,90,40,3,11,14,12,4,0,7,7,30,12,15,13,12,3,0,908,435,33,141,166,45,1,58,0,0,0,0,0.7207048378777001,0.7207048378777001
whaleli01w,10,0,CON,WNBA,34,34,1000,419,40,116,156,156,43,5,63,0,328,141,129,115,83,22,0,0,0,0,0,0,0,0,0,0,0,0,0,0,0,0,0,0,0,0,1000,419,40,116,156,43,5,63,0,0,0,0,0.622799993772,0.622799993772
whitede01w,5,0,NYL,WNBA,31,2,420,82,51,67,118,9,8,10,36,0,68,37,17,8,0,0,0,5,0,34,2,3,3,6,1,2,0,4,6,5,1,0,0,0,0,0,420,82,51,67,9,8,10,36,0,0,0,0,0.30666665936507953,0.30666665936507953
whitede01w,6,0,NYL,WNBA,13,0,90,16,9,13,22,0,4,3,3,0,11,4,12,8,0,0,0,0,0,0,0,0,0,0,0,0,0,0,0,0,0,0,0,0,0,0,90,16,9,13,0,4,3,3,0,0,0,0,0.3355555182716091,0.3355555182716091
whiteer01w,9,0,HOU,WNBA,34,2,426,121,14,33,47,47,23,3,48,0,88,25,78,70,7,1,0,0,0,0,0,0,0,0,0,0,0,0,0,0,0,0,0,0,0,0,426,121,14,33,47,23,3,48,0,0,0,0,0.38896712701955105,0.38896712701955105
whiteer01w,10,0,IND,WNBA,2,0,18,2,0,2,2,4,1,1,0,0,6,1,0,0,3,0,0,0,0,0,0,0,0,0,0,0,0,0,0,0,0,0,0,0,0,0,18,2,0,2,4,1,1,0,0,0,0,0,0.47777751234582644,0.47777751234582644
whiteta01w,6,0,IND,WNBA,34,3,693,242,21,32,53,53,30,7,70,0,254,85,58,47,81,25,1,4,0,16,0,2,0,2,1,0,0,0,1,8,0,0,0,1,0,0,693,242,21,32,53,30,7,70,0,0,0,0,0.41313130716982244,0.41313130716982244
whiteta01w,7,0,IND,WNBA,34,0,745,302,32,50,82,52,27,9,51,0,304,113,76,57,88,19,1,2,0,35,9,0,3,3,2,0,0,4,6,10,4,1,0,4,1,0,745,302,32,50,52,27,9,51,0,0,0,0,0.5052348925471827,0.5052348925471827
whiteta01w,8,0,IND,WNBA,34,9,841,368,25,65,90,65,36,10,99,0,352,136,63,53,127,43,2,5,1,82,9,2,7,9,10,5,2,9,10,15,4,0,0,6,1,0,841,368,25,65,65,36,10,99,0,0,0,0,0.4958382818568575,0.4958382818568575
whiteta01w,9,0,IND,WNBA,33,22,894,328,27,74,101,80,43,14,85,0,325,119,60,51,120,39,0,3,0,42,16,2,1,3,2,2,0,6,5,16,6,3,3,4,1,0,894,328,27,74,80,43,14,85,0,0,0,0,0.47102907750526757,0.47102907750526757
whiteta01w,10,0,CON,WNBA,30,15,659,285,21,61,82,66,35,9,37,0,247,97,50,42,130,49,1,0,0,0,0,0,0,0,0,0,0,0,0,0,0,0,0,0,0,0,659,285,21,61,66,35,9,37,0,0,0,0,0.5933232079920606,0.5933232079920606
whitiva01w,2,0,MIN,WNBA,26,15,462,88,25,58,83,16,15,14,34,0,90,24,54,40,1,0,0,0,0,0,0,0,0,0,0,0,0,0,0,0,0,0,0,0,0,0,462,88,25,58,16,15,14,34,0,0,0,0,0.2898268335535318,0.2898268335535318
whitiva01w,3,0,MIN,WNBA,6,3,52,13,3,6,9,5,2,2,4,0,13,4,12,5,0,0,0,0,0,0,0,0,0,0,0,0,0,0,0,0,0,0,0,0,0,0,52,13,3,6,5,2,2,4,0,0,0,0,0.4211537651627374,0.4211537651627374
whitmta01w,1,0,NYL,WNBA,32,16,689,277,34,71,105,20,17,17,53,0,253,109,84,59,3,0,1,7,7,196,81,9,18,27,6,3,9,15,22,65,31,24,18,2,1,0,689,277,34,71,20,17,17,53,0,0,0,0,0.46894048666269256,0.46894048666269256
whitmta01w,2,0,NYL,WNBA,32,29,752,226,29,68,97,19,17,10,33,0,222,96,58,33,2,1,0,6,6,152,42,10,12,22,4,4,4,7,13,44,18,10,6,1,0,0,752,226,29,68,19,17,10,33,0,0,0,0,0.37194148441567176,0.37194148441567176
whitmta01w,3,0,NYL,WNBA,32,32,977,406,43,98,141,23,27,43,49,0,310,148,150,110,1,0,1,8,8,271,129,8,28,36,10,3,4,9,20,93,51,37,26,3,1,0,977,406,43,98,23,27,43,49,0,0,0,0,0.5214943651842951,0.5214943651842951
whitmta01w,4,0,NYL,WNBA,33,29,823,271,38,84,122,25,35,22,57,0,242,110,76,50,3,1,1,0,0,0,0,0,0,0,0,0,0,0,0,0,0,0,0,0,0,0,823,271,38,84,25,35,22,57,0,0,0,0,0.42260023787849044,0.42260023787849044
whitmta01w,5,0,LAS,WNBA,34,5,595,210,38,68,106,17,12,5,34,0,173,77,72,49,16,7,0,3,0,39,10,0,6,6,1,0,0,3,4,10,4,2,2,2,0,0,595,210,38,68,17,12,5,34,0,0,0,0,0.4319327658498695,0.4319327658498695
whitmta01w,6,0,LAS,WNBA,34,34,917,327,54,89,143,42,33,14,57,0,265,115,106,92,19,5,1,2,2,48,18,2,1,3,1,1,0,7,7,14,6,8,5,1,1,0,917,327,54,89,42,33,14,57,0,0,0,0,0.4618320560323658,0.4618320560323658
whitmta01w,7,0,IND,WNBA,34,34,1057,528,53,112,165,61,46,12,94,0,435,199,140,115,38,15,1,2,2,69,53,4,9,13,2,1,0,10,9,40,19,13,13,7,2,1,1057,528,53,112,61,46,12,94,0,0,0,0,0.5900662195831011,0.5900662195831011
whitmta01w,8,0,IND,WNBA,34,25,880,370,45,125,170,51,20,11,84,0,335,139,93,71,70,21,1,6,0,184,99,6,26,32,16,3,1,18,19,87,39,13,8,23,13,0,880,370,45,125,51,20,11,84,0,0,0,0,0.49659090344783063,0.49659090344783063
whitmta01w,9,0,CON,WNBA,34,33,911,429,40,121,161,47,20,13,68,0,392,160,96,75,108,34,1,3,3,87,30,6,8,14,6,4,0,8,5,32,12,9,6,7,0,0,911,429,40,121,47,20,13,68,0,0,0,0,0.5546651969850143,0.5546651969850143
whitmta01w,10,0,CON,WNBA,24,1,376,105,21,31,52,25,9,3,20,0,127,37,33,24,23,7,0,0,0,0,0,0,0,0,0,0,0,0,0,0,0,0,0,0,0,0,376,105,21,31,25,9,3,20,0,0,0,0,0.38829786201335476,0.38829786201335476
whittje01w,2,0,WAS,WNBA,4,0,20,0,1,0,1,0,0,1,3,0,1,0,2,0,1,0,0,0,0,0,0,0,0,0,0,0,0,0,0,0,0,0,0,0,0,0,20,0,1,0,0,0,1,3,0,0,0,0,-0.06499996750001626,-0.06499996750001626
whittkh01w,9,0,IND,WNBA,22,0,186,43,10,24,34,6,9,11,12,0,44,17,17,9,0,0,0,3,0,24,4,1,6,7,1,1,1,3,4,8,2,0,0,0,0,0,186,43,10,24,6,9,11,12,0,0,0,0,0.3827956783443184,0.3827956783443184
whittkh01w,10,0,IND,WNBA,3,0,25,12,2,3,5,2,0,0,0,0,10,6,0,0,0,0,0,0,0,0,0,0,0,0,0,0,0,0,0,0,0,0,0,0,0,0,25,12,2,3,2,0,0,0,0,0,0,0,0.6519997392001043,0.6519997392001043
wickssu01w,1,0,NYL,WNBA,32,12,680,156,49,100,149,21,26,39,50,0,143,55,62,45,5,1,1,7,0,131,23,11,16,27,3,7,9,5,21,26,9,4,4,1,1,0,680,156,49,100,21,26,39,50,0,0,0,0,0.3769117591630624,0.3769117591630624
wickssu01w,2,0,NYL,WNBA,30,3,602,157,36,102,138,37,36,30,43,0,130,61,52,35,7,0,2,6,0,118,28,10,10,20,5,2,6,8,17,27,12,5,4,0,0,0,602,157,36,102,37,36,30,43,0,0,0,0,0.4531561386518913,0.4531561386518913
wickssu01w,3,0,NYL,WNBA,30,0,428,66,30,71,101,14,22,15,30,0,70,24,27,18,1,0,0,8,0,96,21,6,6,12,2,1,4,6,19,14,7,7,6,1,1,0,428,66,30,71,14,22,15,30,0,0,0,0,0.30210279667984125,0.30210279667984125
widemja01w,1,0,POR,WNBA,5,0,35,0,2,2,4,2,2,0,6,0,2,0,0,0,0,0,0,0,0,0,0,0,0,0,0,0,0,0,0,0,0,0,0,0,0,0,35,0,2,2,2,2,0,6,0,0,0,0,0.0,0.0
wiggica01w,9,0,MIN,WNBA,30,1,824,472,39,58,97,90,54,7,57,0,340,137,197,161,121,37,5,0,0,0,0,0,0,0,0,0,0,0,0,0,0,0,0,0,0,0,824,472,39,58,90,54,7,57,0,0,0,0,0.7411407677046025,0.7411407677046025
wiggica01w,10,0,MIN,WNBA,34,34,1017,446,30,70,100,88,41,7,81,0,360,135,150,134,131,42,0,0,0,0,0,0,0,0,0,0,0,0,0,0,0,0,0,0,0,0,1017,446,30,70,88,41,7,81,0,0,0,0,0.533923298584825,0.533923298584825
wilkibr01w,7,0,SAC,WNBA,4,0,14,6,0,0,0,1,0,0,2,0,7,3,0,0,0,0,0,0,0,0,0,0,0,0,0,0,0,0,0,0,0,0,0,0,0,0,14,6,0,0,1,0,0,2,0,0,0,0,0.35714260204099857,0.35714260204099857
wilkibr01w,9,0,SAS,WNBA,1,0,0,0,0,0,0,0,0,0,0,0,0,0,0,0,0,0,0,2,0,4,0,0,0,0,0,2,0,0,0,0,0,0,0,0,0,0,0,0,0,0,0,0,0,0,0,0,0,0,0.0,0.0
williad01w,1,0,PHO,WNBA,28,2,351,78,24,47,71,16,14,4,29,0,72,29,38,20,0,0,0,2,0,30,5,1,3,4,1,0,2,1,3,4,2,2,1,0,0,0,351,78,24,47,16,14,4,29,0,0,0,0,0.3245014152563699,0.3245014152563699
williad01w,2,0,PHO,WNBA,25,1,375,96,21,54,75,11,15,5,34,0,113,38,28,20,0,0,0,0,0,0,0,0,0,0,0,0,0,0,0,0,0,0,0,0,0,0,375,96,21,54,11,15,5,34,0,0,0,0,0.3303999911893336,0.3303999911893336
williad01w,3,0,PHO,WNBA,32,30,878,200,64,156,220,35,48,29,63,0,169,79,60,42,0,0,0,0,0,0,0,0,0,0,0,0,0,0,0,0,0,0,0,0,0,0,878,200,64,156,35,48,29,63,0,0,0,0,0.38792710264319935,0.38792710264319935
williad01w,4,0,PHO,WNBA,34,33,985,334,68,184,252,31,57,19,73,0,351,141,85,52,1,0,1,0,0,0,0,0,0,0,0,0,0,0,0,0,0,0,0,0,0,0,985,334,68,184,31,57,19,73,0,0,0,0,0.4779695382947255,0.4779695382947255
williad01w,5,1,PHO,WNBA,11,8,145,65,10,11,21,5,11,5,15,0,60,27,14,11,0,0,0,0,0,0,0,0,0,0,0,0,0,0,0,0,0,0,0,0,0,0,145,65,10,11,5,11,5,15,0,0,0,0,0.5606896165041644,0.5606896165041644
williad01w,5,2,SAS,WNBA,12,0,149,32,6,22,28,8,8,1,12,0,45,15,7,2,0,0,0,0,0,0,0,0,0,0,0,0,0,0,0,0,0,0,0,0,0,0,149,32,6,22,8,8,1,12,0,0,0,0,0.32080534759695656,0.32080534759695656
williad01w,7,0,MIN,WNBA,32,0,488,157,40,109,149,8,25,8,19,0,134,60,69,37,1,0,1,0,0,0,0,0,0,0,0,0,0,0,0,0,0,0,0,0,0,0,488,157,40,109,8,25,8,19,0,0,0,0,0.49118851452482554,0.49118851452482554
williad01w,8,0,SAC,WNBA,34,2,609,211,61,91,152,28,22,6,57,0,179,85,52,41,0,0,1,3,0,50,14,7,9,16,2,1,1,6,5,17,5,5,4,0,0,0,609,211,61,91,28,22,6,57,0,0,0,0,0.4597701073929375,0.4597701073929375
williad01w,9,0,SAC,WNBA,34,33,687,207,68,99,167,20,19,8,54,0,196,86,57,35,0,0,0,3,3,67,23,3,7,10,4,2,1,4,6,20,11,2,1,0,0,0,687,207,68,99,20,19,8,54,0,0,0,0,0.40363900431384275,0.40363900431384275
willian01w,6,0,PHO,WNBA,16,0,149,40,9,14,23,9,4,7,11,0,50,15,7,6,18,4,0,0,0,0,0,0,0,0,0,0,0,0,0,0,0,0,0,0,0,0,149,40,9,14,9,4,7,11,0,0,0,0,0.3993288322598099,0.3993288322598099
willian01w,7,0,DET,WNBA,21,0,133,41,3,10,13,12,7,6,15,0,43,14,17,11,8,2,0,6,0,25,10,3,1,4,0,2,1,2,4,12,5,0,0,2,0,0,133,41,3,10,12,7,6,15,0,0,0,0,0.4218044795635729,0.4218044795635729
willibe01w,1,0,IND,WNBA,1,0,3,0,0,0,0,0,0,0,0,0,0,0,0,0,0,0,0,0,0,0,0,0,0,0,0,0,0,0,0,0,0,0,0,0,0,0,3,0,0,0,0,0,0,0,0,0,0,0,0.0,0.0
willile01w,5,0,CON,WNBA,23,0,175,68,22,21,43,7,8,2,12,0,38,24,26,20,1,0,0,8,0,60,17,8,11,19,1,0,1,3,4,18,7,4,3,0,0,0,175,68,22,21,7,8,2,12,0,0,0,0,0.54114282622041,0.54114282622041
willile01w,6,0,CON,WNBA,18,0,91,24,10,7,17,3,2,0,14,0,17,7,20,10,0,0,0,3,0,10,2,0,1,1,0,0,1,1,0,2,0,2,2,0,0,0,91,24,10,7,3,2,0,14,0,0,0,0,0.2648351357324027,0.2648351357324027
willile01w,7,0,CON,WNBA,29,0,209,63,20,35,55,17,5,0,15,0,53,25,13,7,10,6,0,3,0,10,5,3,1,4,0,0,1,1,0,5,2,0,0,1,1,0,209,63,20,35,17,5,0,15,0,0,0,0,0.4521530884137278,0.4521530884137278
willile01w,8,0,CON,WNBA,28,5,320,58,27,50,77,11,8,6,19,0,52,20,25,18,4,0,0,3,0,41,16,5,5,10,2,0,1,3,5,8,6,3,3,1,1,0,320,58,27,50,11,8,6,19,0,0,0,0,0.30593749043945345,0.30593749043945345
willile01w,9,0,PHO,WNBA,34,27,834,343,86,116,202,29,22,7,46,0,244,139,81,60,27,5,2,0,0,0,0,0,0,0,0,0,0,0,0,0,0,0,0,0,0,0,834,343,86,116,29,22,7,46,0,0,0,0,0.5395683388540967,0.5395683388540967
willile01w,10,0,PHO,WNBA,34,34,713,340,64,79,143,35,22,9,46,0,255,136,79,67,8,1,0,11,11,254,90,21,27,48,10,4,5,14,26,65,35,24,20,1,0,0,713,340,64,79,35,22,9,46,0,0,0,0,0.600981758752009,0.600981758752009
willile02w,3,0,DET,WNBA,27,0,177,73,7,12,19,4,4,0,14,0,101,30,5,0,54,13,0,0,0,0,0,0,0,0,0,0,0,0,0,0,0,0,0,0,0,0,177,73,7,12,4,4,0,14,0,0,0,0,0.426553648217308,0.426553648217308
willili01w,7,0,LAS,WNBA,24,0,320,111,13,30,43,10,26,0,17,0,91,35,31,22,52,19,0,5,0,65,16,6,7,13,7,1,0,3,4,22,6,2,1,12,3,0,320,111,13,30,10,26,0,17,0,0,0,0,0.46281248553710985,0.46281248553710985
willili01w,8,1,LAS,WNBA,8,0,77,18,2,7,9,4,4,1,10,0,20,7,4,2,9,2,0,0,0,0,0,0,0,0,0,0,0,0,0,0,0,0,0,0,0,0,77,18,2,7,4,4,1,10,0,0,0,0,0.26623373165795694,0.26623373165795694
willili01w,8,2,NYL,WNBA,16,0,157,61,12,15,27,9,10,0,24,0,61,21,8,5,44,14,0,2,0,13,5,0,0,0,0,0,0,0,1,6,2,0,0,3,1,0,157,61,12,15,9,10,0,24,0,0,0,0,0.43885347523226276,0.43885347523226276
willili01w,9,0,NYL,WNBA,34,2,458,191,8,50,58,14,29,5,31,0,140,59,30,29,94,44,0,6,0,28,2,2,1,3,1,2,2,6,2,4,1,0,0,3,0,0,458,191,8,50,14,29,5,31,0,0,0,0,0.49912662665662394,0.49912662665662394
willili01w,10,0,SAC,WNBA,2,0,5,0,0,0,0,0,0,0,1,0,2,0,0,0,1,0,0,0,0,0,0,0,0,0,0,0,0,0,0,0,0,0,0,0,0,0,5,0,0,0,0,0,0,1,0,0,0,0,-0.19999960000080003,-0.19999960000080003
willina01w,1,0,UTA,WNBA,29,29,1039,543,132,204,336,51,35,18,79,0,365,179,228,182,5,3,3,0,0,0,0,0,0,0,0,0,0,0,0,0,0,0,0,0,0,0,1039,543,132,204,51,35,18,79,0,0,0,0,0.6945139490422142,0.6945139490422142
willina01w,2,0,UTA,WNBA,31,31,1064,439,111,197,308,55,41,10,70,0,349,171,133,97,4,0,4,2,2,57,21,7,9,16,0,3,1,5,10,16,8,6,5,0,0,1,1064,439,111,197,55,41,10,70,0,0,0,0,0.5749999945958648,0.5749999945958648
willina01w,3,0,UTA,WNBA,31,31,1008,351,105,150,255,38,38,16,72,0,285,124,132,98,12,5,4,5,5,186,70,21,25,46,7,5,7,8,16,47,25,28,19,4,1,1,1008,351,105,150,38,38,16,72,0,0,0,0,0.4856150745474695,0.4856150745474695
willina01w,4,0,IND,WNBA,34,34,1054,457,109,146,255,46,43,21,70,0,363,176,148,105,1,0,2,0,0,0,0,0,0,0,0,0,0,0,0,0,0,0,0,0,0,0,1054,457,109,146,46,43,21,70,0,0,0,0,0.5854838654128665,0.5854838654128665
willina01w,5,0,IND,WNBA,34,34,956,349,93,142,235,62,40,23,65,0,293,133,119,83,4,0,3,0,0,0,0,0,0,0,0,0,0,0,0,0,0,0,0,0,0,0,956,349,93,142,62,40,23,65,0,0,0,0,0.5404811658945485,0.5404811658945485
willina01w,6,0,IND,WNBA,34,34,804,251,74,112,186,31,35,12,56,0,248,103,67,45,0,0,3,4,4,134,47,13,17,30,6,5,2,1,14,40,17,16,13,1,0,0,804,251,74,112,31,35,12,56,0,0,0,0,0.4457711387341899,0.4457711387341899
williri01w,1,0,IND,WNBA,32,29,1014,352,22,73,95,101,76,3,69,0,274,112,108,79,131,49,1,0,0,0,0,0,0,0,0,0,0,0,0,0,0,0,0,0,0,0,1014,352,22,73,101,76,3,69,0,0,0,0,0.49339250006516266,0.49339250006516266
williri01w,2,0,IND,WNBA,32,29,1042,380,25,79,104,114,72,11,100,0,293,115,130,109,109,41,0,0,0,0,0,0,0,0,0,0,0,0,0,0,0,0,0,0,0,0,1042,380,25,79,114,72,11,100,0,0,0,0,0.4973128551121608,0.4973128551121608
williri01w,3,2,HOU,WNBA,9,0,85,19,0,6,6,7,11,0,10,0,11,5,10,7,6,2,0,3,0,69,20,3,3,6,7,3,0,1,5,25,8,0,0,14,4,0,85,19,0,6,7,11,0,10,0,0,0,0,0.33882348955017766,0.33882348955017766
williri01w,3,1,IND,WNBA,20,1,484,120,10,27,37,43,21,2,29,0,135,39,34,25,67,17,0,0,0,0,0,0,0,0,0,0,0,0,0,0,0,0,0,0,0,0,484,120,10,27,43,21,2,29,0,0,0,0,0.3555785050500309,0.3555785050500309
williri01w,4,0,SEA,WNBA,32,0,381,78,3,19,22,41,14,0,27,0,75,28,15,11,43,11,0,0,0,0,0,0,0,0,0,0,0,0,0,0,0,0,0,0,0,0,381,78,3,19,41,14,0,27,0,0,0,0,0.29868765620242377,0.29868765620242377
willish01w,4,0,LAS,WNBA,25,3,229,49,11,21,32,19,6,0,7,0,53,19,14,10,16,1,0,4,0,13,0,0,0,0,0,0,0,0,2,0,0,0,0,0,0,0,229,49,11,21,19,6,0,7,0,0,0,0,0.35371177494708406,0.35371177494708406
willita01w,1,0,POR,WNBA,26,0,174,80,5,12,17,13,8,2,10,0,69,31,8,4,41,14,0,0,0,0,0,0,0,0,0,0,0,0,0,0,0,0,0,0,0,0,174,80,5,12,13,8,2,10,0,0,0,0,0.5752873232593492,0.5752873232593492
willito01w,5,0,SAS,WNBA,26,4,417,55,7,32,39,43,35,5,31,0,46,16,29,22,2,1,0,0,0,0,0,0,0,0,0,0,0,0,0,0,0,0,0,0,0,0,417,55,7,32,43,35,5,31,0,0,0,0,0.29136689948760436,0.29136689948760436
williwe01w,2,0,LAS,WNBA,13,0,47,17,1,4,5,3,1,0,2,0,20,6,4,3,13,2,0,4,0,9,0,1,0,1,1,0,0,1,0,2,0,0,0,2,0,0,47,17,1,4,3,1,0,2,0,0,0,0,0.4446807564509028,0.4446807564509028
wilsoam01w,1,0,PHO,WNBA,3,0,9,2,0,1,1,1,0,0,0,0,1,0,4,2,0,0,0,0,0,0,0,0,0,0,0,0,0,0,0,0,0,0,0,0,0,0,9,2,0,1,1,0,0,0,0,0,0,0,0.3666662592597119,0.3666662592597119
wirthch01w,10,0,IND,WNBA,21,0,120,22,3,12,15,13,3,1,3,0,29,8,1,1,14,5,0,5,0,27,6,0,3,3,2,0,0,2,4,7,3,0,0,2,0,0,120,22,3,12,13,3,1,3,0,0,0,0,0.3474999710416691,0.3474999710416691
wisdoli01w,10,0,LAS,WNBA,29,0,197,69,14,27,41,8,3,8,15,0,61,28,19,12,1,1,0,2,0,3,0,0,1,1,1,0,0,0,0,0,0,0,0,0,0,0,197,69,14,27,8,3,8,15,0,0,0,0,0.4614212963745534,0.4614212963745534
witheso01w,1,0,POR,WNBA,32,32,1061,538,23,82,105,68,38,8,88,0,456,175,147,128,163,60,1,0,0,0,0,0,0,0,0,0,0,0,0,0,0,0,0,0,0,0,1061,538,23,82,68,38,8,88,0,0,0,0,0.5699340191335154,0.5699340191335154
witheso01w,2,0,POR,WNBA,31,30,862,373,20,54,74,54,30,8,72,0,358,113,106,90,182,57,0,0,0,0,0,0,0,0,0,0,0,0,0,0,0,0,0,0,0,0,862,373,20,54,54,30,8,72,0,0,0,0,0.4909512704065978,0.4909512704065978
witheso01w,3,0,LAS,WNBA,31,1,358,161,9,20,29,29,13,2,22,0,118,49,46,35,67,28,0,6,0,39,18,1,4,5,2,1,0,1,3,14,5,4,4,11,4,0,358,161,9,20,29,13,2,22,0,0,0,0,0.5455307110186953,0.5455307110186953
witheso01w,4,0,LAS,WNBA,23,2,235,56,6,13,19,4,7,0,7,0,53,17,14,12,29,10,0,5,0,14,5,0,2,2,0,1,0,2,1,5,1,4,3,3,0,0,235,56,6,13,4,7,0,7,0,0,0,0,0.2897872217111821,0.2897872217111821
wolteka01w,1,0,IND,WNBA,31,30,793,370,46,118,164,39,12,49,73,0,264,148,100,74,0,0,2,0,0,0,0,0,0,0,0,0,0,0,0,0,0,0,0,0,0,0,793,370,46,118,39,12,49,73,0,0,0,0,0.5858764112752027,0.5858764112752027
wolteka01w,2,0,SAC,WNBA,31,1,378,151,21,53,74,17,4,25,33,0,134,63,31,25,0,0,0,4,0,37,10,1,3,4,1,2,2,1,10,14,5,0,0,0,0,0,378,151,21,53,17,4,25,33,0,0,0,0,0.5148148011953757,0.5148148011953757
wolteka01w,3,0,SAC,WNBA,14,0,78,24,8,15,23,3,0,3,6,0,28,9,10,6,0,0,0,0,0,0,0,0,0,0,0,0,0,0,0,0,0,0,0,0,0,0,78,24,8,15,3,0,3,6,0,0,0,0,0.4371794311308422,0.4371794311308422
wolvean01w,2,0,CLE,WNBA,1,0,5,2,1,0,1,0,0,0,0,0,3,1,0,0,0,0,0,0,0,0,0,0,0,0,0,0,0,0,0,0,0,0,0,0,0,0,5,2,1,0,0,0,0,0,0,0,0,0,0.5399989200021601,0.5399989200021601
wrighsh01w,5,0,PHO,WNBA,24,0,243,57,17,10,27,8,3,1,15,0,42,13,32,25,13,6,0,0,0,0,0,0,0,0,0,0,0,0,0,0,0,0,0,0,0,0,243,57,17,10,8,3,1,15,0,0,0,0,0.28353908298193076,0.28353908298193076
wrighsh01w,6,0,PHO,WNBA,25,5,346,94,18,32,50,23,14,3,28,0,59,24,52,35,35,11,0,0,0,0,0,0,0,0,0,0,0,0,0,0,0,0,0,0,0,0,346,94,18,32,23,14,3,28,0,0,0,0,0.37052022050519595,0.37052022050519595
wrighta01w,6,0,SEA,WNBA,34,8,528,122,20,37,57,53,18,3,40,0,106,49,36,24,1,0,1,3,0,38,9,1,4,5,7,3,0,2,6,5,1,7,7,0,0,0,528,122,20,37,53,18,3,40,0,0,0,0,0.34299241774635575,0.34299241774635575
wrighta01w,7,0,SEA,WNBA,33,0,508,124,19,41,60,41,11,2,52,0,119,42,45,38,14,2,0,2,0,12,0,0,0,0,1,0,0,2,1,3,0,0,0,1,0,0,508,124,19,41,41,11,2,52,0,0,0,0,0.2984251909758821,0.2984251909758821
wrighta01w,8,0,SEA,WNBA,34,5,547,139,17,26,43,69,31,2,55,0,125,50,39,33,22,6,0,2,0,42,18,5,0,5,5,1,1,6,6,15,7,4,4,2,0,0,547,139,17,26,69,31,2,55,0,0,0,0,0.3760511814250242,0.3760511814250242
wrighta01w,9,0,SEA,WNBA,34,14,808,268,32,84,116,84,31,8,78,0,250,108,61,48,24,4,1,3,3,103,41,4,13,17,8,6,0,11,10,34,14,16,12,2,1,0,808,268,32,84,84,31,8,78,0,0,0,0,0.4462871231895158,0.4462871231895158
wrighta01w,10,0,SEA,WNBA,33,33,1072,404,44,73,117,129,50,10,85,0,324,150,106,96,30,8,5,3,3,98,35,9,7,16,16,5,0,9,12,38,13,8,8,4,1,0,1072,404,44,73,129,50,10,85,0,0,0,0,0.5230410398970052,0.5230410398970052
wyckobr01w,2,0,ORL,WNBA,32,27,648,108,48,74,122,37,26,15,50,0,125,41,28,20,37,6,2,0,0,0,0,0,0,0,0,0,0,0,0,0,0,0,0,0,0,0,648,108,48,74,37,26,15,50,0,0,0,0,0.295987649753277,0.295987649753277
wyckobr01w,3,0,ORL,WNBA,32,5,514,81,28,62,90,32,19,18,30,0,95,31,7,5,50,14,1,0,0,0,0,0,0,0,0,0,0,0,0,0,0,0,0,0,0,0,514,81,28,62,32,19,18,30,0,0,0,0,0.3077820951793367,0.3077820951793367
wyckobr01w,4,0,CON,WNBA,34,22,755,156,48,98,146,35,33,19,39,0,142,55,36,26,70,20,1,4,3,89,18,3,9,12,5,2,1,2,11,16,7,4,3,6,1,0,755,156,48,98,35,33,19,39,0,0,0,0,0.35364237942195526,0.35364237942195526
wyckobr01w,6,0,CON,WNBA,34,1,596,105,25,70,95,35,13,9,28,0,88,35,20,13,52,22,0,8,0,109,18,3,12,15,3,1,2,5,13,12,5,6,4,10,4,0,596,105,25,70,35,13,9,28,0,0,0,0,0.2894295253451422,0.2894295253451422
wyckobr01w,7,0,CHI,WNBA,15,13,345,50,15,25,40,33,14,12,16,0,66,16,10,8,43,10,0,0,0,0,0,0,0,0,0,0,0,0,0,0,0,0,0,0,0,0,345,50,15,25,33,14,12,16,0,0,0,0,0.321739121109011,0.321739121109011
wyckobr01w,8,0,CHI,WNBA,34,7,520,98,24,84,108,47,20,18,27,0,85,32,13,10,67,24,2,0,0,0,0,0,0,0,0,0,0,0,0,0,0,0,0,0,0,0,520,98,24,84,47,20,18,27,0,0,0,0,0.38076922344674574,0.38076922344674574
wyckobr01w,9,0,CHI,WNBA,34,23,594,75,14,65,79,46,14,20,34,0,73,25,16,9,51,16,0,0,0,0,0,0,0,0,0,0,0,0,0,0,0,0,0,0,0,0,594,75,14,65,46,14,20,34,0,0,0,0,0.25303029877053373,0.25303029877053373
wyckobr01w,10,0,CHI,WNBA,27,23,531,83,17,56,73,38,10,20,29,0,74,28,8,7,51,20,0,0,0,0,0,0,0,0,0,0,0,0,0,0,0,0,0,0,0,0,531,83,17,56,38,10,20,29,0,0,0,0,0.28380413778146635,0.28380413778146635
wynneda01w,2,0,SAC,WNBA,1,0,3,2,1,0,1,0,0,1,0,0,0,0,2,2,0,0,0,2,0,3,2,0,0,0,0,0,0,0,0,1,1,0,0,0,0,0,3,2,1,0,0,0,1,0,0,0,0,0,1.233329222235926,1.233329222235926
yamasli01w,3,0,MIA,WNBA,15,0,147,52,3,12,15,9,4,1,10,0,43,19,10,5,17,9,0,0,0,0,0,0,0,0,0,0,0,0,0,0,0,0,0,0,0,0,147,52,3,12,9,4,1,10,0,0,0,0,0.4197278626035468,0.4197278626035468
yamasli01w,4,0,NYL,WNBA,24,1,148,16,1,11,12,9,4,0,5,0,27,6,0,0,14,4,1,0,0,0,0,0,0,0,0,0,0,0,0,0,0,0,0,0,0,0,148,16,1,11,9,4,0,5,0,0,0,0,0.18918917640613672,0.18918917640613672
yilmane01w,4,0,PHO,WNBA,5,1,34,14,3,0,3,2,0,0,4,0,15,7,2,0,0,0,0,0,0,0,0,0,0,0,0,0,0,0,0,0,0,0,0,0,0,0,34,14,3,0,2,0,0,4,0,0,0,0,0.4147057603806587,0.4147057603806587
yilmane01w,5,0,SAS,WNBA,7,0,77,19,3,7,10,2,3,1,4,0,24,6,6,6,7,1,0,0,0,0,0,0,0,0,0,0,0,0,0,0,0,0,0,0,0,0,77,19,3,7,2,3,1,4,0,0,0,0,0.3272726847697812,0.3272726847697812
youngca01w,2,0,POR,WNBA,23,1,279,111,10,24,34,15,14,1,27,0,99,37,37,27,34,10,0,0,0,0,0,0,0,0,0,0,0,0,0,0,0,0,0,0,0,0,279,111,10,24,15,14,1,27,0,0,0,0,0.4594981914158354,0.4594981914158354
youngca01w,3,0,POR,WNBA,19,0,186,83,5,9,14,12,4,0,18,0,74,26,24,21,22,10,0,0,0,0,0,0,0,0,0,0,0,0,0,0,0,0,0,0,0,0,186,83,5,9,12,4,0,18,0,0,0,0,0.4688171790958506,0.4688171790958506
youngso01w,7,0,SAS,WNBA,34,34,1057,408,85,172,257,50,57,13,45,0,370,154,137,100,4,0,0,0,0,0,0,0,0,0,0,0,0,0,0,0,0,0,0,0,0,0,1057,408,85,172,50,57,13,45,0,0,0,0,0.5620624355528625,0.5620624355528625
youngso01w,8,0,SAS,WNBA,33,33,1106,553,72,121,193,51,49,12,61,0,448,214,167,125,5,0,0,5,5,172,101,20,25,45,8,4,2,8,12,73,37,32,27,0,0,0,1106,553,72,121,51,49,12,61,0,0,0,0,0.6245027068308977,0.6245027068308977
youngso01w,9,0,SAS,WNBA,33,33,1054,576,52,134,186,75,53,17,57,0,433,207,206,162,3,0,1,9,9,325,159,16,37,53,15,14,1,19,17,125,57,60,45,1,0,0,1054,576,52,134,75,53,17,57,0,0,0,0,0.702656539822993,0.702656539822993
youngso01w,10,0,SAS,WNBA,33,33,1113,600,69,146,215,54,44,16,62,0,482,219,189,145,55,17,1,3,3,96,58,6,10,16,6,6,2,5,9,48,22,19,13,2,1,0,1113,600,69,146,54,44,16,62,0,0,0,0,0.6685534531127272,0.6685534531127272
youngta01w,9,0,ATL,WNBA,33,15,745,240,44,95,139,41,30,10,59,0,240,80,97,67,40,13,2,0,0,0,0,0,0,0,0,0,0,0,0,0,0,0,0,0,0,0,745,240,44,95,41,30,10,59,0,0,0,0,0.43127516199630656,0.43127516199630656
youngta01w,10,1,ATL,WNBA,11,0,73,30,6,8,14,5,6,1,9,0,27,9,17,11,5,1,0,0,0,0,0,0,0,0,0,0,0,0,0,0,0,0,0,0,0,0,73,30,6,8,5,6,1,9,0,0,0,0,0.5424656791142906,0.5424656791142906
youngta01w,10,2,CHI,WNBA,10,6,129,50,10,20,30,7,7,4,11,0,46,16,18,16,8,2,0,0,0,0,0,0,0,0,0,0,0,0,0,0,0,0,0,0,0,0,129,50,10,20,7,7,4,11,0,0,0,0,0.5426356168499522,0.5426356168499522
zakalok01w,1,0,DET,WNBA,23,0,258,89,15,31,46,2,5,13,19,0,73,38,11,10,7,3,0,0,0,0,0,0,0,0,0,0,0,0,0,0,0,0,0,0,0,0,258,89,15,31,2,5,13,19,0,0,0,0,0.425581378853435,0.425581378853435
zakalok01w,3,1,DET,WNBA,3,0,10,2,0,0,0,0,0,1,0,0,3,1,0,0,0,0,0,0,0,0,0,0,0,0,0,0,0,0,0,0,0,0,0,0,0,0,10,2,0,0,0,0,1,0,0,0,0,0,0.2999997000003,0.2999997000003
zakalok01w,3,2,PHO,WNBA,5,0,37,6,0,3,3,0,0,0,4,0,6,2,4,2,0,0,0,0,0,0,0,0,0,0,0,0,0,0,0,0,0,0,0,0,0,0,37,6,0,3,0,0,0,4,0,0,0,0,0.07837835719503859,0.07837835719503859
zarafr01w,6,0,SEA,WNBA,34,4,413,90,11,28,39,51,16,1,41,0,85,34,21,17,22,5,0,3,0,26,11,0,0,0,2,0,0,5,0,6,4,2,2,1,1,0,413,90,11,28,51,16,1,41,0,0,0,0,0.3222760212523966,0.3222760212523966
zellosh01w,10,0,DET,WNBA,34,4,802,406,25,81,106,62,27,17,77,0,297,118,181,155,49,15,3,5,0,145,78,8,17,25,14,6,3,7,15,68,24,27,23,17,7,0,802,406,25,81,62,27,17,77,0,0,0,0,0.594513708297834,0.594513708297834
zirkozu01w,4,0,WAS,WNBA,6,0,30,11,0,2,2,1,0,0,2,0,4,2,6,6,2,1,0,0,0,0,0,0,0,0,0,0,0,0,0,0,0,0,0,0,0,0,30,11,0,2,1,0,0,2,0,0,0,0,0.3533332155555948,0.3533332155555948
zollsh01w,9,0,MIN,WNBA,6,0,30,10,1,2,3,3,1,0,3,0,8,2,6,5,3,1,0,0,0,0,0,0,0,0,0,0,0,0,0,0,0,0,0,0,0,0,30,10,1,2,3,1,0,3,0,0,0,0,0.40999986333337884,0.40999986333337884
