playerID,year,stint,tmID,GP,GS,minutes,points,rebounds,assists,steals,blocks,turnovers,PF,fgMade,ftMade,threeAttempted,threeMade,dq,PostGP,PostGS,PostMinutes,PostPoints,PostoRebounds,PostdRebounds,PostRebounds,PostAssists,PostSteals,PostBlocks,PostTurnovers,PostPF,PostfgAttempted,PostfgMade,PostftAttempted,PostftMade,PostthreeAttempted,PostthreeMade,PostDQ,TSht,AstTO,RebP,ORebP,DRebP,StlR,BlkR,PPG,num_awards
abrossv01w,2,0,MIN,26,23,846,343,174,53,42,9,85,70,114,96,76,19,2,0,0,0,0,0,0,0,0,0,0,0,0,0,0,0,0,0,0,0,0.488,0.624,0.206,0.051,0.155,0.05,0.011,13.192,0.0
abrossv01w,3,0,MIN,27,27,805,314,146,60,42,10,92,73,119,56,60,20,0,0,0,0,0,0,0,0,0,0,0,0,0,0,0,0,0,0,0,0,0.428,0.652,0.181,0.056,0.125,0.052,0.012,11.63,0.0
abrossv01w,4,0,MIN,30,25,792,318,141,82,44,11,90,79,112,69,82,25,0,3,3,69,23,1,4,5,4,4,1,8,8,22,6,8,8,7,3,0,0.485,0.911,0.178,0.056,0.122,0.056,0.014,10.6,0.0
abrossv01w,5,0,MIN,22,11,462,146,74,45,30,2,43,42,49,28,53,20,0,2,2,67,20,3,6,9,3,1,2,3,7,23,8,4,2,8,2,0,0.458,1.047,0.16,0.037,0.123,0.065,0.004,6.636,0.0
abrossv01w,6,0,MIN,31,31,777,304,107,60,48,6,80,86,109,53,82,33,0,0,0,0,0,0,0,0,0,0,0,0,0,0,0,0,0,0,0,0,0.493,0.75,0.138,0.037,0.1,0.062,0.008,9.806,0.0
abrossv01w,7,0,MIN,34,2,724,263,106,54,34,1,61,66,99,41,65,24,0,0,0,0,0,0,0,0,0,0,0,0,0,0,0,0,0,0,0,0,0.49,0.885,0.146,0.061,0.086,0.047,0.001,7.735,0.0
abrossv01w,8,0,MIN,34,29,843,345,150,85,44,4,68,86,132,36,101,45,0,0,0,0,0,0,0,0,0,0,0,0,0,0,0,0,0,0,0,0,0.544,1.25,0.178,0.063,0.115,0.052,0.005,10.147,0.0
abrossv01w,9,0,CON,6,0,107,34,20,12,8,0,11,13,11,10,12,2,0,3,2,63,24,3,8,11,4,4,0,3,8,24,11,4,2,5,0,0,0.412,1.091,0.187,0.028,0.159,0.075,0.0,5.667,0.0
adamsjo01w,4,0,MIN,10,0,96,33,23,4,2,3,10,10,13,2,12,5,0,0,0,0,0,0,0,0,0,0,0,0,0,0,0,0,0,0,0,0,0.487,0.4,0.24,0.104,0.135,0.021,0.031,3.3,0.0
aguilel01w,3,0,UTA,28,0,141,43,11,16,3,2,11,5,14,4,21,11,0,2,0,4,0,0,0,0,2,0,0,0,1,0,0,0,0,0,0,0,0.596,1.455,0.078,0.0,0.078,0.021,0.014,1.536,0.0
ajavoma01w,9,0,HOU,34,2,604,273,60,59,31,6,55,85,94,72,68,13,1,0,0,0,0,0,0,0,0,0,0,0,0,0,0,0,0,0,0,0,0.421,1.073,0.099,0.055,0.045,0.051,0.01,8.029,0.0
ajavoma01w,10,0,WAS,34,4,587,272,64,37,37,4,50,84,85,74,82,28,1,2,0,34,19,1,4,5,3,4,0,2,6,16,6,6,5,8,2,0,0.451,0.74,0.109,0.046,0.063,0.063,0.007,8.0,0.0
aldrima01w,1,0,WAS,29,0,272,63,24,28,9,4,27,30,25,7,12,6,0,2,0,49,14,1,3,4,7,1,0,1,3,11,5,8,4,3,0,0,0.495,1.037,0.088,0.029,0.059,0.033,0.015,2.172,0.0
aldrima01w,2,0,WAS,5,0,35,7,2,2,0,0,4,5,3,1,3,0,0,0,0,0,0,0,0,0,0,0,0,0,0,0,0,0,0,0,0,0,0.371,0.5,0.057,0.057,0.0,0.0,0.0,1.4,0.0
alhalta01w,2,0,ORL,26,1,252,49,38,14,11,0,28,20,19,7,11,4,0,0,0,0,0,0,0,0,0,0,0,0,0,0,0,0,0,0,0,0,0.382,0.5,0.151,0.06,0.091,0.044,0.0,1.885,0.0
allench01w,9,0,SAC,6,0,49,16,6,3,1,0,6,5,7,0,6,2,0,2,0,3,0,0,0,0,0,0,0,1,1,0,0,0,0,0,0,0,0.5,0.5,0.122,0.041,0.082,0.02,0.0,2.667,0.0
amachma01w,2,0,NYL,2,0,3,1,1,0,0,1,1,2,0,1,0,0,0,0,0,0,0,0,0,0,0,0,0,0,0,0,0,0,0,0,0,0,0.568,0.0,0.333,0.333,0.0,0.0,0.333,0.5,0.0
amachma01w,4,0,SEA,7,0,47,8,14,0,5,2,9,3,3,2,0,0,0,0,0,0,0,0,0,0,0,0,0,0,0,0,0,0,0,0,0,0,0.34,0.0,0.298,0.085,0.213,0.106,0.043,1.143,0.0
amachma01w,6,0,WAS,3,0,3,2,0,0,0,0,0,0,0,2,0,0,0,0,0,0,0,0,0,0,0,0,0,0,0,0,0,0,0,0,0,0,0.532,,0.0,0.0,0.0,0.0,0.0,0.667,0.0
ambermo01w,3,0,SAC,2,0,4,0,0,0,0,0,0,2,0,0,0,0,0,0,0,0,0,0,0,0,0,0,0,0,0,0,0,0,0,0,0,0,,,0.0,0.0,0.0,0.0,0.0,0.0,0.0
anderam01w,7,1,CON,1,0,1,0,2,0,0,0,0,0,0,0,0,0,0,0,0,0,0,0,0,0,0,0,0,0,0,0,0,0,0,0,0,0,,,2.0,0.0,2.0,0.0,0.0,0.0,0.0
anderam01w,7,2,NYL,3,0,9,0,2,0,1,0,1,0,0,0,0,0,0,0,0,0,0,0,0,0,0,0,0,0,0,0,0,0,0,0,0,0,0.0,0.0,0.222,0.111,0.111,0.111,0.0,0.0,0.0
anderch01w,4,0,SAC,26,0,171,42,24,5,5,5,17,33,19,4,0,0,1,5,0,29,7,0,3,3,0,0,2,4,7,5,3,2,1,0,0,0,0.426,0.294,0.14,0.041,0.099,0.029,0.029,1.615,0.0
anderch01w,5,0,SAC,30,0,231,77,34,5,3,6,25,46,25,27,0,0,0,2,0,11,2,0,2,2,1,0,0,1,1,2,1,0,0,0,0,0,0.48,0.2,0.147,0.061,0.087,0.013,0.026,2.567,0.0
anderch01w,6,0,SAS,34,19,669,203,90,11,8,15,55,106,83,37,0,0,5,0,0,0,0,0,0,0,0,0,0,0,0,0,0,0,0,0,0,0,0.512,0.2,0.135,0.042,0.093,0.012,0.022,5.971,0.0
anderch01w,7,0,SAS,23,20,414,153,85,15,7,10,29,73,59,35,0,0,0,0,0,0,0,0,0,0,0,0,0,0,0,0,0,0,0,0,0,0,0.58,0.517,0.205,0.068,0.138,0.017,0.024,6.652,0.0
anderch01w,8,0,SAS,11,1,86,28,20,3,1,5,5,11,10,8,0,0,0,2,0,5,2,1,0,1,0,0,0,0,3,1,0,2,2,0,0,0,0.554,0.6,0.233,0.07,0.163,0.012,0.058,2.545,0.0
anderjo01w,9,0,CON,24,7,367,97,58,26,7,1,16,17,35,11,69,16,0,0,0,0,0,0,0,0,0,0,0,0,0,0,0,0,0,0,0,0,0.366,1.625,0.158,0.03,0.128,0.019,0.003,4.042,0.0
anderke01w,1,0,WAS,30,9,434,75,46,75,25,3,47,53,29,14,8,3,0,2,2,30,2,2,3,5,5,0,0,4,1,3,1,2,0,0,0,0,0.494,1.596,0.106,0.028,0.078,0.058,0.007,2.5,0.0
anderke01w,2,0,CHA,18,0,102,12,15,14,6,0,17,8,2,8,2,0,0,2,0,7,0,0,0,0,1,1,0,1,1,1,0,0,0,1,0,0,0.294,0.824,0.147,0.029,0.118,0.059,0.0,0.667,0.0
anderke01w,3,0,CHA,7,0,31,7,6,5,0,0,3,4,3,0,4,1,0,0,0,0,0,0,0,0,0,0,0,0,0,0,0,0,0,0,0,0,0.292,1.667,0.194,0.065,0.129,0.0,0.0,1.0,0.0
andrame01w,1,0,CLE,32,18,797,265,95,75,41,10,65,91,89,60,75,27,1,6,5,166,21,5,12,17,14,6,3,11,17,33,8,9,5,9,0,0,0.576,1.154,0.119,0.04,0.079,0.051,0.013,8.281,0.0
andrame01w,2,0,CLE,32,32,893,152,87,100,51,10,61,77,58,30,30,6,0,3,3,72,13,5,4,9,1,2,2,7,9,17,6,0,0,2,1,0,0.398,1.639,0.097,0.024,0.074,0.057,0.011,4.75,0.0
andrame01w,3,0,CLE,32,16,665,91,56,67,29,6,41,82,34,18,26,5,2,0,0,0,0,0,0,0,0,0,0,0,0,0,0,0,0,0,0,0,0.376,1.634,0.084,0.026,0.059,0.044,0.009,2.844,0.0
andrame01w,5,0,CHA,12,0,65,9,4,7,0,1,3,12,3,3,1,0,0,0,0,0,0,0,0,0,0,0,0,0,0,0,0,0,0,0,0,0,0.541,2.333,0.062,0.015,0.046,0.0,0.015,0.75,0.0
anosini01w,9,0,MIN,34,34,920,314,231,45,75,43,42,125,99,116,1,0,2,0,0,0,0,0,0,0,0,0,0,0,0,0,0,0,0,0,0,0,0.525,1.071,0.251,0.085,0.166,0.082,0.047,9.235,0.0
anosini01w,10,0,MIN,30,29,896,396,222,81,81,28,61,88,130,135,4,1,1,0,0,0,0,0,0,0,0,0,0,0,0,0,0,0,0,0,0,0,0.565,1.328,0.248,0.081,0.166,0.09,0.031,13.2,0.0
arcaija01w,1,0,HOU,32,32,977,268,119,60,42,3,53,66,109,41,45,9,1,6,6,201,50,6,21,27,12,10,0,16,14,47,21,7,6,7,2,0,0.526,1.132,0.122,0.037,0.085,0.043,0.003,8.375,0.0
arcaija01w,2,0,HOU,32,32,1154,591,136,94,60,3,83,82,217,135,66,22,1,2,2,71,29,2,9,11,5,2,0,5,5,34,13,2,2,8,1,0,0.514,1.133,0.118,0.042,0.075,0.052,0.003,18.469,1.0
arcaija01w,3,0,HOU,32,32,1116,364,126,86,51,6,71,49,128,98,37,10,0,3,3,119,39,2,9,11,4,5,1,5,11,35,15,8,7,7,2,0,0.519,1.211,0.113,0.038,0.075,0.046,0.005,11.375,0.0
arcaija01w,4,0,HOU,34,34,1136,390,136,67,41,1,50,64,151,79,37,9,0,3,3,107,37,6,8,14,3,8,0,7,5,31,12,13,12,5,1,0,0.534,1.34,0.12,0.021,0.099,0.036,0.001,11.471,0.0
arcaija01w,6,0,HOU,34,34,1079,342,93,53,55,6,56,85,128,83,16,3,0,5,5,138,44,1,9,10,6,6,0,2,5,33,16,12,12,1,0,0,0.495,0.946,0.086,0.019,0.068,0.051,0.006,10.059,0.0
askamma01w,1,0,MIA,32,32,869,251,231,29,17,21,49,95,85,80,2,1,0,0,0,0,0,0,0,0,0,0,0,0,0,0,0,0,0,0,0,0,0.482,0.592,0.266,0.11,0.155,0.02,0.024,7.844,0.0
askamma01w,2,0,MIA,30,11,431,74,87,15,12,11,19,62,28,18,0,0,0,0,0,0,0,0,0,0,0,0,0,0,0,0,0,0,0,0,0,0,0.513,0.789,0.202,0.081,0.121,0.028,0.026,2.467,0.0
askamma01w,3,2,LAS,20,4,215,61,49,4,11,4,11,25,26,9,1,0,0,4,3,24,2,1,2,3,0,0,0,0,4,5,0,2,2,0,0,0,0.499,0.364,0.228,0.112,0.116,0.051,0.019,3.05,0.0
askamma01w,3,1,MIA,6,1,72,11,11,3,1,1,1,9,4,3,0,0,0,0,0,0,0,0,0,0,0,0,0,0,0,0,0,0,0,0,0,0,0.371,3.0,0.153,0.083,0.069,0.014,0.014,1.833,0.0
atkinla01w,7,0,IND,33,1,417,99,76,22,18,5,34,31,38,18,17,5,0,2,0,29,6,10,7,17,3,1,2,2,2,9,2,4,2,0,0,0,0.475,0.647,0.182,0.06,0.122,0.043,0.012,3.0,0.0
atkinla01w,8,0,SAC,28,0,226,58,44,15,10,5,33,15,22,14,2,0,0,2,0,7,0,0,0,0,0,1,0,1,0,2,0,0,0,0,0,0,0.524,0.455,0.195,0.058,0.137,0.044,0.022,2.071,0.0
atkinla01w,9,0,SAC,5,1,73,14,14,8,5,2,10,5,6,2,1,0,0,0,0,0,0,0,0,0,0,0,0,0,0,0,0,0,0,0,0,0,0.394,0.8,0.192,0.041,0.151,0.068,0.027,2.8,0.0
atkinla01w,10,0,SEA,2,1,46,5,18,5,10,1,4,5,2,1,1,0,0,0,0,0,0,0,0,0,0,0,0,0,0,0,0,0,0,0,0,0,0.282,1.25,0.391,0.13,0.261,0.217,0.022,2.5,0.0
atunrmo01w,9,0,SAS,33,0,348,71,48,23,16,13,26,21,24,11,41,12,0,8,0,44,10,0,7,7,4,1,1,1,4,8,4,2,0,4,2,0,0.377,0.885,0.138,0.046,0.092,0.046,0.037,2.152,0.0
augusse01w,7,0,MIN,34,34,1124,744,128,50,21,18,71,58,283,148,85,30,0,0,0,0,0,0,0,0,0,0,0,0,0,0,0,0,0,0,0,0,0.537,0.704,0.114,0.013,0.101,0.019,0.016,21.882,1.0
augusse01w,8,0,MIN,34,34,1093,769,136,79,41,21,83,58,296,151,62,26,0,0,0,0,0,0,0,0,0,0,0,0,0,0,0,0,0,0,0,0,0.583,0.952,0.124,0.034,0.091,0.038,0.019,22.618,0.0
augusse01w,9,0,MIN,31,31,1042,591,120,83,32,12,52,46,233,105,63,20,0,0,0,0,0,0,0,0,0,0,0,0,0,0,0,0,0,0,0,0,0.539,1.596,0.115,0.027,0.088,0.031,0.012,19.065,0.0
augusse01w,10,0,MIN,6,6,178,126,25,9,12,3,13,5,49,19,14,9,0,0,0,0,0,0,0,0,0,0,0,0,0,0,0,0,0,0,0,0,0.661,0.692,0.14,0.022,0.118,0.067,0.017,21.0,0.0
aycocan01w,1,2,MIN,3,0,6,0,3,4,0,0,0,1,0,0,0,0,0,0,0,0,0,0,0,0,0,0,0,0,0,0,0,0,0,0,0,0,,0.0,0.5,0.0,0.5,0.0,0.0,0.0,0.0
aycocan01w,1,1,SEA,1,0,7,0,2,0,0,0,0,2,0,0,2,0,0,0,0,0,0,0,0,0,0,0,0,0,0,0,0,0,0,0,0,0,0.0,,0.286,0.143,0.143,0.0,0.0,0.0,0.0
azizle01w,4,0,IND,7,0,44,10,9,1,0,4,3,5,4,2,0,0,0,0,0,0,0,0,0,0,0,0,0,0,0,0,0,0,0,0,0,0,0.317,0.333,0.205,0.045,0.159,0.0,0.091,1.429,0.0
azzije01w,1,0,UTA,15,15,559,144,41,92,12,5,28,43,47,40,24,10,0,0,0,0,0,0,0,0,0,0,0,0,0,0,0,0,0,0,0,0,0.586,3.286,0.073,0.009,0.064,0.021,0.009,9.6,0.0
azzije01w,2,0,UTA,32,32,1205,276,98,171,22,10,69,89,75,88,74,38,1,2,2,75,9,0,3,3,10,1,1,5,7,12,3,1,1,7,2,0,0.61,2.478,0.081,0.008,0.073,0.018,0.008,8.625,0.0
azzije01w,3,0,UTA,32,32,1151,306,69,158,27,14,67,102,91,83,92,41,0,5,5,186,40,2,11,13,34,4,5,8,20,33,13,8,7,19,7,0,0.628,2.358,0.06,0.013,0.047,0.023,0.012,9.562,0.0
azzije01w,4,0,SAS,34,34,1136,260,91,111,27,9,61,98,85,51,97,39,2,0,0,0,0,0,0,0,0,0,0,0,0,0,0,0,0,0,0,0,0.543,1.82,0.08,0.009,0.071,0.024,0.008,7.647,0.0
badertr01w,1,0,CLE,25,0,201,47,11,21,17,1,18,16,17,5,24,8,0,5,0,36,8,0,1,1,1,2,0,1,1,9,3,1,0,3,2,0,0.464,1.167,0.055,0.01,0.045,0.085,0.005,1.88,0.0
badertr01w,2,0,CLE,19,0,114,21,12,11,5,0,8,7,8,0,13,5,0,1,0,4,0,1,0,1,0,0,0,0,0,2,0,0,0,2,0,0,0.525,1.375,0.105,0.018,0.088,0.044,0.0,1.105,0.0
badertr01w,3,0,CLE,18,0,132,14,7,15,6,1,7,3,4,5,14,1,0,0,0,0,0,0,0,0,0,0,0,0,0,0,0,0,0,0,0,0,0.244,2.143,0.053,0.008,0.045,0.045,0.008,0.778,0.0
bakersh01w,7,0,NYL,34,16,614,251,56,35,46,2,50,69,97,48,33,9,0,0,0,0,0,0,0,0,0,0,0,0,0,0,0,0,0,0,0,0,0.455,0.7,0.091,0.037,0.054,0.075,0.003,7.382,0.0
bakersh01w,8,2,LAS,24,11,492,203,69,77,36,2,65,58,63,70,33,7,1,0,0,0,0,0,0,0,0,0,0,0,0,0,0,0,0,0,0,0,0.443,1.185,0.14,0.035,0.106,0.073,0.004,8.458,0.0
bakersh01w,8,1,NYL,3,0,13,5,1,0,0,0,0,1,2,0,1,1,0,0,0,0,0,0,0,0,0,0,0,0,0,0,0,0,0,0,0,0,1.25,,0.077,0.0,0.077,0.0,0.0,1.667,0.0
bakersh01w,9,0,IND,13,0,110,49,22,15,9,1,11,15,12,25,1,0,0,0,0,0,0,0,0,0,0,0,0,0,0,0,0,0,0,0,0,0,0.472,1.364,0.2,0.064,0.136,0.082,0.009,3.769,0.0
bakersh01w,10,0,DET,1,0,11,7,1,1,1,0,1,1,2,3,0,0,0,0,0,0,0,0,0,0,0,0,0,0,0,0,0,0,0,0,0,0,0.81,1.0,0.091,0.091,0.0,0.091,0.0,7.0,0.0
balesal01w,8,0,IND,17,0,169,55,45,2,4,13,7,14,24,7,0,0,0,4,0,17,0,0,2,2,1,0,0,1,2,4,0,0,0,0,0,0,0.604,0.286,0.266,0.071,0.195,0.024,0.077,3.235,0.0
balesal01w,9,2,ATL,17,9,389,82,102,11,15,29,10,37,30,21,3,1,0,0,0,0,0,0,0,0,0,0,0,0,0,0,0,0,0,0,0,0,0.468,1.1,0.262,0.051,0.211,0.039,0.075,4.824,0.0
balesal01w,9,1,IND,14,0,126,37,22,2,5,14,3,18,14,7,5,2,0,0,0,0,0,0,0,0,0,0,0,0,0,0,0,0,0,0,0,0,0.463,0.667,0.175,0.056,0.119,0.04,0.111,2.643,0.0
banchrh01w,1,0,SAC,9,0,21,6,3,1,0,0,2,3,2,2,2,0,0,0,0,0,0,0,0,0,0,0,0,0,0,0,0,0,0,0,0,0,0.342,0.5,0.143,0.095,0.048,0.0,0.0,0.667,0.0
baranel01w,2,0,MIA,32,30,984,378,191,63,33,57,62,81,141,66,80,30,2,3,3,105,44,7,11,18,7,2,2,9,9,33,15,11,8,11,6,0,0.523,1.016,0.194,0.041,0.153,0.034,0.058,11.812,0.0
baranel01w,4,0,NYL,33,7,850,278,181,64,36,43,62,69,107,31,91,33,0,0,0,0,0,0,0,0,0,0,0,0,0,0,0,0,0,0,0,0,0.51,1.032,0.213,0.053,0.16,0.042,0.051,8.424,0.0
baranel01w,5,0,NYL,34,33,1048,394,246,67,37,58,80,88,146,49,115,53,0,5,5,154,42,7,27,34,10,4,9,12,18,38,15,10,8,13,4,0,0.582,0.838,0.235,0.031,0.203,0.035,0.055,11.588,0.0
baranel01w,6,0,NYL,33,33,953,288,227,59,25,46,59,79,104,47,85,33,1,2,2,59,9,1,7,8,2,3,2,1,4,10,3,2,2,3,1,0,0.553,1.0,0.238,0.041,0.197,0.026,0.048,8.727,0.0
barksla01w,2,0,POR,5,0,35,2,6,4,2,0,1,3,1,0,3,0,0,0,0,0,0,0,0,0,0,0,0,0,0,0,0,0,0,0,0,0,0.1,4.0,0.171,0.029,0.143,0.057,0.0,0.4,0.0
barksla01w,3,0,POR,17,3,285,100,40,12,8,7,23,31,36,23,22,5,0,0,0,0,0,0,0,0,0,0,0,0,0,0,0,0,0,0,0,0,0.445,0.522,0.14,0.063,0.077,0.028,0.025,5.882,0.0
barksla01w,4,0,SAS,26,0,168,59,33,5,1,3,10,21,21,2,52,15,0,0,0,0,0,0,0,0,0,0,0,0,0,0,0,0,0,0,0,0,0.369,0.5,0.196,0.048,0.149,0.006,0.018,2.269,0.0
barnead01w,1,0,CLE,5,0,18,8,2,4,0,0,2,2,3,2,1,0,0,4,0,6,2,0,1,1,2,0,0,1,0,2,1,0,0,1,0,0,0.592,2.0,0.111,0.111,0.0,0.0,0.0,1.6,0.0
barnead01w,2,0,CLE,3,0,3,2,1,0,0,0,0,0,1,0,0,0,0,0,0,0,0,0,0,0,0,0,0,0,0,0,0,0,0,0,0,0,1.0,,0.333,0.0,0.333,0.0,0.0,0.667,0.0
barnead01w,3,0,SEA,26,17,493,90,102,28,32,9,25,64,37,15,4,1,1,2,2,50,10,3,5,8,3,3,0,7,4,9,4,0,0,4,2,0,0.364,1.12,0.207,0.091,0.116,0.065,0.018,3.462,0.0
barnead01w,4,0,SEA,16,16,396,88,65,23,11,7,18,36,32,12,31,12,1,0,0,0,0,0,0,0,0,0,0,0,0,0,0,0,0,0,0,0,0.472,1.278,0.164,0.066,0.098,0.028,0.018,5.5,0.0
barnead01w,5,0,SEA,34,2,402,67,63,31,23,2,24,38,21,22,6,3,0,6,0,39,7,4,4,8,5,3,1,1,10,11,3,4,1,0,0,0,0.405,1.292,0.157,0.082,0.075,0.057,0.005,1.971,0.0
barnequ01w,1,0,SEA,31,23,705,209,84,33,19,33,62,103,89,30,9,1,2,0,0,0,0,0,0,0,0,0,0,0,0,0,0,0,0,0,0,0,0.44,0.532,0.119,0.038,0.081,0.027,0.047,6.742,0.0
barnequ01w,2,0,SEA,20,3,229,68,34,11,9,6,16,29,23,21,1,1,0,0,0,0,0,0,0,0,0,0,0,0,0,0,0,0,0,0,0,0,0.48,0.688,0.148,0.061,0.087,0.039,0.026,3.4,0.0
barnequ01w,3,0,PHO,2,0,13,3,1,0,1,2,0,1,0,3,0,0,0,0,0,0,0,0,0,0,0,0,0,0,0,0,0,0,0,0,0,0,0.171,,0.077,0.0,0.077,0.077,0.154,1.5,0.0
batkosu01w,6,0,SEA,29,0,461,199,94,26,17,24,32,85,76,45,7,2,1,3,0,43,14,2,8,10,0,0,2,5,8,12,6,5,2,0,0,0,0.499,0.812,0.204,0.056,0.148,0.037,0.052,6.862,0.0
batkosu01w,10,0,SEA,20,0,147,47,29,4,5,6,24,29,21,2,11,3,0,3,0,86,38,0,10,10,0,4,7,7,9,28,14,4,3,13,7,0,0.505,0.167,0.197,0.061,0.136,0.034,0.041,2.35,0.0
batteja01w,6,0,MIN,8,0,46,0,5,3,0,1,3,4,0,0,0,0,0,0,0,0,0,0,0,0,0,0,0,0,0,0,0,0,0,0,0,0,0.0,1.0,0.109,0.0,0.109,0.0,0.022,0.0,0.0
batteja01w,7,0,DET,26,1,178,36,25,7,2,3,4,21,15,4,14,2,0,4,0,9,0,0,0,0,1,0,0,0,1,2,0,0,0,1,0,0,0.315,1.75,0.14,0.073,0.067,0.011,0.017,1.385,0.0
battlas01w,6,0,SEA,2,0,8,2,2,0,0,0,1,1,1,0,0,0,0,0,0,0,0,0,0,0,0,0,0,0,0,0,0,0,0,0,0,0,0.5,0.0,0.25,0.0,0.25,0.0,0.0,1.0,0.0
battlas01w,7,0,NYL,33,2,455,143,62,29,31,3,38,32,54,20,46,15,0,0,0,0,0,0,0,0,0,0,0,0,0,0,0,0,0,0,0,0,0.47,0.763,0.136,0.029,0.108,0.068,0.007,4.333,0.0
battlas01w,8,0,NYL,34,5,757,252,126,56,35,2,48,50,89,45,93,29,0,3,0,63,11,0,7,7,4,1,0,1,8,14,5,2,1,2,0,0,0.467,1.167,0.166,0.042,0.124,0.046,0.003,7.412,0.0
battlas01w,9,0,NYL,34,0,336,121,53,24,15,1,28,26,37,36,30,11,0,6,0,93,19,2,11,13,9,5,1,3,5,22,8,0,0,9,3,0,0.504,0.857,0.158,0.054,0.104,0.045,0.003,3.559,0.0
battlas01w,10,0,NYL,34,3,548,177,85,40,31,2,52,48,63,32,46,19,0,0,0,0,0,0,0,0,0,0,0,0,0,0,0,0,0,0,0,0,0.526,0.769,0.155,0.031,0.124,0.057,0.004,5.206,0.0
bauerca01w,1,0,CHA,29,18,398,76,56,14,8,3,28,72,29,18,1,0,1,0,0,0,0,0,0,0,0,0,0,0,0,0,0,0,0,0,0,0,0.468,0.5,0.141,0.05,0.09,0.02,0.008,2.621,0.0
bauerca01w,2,0,WAS,15,0,102,15,18,3,2,1,6,12,5,5,1,0,0,0,0,0,0,0,0,0,0,0,0,0,0,0,0,0,0,0,0,0,0.35,0.5,0.176,0.078,0.098,0.02,0.01,1.0,0.0
bauerca01w,3,0,SAC,25,2,233,43,41,1,2,5,25,34,17,9,0,0,0,0,0,0,0,0,0,0,0,0,0,0,0,0,0,0,0,0,0,0,0.338,0.04,0.176,0.06,0.116,0.009,0.021,1.72,0.0
beardal01w,5,0,WAS,34,34,1025,446,143,91,69,34,80,98,159,107,56,21,0,3,3,102,50,2,13,15,9,6,8,10,8,41,18,13,13,4,1,0,0.5,1.138,0.14,0.027,0.112,0.067,0.033,13.118,0.0
beardal01w,6,0,WAS,30,30,1015,422,130,90,45,9,63,87,155,80,101,32,0,0,0,0,0,0,0,0,0,0,0,0,0,0,0,0,0,0,0,0,0.465,1.429,0.128,0.025,0.103,0.044,0.009,14.067,0.0
beardal01w,7,0,WAS,32,32,994,614,149,98,59,25,90,92,232,113,102,37,4,2,2,64,30,2,8,10,2,6,2,4,6,36,10,10,9,5,1,0,0.574,1.089,0.15,0.023,0.127,0.059,0.025,19.188,0.0
beardal01w,8,0,WAS,33,33,1169,622,139,99,64,24,94,105,224,127,146,47,2,0,0,0,0,0,0,0,0,0,0,0,0,0,0,0,0,0,0,0,0.514,1.053,0.119,0.021,0.098,0.055,0.021,18.848,0.0
beardal01w,9,0,WAS,33,33,1092,532,118,117,55,19,106,111,187,107,144,51,2,0,0,0,0,0,0,0,0,0,0,0,0,0,0,0,0,0,0,0,0.494,1.104,0.108,0.004,0.104,0.05,0.017,16.121,0.0
beardal01w,10,0,WAS,31,30,985,492,123,68,72,18,100,97,188,84,107,32,2,2,2,54,19,1,3,4,5,2,0,0,6,26,8,3,2,8,1,0,0.504,0.68,0.125,0.019,0.106,0.073,0.018,15.871,0.0
beckki01w,9,0,SEA,17,0,93,17,12,6,4,2,4,7,4,5,6,4,0,2,0,5,0,0,0,0,0,0,0,0,0,1,0,0,0,1,0,0,0.73,1.5,0.129,0.022,0.108,0.043,0.022,1.0,0.0
bennije01w,6,0,IND,10,0,52,9,6,4,1,1,4,5,3,3,2,0,0,0,0,0,0,0,0,0,0,0,0,0,0,0,0,0,0,0,0,0,0.461,1.0,0.115,0.058,0.058,0.019,0.019,0.9,0.0
berezva01w,9,0,SAS,2,0,6,0,0,0,0,0,0,2,0,0,1,0,0,0,0,0,0,0,0,0,0,0,0,0,0,0,0,0,0,0,0,0,0.0,,0.0,0.0,0.0,0.0,0.0,0.0,0.0
berthlu01w,3,0,CLE,5,0,16,8,4,0,0,0,0,5,3,2,1,0,0,0,0,0,0,0,0,0,0,0,0,0,0,0,0,0,0,0,0,0,0.457,,0.25,0.188,0.062,0.0,0.0,1.6,0.0
berthlu01w,4,0,CLE,22,4,201,84,42,6,10,4,22,38,27,30,1,0,0,3,0,13,4,2,2,4,1,1,1,2,5,9,2,0,0,0,0,0,0.581,0.273,0.209,0.1,0.109,0.05,0.02,3.818,0.0
berthlu01w,5,0,HOU,16,0,134,37,27,4,6,2,9,28,12,13,0,0,1,0,0,0,0,0,0,0,0,0,0,0,0,0,0,0,0,0,0,0,0.441,0.444,0.201,0.09,0.112,0.045,0.015,2.312,0.0
beviltu01w,1,0,POR,32,32,796,153,95,89,41,6,66,93,40,56,60,17,1,0,0,0,0,0,0,0,0,0,0,0,0,0,0,0,0,0,0,0,0.532,1.348,0.119,0.024,0.095,0.052,0.008,4.781,0.0
beviltu01w,2,0,POR,31,31,788,153,88,103,59,6,52,102,39,52,73,23,0,0,0,0,0,0,0,0,0,0,0,0,0,0,0,0,0,0,0,0,0.509,1.981,0.112,0.034,0.077,0.075,0.008,4.935,0.0
beviltu01w,3,0,POR,27,19,421,84,33,44,22,3,27,49,25,19,36,15,0,0,0,0,0,0,0,0,0,0,0,0,0,0,0,0,0,0,0,0,0.569,1.63,0.078,0.017,0.062,0.052,0.007,3.111,0.0
beviltu01w,4,0,SEA,31,0,252,58,26,32,14,1,20,30,17,16,21,8,0,0,0,0,0,0,0,0,0,0,0,0,0,0,0,0,0,0,0,0,0.481,1.6,0.103,0.036,0.067,0.056,0.004,1.871,0.0
beviltu01w,5,0,SEA,34,0,358,79,26,29,38,2,26,48,24,20,26,11,0,8,0,111,22,3,13,16,11,8,1,9,12,17,8,4,3,7,3,0,0.543,1.115,0.073,0.017,0.056,0.106,0.006,2.324,0.0
beviltu01w,6,0,IND,31,31,873,194,63,80,60,0,51,69,63,24,116,44,0,4,4,152,27,1,8,9,11,7,1,10,12,25,8,7,5,14,6,0,0.535,1.569,0.072,0.014,0.058,0.069,0.0,6.258,0.0
beviltu01w,7,0,IND,34,34,999,223,77,79,71,1,54,72,76,38,106,33,0,2,2,62,9,0,6,6,2,1,0,0,7,10,2,6,4,3,1,0,0.535,1.463,0.077,0.01,0.067,0.071,0.001,6.559,0.0
beviltu01w,8,0,IND,34,34,901,180,75,92,56,2,53,88,66,15,89,33,0,6,6,215,44,5,11,16,19,11,0,8,17,44,13,12,10,28,8,1,0.564,1.736,0.083,0.017,0.067,0.062,0.002,5.294,1.0
beviltu01w,9,0,IND,30,30,876,175,68,65,59,4,35,73,64,17,89,30,0,3,3,94,20,4,3,7,7,3,0,1,8,24,7,1,1,18,5,0,0.514,1.857,0.078,0.014,0.064,0.067,0.005,5.833,0.0
beviltu01w,10,0,IND,34,32,861,209,79,97,62,8,48,76,68,36,107,37,0,10,10,224,53,5,18,23,20,12,1,11,25,53,18,10,7,32,10,0,0.51,2.021,0.092,0.014,0.078,0.072,0.009,6.147,0.0
bibbyje01w,1,0,NYL,17,0,69,19,5,11,3,0,12,9,3,11,6,2,0,3,0,8,4,0,0,0,2,0,0,2,0,2,2,0,0,0,0,0,0.401,0.917,0.072,0.043,0.029,0.043,0.0,1.118,0.0
bibrzag01w,5,0,SAS,24,9,465,159,28,40,21,7,32,38,55,23,84,26,0,0,0,0,0,0,0,0,0,0,0,0,0,0,0,0,0,0,0,0,0.489,1.25,0.06,0.011,0.049,0.045,0.015,6.625,0.0
bibrzag01w,7,0,SAS,32,22,751,361,66,48,26,12,47,49,130,46,157,55,0,0,0,0,0,0,0,0,0,0,0,0,0,0,0,0,0,0,0,0,0.54,1.021,0.088,0.013,0.075,0.035,0.016,11.281,0.0
birdsu01w,3,0,SEA,32,32,1121,461,83,191,55,3,109,48,151,102,142,57,0,2,2,73,28,0,0,0,12,5,0,5,6,22,9,7,7,11,3,0,0.543,1.752,0.074,0.015,0.059,0.049,0.003,14.406,0.0
birdsu01w,4,0,SEA,34,34,1136,420,113,221,48,1,110,47,155,61,140,49,0,0,0,0,0,0,0,0,0,0,0,0,0,0,0,0,0,0,0,0,0.527,2.009,0.099,0.019,0.08,0.042,0.001,12.353,0.0
birdsu01w,5,0,SEA,34,34,1136,439,106,184,51,5,87,48,151,73,146,64,0,8,8,233,68,5,21,26,42,12,0,16,13,61,23,21,16,20,6,0,0.604,2.115,0.093,0.019,0.074,0.045,0.004,12.912,0.0
birdsu01w,6,0,SEA,30,30,1020,364,72,176,29,6,87,46,130,59,103,45,0,3,3,103,27,1,4,5,13,3,0,4,6,33,9,8,7,15,2,0,0.561,2.023,0.071,0.021,0.05,0.028,0.006,12.133,0.0
birdsu01w,7,0,SEA,34,34,1065,389,102,162,61,5,88,60,137,59,153,56,1,3,3,106,38,3,5,8,10,1,2,7,3,36,13,8,5,21,7,0,0.536,1.841,0.096,0.023,0.073,0.057,0.005,11.441,1.0
birdsu01w,8,0,SEA,29,29,919,303,57,143,43,8,67,46,118,22,133,45,0,2,2,71,33,0,4,4,10,4,0,6,4,24,11,4,4,12,7,0,0.527,2.134,0.062,0.009,0.053,0.047,0.009,10.448,0.0
birdsu01w,9,0,SEA,33,33,1111,465,84,169,39,3,88,61,172,74,137,47,0,3,3,111,59,0,7,7,9,4,0,6,3,50,23,8,8,17,5,0,0.544,1.92,0.076,0.013,0.063,0.035,0.003,14.091,0.0
birdsu01w,10,0,SEA,31,31,1101,397,78,179,47,3,81,50,154,35,150,54,0,3,3,109,34,1,10,11,12,4,0,7,5,33,11,8,7,12,5,0,0.502,2.21,0.071,0.011,0.06,0.043,0.003,12.806,0.0
bjorkte01w,5,0,CHA,4,0,13,2,0,0,0,0,1,1,1,0,0,0,0,0,0,0,0,0,0,0,0,0,0,0,0,0,0,0,0,0,0,0,0.333,0.0,0.0,0.0,0.0,0.0,0.0,0.5,0.0
blackch01w,10,0,CON,33,8,428,97,107,6,13,27,25,54,35,27,1,0,1,0,0,0,0,0,0,0,0,0,0,0,0,0,0,0,0,0,0,0,0.437,0.24,0.25,0.096,0.154,0.03,0.063,2.939,0.0
blackde01w,1,0,MIA,32,32,820,152,92,98,58,1,50,86,57,29,42,9,0,0,0,0,0,0,0,0,0,0,0,0,0,0,0,0,0,0,0,0,0.451,1.96,0.112,0.028,0.084,0.071,0.001,4.75,0.0
blackde01w,2,0,MIA,32,32,946,180,126,123,82,2,51,69,70,37,20,3,0,3,3,95,14,7,9,16,11,5,1,4,7,18,7,0,0,3,0,0,0.432,2.412,0.133,0.045,0.088,0.087,0.002,5.625,1.0
blackde01w,3,0,MIA,32,32,899,153,123,137,59,5,32,75,64,25,3,0,1,0,0,0,0,0,0,0,0,0,0,0,0,0,0,0,0,0,0,0,0.438,4.281,0.137,0.046,0.091,0.066,0.006,4.781,0.0
blackde01w,4,0,CON,34,0,373,55,51,46,20,2,18,33,24,6,3,1,0,4,0,29,8,1,1,2,2,2,0,0,2,10,4,0,0,0,0,0,0.382,2.556,0.137,0.043,0.094,0.054,0.005,1.618,0.0
blackde01w,5,0,CON,31,4,347,55,36,47,19,0,15,35,26,3,1,0,0,8,0,73,9,2,9,11,7,4,0,6,12,14,4,0,0,1,1,0,0.476,3.133,0.104,0.037,0.066,0.055,0.0,1.774,0.0
blodgci01w,1,0,SAC,20,0,133,52,9,3,8,1,13,9,20,4,28,8,0,0,0,0,0,0,0,0,0,0,0,0,0,0,0,0,0,0,0,0,0.494,0.231,0.068,0.008,0.06,0.06,0.008,2.6,0.0
blodgci01w,2,0,SAC,11,0,72,34,9,6,6,1,11,6,13,0,15,8,0,2,0,7,6,0,2,2,1,0,0,1,1,4,2,2,1,2,1,0,0.586,0.545,0.125,0.014,0.111,0.083,0.014,3.091,0.0
blueni01w,7,0,WAS,24,0,181,54,20,36,18,0,18,36,14,25,12,1,0,1,0,3,0,0,1,1,0,1,0,0,0,1,0,0,0,1,0,0,0.399,2.0,0.11,0.039,0.072,0.099,0.0,2.25,0.0
blueni01w,8,0,WAS,30,1,420,107,63,48,22,5,37,55,35,31,27,6,0,0,0,0,0,0,0,0,0,0,0,0,0,0,0,0,0,0,0,0,0.43,1.297,0.15,0.031,0.119,0.052,0.012,3.567,0.0
blueni01w,9,0,WAS,26,22,537,99,41,73,19,2,42,59,33,19,32,14,0,0,0,0,0,0,0,0,0,0,0,0,0,0,0,0,0,0,0,0,0.438,1.738,0.076,0.028,0.048,0.035,0.004,3.808,0.0
blueni01w,10,0,WAS,16,0,91,24,10,12,7,0,13,12,7,7,9,3,0,0,0,0,0,0,0,0,0,0,0,0,0,0,0,0,0,0,0,0,0.423,0.923,0.11,0.022,0.088,0.077,0.0,1.5,0.0
blueoc01w,4,0,HOU,16,0,37,4,2,2,0,0,2,3,1,2,0,0,0,1,0,4,0,0,0,0,1,0,0,2,0,1,0,0,0,0,0,0,0.347,1.0,0.054,0.027,0.027,0.0,0.0,0.25,0.0
blueoc01w,5,0,HOU,13,3,155,44,21,5,1,0,7,10,16,12,4,0,0,0,0,0,0,0,0,0,0,0,0,0,0,0,0,0,0,0,0,0,0.461,0.714,0.135,0.077,0.058,0.006,0.0,3.385,0.0
bobbish01w,9,0,LAS,26,17,552,106,64,90,25,1,63,40,35,16,71,20,0,6,6,127,27,3,6,9,18,5,0,8,19,40,10,4,1,19,6,0,0.388,1.429,0.116,0.029,0.087,0.045,0.002,4.077,0.0
bobbish01w,10,0,LAS,33,3,353,71,33,46,15,1,28,34,26,11,37,8,0,3,0,11,0,0,1,1,0,0,0,1,3,4,0,0,0,2,0,0,0.391,1.643,0.093,0.031,0.062,0.042,0.003,2.152,0.0
boddiwh01w,10,0,SAC,4,0,9,2,0,0,1,0,1,1,1,0,0,0,0,0,0,0,0,0,0,0,0,0,0,0,0,0,0,0,0,0,0,0,1.0,0.0,0.0,0.0,0.0,0.111,0.0,0.5,0.0
boltoru01w,1,0,SAC,29,29,868,380,106,57,34,1,45,60,133,64,160,50,0,2,2,70,39,4,5,9,7,4,0,5,6,34,13,9,9,14,4,0,0.469,1.267,0.122,0.048,0.074,0.039,0.001,13.103,0.0
boltoru01w,2,0,SAC,31,0,582,222,93,55,28,1,39,55,73,36,110,40,0,5,0,121,55,10,12,22,9,4,0,10,11,44,17,13,12,23,9,0,0.465,1.41,0.16,0.058,0.101,0.048,0.002,7.161,0.0
boltoru01w,3,0,SAC,32,1,737,349,94,37,45,2,35,74,125,56,132,43,0,0,0,0,0,0,0,0,0,0,0,0,0,0,0,0,0,0,0,0,0.499,1.057,0.128,0.042,0.085,0.061,0.003,10.906,0.0
boltoru01w,4,0,SAC,33,0,521,149,57,35,33,2,21,52,55,20,98,19,0,6,0,91,15,2,8,10,6,2,0,5,10,28,6,0,0,12,3,0,0.4,1.667,0.109,0.029,0.081,0.063,0.004,4.515,0.0
boltoru01w,5,0,SAC,34,4,469,160,49,31,23,0,15,45,57,14,79,32,0,6,0,53,9,1,3,4,3,4,0,3,3,18,3,4,3,9,0,0,0.493,2.067,0.104,0.036,0.068,0.049,0.0,4.706,0.0
bondla01w,7,0,CHA,34,5,614,193,49,73,35,8,80,83,63,57,46,10,1,0,0,0,0,0,0,0,0,0,0,0,0,0,0,0,0,0,0,0,0.503,0.912,0.08,0.011,0.068,0.057,0.013,5.676,0.0
bondla01w,9,0,IND,32,1,325,74,31,27,15,4,33,56,26,13,42,9,0,0,0,0,0,0,0,0,0,0,0,0,0,0,0,0,0,0,0,0,0.381,0.818,0.095,0.022,0.074,0.046,0.012,2.312,0.0
bonfisu01w,3,0,PHO,22,6,306,105,37,23,12,0,18,35,43,19,6,0,0,0,0,0,0,0,0,0,0,0,0,0,0,0,0,0,0,0,0,0,0.525,1.278,0.121,0.052,0.069,0.039,0.0,4.773,0.0
bonnede01w,10,0,PHO,34,0,724,381,196,13,23,25,34,70,127,125,13,2,0,11,0,186,97,17,30,47,3,5,6,7,13,69,34,35,29,1,0,0,0.551,0.382,0.271,0.097,0.174,0.032,0.035,11.206,1.0
bowenli01w,8,0,NYL,6,1,37,9,2,1,0,0,4,0,3,0,6,3,0,0,0,0,0,0,0,0,0,0,0,0,0,0,0,0,0,0,0,0,0.45,0.25,0.054,0.0,0.054,0.0,0.0,1.5,0.0
boydca01w,2,0,DET,21,0,230,75,26,14,11,2,16,32,23,18,36,11,0,0,0,0,0,0,0,0,0,0,0,0,0,0,0,0,0,0,0,0,0.495,0.875,0.113,0.043,0.07,0.048,0.009,3.571,0.0
braxtka01w,6,0,DET,33,2,455,227,100,14,18,13,52,78,97,33,1,0,0,2,0,36,15,4,3,7,2,0,0,3,5,18,5,6,5,0,0,0,0.48,0.269,0.22,0.092,0.127,0.04,0.029,6.879,0.0
braxtka01w,7,0,DET,34,1,359,146,117,26,11,11,53,83,58,30,2,0,1,10,0,123,50,8,20,28,6,8,4,18,27,52,22,11,6,0,0,0,0.445,0.491,0.326,0.117,0.209,0.031,0.031,4.294,0.0
braxtka01w,8,0,DET,31,20,545,207,166,16,14,16,62,91,84,39,0,0,2,11,0,170,77,21,39,60,5,3,8,20,29,64,30,24,17,1,0,0,0.485,0.258,0.305,0.099,0.206,0.026,0.029,6.677,0.0
braxtka01w,9,0,DET,33,10,590,295,168,27,14,24,54,84,107,81,2,0,1,9,9,180,77,20,28,48,9,4,5,17,22,64,32,20,13,0,0,0,0.482,0.5,0.285,0.081,0.203,0.024,0.041,8.939,0.0
braxtka01w,10,0,DET,28,2,504,252,167,41,19,18,51,79,106,40,0,0,0,5,0,96,48,12,22,34,7,4,7,12,10,37,20,14,8,0,0,0,0.552,0.804,0.331,0.131,0.2,0.038,0.036,9.0,0.0
brazian01w,1,0,CHA,22,3,203,51,34,5,5,0,17,24,19,13,0,0,0,0,0,0,0,0,0,0,0,0,0,0,0,0,0,0,0,0,0,0,0.445,0.294,0.167,0.079,0.089,0.025,0.0,2.318,0.0
brazian01w,2,0,IND,23,0,341,127,77,7,9,13,20,27,50,27,1,0,0,0,0,0,0,0,0,0,0,0,0,0,0,0,0,0,0,0,0,0,0.487,0.35,0.226,0.062,0.164,0.026,0.038,5.522,0.0
bristre01w,2,0,CHA,1,0,5,0,2,0,0,0,1,0,0,0,0,0,0,0,0,0,0,0,0,0,0,0,0,0,0,0,0,0,0,0,0,0,0.0,0.0,0.4,0.4,0.0,0.0,0.0,0.0,0.0
brogami01w,1,0,PHO,28,23,725,211,111,49,30,6,36,88,70,63,25,8,0,2,2,52,22,0,9,9,1,1,1,3,5,13,5,14,11,4,1,0,0.614,1.361,0.153,0.055,0.098,0.041,0.008,7.536,0.0
brondsa01w,2,0,MIA,29,29,850,367,50,63,28,4,36,61,142,57,66,26,0,3,3,107,34,1,9,10,7,2,0,3,5,36,13,6,5,10,3,0,0.49,1.75,0.059,0.012,0.047,0.033,0.005,12.655,0.0
brondsa01w,3,0,MIA,30,23,763,263,41,46,26,4,40,40,97,55,44,14,0,0,0,0,0,0,0,0,0,0,0,0,0,0,0,0,0,0,0,0,0.445,1.15,0.054,0.009,0.045,0.034,0.005,8.767,0.0
brondsa01w,4,0,SEA,34,34,975,280,56,69,31,2,37,58,117,25,48,21,0,0,0,0,0,0,0,0,0,0,0,0,0,0,0,0,0,0,0,0,0.474,1.865,0.057,0.019,0.038,0.032,0.002,8.235,0.0
brownco01w,4,0,IND,30,2,522,186,41,31,21,4,36,30,61,28,100,36,0,0,0,0,0,0,0,0,0,0,0,0,0,0,0,0,0,0,0,0,0.521,0.861,0.079,0.021,0.057,0.04,0.008,6.2,0.0
brownco01w,5,0,IND,26,0,398,104,34,41,7,1,31,31,37,10,56,20,0,0,0,0,0,0,0,0,0,0,0,0,0,0,0,0,0,0,0,0,0.452,1.323,0.085,0.025,0.06,0.018,0.003,4.0,0.0
brownco01w,6,0,IND,6,0,23,6,2,3,1,0,3,1,2,0,5,2,0,0,0,0,0,0,0,0,0,0,0,0,0,0,0,0,0,0,0,0,0.6,1.0,0.087,0.0,0.087,0.043,0.0,1.0,0.0
brownco01w,7,0,CHI,15,2,252,48,22,26,10,0,18,12,16,4,44,12,0,0,0,0,0,0,0,0,0,0,0,0,0,0,0,0,0,0,0,0,0.384,1.444,0.087,0.016,0.071,0.04,0.0,3.2,0.0
browned01w,1,0,DET,32,7,619,188,88,72,24,5,68,77,60,67,4,1,0,0,0,0,0,0,0,0,0,0,0,0,0,0,0,0,0,0,0,0,0.463,1.059,0.142,0.058,0.084,0.039,0.008,5.875,0.0
browned01w,2,0,DET,32,14,800,237,101,87,33,7,68,83,85,47,53,20,1,0,0,0,0,0,0,0,0,0,0,0,0,0,0,0,0,0,0,0,0.459,1.279,0.126,0.039,0.088,0.041,0.009,7.406,0.0
browned01w,3,0,DET,28,7,549,115,82,58,25,7,60,73,43,23,12,6,0,0,0,0,0,0,0,0,0,0,0,0,0,0,0,0,0,0,0,0,0.396,0.967,0.149,0.053,0.097,0.046,0.013,4.107,0.0
browned01w,4,0,PHO,34,6,524,118,71,62,30,7,47,44,41,36,3,0,0,0,0,0,0,0,0,0,0,0,0,0,0,0,0,0,0,0,0,0,0.344,1.319,0.135,0.055,0.08,0.057,0.013,3.471,0.0
browned01w,7,0,HOU,4,0,28,4,4,1,1,0,2,2,1,2,0,0,0,0,0,0,0,0,0,0,0,0,0,0,0,0,0,0,0,0,0,0,0.34,0.5,0.143,0.036,0.107,0.036,0.0,1.0,0.0
brownki01w,3,0,WAS,18,0,108,28,12,6,5,0,5,10,12,3,11,1,0,2,0,15,6,0,1,1,1,2,0,0,3,6,3,0,0,2,0,0,0.385,1.2,0.111,0.037,0.074,0.046,0.0,1.556,0.0
brownki01w,4,0,WAS,27,0,269,60,32,28,13,1,22,23,24,2,33,10,0,0,0,0,0,0,0,0,0,0,0,0,0,0,0,0,0,0,0,0,0.409,1.273,0.119,0.022,0.097,0.048,0.004,2.222,0.0
brownki01w,5,0,WAS,26,0,371,104,50,42,13,2,33,21,35,21,28,13,0,2,0,3,3,0,0,0,0,0,0,0,0,1,1,0,0,1,1,0,0.528,1.273,0.135,0.024,0.111,0.035,0.005,4.0,0.0
brownki01w,6,2,HOU,4,0,18,0,1,2,1,0,2,1,0,0,0,0,0,1,0,1,2,0,0,0,0,0,0,0,1,0,0,2,2,0,0,0,,1.0,0.056,0.0,0.056,0.056,0.0,0.0,0.0
brownki01w,6,1,WAS,2,0,14,2,0,0,2,0,2,0,1,0,1,0,0,0,0,0,0,0,0,0,0,0,0,0,0,0,0,0,0,0,0,0,0.5,0.0,0.0,0.0,0.0,0.143,0.0,1.0,0.0
brownki01w,7,0,NYL,16,0,58,20,8,9,2,0,3,7,6,7,4,1,0,0,0,0,0,0,0,0,0,0,0,0,0,0,0,0,0,0,0,0,0.425,3.0,0.138,0.034,0.103,0.034,0.0,1.25,0.0
brownki01w,8,2,LAS,27,0,327,131,39,48,12,3,25,21,39,35,40,18,0,0,0,0,0,0,0,0,0,0,0,0,0,0,0,0,0,0,0,0,0.562,1.92,0.119,0.024,0.095,0.037,0.009,4.852,0.0
brownki01w,8,1,MIN,3,0,29,11,5,2,1,1,2,5,2,6,3,1,0,0,0,0,0,0,0,0,0,0,0,0,0,0,0,0,0,0,0,0,0.439,1.0,0.172,0.069,0.103,0.034,0.034,3.667,0.0
brownki01w,9,0,LAS,32,17,530,158,59,66,19,0,39,41,52,31,67,23,0,4,3,32,14,1,0,1,2,0,0,1,1,14,6,1,1,3,1,0,0.491,1.692,0.111,0.015,0.096,0.036,0.0,4.938,0.0
brownki01w,10,0,CON,34,0,393,130,55,38,13,3,29,35,47,18,54,18,0,0,0,0,0,0,0,0,0,0,0,0,0,0,0,0,0,0,0,0,0.49,1.31,0.14,0.023,0.117,0.033,0.008,3.824,0.0
brownru01w,1,0,CLE,30,22,679,253,124,44,38,13,59,81,93,66,2,1,0,6,6,167,63,19,15,34,10,17,2,17,17,45,21,24,21,1,0,0,0.572,0.746,0.183,0.08,0.103,0.056,0.019,8.433,0.0
brownru01w,2,0,CLE,30,24,760,249,132,37,44,10,37,73,101,46,1,1,1,3,1,62,25,2,6,8,5,4,2,3,9,15,10,6,5,0,0,0,0.559,1.0,0.174,0.064,0.109,0.058,0.013,8.3,0.0
brownru01w,3,0,CLE,28,2,468,112,75,27,21,8,39,54,42,28,1,0,0,0,0,0,0,0,0,0,0,0,0,0,0,0,0,0,0,0,0,0,0.46,0.692,0.16,0.062,0.098,0.045,0.017,4.0,0.0
brownru01w,4,0,CHA,34,5,483,125,83,16,29,10,35,88,53,19,2,0,1,2,1,46,7,3,5,8,4,2,0,4,4,7,3,2,1,0,0,0,0.496,0.457,0.172,0.07,0.101,0.06,0.021,3.676,0.0
brumfma01w,1,0,MIN,32,17,613,124,60,42,22,2,40,70,47,29,9,1,1,0,0,0,0,0,0,0,0,0,0,0,0,0,0,0,0,0,0,0,0.519,1.05,0.098,0.036,0.062,0.036,0.003,3.875,0.0
brumfma01w,2,0,MIA,27,0,247,44,25,32,20,0,24,27,17,5,15,5,0,2,0,4,2,0,0,0,0,1,0,0,0,2,1,0,0,1,0,0,0.354,1.333,0.101,0.032,0.069,0.081,0.0,1.63,0.0
brumfma01w,4,0,CHA,25,0,123,18,10,14,1,1,6,13,6,6,3,0,0,2,0,7,3,0,0,0,1,0,0,1,1,2,1,2,1,0,0,0,0.483,2.333,0.081,0.008,0.073,0.008,0.008,0.72,0.0
brungje01w,5,0,CON,33,0,314,50,37,27,4,4,12,21,18,4,38,10,0,8,0,101,8,5,8,13,5,1,0,2,5,15,3,0,0,10,2,0,0.408,2.25,0.118,0.032,0.086,0.013,0.013,1.515,0.0
brungje01w,6,0,CON,12,0,47,2,6,2,0,0,2,4,1,0,4,0,0,0,0,0,0,0,0,0,0,0,0,0,0,0,0,0,0,0,0,0,0.111,1.0,0.128,0.021,0.106,0.0,0.0,0.167,0.0
brungje01w,7,0,CON,4,0,7,0,0,0,0,0,1,0,0,0,0,0,0,0,0,0,0,0,0,0,0,0,0,0,0,0,0,0,0,0,0,0,,0.0,0.0,0.0,0.0,0.0,0.0,0.0,0.0
brunsre01w,5,0,SAC,34,1,494,151,122,19,23,13,29,48,59,33,0,0,0,6,0,80,19,8,9,17,3,2,4,3,5,20,7,7,5,0,0,0,0.471,0.655,0.247,0.085,0.162,0.047,0.026,4.441,0.0
brunsre01w,6,0,SAC,34,16,722,265,187,16,28,15,42,61,105,55,0,0,0,8,8,194,55,13,31,44,10,5,4,9,27,56,25,11,5,0,0,0,0.463,0.381,0.259,0.104,0.155,0.039,0.021,7.794,0.0
brunsre01w,7,0,SAC,34,14,597,232,191,17,21,15,40,65,94,44,0,0,0,9,0,154,54,9,23,32,5,3,6,9,16,54,18,28,18,1,0,0,0.489,0.425,0.32,0.129,0.191,0.035,0.025,6.824,0.0
brunsre01w,8,0,SAC,33,29,932,378,295,24,44,31,58,78,141,96,4,0,0,3,3,88,45,4,15,19,1,3,5,2,3,31,19,10,7,0,0,0,0.526,0.414,0.317,0.139,0.177,0.047,0.033,11.455,0.0
brunsre01w,9,0,SAC,30,30,779,327,213,13,36,20,51,82,135,57,0,0,0,0,0,0,0,0,0,0,0,0,0,0,0,0,0,0,0,0,0,0,0.532,0.255,0.273,0.112,0.162,0.046,0.026,10.9,0.0
brunsre01w,10,0,SAC,27,17,665,331,190,9,40,16,45,57,124,83,1,0,0,0,0,0,0,0,0,0,0,0,0,0,0,0,0,0,0,0,0,0,0.549,0.2,0.286,0.101,0.185,0.06,0.024,12.259,0.0
bullevi01w,1,0,WAS,32,32,1094,342,183,42,64,47,58,88,143,45,34,11,0,2,2,69,30,2,7,9,3,5,5,2,5,20,10,6,6,7,4,0,0.532,0.724,0.167,0.056,0.112,0.059,0.043,10.688,0.0
bullevi01w,2,0,WAS,32,32,1073,278,231,41,53,58,53,86,112,35,64,19,0,0,0,0,0,0,0,0,0,0,0,0,0,0,0,0,0,0,0,0,0.453,0.774,0.215,0.061,0.155,0.049,0.054,8.688,0.0
bullevi01w,3,0,WAS,32,32,953,271,186,53,54,37,56,84,109,34,48,19,0,5,5,110,25,5,10,15,4,8,5,6,11,27,11,2,2,7,1,0,0.533,0.946,0.195,0.048,0.147,0.057,0.039,8.469,0.0
burgean01w,2,0,WAS,31,27,731,124,76,88,26,2,60,45,47,16,47,14,0,0,0,0,0,0,0,0,0,0,0,0,0,0,0,0,0,0,0,0,0.406,1.467,0.104,0.037,0.067,0.036,0.003,4.0,0.0
burgean01w,3,0,WAS,26,26,632,125,62,93,34,4,41,39,39,35,33,12,0,5,5,160,30,7,8,15,27,2,0,10,4,29,11,9,6,8,2,0,0.517,2.268,0.098,0.025,0.073,0.054,0.006,4.808,0.0
burgean01w,4,0,WAS,34,33,841,131,79,112,27,1,52,47,50,15,58,16,1,0,0,0,0,0,0,0,0,0,0,0,0,0,0,0,0,0,0,0,0.452,2.154,0.094,0.029,0.065,0.032,0.001,3.853,0.0
burgeli01w,1,0,SAC,5,0,41,12,17,2,1,0,4,8,3,6,0,0,0,1,0,8,4,1,1,2,0,0,2,1,1,1,1,2,2,0,0,0,0.316,0.5,0.415,0.171,0.244,0.024,0.0,2.4,0.0
burraal01w,1,0,POR,21,4,314,159,74,6,3,7,36,36,64,31,0,0,0,0,0,0,0,0,0,0,0,0,0,0,0,0,0,0,0,0,0,0,0.626,0.167,0.236,0.064,0.172,0.01,0.022,7.571,0.0
burraal01w,2,0,POR,26,1,272,106,59,10,5,3,30,30,44,18,0,0,0,0,0,0,0,0,0,0,0,0,0,0,0,0,0,0,0,0,0,0,0.548,0.333,0.217,0.081,0.136,0.018,0.011,4.077,0.0
burraal01w,3,0,POR,32,24,633,278,147,7,10,7,49,58,117,44,0,0,0,0,0,0,0,0,0,0,0,0,0,0,0,0,0,0,0,0,0,0,0.665,0.143,0.232,0.082,0.15,0.016,0.011,8.688,0.0
burraal01w,4,0,SEA,27,2,270,89,61,5,5,5,25,58,35,19,0,0,0,0,0,0,0,0,0,0,0,0,0,0,0,0,0,0,0,0,0,0,0.512,0.2,0.226,0.1,0.126,0.019,0.019,3.296,0.0
burseja01w,2,0,MIN,20,0,169,47,42,5,2,15,20,20,16,15,1,0,0,0,0,0,0,0,0,0,0,0,0,0,0,0,0,0,0,0,0,0,0.414,0.25,0.249,0.136,0.112,0.012,0.089,2.35,0.0
burseja01w,3,0,MIN,31,2,344,83,60,7,7,13,18,60,31,21,1,0,0,0,0,0,0,0,0,0,0,0,0,0,0,0,0,0,0,0,0,0,0.42,0.389,0.174,0.084,0.09,0.02,0.038,2.677,0.0
burseja01w,4,0,MIN,29,14,438,206,108,19,13,28,42,81,76,54,2,0,2,3,3,42,16,2,7,9,2,4,2,3,3,18,6,6,4,0,0,0,0.554,0.452,0.247,0.091,0.155,0.03,0.064,7.103,0.0
burseja01w,5,0,SEA,29,0,514,141,96,19,23,36,41,84,51,39,0,0,2,8,0,109,27,10,8,18,1,9,10,8,17,27,12,4,3,0,0,0,0.475,0.463,0.187,0.099,0.088,0.045,0.07,4.862,0.0
burseja01w,6,0,SEA,34,34,859,340,199,23,19,40,78,139,127,86,0,0,6,3,3,90,28,8,6,14,3,3,1,2,11,18,11,6,6,0,0,0,0.572,0.295,0.232,0.094,0.137,0.022,0.047,10.0,0.0
burseja01w,7,0,SEA,27,27,737,300,178,22,17,25,55,91,113,73,1,1,1,3,3,81,31,3,7,10,1,2,3,1,11,26,10,13,11,0,0,1,0.558,0.4,0.242,0.085,0.156,0.023,0.034,11.111,0.0
burseja01w,8,0,SEA,29,29,709,256,154,22,13,28,58,86,93,70,1,0,0,0,0,0,0,0,0,0,0,0,0,0,0,0,0,0,0,0,0,0,0.505,0.379,0.217,0.094,0.123,0.018,0.039,8.828,0.0
burseja01w,10,0,SEA,34,8,541,207,107,10,21,31,35,71,74,59,0,0,1,3,3,32,2,1,7,8,2,0,2,3,9,8,0,4,2,0,0,1,0.574,0.286,0.198,0.057,0.14,0.039,0.057,6.088,0.0
buttsta01w,5,0,MIN,30,0,423,76,62,25,13,7,23,37,24,18,37,10,1,1,0,1,0,0,0,0,0,0,0,2,1,0,0,0,0,0,0,0,0.418,1.087,0.147,0.05,0.097,0.031,0.017,2.533,0.0
byearla01w,1,0,SAC,32,0,521,181,122,21,30,5,35,72,75,30,2,1,1,2,0,12,0,0,2,2,0,1,0,0,0,1,0,0,0,0,0,0,0.55,0.6,0.234,0.081,0.154,0.058,0.01,5.656,0.0
byearla01w,2,0,LAS,32,13,739,297,183,29,42,13,38,112,133,30,3,1,4,7,0,102,45,15,13,28,2,3,4,5,16,36,18,14,9,0,0,0,0.609,0.763,0.248,0.108,0.139,0.057,0.018,9.281,0.0
byearla01w,3,0,LAS,26,5,486,182,141,13,19,4,20,89,76,30,0,0,4,6,2,128,42,15,14,29,5,9,1,10,19,30,19,11,4,0,0,0,0.622,0.65,0.29,0.134,0.156,0.039,0.008,7.0,0.0
byearla01w,4,0,LAS,5,0,72,28,21,2,0,2,2,12,10,8,1,0,0,0,0,0,0,0,0,0,0,0,0,0,0,0,0,0,0,0,0,0,0.469,1.0,0.292,0.167,0.125,0.0,0.028,5.6,0.0
byearla01w,7,0,WAS,26,0,330,112,87,10,12,2,35,58,48,16,0,0,2,0,0,0,0,0,0,0,0,0,0,0,0,0,0,0,0,0,0,0,0.484,0.286,0.264,0.112,0.152,0.036,0.006,4.308,0.0
byearla01w,8,0,HOU,30,0,327,151,75,16,23,5,37,60,65,21,0,0,0,0,0,0,0,0,0,0,0,0,0,0,0,0,0,0,0,0,0,0,0.6,0.432,0.229,0.113,0.116,0.07,0.015,5.033,0.0
byearla01w,9,0,HOU,11,0,46,18,12,1,3,0,1,16,8,2,0,0,0,0,0,0,0,0,0,0,0,0,0,0,0,0,0,0,0,0,0,0,0.491,1.0,0.261,0.109,0.152,0.065,0.0,1.636,0.0
campbed01w,1,0,SEA,16,16,510,222,34,37,19,4,40,35,84,41,49,13,0,0,0,0,0,0,0,0,0,0,0,0,0,0,0,0,0,0,0,0,0.462,0.925,0.067,0.016,0.051,0.037,0.008,13.875,0.0
campbed01w,2,0,SAC,32,32,854,260,85,74,19,9,64,45,92,33,94,43,0,5,5,115,28,4,7,11,11,5,1,5,9,31,11,3,2,9,4,0,0.494,1.156,0.1,0.013,0.087,0.022,0.011,8.125,0.0
campbed01w,3,0,SAC,1,0,12,4,1,0,1,0,0,0,2,0,2,0,0,0,0,0,0,0,0,0,0,0,0,0,0,0,0,0,0,0,0,0,0.4,,0.083,0.0,0.083,0.083,0.0,4.0,0.0
campbed01w,4,0,SAC,34,34,724,267,70,43,21,5,43,42,98,25,111,46,0,6,6,148,40,1,3,4,11,1,0,8,11,36,17,2,2,16,4,0,0.516,1.0,0.097,0.023,0.073,0.029,0.007,7.853,1.0
campbed01w,5,0,SAC,22,22,332,74,19,16,5,2,15,24,29,0,39,16,0,6,6,102,26,0,11,11,5,3,0,2,6,25,10,0,0,14,6,0,0.481,1.067,0.057,0.009,0.048,0.015,0.006,3.364,0.0
campbed01w,6,0,SAS,28,2,248,48,14,14,7,0,15,20,21,1,19,5,0,0,0,0,0,0,0,0,0,0,0,0,0,0,0,0,0,0,0,0,0.356,0.933,0.056,0.008,0.048,0.028,0.0,1.714,0.0
campbmi01w,1,0,WAS,5,0,22,6,2,1,0,1,3,2,2,2,0,0,0,0,0,0,0,0,0,0,0,0,0,0,0,0,0,0,0,0,0,0,0.51,0.333,0.091,0.0,0.091,0.0,0.045,1.2,0.0
cantydo01w,1,0,DET,28,27,784,257,70,82,49,5,51,64,83,91,5,0,0,0,0,0,0,0,0,0,0,0,0,0,0,0,0,0,0,0,0,0,0.493,1.608,0.089,0.04,0.05,0.062,0.006,9.179,0.0
cantydo01w,2,0,DET,32,18,625,197,83,70,31,1,55,69,70,56,5,1,0,0,0,0,0,0,0,0,0,0,0,0,0,0,0,0,0,0,0,0,0.437,1.273,0.133,0.072,0.061,0.05,0.002,6.156,0.0
cantydo01w,3,0,DET,28,12,625,160,69,83,21,4,56,59,52,55,5,1,0,0,0,0,0,0,0,0,0,0,0,0,0,0,0,0,0,0,0,0,0.427,1.482,0.11,0.038,0.072,0.034,0.006,5.714,0.0
cantydo01w,4,0,HOU,32,4,648,172,100,56,22,1,49,62,55,62,1,0,0,3,0,48,11,7,4,11,5,1,0,3,7,9,3,8,5,0,0,0,0.463,1.143,0.154,0.056,0.099,0.034,0.002,5.375,0.0
cantydo01w,5,0,HOU,32,12,770,177,84,64,32,1,45,61,63,51,2,0,0,0,0,0,0,0,0,0,0,0,0,0,0,0,0,0,0,0,0,0,0.487,1.422,0.109,0.052,0.057,0.042,0.001,5.531,0.0
cantydo01w,6,0,HOU,33,32,997,270,108,101,29,2,67,75,95,80,4,0,0,5,5,162,40,11,11,22,17,1,0,14,12,30,12,20,16,0,0,0,0.471,1.507,0.108,0.025,0.083,0.029,0.002,8.182,0.0
cantydo01w,7,0,HOU,15,15,431,164,52,44,17,0,35,36,54,56,3,0,0,2,2,48,16,0,4,4,6,0,0,5,1,8,6,6,4,0,0,0,0.59,1.257,0.121,0.028,0.093,0.039,0.0,10.933,0.0
cantydo01w,8,0,CHI,30,27,776,259,64,123,30,4,57,42,87,81,16,4,0,0,0,0,0,0,0,0,0,0,0,0,0,0,0,0,0,0,0,0,0.444,2.158,0.082,0.024,0.058,0.039,0.005,8.633,0.0
cantydo01w,9,0,CHI,28,28,737,226,71,115,28,3,54,74,71,83,6,1,0,0,0,0,0,0,0,0,0,0,0,0,0,0,0,0,0,0,0,0,0.482,2.13,0.096,0.033,0.064,0.038,0.004,8.071,0.0
cantydo01w,10,0,CHI,34,34,776,234,63,109,28,5,57,96,74,82,11,4,1,0,0,0,0,0,0,0,0,0,0,0,0,0,0,0,0,0,0,0,0.475,1.912,0.081,0.023,0.058,0.036,0.006,6.882,0.0
careyja01w,6,0,CON,15,0,86,18,6,7,2,0,4,9,7,0,13,4,0,6,0,71,5,0,2,2,7,1,0,4,5,9,2,0,0,6,1,0,0.474,1.75,0.07,0.023,0.047,0.023,0.0,1.2,0.0
careyja01w,7,0,CON,24,0,286,63,16,32,7,0,17,24,22,5,40,14,0,5,0,29,5,0,1,1,2,0,0,0,4,6,2,0,0,5,1,0,0.523,1.882,0.056,0.003,0.052,0.024,0.0,2.625,0.0
careyja01w,8,0,CON,33,0,419,112,30,30,4,0,16,30,37,6,71,32,0,3,0,47,8,0,2,2,9,1,0,1,1,7,2,3,2,6,2,0,0.536,1.875,0.072,0.002,0.069,0.01,0.0,3.394,0.0
careyja01w,9,0,CON,33,3,499,137,40,47,8,1,22,24,47,9,83,34,0,1,0,2,0,0,0,0,0,0,0,0,0,0,0,0,0,0,0,0,0.594,2.136,0.08,0.008,0.072,0.016,0.002,4.152,0.0
carsoes01w,9,0,NYL,34,30,646,223,76,31,32,8,35,49,92,31,29,8,0,6,6,101,34,1,8,9,5,1,2,4,11,33,16,2,1,6,1,0,0.42,0.886,0.118,0.039,0.079,0.05,0.012,6.559,0.0
carsoes01w,10,0,NYL,34,34,859,340,72,46,37,10,54,76,131,44,102,34,1,0,0,0,0,0,0,0,0,0,0,0,0,0,0,0,0,0,0,0,0.497,0.852,0.084,0.028,0.056,0.043,0.012,10.0,0.0
carteam01w,5,0,DET,2,0,13,1,4,0,2,0,3,5,0,1,0,0,0,0,0,0,0,0,0,0,0,0,0,0,0,0,0,0,0,0,0,0,0.568,0.0,0.308,0.0,0.308,0.154,0.0,0.5,0.0
carteam01w,6,0,NYL,3,0,13,0,2,0,0,0,1,4,0,0,0,0,0,0,0,0,0,0,0,0,0,0,0,0,0,0,0,0,0,0,0,0,0.0,0.0,0.154,0.0,0.154,0.0,0.0,0.0,0.0
cashsw01w,3,0,DET,32,32,1079,474,222,86,37,31,100,85,144,173,63,13,0,0,0,0,0,0,0,0,0,0,0,0,0,0,0,0,0,0,0,0,0.523,0.86,0.206,0.071,0.134,0.034,0.029,14.812,0.0
cashsw01w,4,0,DET,33,33,1097,548,193,119,43,23,108,76,195,146,40,12,0,8,8,289,130,24,27,51,35,4,5,28,21,104,43,52,42,10,2,0,0.523,1.102,0.176,0.059,0.117,0.039,0.021,16.606,0.0
cashsw01w,5,0,DET,32,32,1105,526,208,135,44,29,81,84,180,158,23,8,0,0,0,0,0,0,0,0,0,0,0,0,0,0,0,0,0,0,0,0,0.548,1.667,0.188,0.071,0.118,0.04,0.026,16.438,0.0
cashsw01w,6,0,DET,21,21,458,119,88,43,12,6,47,44,48,21,10,2,1,2,2,51,16,5,4,9,7,3,2,4,4,13,4,11,8,1,0,0,0.425,0.915,0.192,0.092,0.1,0.026,0.013,5.667,0.0
cashsw01w,7,0,DET,34,34,990,358,168,106,20,11,88,85,124,109,13,1,0,10,10,265,76,19,42,61,32,3,3,22,22,80,29,25,18,3,0,0,0.464,1.205,0.17,0.064,0.106,0.02,0.011,10.529,0.0
cashsw01w,8,0,DET,31,31,959,344,189,79,19,13,81,70,126,92,3,0,0,11,11,277,95,16,26,42,18,5,2,18,23,91,41,23,13,3,0,0,0.477,0.975,0.197,0.056,0.141,0.02,0.014,11.097,0.0
cashsw01w,9,0,SEA,31,28,927,351,167,58,21,32,69,72,114,122,8,1,0,3,0,44,8,3,8,11,2,1,2,3,3,12,4,0,0,1,0,0,0.484,0.841,0.18,0.05,0.131,0.023,0.035,11.323,0.0
cashsw01w,10,0,SEA,32,29,1094,390,214,82,28,16,91,98,139,102,31,10,1,3,3,116,63,6,10,16,5,7,3,6,10,39,19,25,21,10,4,0,0.474,0.901,0.196,0.057,0.139,0.026,0.015,12.188,1.0
cassija01w,1,0,MIA,22,0,175,74,23,9,5,2,13,17,20,30,8,4,0,0,0,0,0,0,0,0,0,0,0,0,0,0,0,0,0,0,0,0,0.501,0.692,0.131,0.04,0.091,0.029,0.011,3.364,0.0
castriz01w,3,0,MIA,19,1,182,66,17,7,7,0,18,22,24,17,17,1,0,0,0,0,0,0,0,0,0,0,0,0,0,0,0,0,0,0,0,0,0.398,0.389,0.093,0.038,0.055,0.038,0.0,3.474,0.0
castriz01w,4,0,PHO,16,0,178,69,12,9,6,1,10,11,25,11,27,8,0,0,0,0,0,0,0,0,0,0,0,0,0,0,0,0,0,0,0,0,0.437,0.9,0.067,0.034,0.034,0.034,0.006,4.312,0.0
castriz01w,6,0,SEA,33,32,879,269,97,49,18,4,59,73,93,59,72,24,0,3,3,86,17,0,3,3,4,2,0,8,12,18,6,4,4,6,1,0,0.491,0.831,0.11,0.026,0.084,0.02,0.005,8.152,0.0
castriz01w,7,0,SEA,34,26,655,246,72,47,23,2,49,58,91,39,65,25,0,3,3,88,29,3,5,8,8,2,1,6,10,18,7,15,13,9,2,0,0.559,0.959,0.11,0.024,0.085,0.035,0.003,7.235,0.0
castriz01w,8,0,SEA,34,34,963,419,96,95,35,4,64,70,139,81,156,60,0,2,2,51,20,0,4,4,4,0,1,4,6,20,8,0,0,13,4,0,0.558,1.484,0.1,0.02,0.08,0.036,0.004,12.324,0.0
castriz01w,9,0,ATL,29,20,671,269,65,52,27,6,57,39,96,48,94,29,0,0,0,0,0,0,0,0,0,0,0,0,0,0,0,0,0,0,0,0,0.451,0.912,0.097,0.015,0.082,0.04,0.009,9.276,0.0
castriz01w,10,0,ATL,34,33,915,488,75,67,36,2,83,75,184,71,142,49,0,2,2,51,32,1,2,3,9,0,0,4,5,16,8,17,12,8,4,0,0.503,0.807,0.082,0.022,0.06,0.039,0.002,14.353,0.0
catchta01w,3,0,IND,32,32,1167,594,276,118,94,43,82,105,184,150,193,76,2,3,3,103,61,12,20,32,7,4,1,11,7,45,22,11,9,21,8,0,0.571,1.439,0.237,0.079,0.158,0.081,0.037,18.562,1.0
catchta01w,4,0,IND,34,34,1210,671,272,114,72,35,102,122,221,155,191,74,2,0,0,0,0,0,0,0,0,0,0,0,0,0,0,0,0,0,0,0,0.566,1.118,0.225,0.068,0.157,0.06,0.029,19.735,0.0
catchta01w,5,0,IND,34,33,1149,568,249,115,67,38,77,90,180,152,167,56,2,0,0,0,0,0,0,0,0,0,0,0,0,0,0,0,0,0,0,0,0.52,1.494,0.217,0.069,0.148,0.058,0.033,16.706,0.0
catchta01w,6,0,IND,34,34,1174,501,264,143,90,16,91,96,157,152,123,35,1,4,4,146,69,13,24,37,9,8,1,11,13,59,21,28,22,12,5,1,0.506,1.571,0.225,0.059,0.166,0.077,0.014,14.735,1.0
catchta01w,7,0,IND,32,32,1071,521,240,119,94,35,79,90,162,165,107,32,0,2,2,62,28,2,10,12,7,2,1,6,8,31,10,6,4,8,4,0,0.534,1.506,0.224,0.063,0.161,0.088,0.033,16.281,2.0
catchta01w,8,0,IND,21,21,678,348,189,98,66,22,62,64,108,109,74,23,0,6,6,196,95,12,54,66,19,13,3,10,15,73,27,41,36,19,5,0,0.548,1.581,0.279,0.08,0.199,0.097,0.032,16.571,0.0
catchta01w,9,0,IND,25,17,694,332,157,83,49,11,61,74,101,92,88,38,1,3,3,113,61,3,20,23,18,3,2,11,12,34,15,30,28,11,3,0,0.538,1.361,0.226,0.069,0.157,0.071,0.016,13.28,0.0
catchta01w,10,0,IND,34,34,1084,512,245,107,99,18,88,92,157,158,122,40,0,10,10,357,172,24,80,104,54,33,14,34,34,122,56,60,51,36,9,1,0.526,1.216,0.226,0.079,0.147,0.091,0.017,15.059,1.0
caufila01w,3,0,UTA,8,0,65,19,5,1,7,0,8,13,6,2,9,5,0,0,0,0,0,0,0,0,0,0,0,0,0,0,0,0,0,0,0,0,0.598,0.125,0.077,0.046,0.031,0.108,0.0,2.375,0.0
chambco01w,8,0,CON,1,0,1,0,0,0,0,0,2,0,0,0,0,0,0,0,0,0,0,0,0,0,0,0,0,0,0,0,0,0,0,0,0,0,,0.0,0.0,0.0,0.0,0.0,0.0,0.0,0.0
chanequ01w,9,0,CHI,28,0,241,68,28,24,16,3,23,19,23,10,50,12,0,0,0,0,0,0,0,0,0,0,0,0,0,0,0,0,0,0,0,0,0.385,1.043,0.116,0.017,0.1,0.066,0.012,2.429,0.0
chapmji01w,3,0,DET,19,0,119,22,26,0,3,2,8,20,10,2,1,0,0,0,0,0,0,0,0,0,0,0,0,0,0,0,0,0,0,0,0,0,0.388,0.0,0.218,0.092,0.126,0.025,0.017,1.158,0.0
choneka01w,5,0,WAS,13,1,115,28,17,4,1,4,11,13,11,6,0,0,0,2,0,4,0,0,0,0,0,0,1,0,1,1,0,0,0,0,0,0,0.44,0.364,0.148,0.07,0.078,0.009,0.035,2.154,0.0
choneka01w,6,0,WAS,12,0,61,14,6,1,1,0,4,9,6,2,0,0,0,0,0,0,0,0,0,0,0,0,0,0,0,0,0,0,0,0,0,0,0.457,0.25,0.098,0.033,0.066,0.016,0.0,1.167,0.0
choneka01w,7,0,SEA,3,0,16,0,0,0,0,0,1,4,0,0,0,0,0,0,0,0,0,0,0,0,0,0,0,0,0,0,0,0,0,0,0,0,0.0,0.0,0.0,0.0,0.0,0.0,0.0,0.0,0.0
chriska01w,3,0,PHO,30,2,413,120,80,15,24,13,32,73,48,24,1,0,1,0,0,0,0,0,0,0,0,0,0,0,0,0,0,0,0,0,0,0,0.543,0.469,0.194,0.094,0.099,0.058,0.031,4.0,0.0
chriska01w,4,0,PHO,30,16,659,206,126,16,25,16,39,104,78,50,0,0,4,0,0,0,0,0,0,0,0,0,0,0,0,0,0,0,0,0,0,0,0.521,0.41,0.191,0.093,0.099,0.038,0.024,6.867,0.0
chriska01w,5,0,PHO,32,1,407,50,69,23,21,7,26,89,19,12,0,0,2,0,0,0,0,0,0,0,0,0,0,0,0,0,0,0,0,0,0,0,0.436,0.885,0.17,0.066,0.103,0.052,0.017,1.562,0.0
chriska01w,6,0,PHO,11,1,108,18,22,7,7,5,10,25,7,4,0,0,1,0,0,0,0,0,0,0,0,0,0,0,0,0,0,0,0,0,0,0,0.498,0.7,0.204,0.083,0.12,0.065,0.046,1.636,0.0
chriska01w,7,1,HOU,6,0,88,18,19,4,0,0,11,21,8,2,0,0,1,0,0,0,0,0,0,0,0,0,0,0,0,0,0,0,0,0,0,0,0.533,0.364,0.216,0.102,0.114,0.0,0.0,3.0,0.0
chriska01w,7,2,PHO,11,0,53,3,14,2,3,1,5,14,1,1,0,0,0,0,0,0,0,0,0,0,0,0,0,0,0,0,0,0,0,0,0,0,0.218,0.4,0.264,0.038,0.226,0.057,0.019,0.273,0.0
chriska01w,8,0,CHI,23,7,212,48,43,7,10,5,21,59,20,8,0,0,1,0,0,0,0,0,0,0,0,0,0,0,0,0,0,0,0,0,0,0,0.429,0.333,0.203,0.08,0.123,0.047,0.024,2.087,0.0
chrissh01w,5,0,NYL,33,4,560,191,68,23,9,9,32,71,67,33,82,24,0,5,0,63,28,4,5,9,4,2,3,3,13,21,8,9,6,14,6,0,0.452,0.719,0.121,0.034,0.088,0.016,0.016,5.788,0.0
chrissh01w,6,0,NYL,34,9,809,311,92,41,33,19,50,100,111,65,89,24,1,2,1,47,11,0,5,5,1,0,1,2,7,12,4,2,1,4,2,0,0.512,0.82,0.114,0.031,0.083,0.041,0.023,9.147,0.0
chrissh01w,7,0,NYL,34,34,987,423,120,44,20,42,82,105,136,99,156,52,1,0,0,0,0,0,0,0,0,0,0,0,0,0,0,0,0,0,0,0,0.528,0.537,0.122,0.028,0.093,0.02,0.043,12.441,0.0
chrissh01w,8,0,NYL,33,32,1065,368,149,70,34,19,82,99,118,93,119,39,0,3,3,110,44,4,18,22,6,2,0,4,9,34,15,9,8,12,6,0,0.485,0.854,0.14,0.032,0.108,0.032,0.018,11.152,0.0
chrissh01w,9,0,NYL,31,31,947,488,94,51,35,17,61,93,153,111,175,71,1,6,6,196,82,5,21,26,3,4,2,12,17,73,30,14,10,27,12,0,0.55,0.836,0.099,0.033,0.067,0.037,0.018,15.742,0.0
chrissh01w,10,0,NYL,32,31,1014,514,156,56,28,27,56,102,154,128,204,78,1,0,0,0,0,0,0,0,0,0,0,0,0,0,0,0,0,0,0,0,0.574,1.0,0.154,0.029,0.125,0.028,0.027,16.062,0.0
cironkr01w,10,0,CON,4,0,23,7,5,4,2,0,0,3,2,2,3,1,0,0,0,0,0,0,0,0,0,0,0,0,0,0,0,0,0,0,0,0,0.554,0.0,0.217,0.0,0.217,0.087,0.0,1.75,0.0
clearmi01w,1,0,PHO,24,7,509,57,37,77,34,2,14,36,14,19,30,10,0,0,0,0,0,0,0,0,0,0,0,0,0,0,0,0,0,0,0,0,0.501,5.5,0.073,0.024,0.049,0.067,0.004,2.375,0.0
clearmi01w,2,0,PHO,4,0,49,2,3,9,2,0,3,2,0,2,2,0,0,0,0,0,0,0,0,0,0,0,0,0,0,0,0,0,0,0,0,0,0.258,3.0,0.061,0.041,0.02,0.041,0.0,0.5,0.0
clinest01w,1,0,SAC,26,2,285,66,30,49,12,1,25,19,20,14,41,12,0,2,0,3,3,0,0,0,0,0,0,0,2,1,1,0,0,1,1,0,0.512,1.96,0.105,0.025,0.081,0.042,0.004,2.538,0.0
clinest01w,2,0,SAC,16,0,75,10,3,14,1,0,6,10,4,0,10,2,1,0,0,0,0,0,0,0,0,0,0,0,0,0,0,0,0,0,0,0,0.357,2.333,0.04,0.0,0.04,0.013,0.0,0.625,0.0
clinest01w,3,0,DET,12,0,105,27,5,17,1,1,6,6,8,5,15,6,0,0,0,0,0,0,0,0,0,0,0,0,0,0,0,0,0,0,0,0,0.571,2.833,0.048,0.01,0.038,0.01,0.01,2.25,0.0
coggicl01w,8,0,CHI,20,0,196,49,16,8,5,1,19,28,19,1,50,10,0,0,0,0,0,0,0,0,0,0,0,0,0,0,0,0,0,0,0,0,0.311,0.421,0.082,0.015,0.066,0.026,0.005,2.45,0.0
cokermo01w,5,0,LAS,3,0,14,3,1,3,0,1,3,2,1,0,1,1,0,0,0,0,0,0,0,0,0,0,0,0,0,0,0,0,0,0,0,0,1.5,1.0,0.071,0.071,0.0,0.0,0.071,1.0,0.0
colemco01w,4,0,CON,20,0,141,36,22,1,8,2,13,18,11,14,0,0,0,0,0,0,0,0,0,0,0,0,0,0,0,0,0,0,0,0,0,0,0.542,0.077,0.156,0.057,0.099,0.057,0.014,1.8,0.0
colemma01w,10,0,WAS,28,0,525,171,76,22,20,9,34,44,54,34,80,29,0,2,0,53,21,3,7,10,3,4,4,7,3,19,6,5,5,8,4,0,0.478,0.647,0.145,0.042,0.103,0.038,0.017,6.107,0.0
colleka01w,1,0,MIA,32,32,873,264,63,50,27,7,65,65,103,53,21,5,0,0,0,0,0,0,0,0,0,0,0,0,0,0,0,0,0,0,0,0,0.408,0.769,0.072,0.017,0.055,0.031,0.008,8.25,0.0
colleka01w,2,0,MIA,14,0,121,26,7,7,2,1,7,9,10,6,1,0,0,2,0,3,2,1,0,1,0,0,0,0,1,0,0,2,2,0,0,0,0.3,1.0,0.058,0.017,0.041,0.017,0.008,1.857,0.0
consuca01w,2,0,UTA,15,0,50,2,6,10,4,0,11,4,0,2,2,0,0,1,0,2,3,0,1,1,0,1,0,1,0,1,1,1,1,0,0,0,0.148,0.909,0.12,0.02,0.1,0.08,0.0,0.133,0.0
coopeca01w,2,0,NYL,4,0,51,26,11,1,0,2,3,6,8,10,0,0,0,3,0,8,0,0,1,1,0,0,0,0,2,2,0,0,0,0,0,0,0.734,0.333,0.216,0.137,0.078,0.0,0.039,6.5,0.0
coopeca01w,3,0,NYL,23,1,119,27,16,3,4,5,10,28,11,5,0,0,0,3,0,15,3,1,1,2,0,2,0,2,3,2,1,2,1,0,0,0,0.428,0.3,0.134,0.042,0.092,0.034,0.042,1.174,0.0
coopecy01w,1,0,HOU,31,31,1085,550,85,156,39,6,99,61,180,147,121,43,0,6,6,228,136,5,10,15,22,9,1,18,11,119,45,39,35,32,11,0,0.59,1.576,0.078,0.016,0.063,0.036,0.006,17.742,1.0
coopecy01w,4,0,HOU,4,4,144,64,10,22,4,1,14,9,16,25,18,7,0,0,0,0,0,0,0,0,0,0,0,0,0,0,0,0,0,0,0,0,0.636,1.571,0.069,0.014,0.056,0.028,0.007,16.0,0.0
crawlsy01w,1,0,POR,31,30,930,357,185,34,29,24,88,96,143,71,2,0,2,0,0,0,0,0,0,0,0,0,0,0,0,0,0,0,0,0,0,0,0.521,0.386,0.199,0.069,0.13,0.031,0.026,11.516,0.0
crawlsy01w,2,0,POR,32,32,921,299,203,54,19,26,61,85,120,59,1,0,3,0,0,0,0,0,0,0,0,0,0,0,0,0,0,0,0,0,0,0,0.497,0.885,0.22,0.068,0.152,0.021,0.028,9.344,0.0
crawlsy01w,3,0,POR,32,31,819,279,134,47,18,37,62,90,114,44,17,7,0,0,0,0,0,0,0,0,0,0,0,0,0,0,0,0,0,0,0,0,0.448,0.758,0.164,0.056,0.107,0.022,0.045,8.719,0.0
crawlsy01w,4,0,SAS,33,8,564,115,105,19,18,19,40,76,50,15,0,0,1,0,0,0,0,0,0,0,0,0,0,0,0,0,0,0,0,0,0,0,0.412,0.475,0.186,0.069,0.117,0.032,0.034,3.485,0.0
crockda01w,3,0,UTA,18,0,84,29,13,2,0,2,3,8,10,9,1,0,0,1,0,2,2,0,0,0,0,0,0,0,0,2,1,0,0,0,0,0,0.436,0.667,0.155,0.071,0.083,0.0,0.024,1.611,0.0
crockwi01w,9,0,PHO,5,1,41,9,11,0,4,1,1,14,3,3,0,0,1,0,0,0,0,0,0,0,0,0,0,0,0,0,0,0,0,0,0,0,0.441,0.0,0.268,0.098,0.171,0.098,0.024,1.8,0.0
cronika01w,7,0,CHI,11,0,134,24,12,2,6,2,11,18,9,2,13,4,0,0,0,0,0,0,0,0,0,0,0,0,0,0,0,0,0,0,0,0,0.363,0.182,0.09,0.022,0.067,0.045,0.015,2.182,0.0
cunnibe01w,1,0,WAS,21,0,198,59,21,12,2,0,12,23,17,16,37,9,0,2,0,13,7,0,0,0,0,1,0,1,0,6,3,0,0,4,1,0,0.386,1.0,0.106,0.02,0.086,0.01,0.0,2.81,0.0
cunnida01w,3,0,ORL,6,0,21,0,2,0,2,0,1,5,0,0,0,0,0,0,0,0,0,0,0,0,0,0,0,0,0,0,0,0,0,0,0,0,0.0,0.0,0.095,0.048,0.048,0.095,0.0,0.0,0.0
currimo01w,7,0,CHA,34,33,844,339,132,87,34,4,62,100,87,149,55,16,1,0,0,0,0,0,0,0,0,0,0,0,0,0,0,0,0,0,0,0,0.494,1.403,0.156,0.06,0.096,0.04,0.005,9.971,0.0
currimo01w,8,1,CHI,2,2,61,29,12,4,1,0,4,3,8,11,11,2,0,0,0,0,0,0,0,0,0,0,0,0,0,0,0,0,0,0,0,0,0.432,1.0,0.197,0.049,0.148,0.016,0.0,14.5,0.0
currimo01w,8,2,WAS,31,22,771,325,121,54,23,7,47,92,98,117,30,12,1,0,0,0,0,0,0,0,0,0,0,0,0,0,0,0,0,0,0,0,0.582,1.149,0.157,0.054,0.102,0.03,0.009,10.484,0.0
currimo01w,9,0,WAS,34,34,972,403,141,86,30,12,87,121,135,109,64,24,2,0,0,0,0,0,0,0,0,0,0,0,0,0,0,0,0,0,0,0,0.51,0.989,0.145,0.033,0.112,0.031,0.012,11.853,0.0
currimo01w,10,0,WAS,34,34,728,278,146,61,29,14,57,83,78,102,52,20,0,2,2,37,10,8,7,15,1,4,1,3,8,15,2,7,6,3,0,0,0.509,1.07,0.201,0.052,0.148,0.04,0.019,8.176,0.0
curryed01w,4,0,PHO,20,0,205,33,11,24,9,0,15,25,13,2,22,5,0,0,0,0,0,0,0,0,0,0,0,0,0,0,0,0,0,0,0,0,0.454,1.6,0.054,0.005,0.049,0.044,0.0,1.65,0.0
curryed01w,6,0,LAS,13,0,113,23,11,12,7,1,10,16,7,3,16,6,0,2,0,16,0,0,1,1,1,1,0,5,3,1,0,0,0,1,0,0,0.449,1.2,0.097,0.035,0.062,0.062,0.009,1.769,0.0
dalesst01w,3,0,WAS,31,28,805,303,81,84,16,4,68,79,93,74,109,43,1,5,5,98,38,5,3,8,16,2,0,5,8,30,13,4,4,18,8,0,0.553,1.235,0.101,0.032,0.068,0.02,0.005,9.774,0.0
dalesst01w,4,0,WAS,34,31,998,340,101,114,29,12,72,97,122,39,160,57,2,0,0,0,0,0,0,0,0,0,0,0,0,0,0,0,0,0,0,0,0.528,1.583,0.101,0.044,0.057,0.029,0.012,10.0,0.0
dalesst01w,5,0,WAS,31,26,782,254,64,78,20,3,37,61,87,40,119,40,0,3,3,87,27,6,9,15,5,2,0,8,8,20,8,15,10,9,1,0,0.504,2.108,0.082,0.022,0.06,0.026,0.004,8.194,0.0
dalesst01w,7,0,CHI,23,16,454,161,27,40,9,1,32,39,52,32,81,25,0,0,0,0,0,0,0,0,0,0,0,0,0,0,0,0,0,0,0,0,0.481,1.25,0.059,0.013,0.046,0.02,0.002,7.0,0.0
dalesst01w,8,0,CHI,31,30,845,319,55,83,20,0,57,53,109,33,201,68,0,0,0,0,0,0,0,0,0,0,0,0,0,0,0,0,0,0,0,0,0.482,1.456,0.065,0.017,0.049,0.024,0.0,10.29,0.0
daleygr01w,1,0,MIN,30,4,577,173,72,57,12,0,50,49,57,42,56,17,0,0,0,0,0,0,0,0,0,0,0,0,0,0,0,0,0,0,0,0,0.493,1.14,0.125,0.055,0.069,0.021,0.0,5.767,0.0
daleygr01w,2,0,NYL,15,0,66,25,8,10,8,1,7,12,10,5,5,0,0,1,0,1,0,0,0,0,0,0,0,1,0,0,0,0,0,0,0,0,0.501,1.429,0.121,0.045,0.076,0.121,0.015,1.667,0.0
daleygr01w,3,0,HOU,23,4,185,63,23,16,3,1,17,15,16,29,8,2,0,1,0,7,2,2,0,2,0,0,0,1,0,2,0,2,2,0,0,0,0.546,0.941,0.124,0.07,0.054,0.016,0.005,2.739,0.0
daleygr01w,4,0,PHO,3,0,28,2,2,3,0,1,3,2,1,0,2,0,0,0,0,0,0,0,0,0,0,0,0,0,0,0,0,0,0,0,0,0,0.2,1.0,0.071,0.036,0.036,0.0,0.036,0.667,0.0
darlihe01w,1,0,CLE,32,0,556,155,63,65,37,5,67,52,47,48,38,13,0,6,0,106,33,7,13,20,13,7,0,6,5,28,9,14,10,13,5,0,0.434,0.97,0.113,0.043,0.07,0.067,0.009,4.844,0.0
darlihe01w,2,0,CLE,32,32,778,196,76,109,34,4,70,59,59,55,70,23,0,3,3,80,18,5,6,11,19,7,1,5,9,27,5,6,5,9,3,0,0.496,1.557,0.098,0.023,0.075,0.044,0.005,6.125,0.0
darlihe01w,4,0,CLE,34,34,832,141,87,128,39,6,74,87,44,30,71,23,2,3,3,83,9,4,8,12,13,6,0,10,11,13,2,4,4,8,1,0,0.438,1.73,0.105,0.03,0.075,0.047,0.007,4.147,0.0
darlihe01w,5,0,MIN,33,22,707,140,67,115,30,4,74,83,43,42,55,12,0,2,2,44,7,2,1,3,3,3,0,11,4,9,2,2,1,3,2,0,0.444,1.554,0.095,0.016,0.079,0.042,0.006,4.242,0.0
darlihe01w,6,0,CHA,31,11,600,107,47,83,41,0,51,73,27,43,32,10,1,0,0,0,0,0,0,0,0,0,0,0,0,0,0,0,0,0,0,0,0.471,1.627,0.078,0.008,0.07,0.068,0.0,3.452,0.0
darlihe01w,7,0,CHA,29,29,607,158,59,82,35,3,73,76,51,38,47,18,0,0,0,0,0,0,0,0,0,0,0,0,0,0,0,0,0,0,0,0,0.487,1.123,0.097,0.021,0.076,0.058,0.005,5.448,0.0
darlihe01w,8,0,SAS,33,19,684,134,69,103,45,1,53,84,46,27,41,15,0,5,5,121,42,3,14,17,19,6,0,13,14,30,14,6,5,17,9,0,0.495,1.943,0.101,0.01,0.091,0.066,0.001,4.061,0.0
darlihe01w,9,0,SAS,31,14,580,108,73,54,33,3,45,67,33,30,60,12,0,6,0,53,12,3,4,7,5,3,0,7,8,13,5,0,0,7,2,0,0.386,1.2,0.126,0.022,0.103,0.057,0.005,3.484,0.0
darlihe01w,10,0,SAS,34,13,642,104,61,100,30,5,40,79,27,37,44,13,0,3,0,34,4,1,3,4,3,1,0,1,4,5,1,4,2,0,0,0,0.39,2.5,0.095,0.022,0.073,0.047,0.008,3.059,0.0
davenje01w,8,0,NYL,33,13,382,176,88,9,7,29,44,65,61,54,1,0,0,2,0,10,3,1,2,3,0,0,0,3,3,2,0,4,3,0,0,0,0.53,0.205,0.23,0.058,0.173,0.018,0.076,5.333,0.0
davenje01w,9,0,NYL,14,3,154,65,40,4,4,10,18,27,28,9,0,0,0,4,0,25,10,0,5,5,0,1,1,2,4,10,4,4,2,0,0,0,0.495,0.222,0.26,0.078,0.182,0.026,0.065,4.643,0.0
davenje01w,10,0,IND,27,0,181,72,40,6,7,14,21,38,29,14,0,0,0,9,0,55,37,1,10,11,3,2,8,3,9,25,14,11,9,0,0,0,0.564,0.286,0.221,0.083,0.138,0.039,0.077,2.667,0.0
davisbr01w,7,0,LAS,14,0,118,41,13,8,5,1,5,11,14,6,33,7,0,0,0,0,0,0,0,0,0,0,0,0,0,0,0,0,0,0,0,0,0.357,1.6,0.11,0.008,0.102,0.042,0.008,2.929,0.0
davisde01w,8,0,HOU,3,0,19,6,0,0,0,0,5,2,2,0,3,2,0,0,0,0,0,0,0,0,0,0,0,0,0,0,0,0,0,0,0,0,0.5,0.0,0.0,0.0,0.0,0.0,0.0,2.0,0.0
davista02w,10,0,DET,1,0,4,2,2,0,0,0,0,0,1,0,3,0,0,0,0,0,0,0,0,0,0,0,0,0,0,0,0,0,0,0,0,0,0.184,,0.5,0.5,0.0,0.0,0.0,2.0,0.0
deforan01w,1,0,DET,27,10,433,145,47,47,27,4,33,34,51,25,56,18,0,0,0,0,0,0,0,0,0,0,0,0,0,0,0,0,0,0,0,0,0.518,1.424,0.109,0.021,0.088,0.062,0.009,5.37,0.0
deforan01w,4,0,PHO,34,27,1065,405,105,72,51,12,53,61,147,50,148,61,0,0,0,0,0,0,0,0,0,0,0,0,0,0,0,0,0,0,0,0,0.523,1.358,0.099,0.03,0.069,0.048,0.011,11.912,0.0
deforan01w,5,0,PHO,34,34,1152,488,123,107,51,8,68,51,165,88,181,70,0,0,0,0,0,0,0,0,0,0,0,0,0,0,0,0,0,0,0,0,0.553,1.574,0.107,0.02,0.087,0.044,0.007,14.353,0.0
deforan01w,6,0,PHO,33,33,1131,433,114,80,41,7,81,66,142,102,144,47,0,0,0,0,0,0,0,0,0,0,0,0,0,0,0,0,0,0,0,0,0.519,0.988,0.101,0.027,0.073,0.036,0.006,13.121,0.0
deforan01w,7,0,IND,34,34,1001,348,146,76,39,9,55,58,123,54,127,48,0,2,2,64,12,4,3,7,3,1,0,0,7,15,5,0,0,8,2,0,0.509,1.382,0.146,0.04,0.106,0.039,0.009,10.235,0.0
deforan01w,8,0,IND,34,34,795,296,111,52,26,4,46,36,112,29,105,43,0,6,6,197,101,4,18,22,6,8,1,9,10,75,35,20,20,28,11,0,0.525,1.13,0.14,0.035,0.104,0.033,0.005,8.706,0.0
deforan01w,9,0,MIN,34,34,847,288,103,59,27,5,31,52,106,29,129,47,0,0,0,0,0,0,0,0,0,0,0,0,0,0,0,0,0,0,0,0,0.5,1.903,0.122,0.028,0.093,0.032,0.006,8.471,0.0
deforan01w,10,0,DET,7,7,113,10,20,10,4,0,7,7,5,0,4,0,0,0,0,0,0,0,0,0,0,0,0,0,0,0,0,0,0,0,0,0,0.278,1.429,0.177,0.053,0.124,0.035,0.0,1.429,0.0
derevje01w,5,0,CON,23,0,140,19,9,14,8,0,10,20,7,2,12,3,0,1,0,1,0,0,0,0,0,0,0,0,0,0,0,0,0,0,0,0,0.353,1.4,0.064,0.007,0.057,0.057,0.0,0.826,0.0
derevje01w,6,0,CON,34,1,359,24,30,40,11,2,26,47,8,7,7,1,0,8,1,82,6,1,3,4,14,5,0,6,4,5,2,4,2,1,0,0,0.413,1.538,0.084,0.028,0.056,0.031,0.006,0.706,0.0
derevje01w,7,0,PHO,31,8,467,96,57,68,23,7,25,42,38,16,15,4,0,0,0,0,0,0,0,0,0,0,0,0,0,0,0,0,0,0,0,0,0.555,2.72,0.122,0.024,0.099,0.049,0.015,3.097,0.0
derevje01w,8,0,PHO,23,0,200,36,23,24,6,1,16,18,13,9,10,1,0,1,0,2,0,0,0,0,0,0,0,0,0,0,0,0,0,0,0,0,0.517,1.5,0.115,0.025,0.09,0.03,0.005,1.565,0.0
derevje01w,9,0,PHO,17,0,145,14,17,27,2,4,10,17,5,3,8,1,0,0,0,0,0,0,0,0,0,0,0,0,0,0,0,0,0,0,0,0,0.337,2.7,0.117,0.034,0.083,0.014,0.028,0.824,0.0
desouer01w,3,0,LAS,11,0,41,12,14,2,3,0,6,14,5,2,0,0,0,1,0,3,3,1,0,1,0,0,0,0,0,1,0,4,3,0,0,0,0.326,0.333,0.341,0.195,0.146,0.073,0.0,1.091,0.0
desouer01w,8,0,CON,32,2,391,136,97,14,7,29,35,55,63,10,0,0,0,1,0,7,0,0,0,0,1,0,0,0,0,1,0,0,0,0,0,0,0.534,0.4,0.248,0.095,0.153,0.018,0.074,4.25,0.0
desouer01w,9,0,ATL,12,8,277,112,79,8,17,21,20,48,48,16,0,0,2,0,0,0,0,0,0,0,0,0,0,0,0,0,0,0,0,0,0,0,0.599,0.4,0.285,0.141,0.144,0.061,0.076,9.333,0.0
desouer01w,10,0,ATL,34,34,928,402,309,38,32,44,70,117,170,62,0,0,1,2,2,54,23,5,9,14,2,4,2,10,10,18,10,4,3,0,0,0,0.553,0.543,0.333,0.128,0.205,0.034,0.047,11.824,0.0
dickeke01w,1,0,MIN,32,29,791,142,141,59,37,2,70,107,54,34,2,0,4,0,0,0,0,0,0,0,0,0,0,0,0,0,0,0,0,0,0,0,0.439,0.843,0.178,0.039,0.139,0.047,0.003,4.438,0.0
dickeke01w,2,0,UTA,4,0,6,0,1,1,0,0,0,0,0,0,0,0,0,0,0,0,0,0,0,0,0,0,0,0,0,0,0,0,0,0,0,0,0.0,0.0,0.167,0.0,0.167,0.0,0.0,0.0,0.0
dillata01w,4,0,SAS,24,0,168,41,15,15,7,4,14,22,16,5,23,4,0,0,0,0,0,0,0,0,0,0,0,0,0,0,0,0,0,0,0,0,0.303,1.071,0.089,0.006,0.083,0.042,0.024,1.708,0.0
dillata01w,5,0,SAS,23,0,205,37,14,19,4,1,14,18,16,0,18,5,0,0,0,0,0,0,0,0,0,0,0,0,0,0,0,0,0,0,0,0,0.34,1.357,0.068,0.01,0.059,0.02,0.005,1.609,0.0
dillata01w,6,0,SAS,10,0,51,9,6,3,2,0,3,5,4,1,3,0,0,0,0,0,0,0,0,0,0,0,0,0,0,0,0,0,0,0,0,0,0.253,1.0,0.118,0.02,0.098,0.039,0.0,0.9,0.0
dixonta01w,1,0,LAS,31,31,882,338,105,96,40,10,60,86,132,62,34,12,0,4,4,127,47,4,7,11,16,3,0,8,12,46,17,9,8,10,5,0,0.52,1.6,0.119,0.039,0.08,0.045,0.011,10.903,0.0
dixonta01w,2,0,LAS,29,29,925,340,85,114,27,2,71,52,133,68,34,6,2,7,7,253,95,5,12,17,29,9,2,20,14,83,40,11,9,13,6,0,0.476,1.606,0.092,0.021,0.071,0.029,0.002,11.724,0.0
dixonta01w,3,0,LAS,30,30,958,319,92,119,28,5,82,74,125,49,57,20,2,5,4,147,61,2,18,20,17,12,0,13,15,44,25,10,9,4,2,1,0.461,1.451,0.096,0.019,0.077,0.029,0.005,10.633,0.0
dixonta01w,4,0,LAS,30,30,1042,412,126,89,35,10,69,83,159,83,52,11,0,9,9,316,110,8,21,29,29,14,2,11,27,94,40,27,26,12,4,0,0.508,1.29,0.121,0.039,0.082,0.034,0.01,13.733,0.0
dixonta01w,5,0,LAS,32,21,913,311,110,112,36,1,71,86,119,68,11,5,0,3,3,100,31,4,13,17,9,2,0,10,12,30,12,8,7,0,0,1,0.506,1.577,0.12,0.035,0.085,0.039,0.001,9.719,0.0
dixonta01w,6,0,LAS,30,23,607,160,67,77,24,2,40,73,63,34,5,0,0,2,1,12,2,0,1,1,2,1,0,1,4,2,1,0,0,0,0,0,0.466,1.925,0.11,0.04,0.071,0.04,0.003,5.333,0.0
dixonta01w,7,0,HOU,23,14,591,162,60,54,13,2,58,63,69,23,9,1,1,2,0,44,11,1,7,8,5,0,0,4,1,11,4,4,3,0,0,0,0.442,0.931,0.102,0.032,0.069,0.022,0.003,7.043,0.0
dixonta01w,8,0,HOU,18,0,490,216,57,57,24,6,38,42,90,31,17,5,0,0,0,0,0,0,0,0,0,0,0,0,0,0,0,0,0,0,0,0,0.489,1.5,0.116,0.024,0.092,0.049,0.012,12.0,0.0
dixonta01w,9,0,HOU,24,20,634,216,76,44,25,3,48,63,89,36,13,2,1,0,0,0,0,0,0,0,0,0,0,0,0,0,0,0,0,0,0,0,0.451,0.917,0.12,0.036,0.084,0.039,0.005,9.0,0.0
dixonta01w,10,0,IND,32,1,424,132,51,37,12,3,27,45,55,18,10,4,0,10,0,62,21,2,5,7,2,1,0,5,5,26,9,5,3,2,0,0,0.461,1.37,0.12,0.024,0.097,0.028,0.007,4.125,0.0
donapbe01w,4,0,NYL,1,0,2,0,0,0,0,0,0,0,0,0,0,0,0,0,0,0,0,0,0,0,0,0,0,0,0,0,0,0,0,0,0,0,,,0.0,0.0,0.0,0.0,0.0,0.0,0.0
donapbe01w,5,0,NYL,26,16,479,131,71,16,11,8,21,60,49,33,0,0,0,5,5,96,22,8,3,11,2,7,2,5,9,25,10,5,2,0,0,0,0.493,0.762,0.148,0.063,0.086,0.023,0.017,5.038,0.0
doronsh01w,8,0,NYL,7,2,35,10,3,0,3,0,1,2,4,1,1,1,0,1,0,2,0,0,0,0,0,0,0,0,0,1,0,0,0,1,0,0,0.421,0.0,0.086,0.0,0.086,0.086,0.0,1.429,0.0
dossaci01w,1,0,ORL,32,31,820,228,124,38,16,63,54,111,94,40,1,0,2,3,3,82,18,3,5,8,3,2,7,5,9,16,8,2,2,0,0,0,0.461,0.704,0.151,0.043,0.109,0.02,0.077,7.125,0.0
dossaci01w,2,0,ORL,10,0,65,19,6,2,3,5,7,18,7,5,0,0,0,0,0,0,0,0,0,0,0,0,0,0,0,0,0,0,0,0,0,0,0.439,0.286,0.092,0.015,0.077,0.046,0.077,1.9,0.0
dossaci01w,3,0,ORL,26,0,260,88,35,10,4,13,20,48,26,36,1,0,0,0,0,0,0,0,0,0,0,0,0,0,0,0,0,0,0,0,0,0,0.601,0.5,0.135,0.058,0.077,0.015,0.05,3.385,0.0
douglka01w,2,0,ORL,22,0,439,154,51,39,37,7,44,34,51,34,57,18,0,0,0,0,0,0,0,0,0,0,0,0,0,0,0,0,0,0,0,0,0.476,0.886,0.116,0.036,0.08,0.084,0.016,7.0,0.0
douglka01w,3,0,ORL,32,30,830,271,135,53,49,13,42,66,92,58,79,29,1,0,0,0,0,0,0,0,0,0,0,0,0,0,0,0,0,0,0,0,0.578,1.262,0.163,0.049,0.113,0.059,0.016,8.469,0.0
douglka01w,4,0,CON,28,27,843,336,106,56,31,11,28,38,120,49,123,47,0,4,4,126,29,2,8,10,12,3,1,1,9,30,10,7,6,12,3,0,0.553,2.0,0.126,0.039,0.087,0.037,0.013,12.0,0.0
douglka01w,5,0,CON,34,34,1120,364,132,90,50,13,52,73,125,61,153,53,0,8,8,268,82,9,23,32,22,10,0,16,19,66,23,27,25,37,11,0,0.513,1.731,0.118,0.029,0.088,0.045,0.012,10.706,0.0
douglka01w,6,0,CON,32,32,998,351,130,94,48,4,54,57,119,82,110,31,0,8,8,278,96,12,25,37,18,11,1,8,17,67,31,29,19,38,15,0,0.524,1.741,0.13,0.045,0.085,0.048,0.004,10.969,0.0
douglka01w,7,0,CON,32,32,1003,525,121,79,62,4,73,48,179,94,173,73,0,4,4,125,48,6,9,15,10,4,1,11,1,45,18,5,4,27,8,0,0.579,1.082,0.121,0.038,0.083,0.062,0.004,16.406,1.0
douglka01w,8,0,CON,34,34,1133,577,158,125,65,10,95,67,207,95,201,68,0,3,3,114,52,6,10,16,10,10,0,15,7,52,18,9,8,28,8,0,0.537,1.316,0.139,0.043,0.096,0.057,0.009,16.971,0.0
douglka01w,9,0,IND,33,33,1134,516,135,106,53,11,100,54,170,119,176,57,0,3,3,93,22,1,6,7,7,4,2,10,7,22,7,10,7,8,1,0,0.493,1.06,0.119,0.036,0.083,0.047,0.01,15.636,0.0
douglka01w,10,0,IND,31,31,1003,547,120,85,56,7,75,45,188,105,189,66,0,10,10,361,155,14,21,35,40,14,6,19,14,141,51,43,35,58,18,0,0.533,1.133,0.12,0.024,0.096,0.056,0.007,17.645,0.0
duffyme01w,7,0,MIN,31,0,387,105,29,36,9,0,24,37,33,27,37,12,0,0,0,0,0,0,0,0,0,0,0,0,0,0,0,0,0,0,0,0,0.481,1.5,0.075,0.026,0.049,0.023,0.0,3.387,0.0
duffyme01w,8,0,MIN,5,0,48,7,5,7,1,0,4,7,1,4,8,1,0,0,0,0,0,0,0,0,0,0,0,0,0,0,0,0,0,0,0,0,0.325,1.75,0.104,0.042,0.062,0.021,0.0,1.4,0.0
duffyme01w,9,0,NYL,6,0,45,11,2,3,0,0,5,6,2,6,4,1,0,0,0,0,0,0,0,0,0,0,0,0,0,0,0,0,0,0,0,0,0.637,0.6,0.044,0.0,0.044,0.0,0.0,1.833,0.0
dupreca01w,7,0,CHI,34,31,1032,467,188,60,43,25,60,72,186,95,5,0,0,0,0,0,0,0,0,0,0,0,0,0,0,0,0,0,0,0,0,0,0.507,1.0,0.182,0.053,0.129,0.042,0.024,13.735,0.0
dupreca01w,8,0,CHI,33,33,1078,544,254,46,29,41,81,82,210,124,5,0,1,0,0,0,0,0,0,0,0,0,0,0,0,0,0,0,0,0,0,0,0.502,0.568,0.236,0.073,0.162,0.027,0.038,16.485,0.0
dupreca01w,9,0,CHI,34,34,1119,555,270,78,36,45,98,78,208,138,7,1,0,0,0,0,0,0,0,0,0,0,0,0,0,0,0,0,0,0,0,0,0.521,0.796,0.241,0.069,0.172,0.032,0.04,16.324,0.0
dupreca01w,10,0,CHI,34,34,1186,534,268,75,35,41,81,54,204,102,62,24,0,0,0,0,0,0,0,0,0,0,0,0,0,0,0,0,0,0,0,0,0.501,0.926,0.226,0.064,0.162,0.03,0.035,15.706,0.0
dydekma01w,1,0,UTA,32,32,775,294,175,51,18,96,82,114,105,82,14,2,1,0,0,0,0,0,0,0,0,0,0,0,0,0,0,0,0,0,0,0,0.523,0.622,0.226,0.037,0.188,0.023,0.124,9.188,0.0
dydekma01w,2,0,UTA,32,32,970,349,243,64,25,113,90,108,128,87,15,6,1,2,2,69,28,1,13,14,3,1,7,4,10,21,9,13,10,0,0,1,0.515,0.711,0.251,0.03,0.221,0.026,0.116,10.906,0.0
dydekma01w,3,0,UTA,30,27,876,394,262,71,25,107,96,99,139,114,8,2,2,5,5,171,60,3,41,44,12,1,17,16,17,55,22,15,13,5,3,0,0.521,0.74,0.299,0.059,0.24,0.029,0.122,13.133,0.0
dydekma01w,4,0,SAS,34,34,926,406,251,58,19,100,80,113,156,94,1,0,1,0,0,0,0,0,0,0,0,0,0,0,0,0,0,0,0,0,0,0,0.503,0.725,0.271,0.049,0.222,0.021,0.108,11.941,0.0
dydekma01w,5,0,SAS,34,24,682,225,168,60,20,48,64,70,90,44,2,1,0,0,0,0,0,0,0,0,0,0,0,0,0,0,0,0,0,0,0,0,0.482,0.938,0.246,0.044,0.202,0.029,0.07,6.618,0.0
dydekma01w,6,0,CON,31,30,671,225,195,38,8,71,47,62,87,50,2,1,0,8,8,146,36,8,34,42,4,3,13,16,19,38,14,11,7,1,1,0,0.59,0.809,0.291,0.04,0.25,0.012,0.106,7.258,0.0
dydekma01w,7,0,CON,34,34,743,320,206,40,21,85,50,73,125,69,4,1,0,5,5,133,55,12,24,36,4,4,14,8,17,48,22,13,11,1,0,0,0.552,0.8,0.277,0.047,0.23,0.028,0.114,9.412,0.0
dydekma01w,8,0,CON,32,30,643,214,209,31,12,66,51,75,91,30,5,2,1,3,3,80,21,3,16,19,2,0,8,3,4,25,10,2,0,2,1,0,0.525,0.608,0.325,0.058,0.267,0.019,0.103,6.688,0.0
dydekma01w,9,0,LAS,2,0,14,4,3,0,0,0,0,0,2,0,0,0,0,1,0,1,0,0,1,1,0,0,0,0,0,0,0,0,0,0,0,0,0.4,,0.214,0.143,0.071,0.0,0.0,2.0,0.0
edwarmi01w,1,1,CLE,3,0,17,8,2,1,0,0,4,3,4,0,3,0,0,0,0,0,0,0,0,0,0,0,0,0,0,0,0,0,0,0,0,0,0.4,0.25,0.118,0.0,0.118,0.0,0.0,2.667,0.0
edwarmi01w,1,2,SEA,20,13,455,131,34,40,14,5,38,29,51,23,32,6,0,0,0,0,0,0,0,0,0,0,0,0,0,0,0,0,0,0,0,0,0.414,1.053,0.075,0.015,0.059,0.031,0.011,6.55,0.0
edwarmi01w,2,0,SEA,3,0,13,4,2,4,1,0,3,2,1,2,0,0,0,0,0,0,0,0,0,0,0,0,0,0,0,0,0,0,0,0,0,0,0.515,1.333,0.154,0.0,0.154,0.077,0.0,1.333,0.0
edwarsi01w,1,0,SEA,29,7,645,216,107,22,16,10,45,57,83,50,0,0,0,0,0,0,0,0,0,0,0,0,0,0,0,0,0,0,0,0,0,0,0.497,0.489,0.166,0.059,0.107,0.025,0.016,7.448,0.0
edwarsi01w,2,0,SEA,32,27,810,237,157,26,24,20,37,54,91,55,0,0,0,0,0,0,0,0,0,0,0,0,0,0,0,0,0,0,0,0,0,0,0.523,0.703,0.194,0.083,0.111,0.03,0.025,7.406,0.0
edwarsi01w,3,0,SEA,32,5,694,223,141,19,21,12,44,66,84,54,1,1,0,2,0,31,4,2,1,3,0,0,0,2,4,8,1,4,2,0,0,0,0.586,0.432,0.203,0.066,0.137,0.03,0.017,6.969,0.0
edwarsi01w,4,0,SEA,34,6,577,157,133,16,10,9,31,55,61,35,0,0,0,0,0,0,0,0,0,0,0,0,0,0,0,0,0,0,0,0,0,0,0.495,0.516,0.231,0.094,0.137,0.017,0.016,4.618,0.0
edwarsi01w,5,0,SEA,23,3,257,48,56,5,8,3,13,25,20,8,0,0,0,7,0,54,12,7,7,14,1,0,1,2,5,9,6,0,0,0,0,0,0.379,0.385,0.218,0.097,0.121,0.031,0.012,2.087,0.0
edwarsi01w,6,0,SEA,28,0,201,55,31,3,4,2,4,13,24,7,0,0,0,2,0,5,0,0,1,1,1,0,0,0,0,1,0,0,0,0,0,0,0.594,0.75,0.154,0.045,0.109,0.02,0.01,1.964,0.0
edwarte01w,4,0,MIN,34,34,854,181,105,148,41,11,92,60,63,31,80,24,0,3,3,83,20,1,9,10,19,5,1,8,6,19,6,4,4,12,4,0,0.488,1.609,0.123,0.028,0.095,0.048,0.013,5.324,0.0
edwarte01w,5,0,MIN,34,34,697,194,90,79,47,8,93,37,74,21,85,25,0,2,2,43,6,1,4,5,2,3,1,4,5,6,1,4,3,5,1,0,0.455,0.849,0.129,0.042,0.088,0.067,0.011,5.706,1.0
edwarto01w,1,0,PHO,32,32,926,338,76,58,36,9,63,80,112,79,114,35,2,2,2,61,17,1,5,6,5,4,0,2,8,20,5,6,4,13,3,0,0.494,0.921,0.082,0.021,0.062,0.039,0.01,10.562,0.0
edwarto01w,2,2,CHA,22,0,372,100,43,30,14,6,40,49,34,27,22,5,0,8,0,119,22,6,10,16,12,5,0,11,8,21,9,2,2,4,2,0,0.43,0.75,0.116,0.03,0.086,0.038,0.016,4.545,0.0
edwarto01w,2,1,PHO,10,9,208,94,19,18,5,1,22,30,26,37,14,5,1,0,0,0,0,0,0,0,0,0,0,0,0,0,0,0,0,0,0,0,0.513,0.818,0.091,0.024,0.067,0.024,0.005,9.4,0.0
edwarto01w,3,0,CHA,29,0,303,112,41,24,16,2,17,28,36,33,25,7,0,2,0,19,3,0,1,1,1,0,0,1,2,5,1,2,0,3,1,0,0.47,1.412,0.135,0.036,0.099,0.053,0.007,3.862,0.0
elysh01w,6,0,SAS,31,11,528,139,62,27,7,4,33,42,50,30,31,9,0,0,0,0,0,0,0,0,0,0,0,0,0,0,0,0,0,0,0,0,0.466,0.818,0.117,0.021,0.097,0.013,0.008,4.484,0.0
elysh01w,7,0,SAS,12,1,136,41,31,10,2,0,13,17,12,15,9,2,0,0,0,0,0,0,0,0,0,0,0,0,0,0,0,0,0,0,0,0,0.37,0.769,0.228,0.037,0.191,0.015,0.0,3.417,0.0
elysh01w,8,0,SEA,29,0,282,65,39,11,8,1,19,28,20,20,15,5,0,0,0,0,0,0,0,0,0,0,0,0,0,0,0,0,0,0,0,0,0.43,0.579,0.138,0.035,0.103,0.028,0.004,2.241,0.0
elysh01w,9,0,SEA,34,1,389,113,90,16,12,5,29,56,47,15,11,4,0,2,0,2,0,0,0,0,0,0,0,0,2,0,0,0,0,0,0,0,0.45,0.552,0.231,0.077,0.154,0.031,0.013,3.324,0.0
elysh01w,10,0,CHI,34,9,497,232,88,20,12,8,36,55,84,41,60,23,0,0,0,0,0,0,0,0,0,0,0,0,0,0,0,0,0,0,0,0,0.519,0.556,0.177,0.044,0.133,0.024,0.016,6.824,0.0
enissh01w,1,0,CHA,12,9,323,139,45,10,10,1,16,30,41,46,32,11,0,0,0,0,0,0,0,0,0,0,0,0,0,0,0,0,0,0,0,0,0.533,0.625,0.139,0.065,0.074,0.031,0.003,11.583,0.0
enissh01w,2,0,CHA,32,11,623,191,113,14,10,5,36,60,66,45,31,14,0,8,0,101,34,6,9,15,4,2,1,7,16,22,11,12,9,4,3,0,0.514,0.389,0.181,0.077,0.104,0.016,0.008,5.969,0.0
enissh01w,3,0,CHA,4,0,59,19,9,3,1,2,1,4,5,9,3,0,0,1,0,3,0,2,0,2,0,0,0,0,0,3,0,0,0,1,0,0,0.433,3.0,0.153,0.102,0.051,0.017,0.034,4.75,0.0
enissh01w,4,0,CHA,29,20,613,252,125,16,29,2,41,63,82,62,62,26,0,2,2,58,15,5,7,12,1,2,2,6,9,10,4,6,6,3,1,1,0.568,0.39,0.204,0.101,0.103,0.047,0.003,8.69,0.0
erbsu01w,1,0,CHA,29,0,275,92,63,10,8,6,17,68,32,28,1,0,0,0,0,0,0,0,0,0,0,0,0,0,0,0,0,0,0,0,0,0,0.5,0.588,0.229,0.095,0.135,0.029,0.022,3.172,0.0
erbsu01w,2,0,CHA,18,0,148,54,35,4,1,5,10,23,18,18,0,0,0,4,0,15,8,2,2,4,0,0,0,3,3,5,4,0,0,0,0,0,0.527,0.4,0.236,0.054,0.182,0.007,0.034,3.0,0.0
erbsu01w,3,0,CHA,31,3,342,88,71,10,13,11,35,70,35,18,0,0,2,2,0,17,7,0,1,1,0,0,1,0,3,5,3,1,1,0,0,0,0.603,0.286,0.208,0.058,0.149,0.038,0.032,2.839,0.0
ervinla01w,10,0,CON,8,0,56,16,13,0,1,0,2,5,8,0,0,0,0,0,0,0,0,0,0,0,0,0,0,0,0,0,0,0,0,0,0,0,0.447,0.0,0.232,0.071,0.161,0.018,0.0,2.0,0.0
fallotr01w,2,0,PHO,31,16,841,322,77,33,35,12,47,43,127,53,37,15,0,0,0,0,0,0,0,0,0,0,0,0,0,0,0,0,0,0,0,0,0.56,0.702,0.092,0.042,0.05,0.042,0.014,10.387,0.0
farriba01w,1,0,DET,14,2,130,45,32,2,6,1,14,30,15,15,1,0,0,0,0,0,0,0,0,0,0,0,0,0,0,0,0,0,0,0,0,0,0.537,0.143,0.246,0.123,0.123,0.046,0.008,3.214,0.0
farriba01w,2,0,DET,31,10,559,129,109,16,7,5,30,68,46,37,0,0,1,0,0,0,0,0,0,0,0,0,0,0,0,0,0,0,0,0,0,0,0.522,0.533,0.195,0.073,0.122,0.013,0.009,4.161,0.0
farriba01w,3,0,DET,32,16,564,143,94,16,12,9,38,62,49,45,1,0,0,0,0,0,0,0,0,0,0,0,0,0,0,0,0,0,0,0,0,0,0.497,0.421,0.167,0.051,0.115,0.021,0.016,4.469,0.0
farriba01w,4,0,DET,34,0,522,127,82,23,10,4,41,62,43,41,0,0,0,8,0,133,31,8,12,20,4,1,0,10,14,25,10,17,11,1,0,0,0.501,0.561,0.157,0.056,0.102,0.019,0.008,3.735,0.0
farriba01w,5,0,DET,26,0,422,118,61,7,8,2,26,46,41,36,0,0,0,3,2,78,18,8,7,15,2,1,0,5,5,17,6,8,6,0,0,0,0.569,0.269,0.145,0.066,0.078,0.019,0.005,4.538,0.0
farriba01w,6,0,DET,34,1,444,83,84,19,8,1,43,55,25,33,0,0,0,2,0,12,0,0,1,1,0,0,0,0,0,1,0,0,0,0,0,0,0.429,0.442,0.189,0.07,0.119,0.018,0.002,2.441,0.0
farriba01w,7,0,NYL,34,34,944,261,178,51,21,5,65,105,95,71,3,0,1,0,0,0,0,0,0,0,0,0,0,0,0,0,0,0,0,0,0,0,0.494,0.785,0.189,0.059,0.129,0.022,0.005,7.676,0.0
farriba01w,8,0,NYL,28,0,237,53,43,13,6,1,19,32,20,13,0,0,0,3,0,12,6,0,0,0,0,0,0,2,3,5,3,0,0,0,0,0,0.407,0.684,0.181,0.068,0.114,0.025,0.004,1.893,0.0
farriba01w,9,0,PHO,34,8,553,118,130,8,20,4,35,87,44,30,0,0,0,0,0,0,0,0,0,0,0,0,0,0,0,0,0,0,0,0,0,0,0.527,0.229,0.235,0.069,0.166,0.036,0.007,3.471,0.0
farriba01w,10,0,DET,13,3,110,17,18,5,5,0,9,17,2,13,0,0,0,0,0,0,0,0,0,0,0,0,0,0,0,0,0,0,0,0,0,0,0.53,0.556,0.164,0.027,0.136,0.045,0.0,1.308,0.0
feastal01w,1,0,LAS,32,0,469,202,85,33,23,2,35,47,60,60,85,22,0,4,0,44,15,3,6,9,3,2,1,5,11,16,5,2,2,13,3,0,0.508,0.943,0.181,0.077,0.104,0.049,0.004,6.312,0.0
feastal01w,2,0,CHA,32,32,1007,365,153,46,29,10,59,86,126,58,168,55,1,8,8,248,64,8,26,34,14,9,4,9,18,74,26,1,1,35,11,0,0.502,0.78,0.152,0.055,0.097,0.029,0.01,11.406,0.0
feastal01w,3,0,CHA,32,32,956,379,118,61,39,12,40,79,115,70,189,79,0,2,2,65,15,3,12,15,7,2,0,4,1,20,6,0,0,13,3,0,0.575,1.525,0.123,0.039,0.085,0.041,0.013,11.844,0.0
feastal01w,4,0,CHA,34,34,1096,422,113,73,52,9,72,75,142,66,205,72,0,2,2,63,21,2,3,5,1,2,0,0,5,20,7,4,3,10,4,0,0.512,1.014,0.103,0.034,0.069,0.047,0.008,12.412,0.0
feastal01w,5,0,CHA,33,32,1052,388,84,60,27,6,68,61,132,79,143,45,0,0,0,0,0,0,0,0,0,0,0,0,0,0,0,0,0,0,0,0,0.521,0.882,0.08,0.021,0.059,0.026,0.006,11.758,0.0
feastal01w,6,0,CHA,21,21,666,192,37,51,14,2,38,52,61,33,86,37,0,0,0,0,0,0,0,0,0,0,0,0,0,0,0,0,0,0,0,0,0.536,1.342,0.056,0.014,0.042,0.021,0.003,9.143,0.0
feastal01w,7,0,CHA,32,1,309,55,20,21,13,2,14,20,19,1,64,16,0,0,0,0,0,0,0,0,0,0,0,0,0,0,0,0,0,0,0,0,0.336,1.5,0.065,0.01,0.055,0.042,0.006,1.719,0.0
feastal01w,9,0,IND,33,0,301,85,23,26,5,3,14,23,30,2,75,23,0,2,0,8,3,0,0,0,0,0,0,1,0,2,1,0,0,2,1,0,0.473,1.857,0.076,0.03,0.047,0.017,0.01,2.576,0.0
feifesu01w,6,0,SAC,5,0,24,7,1,3,0,0,2,3,1,4,1,1,0,0,0,0,0,0,0,0,0,0,0,0,0,0,0,0,0,0,0,0,0.451,1.5,0.042,0.0,0.042,0.0,0.0,1.4,0.0
ferdima01w,2,0,UTA,32,22,864,366,86,79,40,4,63,70,143,69,42,11,1,2,2,69,29,2,6,8,7,3,0,2,4,16,7,18,15,2,0,0,0.539,1.254,0.1,0.027,0.073,0.046,0.005,11.438,0.0
ferdima01w,3,0,UTA,32,32,1065,489,107,91,51,7,89,86,176,132,34,5,0,5,5,186,74,4,18,22,13,10,0,20,16,56,25,34,23,5,1,0,0.548,1.022,0.1,0.018,0.083,0.048,0.007,15.281,0.0
ferdima01w,4,0,SAS,34,34,1116,470,127,90,58,6,85,87,139,176,52,16,0,0,0,0,0,0,0,0,0,0,0,0,0,0,0,0,0,0,0,0,0.487,1.059,0.114,0.025,0.089,0.052,0.005,13.824,0.0
ferdima01w,5,0,SAS,17,17,509,199,54,29,32,2,35,34,67,55,27,10,0,0,0,0,0,0,0,0,0,0,0,0,0,0,0,0,0,0,0,0,0.523,0.829,0.106,0.035,0.071,0.063,0.004,11.706,0.0
ferdima01w,6,0,SAS,31,31,999,388,116,68,46,5,70,74,132,104,65,20,0,0,0,0,0,0,0,0,0,0,0,0,0,0,0,0,0,0,0,0,0.465,0.971,0.116,0.04,0.076,0.046,0.005,12.516,0.0
ferdima01w,8,0,SAS,34,12,481,164,81,28,19,3,37,55,61,36,27,6,0,5,0,71,33,7,12,19,6,10,0,6,7,26,11,13,11,2,0,0,0.437,0.757,0.168,0.069,0.1,0.04,0.006,4.824,0.0
ferdima01w,9,0,LAS,33,25,680,276,85,43,25,4,41,71,91,82,44,12,0,6,0,111,45,5,10,15,11,2,0,8,8,39,15,12,11,11,4,0,0.482,1.049,0.125,0.044,0.081,0.037,0.006,8.364,0.0
ferdima01w,10,0,LAS,28,6,339,151,41,24,15,2,22,44,58,31,22,4,1,2,0,14,5,1,1,2,0,1,0,0,2,4,1,2,2,2,1,0,0.499,1.091,0.121,0.05,0.071,0.044,0.006,5.393,0.0
fernama01w,8,0,LAS,34,20,891,297,72,101,36,14,90,31,107,71,49,12,0,0,0,0,0,0,0,0,0,0,0,0,0,0,0,0,0,0,0,0,0.462,1.122,0.081,0.013,0.067,0.04,0.016,8.735,0.0
ferrama01w,1,0,NYL,23,4,154,50,17,4,0,2,11,34,23,1,10,3,0,3,0,12,6,0,3,3,1,1,0,0,4,3,2,0,0,2,2,0,0.464,0.364,0.11,0.026,0.084,0.0,0.013,2.174,0.0
figgsuk01w,1,0,LAS,32,32,803,215,55,127,21,3,43,53,66,54,82,29,0,4,4,106,24,6,10,16,19,2,0,11,10,23,7,6,6,11,4,0,0.592,2.953,0.068,0.017,0.051,0.026,0.004,6.719,0.0
figgsuk01w,2,0,LAS,32,29,930,257,100,126,43,4,55,42,76,51,117,54,0,7,7,239,58,3,12,15,41,4,4,6,14,53,18,16,12,36,10,0,0.622,2.291,0.108,0.015,0.092,0.046,0.004,8.031,0.0
figgsuk01w,3,0,POR,31,31,866,264,80,104,25,2,44,50,83,59,120,39,0,0,0,0,0,0,0,0,0,0,0,0,0,0,0,0,0,0,0,0,0.505,2.364,0.092,0.015,0.077,0.029,0.002,8.516,0.0
figgsuk01w,4,0,HOU,34,30,952,149,81,82,26,1,59,33,52,19,69,26,0,3,3,81,17,1,5,6,7,1,0,3,4,15,6,0,0,7,5,0,0.557,1.39,0.085,0.012,0.074,0.027,0.001,4.382,0.0
firsool01w,1,0,NYL,9,0,19,12,4,1,0,1,2,8,4,4,1,0,0,3,0,6,6,1,0,1,0,0,0,0,1,4,3,0,0,0,0,0,0.492,0.5,0.211,0.0,0.211,0.0,0.053,1.333,0.0
floremi01w,1,0,MIA,32,0,474,112,23,49,23,3,48,36,34,26,61,18,0,0,0,0,0,0,0,0,0,0,0,0,0,0,0,0,0,0,0,0,0.429,1.021,0.049,0.013,0.036,0.049,0.006,3.5,0.0
flukety01w,7,0,CHA,31,1,324,76,66,9,2,14,21,48,30,16,2,0,0,0,0,0,0,0,0,0,0,0,0,0,0,0,0,0,0,0,0,0,0.385,0.429,0.204,0.08,0.123,0.006,0.043,2.452,0.0
flukety01w,8,2,LAS,12,0,114,39,19,3,3,7,9,13,17,4,2,1,0,0,0,0,0,0,0,0,0,0,0,0,0,0,0,0,0,0,0,0,0.414,0.333,0.167,0.079,0.088,0.026,0.061,3.25,0.0
flukety01w,8,1,SEA,9,0,31,1,7,0,0,1,3,4,0,1,1,0,0,0,0,0,0,0,0,0,0,0,0,0,0,0,0,0,0,0,0,0,0.046,0.0,0.226,0.065,0.161,0.0,0.032,0.111,0.0
flukety01w,9,0,CHI,26,2,231,70,34,10,6,8,18,40,25,19,3,1,0,0,0,0,0,0,0,0,0,0,0,0,0,0,0,0,0,0,0,0,0.461,0.556,0.147,0.048,0.1,0.026,0.035,2.692,0.0
folklkr01w,1,0,MIN,32,20,845,242,154,67,23,22,50,80,86,66,19,4,1,0,0,0,0,0,0,0,0,0,0,0,0,0,0,0,0,0,0,0,0.521,1.34,0.182,0.045,0.137,0.027,0.026,7.562,0.0
folklkr01w,2,0,POR,32,31,862,180,245,45,20,34,39,56,71,33,12,5,0,0,0,0,0,0,0,0,0,0,0,0,0,0,0,0,0,0,0,0,0.49,1.154,0.284,0.057,0.227,0.023,0.039,5.625,0.0
folklkr01w,3,0,POR,32,4,602,155,148,32,18,17,32,56,62,31,3,0,0,0,0,0,0,0,0,0,0,0,0,0,0,0,0,0,0,0,0,0,0.548,1.0,0.246,0.068,0.178,0.03,0.028,4.844,0.0
fordch01w,4,0,DET,32,32,956,344,334,27,32,31,79,109,128,88,0,0,1,8,8,232,67,25,55,80,4,11,6,10,30,74,24,23,19,0,0,0,0.526,0.342,0.349,0.104,0.246,0.033,0.032,10.75,1.0
fordch01w,5,0,DET,31,31,912,329,297,34,41,25,54,118,118,93,0,0,3,3,3,111,48,5,27,32,1,4,7,8,3,38,17,22,14,0,0,0,0.461,0.63,0.326,0.114,0.212,0.045,0.027,10.613,0.0
fordch01w,6,0,DET,33,33,932,313,322,26,33,46,69,143,120,73,0,0,6,2,2,49,19,7,7,14,2,1,2,3,11,18,8,5,3,0,0,1,0.454,0.377,0.345,0.121,0.224,0.035,0.049,9.485,0.0
fordch01w,7,0,DET,32,32,920,443,363,45,38,25,58,114,157,129,0,0,0,10,10,287,134,33,70,103,12,13,7,19,40,88,46,56,42,0,0,0,0.55,0.776,0.395,0.141,0.253,0.041,0.027,13.844,0.0
fordch01w,8,0,DET,15,15,460,195,168,22,28,11,42,54,71,53,0,0,0,10,8,228,69,33,59,92,4,5,3,14,32,65,27,33,15,1,0,0,0.543,0.524,0.365,0.104,0.261,0.061,0.024,13.0,1.0
fordch01w,9,0,DET,24,24,637,243,208,22,24,9,23,70,89,65,0,0,0,0,0,0,0,0,0,0,0,0,0,0,0,0,0,0,0,0,0,0,0.515,0.957,0.327,0.116,0.21,0.038,0.014,10.125,0.0
fordch01w,10,0,DET,29,29,755,249,215,25,28,13,49,105,97,55,3,0,1,5,5,148,39,17,33,50,6,7,1,18,23,29,13,16,13,0,0,0,0.459,0.51,0.285,0.094,0.191,0.037,0.017,8.586,0.0
fordki01w,1,0,MIA,28,0,424,104,62,21,32,1,27,65,33,37,4,1,1,0,0,0,0,0,0,0,0,0,0,0,0,0,0,0,0,0,0,0,0.383,0.778,0.146,0.075,0.071,0.075,0.002,3.714,0.0
fordki01w,2,0,MIA,30,1,395,71,65,21,17,5,18,43,26,18,11,1,0,3,0,20,2,1,0,1,2,0,0,1,3,5,1,0,0,0,0,0,0.377,1.167,0.165,0.048,0.116,0.043,0.013,2.367,0.0
fordst01w,2,0,NYL,1,0,3,2,1,0,0,0,0,0,1,0,0,0,0,0,0,0,0,0,0,0,0,0,0,0,0,0,0,0,0,0,0,0,1.0,,0.333,0.0,0.333,0.0,0.0,2.0,0.0
fordst01w,3,0,SAC,5,0,12,2,2,1,0,0,1,1,1,0,0,0,0,0,0,0,0,0,0,0,0,0,0,0,0,0,0,0,0,0,0,0,0.347,1.0,0.167,0.167,0.0,0.0,0.0,0.4,0.0
fowlesy01w,9,0,CHI,17,14,430,178,127,5,19,36,37,32,77,24,0,0,1,0,0,0,0,0,0,0,0,0,0,0,0,0,0,0,0,0,0,0,0.53,0.135,0.295,0.065,0.23,0.044,0.084,10.471,0.0
fowlesy01w,10,0,CHI,24,20,692,270,188,19,21,35,76,72,103,64,0,0,1,0,0,0,0,0,0,0,0,0,0,0,0,0,0,0,0,0,0,0,0.626,0.25,0.272,0.075,0.197,0.03,0.051,11.25,0.0
francde01w,1,0,NYL,1,0,2,0,0,0,0,0,0,0,0,0,0,0,0,2,0,4,0,1,0,1,0,0,0,0,0,2,0,0,0,1,0,0,0.0,,0.0,0.0,0.0,0.0,0.0,0.0,0.0
frankaq01w,9,0,SAC,34,0,351,53,45,59,16,1,26,44,19,9,24,6,0,3,0,19,2,0,1,1,1,1,0,2,2,6,1,0,0,4,0,0,0.348,2.269,0.128,0.014,0.114,0.046,0.003,1.559,0.0
frankaq01w,10,0,SEA,2,0,20,0,2,1,1,0,1,2,0,0,2,0,0,0,0,0,0,0,0,0,0,0,0,0,0,0,0,0,0,0,0,0,0.0,1.0,0.1,0.0,0.1,0.05,0.0,0.0,0.0
frazeme01w,10,0,SAS,29,0,326,145,84,15,8,5,21,43,52,27,37,14,0,1,0,7,2,0,0,0,0,0,0,0,0,1,0,2,2,0,0,0,0.506,0.714,0.258,0.083,0.175,0.025,0.015,5.0,0.0
fresest01w,1,0,UTA,21,0,222,62,18,17,4,0,14,14,10,33,26,9,0,0,0,0,0,0,0,0,0,0,0,0,0,0,0,0,0,0,0,0,0.676,1.214,0.081,0.018,0.063,0.018,0.0,2.952,0.0
frettla01w,1,0,LAS,25,0,187,40,24,6,7,6,13,10,14,12,1,0,0,3,0,7,7,0,0,0,0,0,0,0,0,3,2,4,3,0,0,0,0.345,0.462,0.128,0.043,0.086,0.037,0.032,1.6,0.0
frettla01w,2,0,SAC,30,10,403,128,55,18,10,6,32,30,49,30,0,0,0,5,0,18,4,2,0,2,1,0,0,1,2,8,1,2,2,0,0,0,0.453,0.562,0.136,0.057,0.079,0.025,0.015,4.267,0.0
frettla01w,3,0,SAC,32,15,648,187,95,23,5,19,27,70,84,14,15,5,2,0,0,0,0,0,0,0,0,0,0,0,0,0,0,0,0,0,0,0,0.481,0.852,0.147,0.046,0.1,0.008,0.029,5.844,0.0
frettla01w,4,0,SAC,24,4,150,36,23,12,2,3,10,16,17,1,2,1,0,1,0,9,2,0,0,0,0,0,0,1,1,2,1,0,0,1,0,0,0.376,1.2,0.153,0.06,0.093,0.013,0.02,1.5,0.0
frettla01w,5,1,CHA,10,0,71,15,10,4,1,2,10,4,6,3,0,0,0,0,0,0,0,0,0,0,0,0,0,0,0,0,0,0,0,0,0,0,0.48,0.4,0.141,0.042,0.099,0.014,0.028,1.5,0.0
frettla01w,5,2,NYL,16,2,276,102,40,14,9,5,14,25,41,20,0,0,0,5,0,116,44,5,12,17,6,4,3,7,12,48,20,4,4,1,0,0,0.517,1.0,0.145,0.051,0.094,0.033,0.018,6.375,0.0
frettla01w,6,0,NYL,33,1,361,98,38,18,12,4,18,52,42,14,0,0,0,2,1,47,15,2,2,4,1,0,0,2,7,12,5,6,5,0,0,0,0.509,1.0,0.105,0.042,0.064,0.033,0.011,2.97,0.0
friertr01w,5,0,SEA,5,0,22,7,5,0,0,0,1,7,2,3,1,0,0,0,0,0,0,0,0,0,0,0,0,0,0,0,0,0,0,0,0,0,0.339,0.0,0.227,0.136,0.091,0.0,0.0,1.4,0.0
frohlli01w,3,0,NYL,16,0,67,6,13,1,2,0,4,11,1,4,4,0,0,3,0,20,1,0,5,5,2,1,0,3,2,3,0,2,1,0,0,0,0.255,0.25,0.194,0.045,0.149,0.03,0.0,0.375,0.0
frohlli01w,4,0,NYL,26,0,214,83,36,15,6,8,14,26,31,14,13,7,0,0,0,0,0,0,0,0,0,0,0,0,0,0,0,0,0,0,0,0,0.508,1.071,0.168,0.051,0.117,0.028,0.037,3.192,0.0
frohlli01w,7,0,IND,20,0,169,66,35,9,5,0,13,27,26,6,22,8,0,0,0,0,0,0,0,0,0,0,0,0,0,0,0,0,0,0,0,0,0.461,0.692,0.207,0.083,0.124,0.03,0.0,3.3,0.0
frohlli01w,8,0,SAC,10,0,51,14,9,2,1,1,12,10,4,4,3,2,0,1,0,8,3,0,1,1,0,1,0,1,3,3,1,2,1,0,0,0,0.474,0.167,0.176,0.039,0.137,0.02,0.02,1.4,0.0
futreca01w,5,0,CON,20,0,144,42,19,10,5,1,7,20,11,13,17,7,0,2,0,3,2,0,0,0,0,0,0,0,0,1,1,0,0,0,0,0,0.466,1.429,0.132,0.049,0.083,0.035,0.007,2.1,0.0
gaithka01w,1,2,IND,6,0,24,6,3,1,0,1,1,2,3,0,0,0,0,0,0,0,0,0,0,0,0,0,0,0,0,0,0,0,0,0,0,0,0.375,1.0,0.125,0.042,0.083,0.0,0.042,1.0,0.0
gaithka01w,1,1,UTA,9,0,54,14,17,4,4,0,4,8,2,10,0,0,0,0,0,0,0,0,0,0,0,0,0,0,0,0,0,0,0,0,0,0,0.614,1.0,0.315,0.13,0.185,0.074,0.0,1.556,0.0
gaithka01w,3,1,LAS,1,0,5,0,1,1,0,0,1,2,0,0,0,0,0,0,0,0,0,0,0,0,0,0,0,0,0,0,0,0,0,0,0,0,0.0,1.0,0.2,0.0,0.2,0.0,0.0,0.0,0.0
gaithka01w,3,2,WAS,1,0,1,0,0,0,0,0,0,1,0,0,0,0,0,0,0,0,0,0,0,0,0,0,0,0,0,0,0,0,0,0,0,0,,,0.0,0.0,0.0,0.0,0.0,0.0,0.0
garcibe01w,3,0,DET,8,0,64,8,4,9,3,0,11,8,2,2,6,2,0,0,0,0,0,0,0,0,0,0,0,0,0,0,0,0,0,0,0,0,0.313,0.818,0.062,0.0,0.062,0.047,0.0,1.0,0.0
gardike01w,9,0,CON,34,15,540,137,111,41,29,7,45,56,47,22,56,21,0,3,3,57,11,4,3,7,3,5,1,1,6,10,4,4,2,3,1,0,0.454,0.911,0.206,0.07,0.135,0.054,0.013,4.029,0.0
gardike01w,10,0,CON,33,23,596,180,143,39,25,24,38,57,58,54,39,10,0,0,0,0,0,0,0,0,0,0,0,0,0,0,0,0,0,0,0,0,0.454,1.026,0.24,0.091,0.149,0.042,0.04,5.455,0.0
gardnan01w,3,0,UTA,30,2,198,57,61,5,3,3,13,35,18,21,0,0,0,3,0,14,5,1,3,4,0,0,1,1,5,3,2,2,1,0,0,0,0.434,0.385,0.308,0.146,0.162,0.015,0.015,1.9,0.0
gardnan01w,9,0,WAS,22,0,178,57,50,6,3,0,11,26,22,13,0,0,0,0,0,0,0,0,0,0,0,0,0,0,0,0,0,0,0,0,0,0,0.416,0.545,0.281,0.129,0.152,0.017,0.0,2.591,0.0
garnean01w,1,0,SEA,32,19,560,101,98,25,27,10,43,44,38,24,2,1,0,0,0,0,0,0,0,0,0,0,0,0,0,0,0,0,0,0,0,0,0.381,0.581,0.175,0.077,0.098,0.048,0.018,3.156,0.0
gaydeco01w,1,0,ORL,3,0,7,2,0,1,0,0,0,0,1,0,1,0,0,0,0,0,0,0,0,0,0,0,0,0,0,0,0,0,0,0,0,0,0.5,0.0,0.0,0.0,0.0,0.0,0.0,0.667,0.0
gearlka01w,8,0,SEA,33,0,437,132,53,24,12,6,20,22,44,22,64,22,0,2,0,23,3,1,2,3,3,1,0,1,2,2,1,0,0,1,1,0,0.528,1.2,0.121,0.037,0.085,0.027,0.014,4.0,0.0
gearlka01w,9,0,SEA,34,3,468,171,44,21,11,3,15,28,59,17,92,36,0,3,0,21,6,1,0,1,2,3,0,0,3,6,2,2,1,4,1,0,0.509,1.4,0.094,0.011,0.083,0.024,0.006,5.029,0.0
gearlka01w,10,0,SEA,20,0,243,82,26,11,6,3,12,14,29,3,52,21,0,0,0,0,0,0,0,0,0,0,0,0,0,0,0,0,0,0,0,0,0.541,0.917,0.107,0.016,0.091,0.025,0.012,4.1,0.0
gibsoke01w,1,0,HOU,17,0,76,24,12,2,1,0,4,11,7,7,7,3,0,1,0,3,0,0,0,0,0,0,0,0,0,1,0,0,0,0,0,0,0.533,0.5,0.158,0.053,0.105,0.013,0.0,1.412,0.0
gibsoke01w,2,0,HOU,28,6,288,44,29,13,8,6,15,20,13,15,21,3,0,2,2,23,7,0,3,3,0,1,0,2,1,7,3,0,0,3,1,0,0.33,0.867,0.101,0.021,0.08,0.028,0.021,1.571,0.0
gibsoke01w,3,0,HOU,29,2,276,60,20,14,8,7,21,21,21,4,36,14,0,2,0,22,10,3,1,4,0,0,0,1,3,8,4,0,0,3,2,0,0.52,0.667,0.072,0.011,0.062,0.029,0.025,2.069,0.0
gibsoke01w,4,0,HOU,26,0,209,38,16,8,1,5,9,14,14,0,24,10,0,2,0,18,4,0,1,1,0,0,0,0,1,5,2,0,0,2,0,0,0.452,0.889,0.077,0.019,0.057,0.005,0.024,1.462,0.0
gilloje01w,1,0,PHO,30,30,826,376,116,45,21,29,59,91,139,79,69,19,1,2,2,64,26,1,3,4,2,1,5,4,10,20,10,10,5,5,1,0,0.518,0.763,0.14,0.038,0.103,0.025,0.035,12.533,0.0
gilloje01w,2,0,PHO,32,32,858,395,127,35,31,19,71,91,150,71,70,24,1,0,0,0,0,0,0,0,0,0,0,0,0,0,0,0,0,0,0,0,0.497,0.493,0.148,0.042,0.106,0.036,0.022,12.344,0.0
gilloje01w,3,0,PHO,31,31,874,473,116,37,29,21,61,90,166,105,93,36,0,0,0,0,0,0,0,0,0,0,0,0,0,0,0,0,0,0,0,0,0.517,0.607,0.133,0.041,0.092,0.033,0.024,15.258,1.0
gilloje01w,4,0,LAS,33,10,397,103,55,21,16,3,9,65,40,16,26,7,1,6,0,22,0,0,1,1,0,1,1,0,5,5,0,0,0,0,0,0,0.485,2.333,0.139,0.045,0.093,0.04,0.008,3.121,0.0
gilmous01w,1,0,IND,4,0,21,2,5,2,0,0,4,6,1,0,1,0,0,0,0,0,0,0,0,0,0,0,0,0,0,0,0,0,0,0,0,0,0.2,0.5,0.238,0.143,0.095,0.0,0.0,0.5,0.0
gisseka01w,9,0,LAS,2,0,14,0,2,0,0,0,1,2,0,0,1,0,0,0,0,0,0,0,0,0,0,0,0,0,0,0,0,0,0,0,0,0,0.0,0.0,0.143,0.143,0.0,0.0,0.0,0.0,0.0
givench01w,9,0,DET,3,0,10,2,0,2,0,0,2,2,0,2,0,0,0,0,0,0,0,0,0,0,0,0,0,0,0,0,0,0,0,0,0,0,0.347,1.0,0.0,0.0,0.0,0.0,0.0,0.667,0.0
gomisem01w,7,0,NYL,2,0,15,3,0,0,1,0,1,3,0,3,2,0,0,0,0,0,0,0,0,0,0,0,0,0,0,0,0,0,0,0,0,0,0.26,0.0,0.0,0.0,0.0,0.067,0.0,1.5,0.0
goodsad01w,1,0,UTA,29,28,929,498,164,69,41,7,81,67,199,92,29,8,0,0,0,0,0,0,0,0,0,0,0,0,0,0,0,0,0,0,0,0,0.525,0.852,0.177,0.074,0.102,0.044,0.008,17.172,0.0
goodsad01w,2,0,UTA,28,25,854,343,152,58,27,0,75,64,138,62,31,5,0,2,2,71,31,6,10,16,3,3,2,4,7,29,13,9,5,4,0,0,0.479,0.773,0.178,0.077,0.101,0.032,0.0,12.25,0.0
goodsad01w,3,0,UTA,32,32,1101,503,181,67,45,6,102,92,189,117,28,8,0,5,5,190,72,9,18,27,8,7,0,21,11,74,29,17,12,7,2,0,0.515,0.657,0.164,0.083,0.082,0.041,0.005,15.719,0.0
goodsad01w,4,0,SAS,33,32,969,371,185,71,24,6,85,96,141,81,36,8,2,0,0,0,0,0,0,0,0,0,0,0,0,0,0,0,0,0,0,0,0.462,0.835,0.191,0.076,0.115,0.025,0.006,11.242,0.0
goodsad01w,5,0,SAS,34,34,1068,372,235,60,28,2,67,77,142,84,16,4,1,0,0,0,0,0,0,0,0,0,0,0,0,0,0,0,0,0,0,0,0.514,0.896,0.22,0.083,0.137,0.026,0.002,10.941,0.0
goodsad01w,6,2,CHA,10,0,215,70,35,6,3,1,18,22,30,9,1,1,1,0,0,0,0,0,0,0,0,0,0,0,0,0,0,0,0,0,0,0,0.451,0.333,0.163,0.079,0.084,0.014,0.005,7.0,0.0
goodsad01w,6,1,HOU,23,0,271,72,36,15,8,0,16,18,29,13,2,1,0,0,0,0,0,0,0,0,0,0,0,0,0,0,0,0,0,0,0,0,0.438,0.938,0.133,0.059,0.074,0.03,0.0,3.13,0.0
goringi01w,8,0,WAS,21,0,156,54,41,3,5,12,4,28,19,16,1,0,0,0,0,0,0,0,0,0,0,0,0,0,0,0,0,0,0,0,0,0,0.498,0.75,0.263,0.103,0.16,0.032,0.077,2.571,0.0
gortmsh01w,3,0,MIN,29,2,369,91,61,21,13,6,25,42,35,7,43,14,0,0,0,0,0,0,0,0,0,0,0,0,0,0,0,0,0,0,0,0,0.451,0.84,0.165,0.043,0.122,0.035,0.016,3.138,0.0
gortmsh01w,4,0,MIN,25,0,200,50,32,14,11,1,20,25,21,3,20,5,0,0,0,0,0,0,0,0,0,0,0,0,0,0,0,0,0,0,0,0,0.493,0.7,0.16,0.045,0.115,0.055,0.005,2.0,0.0
gortmsh01w,5,0,WAS,4,0,24,0,4,2,0,1,2,0,0,0,0,0,0,1,0,2,0,0,0,0,0,0,0,0,0,1,0,0,0,0,0,0,,1.0,0.167,0.0,0.167,0.0,0.042,0.0,0.0
gortmsh01w,7,0,SEA,20,0,265,56,48,17,11,2,25,32,20,14,12,2,0,0,0,0,0,0,0,0,0,0,0,0,0,0,0,0,0,0,0,0,0.445,0.68,0.181,0.034,0.147,0.042,0.008,2.8,0.0
granter01w,8,0,HOU,17,2,211,25,19,37,7,0,11,20,9,7,2,0,0,0,0,0,0,0,0,0,0,0,0,0,0,0,0,0,0,0,0,0,0.456,3.364,0.09,0.033,0.057,0.033,0.0,1.471,0.0
grecomi01w,5,0,SEA,13,0,73,29,10,8,3,0,8,6,10,9,2,0,0,4,0,6,2,0,0,0,1,0,0,1,0,1,1,0,0,0,0,0,0.611,1.0,0.137,0.041,0.096,0.041,0.0,2.231,0.0
greenci01w,7,0,SEA,5,0,24,2,8,0,0,0,0,9,0,2,0,0,0,0,0,0,0,0,0,0,0,0,0,0,0,0,0,0,0,0,0,0,0.114,,0.333,0.083,0.25,0.0,0.0,0.4,0.0
grginve01w,1,0,LAS,18,0,183,49,23,12,3,1,14,17,17,14,17,1,0,3,0,7,2,0,3,3,1,1,0,2,0,2,1,2,0,1,0,0,0.34,0.857,0.126,0.049,0.077,0.016,0.005,2.722,0.0
grginve01w,2,0,LAS,24,7,223,71,35,12,4,1,15,21,28,9,19,6,0,4,0,7,4,0,1,1,0,0,0,0,0,3,1,2,2,1,0,0,0.499,0.8,0.157,0.058,0.099,0.018,0.004,2.958,0.0
grginve01w,3,0,LAS,12,0,79,31,8,1,1,0,8,11,12,2,12,5,0,1,0,5,0,0,0,0,2,0,0,0,0,1,0,0,0,0,0,0,0.48,0.125,0.101,0.038,0.063,0.013,0.0,2.583,0.0
griffyo01w,1,0,SAC,32,32,1026,523,331,47,83,61,82,110,193,137,0,0,1,2,2,78,29,6,18,24,2,1,1,4,4,23,12,8,5,0,0,0,0.586,0.573,0.323,0.144,0.178,0.081,0.059,16.344,0.0
griffyo01w,2,0,SAC,32,31,1077,518,357,54,63,37,75,114,192,134,0,0,1,5,5,181,106,18,26,44,7,8,6,11,18,67,32,55,42,0,0,0,0.576,0.72,0.331,0.15,0.181,0.058,0.034,16.188,0.0
griffyo01w,3,0,SAC,17,17,577,288,148,19,16,13,45,70,93,102,0,0,0,0,0,0,0,0,0,0,0,0,0,0,0,0,0,0,0,0,0,0,0.613,0.422,0.256,0.114,0.142,0.028,0.023,16.941,0.0
griffyo01w,4,0,SAC,34,34,1015,469,248,46,57,39,75,125,161,147,2,0,3,6,6,200,103,19,34,53,7,7,6,12,16,67,36,34,31,0,0,0,0.564,0.613,0.244,0.091,0.154,0.056,0.038,13.794,0.0
griffyo01w,5,0,SAC,34,34,1031,494,246,42,75,41,59,99,177,140,1,0,2,6,6,204,82,20,29,49,8,12,6,12,15,63,31,24,20,0,0,0,0.584,0.712,0.239,0.118,0.12,0.073,0.04,14.529,0.0
griffyo01w,6,0,SAC,34,33,962,469,223,52,42,31,68,98,173,123,0,0,0,8,8,246,138,27,39,66,11,10,4,10,20,108,53,45,32,0,0,0,0.541,0.765,0.232,0.09,0.141,0.044,0.032,13.794,1.0
griffyo01w,7,0,SAC,34,34,854,407,219,56,44,16,66,74,134,139,1,0,0,9,9,237,133,28,36,64,16,10,5,10,23,97,47,51,39,0,0,0,0.544,0.848,0.256,0.102,0.155,0.052,0.019,11.971,1.0
griffyo01w,8,0,SAC,32,32,738,289,147,47,33,12,65,97,107,75,0,0,1,3,3,71,26,8,10,18,1,2,1,7,6,22,9,9,8,0,0,0,0.549,0.723,0.199,0.085,0.114,0.045,0.016,9.031,0.0
griffyo01w,9,0,SEA,30,30,658,217,189,45,43,17,51,110,67,83,0,0,1,3,3,87,13,6,13,19,5,9,4,5,16,14,3,8,7,0,0,0,0.539,0.882,0.287,0.117,0.17,0.065,0.026,7.233,0.0
griffyo01w,10,0,IND,3,0,41,19,7,0,0,2,3,6,6,7,0,0,0,0,0,0,0,0,0,0,0,0,0,0,0,0,0,0,0,0,0,0,0.595,0.0,0.171,0.098,0.073,0.0,0.049,6.333,0.0
groomla01w,1,0,SAC,30,3,401,124,44,13,10,3,21,27,39,46,1,0,0,2,0,23,3,2,0,2,0,0,0,1,3,2,1,1,1,0,0,0,0.54,0.619,0.11,0.067,0.042,0.025,0.007,4.133,0.0
groomla01w,2,0,SAC,31,0,543,141,78,38,15,10,25,43,49,43,0,0,0,5,0,31,9,1,3,4,1,0,0,3,3,7,2,6,5,0,0,0,0.505,1.52,0.144,0.059,0.085,0.028,0.018,4.548,0.0
groomla01w,3,0,SAC,32,26,850,227,99,39,21,8,46,69,78,71,1,0,0,0,0,0,0,0,0,0,0,0,0,0,0,0,0,0,0,0,0,0,0.522,0.848,0.116,0.045,0.072,0.025,0.009,7.094,0.0
groomla01w,4,0,SAC,34,9,470,111,46,29,17,5,21,27,45,21,1,0,0,6,0,65,15,2,3,5,3,1,0,1,3,12,7,2,1,0,0,0,0.45,1.381,0.098,0.032,0.066,0.036,0.011,3.265,0.0
groomla01w,5,0,SAC,28,0,235,49,18,11,7,2,2,14,19,11,0,0,0,1,0,3,0,0,0,0,0,0,0,0,0,1,0,0,0,0,0,0,0.344,5.5,0.077,0.043,0.034,0.03,0.009,1.75,0.0
grubigo01w,1,0,IND,29,20,720,239,76,63,31,0,60,47,90,31,91,28,0,0,0,0,0,0,0,0,0,0,0,0,0,0,0,0,0,0,0,0,0.466,1.05,0.106,0.028,0.078,0.043,0.0,8.241,0.0
grubigo01w,2,0,IND,27,9,481,170,49,33,7,0,34,30,62,29,58,17,0,0,0,0,0,0,0,0,0,0,0,0,0,0,0,0,0,0,0,0,0.462,0.971,0.102,0.037,0.064,0.015,0.0,6.296,0.0
grubigo01w,3,0,PHO,32,31,859,317,64,104,36,3,58,59,114,60,92,29,0,0,0,0,0,0,0,0,0,0,0,0,0,0,0,0,0,0,0,0,0.478,1.793,0.075,0.019,0.056,0.042,0.003,9.906,0.0
grubigo01w,5,0,HOU,5,0,24,2,1,0,0,0,3,2,0,2,0,0,0,0,0,0,0,0,0,0,0,0,0,0,0,0,0,0,0,0,0,0,0.258,0.0,0.042,0.0,0.042,0.0,0.0,0.4,0.0
grubigo01w,6,0,LAS,9,0,41,1,6,5,1,0,2,4,0,1,2,0,0,0,0,0,0,0,0,0,0,0,0,0,0,0,0,0,0,0,0,0,0.051,2.5,0.146,0.024,0.122,0.024,0.0,0.111,0.0
grudasa01w,9,0,CON,31,1,476,193,110,28,19,26,41,56,81,31,0,0,0,3,0,27,8,0,4,4,1,1,0,4,2,7,4,0,0,0,0,0,0.475,0.683,0.231,0.092,0.139,0.04,0.055,6.226,0.0
grudasa01w,10,0,CON,26,25,810,350,165,35,23,41,68,86,151,48,0,0,2,0,0,0,0,0,0,0,0,0,0,0,0,0,0,0,0,0,0,0,0.485,0.515,0.204,0.081,0.122,0.028,0.051,13.462,0.0
hairska01w,8,0,CON,17,0,148,32,30,6,7,0,9,25,10,9,12,3,0,0,0,0,0,0,0,0,0,0,0,0,0,0,0,0,0,0,0,0,0.346,0.667,0.203,0.095,0.108,0.047,0.0,1.882,0.0
hallam01w,3,0,POR,20,0,104,30,26,1,7,1,12,12,11,8,0,0,0,0,0,0,0,0,0,0,0,0,0,0,0,0,0,0,0,0,0,0,0.483,0.083,0.25,0.077,0.173,0.067,0.01,1.5,0.0
hallvi01w,1,0,CLE,32,10,577,150,92,24,17,8,25,60,59,22,42,10,0,6,1,69,21,5,10,15,4,0,1,2,4,24,10,1,0,5,1,0,0.434,0.96,0.159,0.042,0.118,0.029,0.014,4.688,0.0
hallvi01w,2,1,CLE,14,6,225,65,33,9,1,5,11,22,27,4,22,7,0,0,0,0,0,0,0,0,0,0,0,0,0,0,0,0,0,0,0,0,0.467,0.818,0.147,0.044,0.102,0.004,0.022,4.643,0.0
hallvi01w,2,2,IND,13,0,123,36,16,4,4,0,7,11,14,8,3,0,0,0,0,0,0,0,0,0,0,0,0,0,0,0,0,0,0,0,0,0,0.448,0.571,0.13,0.041,0.089,0.033,0.0,2.769,0.0
hallvi01w,3,0,LAS,3,0,19,7,2,1,1,0,1,2,2,3,1,0,0,0,0,0,0,0,0,0,0,0,0,0,0,0,0,0,0,0,0,0,0.608,1.0,0.105,0.053,0.053,0.053,0.0,2.333,0.0
hammobe01w,1,0,NYL,32,16,835,351,64,58,29,1,62,55,119,61,141,52,0,7,7,206,66,5,5,10,15,9,0,17,10,49,21,19,17,23,7,0,0.622,0.935,0.077,0.023,0.054,0.035,0.001,10.969,0.0
hammobe01w,2,0,NYL,32,0,619,262,52,51,27,1,48,46,90,40,111,42,0,6,0,48,15,0,3,3,2,1,0,3,3,17,6,0,0,10,3,0,0.597,1.062,0.084,0.016,0.068,0.044,0.002,8.188,0.0
hammobe01w,3,0,NYL,32,1,659,256,68,54,25,0,55,49,87,38,114,44,0,8,0,183,79,2,15,17,16,5,0,11,12,54,29,8,7,33,14,0,0.578,0.982,0.103,0.027,0.076,0.038,0.0,8.0,0.0
hammobe01w,4,0,NYL,11,2,257,162,21,18,10,1,27,13,50,39,49,23,0,0,0,0,0,0,0,0,0,0,0,0,0,0,0,0,0,0,0,0,0.771,0.667,0.082,0.004,0.078,0.039,0.004,14.727,0.0
hammobe01w,5,0,NYL,34,34,1130,460,118,150,58,2,118,73,153,97,170,57,0,5,5,178,53,3,10,13,17,6,0,19,12,51,20,5,2,33,11,0,0.568,1.271,0.104,0.015,0.089,0.051,0.002,13.529,0.0
hammobe01w,6,0,NYL,34,34,1180,473,114,146,60,2,107,77,145,118,178,65,0,2,2,76,23,0,7,7,4,0,0,10,8,20,9,3,3,7,2,1,0.601,1.364,0.097,0.017,0.08,0.051,0.002,13.912,0.0
hammobe01w,7,0,NYL,22,20,674,323,66,81,29,3,65,46,107,72,108,37,0,0,0,0,0,0,0,0,0,0,0,0,0,0,0,0,0,0,0,0,0.567,1.246,0.098,0.009,0.089,0.043,0.004,14.682,0.0
hammobe01w,8,0,SAS,28,27,934,527,77,140,23,5,114,51,179,95,183,74,0,5,5,175,104,5,9,14,25,6,1,16,13,92,38,10,8,45,20,1,0.59,1.228,0.082,0.009,0.074,0.025,0.005,18.821,0.0
hammobe01w,9,0,SAS,33,33,1101,582,91,161,43,7,104,60,171,163,220,77,0,9,9,331,163,2,19,21,41,9,5,31,14,107,45,57,51,48,22,0,0.566,1.548,0.083,0.012,0.071,0.039,0.006,17.636,0.0
hammobe01w,10,0,SAS,31,31,1049,604,103,156,49,12,111,54,200,128,206,76,0,3,3,101,55,0,8,8,6,5,0,7,4,41,19,10,9,21,8,0,0.593,1.405,0.098,0.024,0.074,0.047,0.011,19.484,0.0
hamzoro01w,1,0,ORL,15,0,43,7,3,5,5,0,4,4,2,3,3,0,0,0,0,0,0,0,0,0,0,0,0,0,0,0,0,0,0,0,0,0,0.257,1.25,0.07,0.023,0.047,0.116,0.0,0.467,0.0
hardili01w,8,0,MIN,20,20,602,233,87,78,20,6,47,44,86,53,35,8,0,0,0,0,0,0,0,0,0,0,0,0,0,0,0,0,0,0,0,0,0.42,1.66,0.145,0.025,0.12,0.033,0.01,11.65,0.0
hardili01w,9,0,MIN,24,11,591,154,56,76,27,4,55,56,51,50,25,2,2,0,0,0,0,0,0,0,0,0,0,0,0,0,0,0,0,0,0,0,0.451,1.382,0.095,0.015,0.08,0.046,0.007,6.417,0.0
hardili01w,10,0,WAS,34,34,1194,435,135,154,43,13,101,68,163,89,62,20,1,2,2,81,21,1,4,5,8,3,0,10,6,26,10,1,1,3,0,0,0.509,1.525,0.113,0.02,0.093,0.036,0.011,12.794,0.0
harpela01w,9,0,SAC,34,1,560,188,137,12,15,20,48,80,64,60,0,0,0,3,0,42,9,5,4,9,2,2,1,10,11,8,3,6,3,0,0,0,0.521,0.25,0.245,0.121,0.123,0.027,0.036,5.529,0.0
harpela01w,10,0,SAC,33,11,460,150,113,20,13,22,42,65,45,60,0,0,1,0,0,0,0,0,0,0,0,0,0,0,0,0,0,0,0,0,0,0,0.493,0.476,0.246,0.117,0.128,0.028,0.048,4.545,0.0
harrido01w,1,0,IND,8,0,67,8,9,5,2,1,11,16,1,6,0,0,0,0,0,0,0,0,0,0,0,0,0,0,0,0,0,0,0,0,0,0,0.385,0.455,0.134,0.06,0.075,0.03,0.015,1.0,0.0
harrili01w,1,0,PHO,31,20,750,200,121,36,30,4,22,62,81,30,12,8,0,2,2,68,26,4,7,11,10,3,0,3,5,17,12,2,2,2,0,0,0.587,1.636,0.161,0.051,0.111,0.04,0.005,6.452,0.0
harrili01w,2,0,PHO,32,32,915,246,139,52,39,1,49,58,96,51,9,3,0,0,0,0,0,0,0,0,0,0,0,0,0,0,0,0,0,0,0,0,0.494,1.061,0.152,0.043,0.109,0.043,0.001,7.688,0.0
harrili01w,3,0,PHO,32,28,899,262,126,40,31,3,45,62,120,20,6,2,0,0,0,0,0,0,0,0,0,0,0,0,0,0,0,0,0,0,0,0,0.52,0.889,0.14,0.048,0.092,0.034,0.003,8.188,0.0
harrili01w,4,0,PHO,33,33,838,183,118,36,29,6,34,58,74,35,3,0,0,0,0,0,0,0,0,0,0,0,0,0,0,0,0,0,0,0,0,0,0.454,1.059,0.141,0.05,0.091,0.035,0.007,5.545,0.0
harrili01w,6,0,PHO,27,2,297,41,39,10,5,1,12,33,15,11,1,0,0,0,0,0,0,0,0,0,0,0,0,0,0,0,0,0,0,0,0,0,0.51,0.833,0.131,0.044,0.088,0.017,0.003,1.519,0.0
harrokr01w,2,0,MIN,4,1,72,21,4,11,3,0,3,4,7,4,6,3,0,0,0,0,0,0,0,0,0,0,0,0,0,0,0,0,0,0,0,0,0.626,3.667,0.056,0.014,0.042,0.042,0.0,5.25,0.0
harrokr01w,3,0,MIN,27,6,481,96,46,54,12,0,28,24,37,4,54,18,0,0,0,0,0,0,0,0,0,0,0,0,0,0,0,0,0,0,0,0,0.483,1.929,0.096,0.019,0.077,0.025,0.0,3.556,0.0
harrokr01w,4,0,MIN,31,0,499,88,39,72,18,3,39,15,32,8,43,16,0,3,0,65,11,1,6,7,5,1,0,3,6,11,4,2,1,7,2,0,0.475,1.846,0.078,0.018,0.06,0.036,0.006,2.839,0.0
harrokr01w,6,0,MIN,34,34,832,156,82,96,38,1,54,37,53,28,68,22,0,0,0,0,0,0,0,0,0,0,0,0,0,0,0,0,0,0,0,0,0.468,1.778,0.099,0.013,0.085,0.046,0.001,4.588,0.0
harrokr01w,10,0,LAS,31,26,520,97,57,69,16,0,27,32,40,9,39,8,0,5,2,59,13,0,1,1,11,2,0,4,1,12,6,0,0,3,1,0,0.419,2.556,0.11,0.033,0.077,0.031,0.0,3.129,0.0
haydeva01w,5,0,MIN,29,1,350,153,84,7,7,29,34,65,66,21,0,0,0,2,0,16,4,0,2,2,0,0,1,3,2,7,2,0,0,0,0,0,0.435,0.206,0.24,0.066,0.174,0.02,0.083,5.276,0.0
haydeva01w,6,0,MIN,31,25,595,246,163,23,15,68,63,110,103,40,0,0,2,0,0,0,0,0,0,0,0,0,0,0,0,0,0,0,0,0,0,0,0.456,0.365,0.274,0.081,0.193,0.025,0.114,7.935,0.0
haydeva01w,7,0,MIN,33,3,424,177,115,19,6,44,44,118,68,41,0,0,2,0,0,0,0,0,0,0,0,0,0,0,0,0,0,0,0,0,0,0,0.447,0.432,0.271,0.097,0.175,0.014,0.104,5.364,0.0
haydeva01w,9,0,MIN,30,0,304,157,105,12,14,14,26,82,65,27,0,0,2,0,0,0,0,0,0,0,0,0,0,0,0,0,0,0,0,0,0,0,0.475,0.462,0.345,0.138,0.207,0.046,0.046,5.233,0.0
haydeva01w,10,0,LAS,25,1,269,94,67,6,4,22,19,49,39,16,0,0,0,1,0,2,0,0,0,0,0,0,0,0,0,0,0,0,0,0,0,0,0.443,0.316,0.249,0.1,0.149,0.015,0.082,3.76,0.0
haynikr01w,6,0,SAC,30,0,434,104,62,43,33,1,35,41,40,19,32,5,0,8,0,103,18,4,10,14,8,8,0,4,8,19,7,6,4,1,0,0,0.409,1.229,0.143,0.044,0.099,0.076,0.002,3.467,0.0
haynikr01w,7,0,SAC,34,0,476,140,67,68,27,2,46,50,55,21,30,9,0,9,0,126,52,3,14,17,18,8,0,9,15,45,21,5,5,17,5,0,0.432,1.478,0.141,0.042,0.099,0.057,0.004,4.118,0.0
haynikr01w,8,0,SAC,34,2,545,126,37,70,18,6,68,43,48,8,45,22,0,3,0,50,17,1,4,5,6,1,1,4,3,12,6,2,2,5,3,0,0.449,1.029,0.068,0.015,0.053,0.033,0.011,3.706,0.0
haynikr01w,9,0,ATL,33,3,486,94,56,82,30,4,47,41,30,24,32,10,0,0,0,0,0,0,0,0,0,0,0,0,0,0,0,0,0,0,0,0,0.431,1.745,0.115,0.031,0.084,0.062,0.008,2.848,0.0
haynikr01w,10,1,DET,20,2,161,44,25,11,14,0,10,14,17,7,13,3,0,0,0,0,0,0,0,0,0,0,0,0,0,0,0,0,0,0,0,0,0.5,1.1,0.155,0.031,0.124,0.087,0.0,2.2,0.0
haynikr01w,10,2,SAC,9,1,156,47,15,18,13,1,15,13,16,10,15,5,0,0,0,0,0,0,0,0,0,0,0,0,0,0,0,0,0,0,0,0,0.441,1.2,0.096,0.019,0.077,0.083,0.006,5.222,0.0
headde01w,1,0,PHO,17,1,149,27,18,15,4,0,11,17,8,10,7,1,0,1,0,6,0,2,0,2,1,1,1,1,0,3,0,0,0,1,0,0,0.465,1.364,0.121,0.034,0.087,0.027,0.0,1.588,0.0
hendene01w,2,0,HOU,23,0,179,26,21,22,6,0,16,5,9,2,22,6,0,1,0,1,0,0,0,0,0,0,0,0,0,0,0,0,0,0,0,0,0.316,1.375,0.117,0.028,0.089,0.034,0.0,1.13,0.0
hendetr01w,3,0,CLE,23,0,173,35,34,3,3,7,18,26,16,3,0,0,1,0,0,0,0,0,0,0,0,0,0,0,0,0,0,0,0,0,0,0,0.414,0.167,0.197,0.069,0.127,0.017,0.04,1.522,0.0
hendetr01w,4,0,CLE,11,0,45,2,14,3,1,1,4,6,1,0,0,0,0,1,0,3,2,0,1,1,0,0,0,0,1,1,1,0,0,0,0,0,0.077,0.75,0.311,0.133,0.178,0.022,0.022,0.182,0.0
henniso01w,1,0,SEA,32,32,980,168,86,79,61,3,54,73,53,37,66,25,1,0,0,0,0,0,0,0,0,0,0,0,0,0,0,0,0,0,0,0,0.472,1.463,0.088,0.022,0.065,0.062,0.003,5.25,0.0
henniso01w,2,0,SEA,32,28,902,108,71,93,52,6,43,62,41,18,44,8,2,0,0,0,0,0,0,0,0,0,0,0,0,0,0,0,0,0,0,0,0.374,2.163,0.079,0.016,0.063,0.058,0.007,3.375,0.0
henniso01w,3,2,HOU,23,10,521,44,58,51,23,6,36,42,18,5,12,3,0,3,3,48,0,1,3,4,4,1,0,2,2,9,0,0,0,2,0,0,0.387,1.417,0.111,0.019,0.092,0.044,0.012,1.913,0.0
henniso01w,3,1,SEA,8,5,207,18,26,15,9,1,7,15,8,2,4,0,0,0,0,0,0,0,0,0,0,0,0,0,0,0,0,0,0,0,0,0,0.379,2.143,0.126,0.039,0.087,0.043,0.005,2.25,0.0
henniso01w,4,2,IND,23,1,290,24,25,29,14,0,13,28,11,2,9,0,0,0,0,0,0,0,0,0,0,0,0,0,0,0,0,0,0,0,0,0,0.264,2.231,0.086,0.007,0.079,0.048,0.0,1.043,0.0
henniso01w,4,1,WAS,1,0,5,0,0,0,1,0,0,0,0,0,0,0,0,0,0,0,0,0,0,0,0,0,0,0,0,0,0,0,0,0,0,0,0.0,,0.0,0.0,0.0,0.2,0.0,0.0,0.0
herriam01w,1,0,UTA,25,0,341,91,59,20,7,5,29,41,36,19,1,0,1,0,0,0,0,0,0,0,0,0,0,0,0,0,0,0,0,0,0,0,0.513,0.69,0.173,0.076,0.097,0.021,0.015,3.64,0.0
herriam01w,2,0,UTA,32,1,448,121,81,14,8,14,35,47,43,35,0,0,0,2,0,21,2,1,1,2,1,0,1,1,4,5,1,0,0,0,0,0,0.534,0.4,0.181,0.051,0.129,0.018,0.031,3.781,0.0
herriam01w,3,0,UTA,28,3,269,68,57,4,9,14,21,35,23,22,0,0,0,2,0,9,2,1,1,2,0,0,1,1,1,1,1,0,0,0,0,0,0.514,0.19,0.212,0.056,0.156,0.033,0.052,2.429,0.0
hibbeka01w,1,0,SEA,20,6,240,53,30,18,7,1,17,22,19,7,31,8,0,0,0,0,0,0,0,0,0,0,0,0,0,0,0,0,0,0,0,0,0.421,1.059,0.125,0.033,0.092,0.029,0.004,2.65,0.0
hicksje01w,1,0,ORL,26,1,157,38,26,4,2,7,17,33,10,18,0,0,0,0,0,0,0,0,0,0,0,0,0,0,0,0,0,0,0,0,0,0,0.531,0.235,0.166,0.083,0.083,0.013,0.045,1.462,0.0
hicksje01w,2,0,ORL,32,5,456,169,92,22,23,17,53,85,63,43,0,0,0,0,0,0,0,0,0,0,0,0,0,0,0,0,0,0,0,0,0,0,0.442,0.415,0.202,0.083,0.118,0.05,0.037,5.281,0.0
hicksje01w,3,0,ORL,31,6,471,190,102,23,19,25,51,77,73,44,0,0,1,0,0,0,0,0,0,0,0,0,0,0,0,0,0,0,0,0,0,0,0.526,0.451,0.217,0.127,0.089,0.04,0.053,6.129,0.0
hicksje01w,4,0,CON,27,0,253,98,48,6,11,9,26,47,37,24,0,0,0,4,0,27,10,3,3,6,1,0,1,2,5,8,5,0,0,0,0,0,0.538,0.231,0.19,0.091,0.099,0.043,0.036,3.63,0.0
hicksje01w,5,0,SAS,27,10,371,127,57,18,17,13,34,57,52,23,0,0,1,0,0,0,0,0,0,0,0,0,0,0,0,0,0,0,0,0,0,0,0.497,0.529,0.154,0.062,0.092,0.046,0.035,4.704,0.0
hillec01w,1,0,CHA,26,0,213,39,23,14,5,1,25,33,16,2,22,5,0,0,0,0,0,0,0,0,0,0,0,0,0,0,0,0,0,0,0,0,0.335,0.56,0.108,0.038,0.07,0.023,0.005,1.5,0.0
hillec01w,2,0,PHO,3,0,8,0,0,1,1,0,0,2,0,0,1,0,0,0,0,0,0,0,0,0,0,0,0,0,0,0,0,0,0,0,0,0,0.0,0.0,0.0,0.0,0.0,0.125,0.0,0.0,0.0
hledeko01w,1,0,UTA,31,31,867,312,93,92,38,4,76,84,118,51,58,25,1,0,0,0,0,0,0,0,0,0,0,0,0,0,0,0,0,0,0,0,0.536,1.211,0.107,0.029,0.078,0.044,0.005,10.065,0.0
hledeko01w,2,0,UTA,27,10,455,151,40,43,25,1,42,56,55,33,23,8,0,2,0,17,4,1,2,3,1,1,0,3,1,5,2,0,0,2,0,0,0.479,1.024,0.088,0.033,0.055,0.055,0.002,5.593,0.0
hledeko01w,3,0,NYL,16,0,129,26,16,12,6,2,21,24,11,4,1,0,0,2,0,12,3,2,1,3,1,1,0,2,1,1,0,4,3,0,0,0,0.434,0.571,0.124,0.031,0.093,0.047,0.016,1.625,0.0
hodgedo01w,5,0,LAS,24,3,245,43,22,16,10,2,17,9,16,7,17,4,0,3,0,29,5,0,4,4,4,1,0,3,0,5,2,0,0,1,1,0,0.381,0.941,0.09,0.012,0.078,0.041,0.008,1.792,0.0
hodgedo01w,6,0,LAS,32,11,669,178,47,77,18,7,48,35,65,17,69,31,0,2,0,13,3,0,1,1,2,1,0,2,0,2,1,0,0,2,1,0,0.53,1.604,0.07,0.012,0.058,0.027,0.01,5.562,0.0
hodgedo01w,7,0,LAS,34,3,456,131,42,66,14,4,43,26,46,21,61,18,0,5,0,40,9,3,2,5,6,1,0,3,3,13,4,0,0,5,1,0,0.425,1.535,0.092,0.02,0.072,0.031,0.009,3.853,0.0
hodgedo01w,8,0,SEA,6,0,33,10,2,6,1,0,5,2,4,2,3,0,0,0,0,0,0,0,0,0,0,0,0,0,0,0,0,0,0,0,0,0,0.36,1.2,0.061,0.0,0.061,0.03,0.0,1.667,0.0
hodgedo01w,9,0,IND,8,0,56,16,6,2,3,1,6,2,7,0,7,2,0,2,0,25,8,0,2,2,3,0,0,3,3,8,3,0,0,5,2,0,0.4,0.333,0.107,0.036,0.071,0.054,0.018,2.0,0.0
hodgero01w,6,0,HOU,26,0,188,33,17,7,3,0,3,8,13,2,26,5,0,2,0,2,0,0,0,0,0,1,0,1,0,0,0,0,0,0,0,0,0.345,2.333,0.09,0.048,0.043,0.016,0.0,1.269,0.0
hodgero01w,7,0,HOU,33,8,698,247,65,32,16,4,36,40,87,29,120,44,0,2,0,35,14,3,0,3,1,0,0,0,1,17,5,4,2,8,2,0,0.527,0.889,0.093,0.016,0.077,0.023,0.006,7.485,0.0
hodgero01w,8,0,HOU,29,4,331,102,30,27,13,0,20,21,31,20,67,20,0,0,0,0,0,0,0,0,0,0,0,0,0,0,0,0,0,0,0,0,0.423,1.35,0.091,0.024,0.066,0.039,0.0,3.517,0.0
hodgero01w,9,0,HOU,15,6,274,110,30,19,5,2,10,11,41,2,71,26,0,0,0,0,0,0,0,0,0,0,0,0,0,0,0,0,0,0,0,0,0.556,1.9,0.109,0.018,0.091,0.018,0.007,7.333,0.0
hodgero01w,10,0,MIN,33,27,902,328,99,64,21,15,36,54,115,30,171,68,0,0,0,0,0,0,0,0,0,0,0,0,0,0,0,0,0,0,0,0,0.565,1.778,0.11,0.022,0.088,0.023,0.017,9.939,0.0
hoffmeb01w,5,0,IND,30,13,334,60,87,21,15,5,27,51,26,3,17,5,1,0,0,0,0,0,0,0,0,0,0,0,0,0,0,0,0,0,0,0,0.354,0.778,0.26,0.102,0.159,0.045,0.015,2.0,0.0
hoffmeb01w,6,0,IND,33,0,497,120,97,16,21,10,23,59,47,25,2,1,0,0,0,0,0,0,0,0,0,0,0,0,0,0,0,0,0,0,0,0,0.464,0.696,0.195,0.068,0.127,0.042,0.02,3.636,0.0
hoffmeb01w,7,0,IND,34,33,851,218,193,46,37,16,73,104,82,54,8,0,1,2,2,52,12,2,4,6,1,3,4,3,10,9,6,5,0,0,0,1,0.456,0.63,0.227,0.086,0.141,0.043,0.019,6.412,0.0
hoffmeb01w,8,0,IND,34,10,582,144,137,26,21,18,41,69,57,28,5,2,0,4,0,42,10,3,6,9,1,0,1,2,3,12,5,0,0,2,0,0,0.504,0.634,0.235,0.069,0.167,0.036,0.031,4.235,0.0
hoffmeb01w,9,0,IND,33,33,1013,342,258,61,47,26,79,121,141,34,57,26,3,3,3,102,34,4,21,25,5,6,2,3,11,33,14,3,2,11,4,0,0.533,0.772,0.255,0.093,0.162,0.046,0.026,10.364,1.0
hoffmeb01w,10,0,IND,34,34,1005,338,199,52,57,12,82,106,122,69,72,25,3,10,10,295,119,11,37,48,8,11,5,18,38,85,47,22,19,15,6,0,0.487,0.634,0.198,0.056,0.142,0.057,0.012,9.941,0.0
holdsch01w,1,0,WAS,32,32,1131,561,240,80,47,18,93,74,232,87,39,10,0,2,2,75,30,3,8,11,1,3,1,6,2,29,13,4,4,1,0,0,0.505,0.86,0.212,0.05,0.162,0.042,0.016,17.531,0.0
holdsch01w,2,0,WAS,29,29,975,486,256,66,44,14,94,49,187,101,46,11,0,0,0,0,0,0,0,0,0,0,0,0,0,0,0,0,0,0,0,0,0.457,0.702,0.263,0.074,0.189,0.045,0.014,16.759,0.0
holdsch01w,3,0,WAS,20,20,634,397,232,45,20,6,45,50,149,88,28,11,0,5,5,173,94,10,33,43,16,10,3,10,14,78,35,30,22,11,2,0,0.527,1.0,0.366,0.085,0.281,0.032,0.009,19.85,0.0
holdsch01w,4,0,WAS,27,27,948,554,294,89,34,15,72,74,204,140,35,6,0,0,0,0,0,0,0,0,0,0,0,0,0,0,0,0,0,0,0,0,0.505,1.236,0.31,0.076,0.234,0.036,0.016,20.519,0.0
holdsch01w,5,0,WAS,23,22,801,437,191,56,39,18,57,67,162,106,17,7,0,0,0,0,0,0,0,0,0,0,0,0,0,0,0,0,0,0,0,0,0.474,0.982,0.238,0.064,0.175,0.049,0.022,19.0,0.0
holdsch01w,6,0,LAS,33,33,1183,561,223,104,38,16,99,94,216,126,13,3,2,2,2,78,31,3,7,10,2,4,0,6,6,27,14,5,2,1,1,0,0.539,1.051,0.189,0.073,0.116,0.032,0.014,17.0,0.0
holdsch01w,7,0,LAS,25,0,739,375,152,56,34,9,57,58,148,76,15,3,0,3,1,45,13,4,7,11,4,1,2,3,3,18,6,0,0,2,1,0,0.531,0.982,0.206,0.077,0.129,0.046,0.012,15.0,1.0
holdsch01w,8,0,LAS,5,5,150,79,28,15,6,3,26,14,31,15,3,2,0,0,0,0,0,0,0,0,0,0,0,0,0,0,0,0,0,0,0,0,0.557,0.577,0.187,0.06,0.127,0.04,0.02,15.8,0.0
holdsch01w,10,0,ATL,25,25,708,348,109,56,34,7,74,60,132,78,30,6,0,1,0,13,3,2,1,3,0,0,0,3,2,4,1,1,1,1,0,0,0.483,0.757,0.154,0.041,0.113,0.048,0.01,13.92,0.0
hollake01w,1,0,SAC,32,32,934,312,70,81,43,5,74,63,111,46,122,44,1,2,2,60,19,3,5,8,6,3,0,1,3,16,7,2,2,9,3,0,0.553,1.095,0.075,0.03,0.045,0.046,0.005,9.75,0.0
hollake01w,2,0,SAC,32,32,874,322,75,69,56,5,66,62,111,41,150,59,0,5,5,160,69,2,16,18,7,8,2,7,10,48,21,16,14,27,13,0,0.58,1.045,0.086,0.038,0.048,0.064,0.006,10.062,0.0
hollake01w,3,0,SAC,32,32,902,296,90,63,41,5,81,74,102,54,157,38,1,0,0,0,0,0,0,0,0,0,0,0,0,0,0,0,0,0,0,0,0.448,0.778,0.1,0.031,0.069,0.045,0.006,9.25,0.0
hollake01w,4,0,DET,34,2,694,312,57,63,36,3,59,26,107,48,124,50,0,8,0,155,65,2,10,12,15,10,0,12,7,53,21,10,8,32,15,0,0.601,1.068,0.082,0.017,0.065,0.052,0.004,9.176,0.0
hollake01w,5,0,HOU,27,21,703,177,66,53,40,3,47,51,59,28,97,31,0,0,0,0,0,0,0,0,0,0,0,0,0,0,0,0,0,0,0,0,0.5,1.128,0.094,0.027,0.067,0.057,0.004,6.556,0.0
hollake01w,7,0,DET,34,0,397,140,40,43,23,2,40,29,51,10,84,28,0,8,0,33,0,1,2,3,5,1,0,4,5,8,0,0,0,6,0,0,0.47,1.075,0.101,0.03,0.071,0.058,0.005,4.118,0.0
holliqu01w,10,0,MIN,34,1,434,164,110,5,12,8,34,65,50,64,0,0,0,0,0,0,0,0,0,0,0,0,0,0,0,0,0,0,0,0,0,0,0.512,0.147,0.253,0.108,0.145,0.028,0.018,4.824,0.0
holmejo01w,1,0,DET,29,0,271,91,45,14,11,4,16,36,33,21,11,4,0,0,0,0,0,0,0,0,0,0,0,0,0,0,0,0,0,0,0,0,0.547,0.875,0.166,0.063,0.103,0.041,0.015,3.138,0.0
holmese01w,9,0,HOU,17,3,203,52,35,11,8,1,14,19,16,16,17,4,0,0,0,0,0,0,0,0,0,0,0,0,0,0,0,0,0,0,0,0,0.363,0.786,0.172,0.059,0.113,0.039,0.005,3.059,0.0
holtam01w,9,0,CON,34,34,714,222,105,65,15,5,31,67,81,35,76,25,0,3,1,55,11,4,8,12,4,1,0,2,2,16,3,4,4,6,1,0,0.507,2.097,0.147,0.052,0.095,0.021,0.007,6.529,0.0
holtam01w,10,0,CON,23,7,380,137,74,44,9,2,14,39,40,44,50,13,0,0,0,0,0,0,0,0,0,0,0,0,0,0,0,0,0,0,0,0,0.468,3.143,0.195,0.034,0.161,0.024,0.005,5.957,0.0
hopeky01w,1,0,UTA,3,0,4,2,2,0,0,0,1,0,0,2,0,0,0,0,0,0,0,0,0,0,0,0,0,0,0,0,0,0,0,0,0,0,0.532,0.0,0.5,0.0,0.5,0.0,0.0,0.667,0.0
hornbal01w,9,0,DET,34,0,747,184,138,71,79,10,49,97,63,42,45,16,1,9,0,220,57,12,32,44,19,11,7,12,21,42,18,20,15,16,6,0,0.444,1.449,0.185,0.071,0.114,0.106,0.013,5.412,0.0
hornbal01w,10,0,DET,32,21,850,213,158,86,42,9,69,93,81,26,64,25,2,5,5,177,53,8,22,30,20,9,3,16,19,45,22,6,6,9,3,1,0.455,1.246,0.186,0.054,0.132,0.049,0.011,6.656,0.0
houstch01w,9,0,MIN,33,0,581,292,122,28,30,13,55,70,116,60,0,0,0,0,0,0,0,0,0,0,0,0,0,0,0,0,0,0,0,0,0,0,0.537,0.509,0.21,0.046,0.164,0.052,0.022,8.848,0.0
houstch01w,10,0,MIN,34,33,792,445,186,59,43,21,64,107,175,72,69,23,2,0,0,0,0,0,0,0,0,0,0,0,0,0,0,0,0,0,0,0,0.53,0.922,0.235,0.056,0.179,0.054,0.027,13.088,0.0
humphta01w,9,1,DET,22,16,297,160,63,22,13,6,24,59,62,21,39,15,2,0,0,0,0,0,0,0,0,0,0,0,0,0,0,0,0,0,0,0,0.598,0.917,0.212,0.084,0.128,0.044,0.02,7.273,0.0
humphta01w,9,2,WAS,8,7,212,89,49,9,4,2,21,32,34,10,29,11,0,0,0,0,0,0,0,0,0,0,0,0,0,0,0,0,0,0,0,0,0.497,0.429,0.231,0.047,0.184,0.019,0.009,11.125,0.0
humphta01w,10,2,MIN,19,4,340,150,59,8,12,6,14,54,55,21,59,19,0,0,0,0,0,0,0,0,0,0,0,0,0,0,0,0,0,0,0,0,0.502,0.571,0.174,0.026,0.147,0.035,0.018,7.895,0.0
humphta01w,10,1,WAS,9,0,67,20,13,3,1,3,6,15,7,3,12,3,0,0,0,0,0,0,0,0,0,0,0,0,0,0,0,0,0,0,0,0,0.331,0.5,0.194,0.06,0.134,0.015,0.045,2.222,0.0
irvinsa01w,6,0,PHO,12,0,122,44,34,5,5,6,2,20,14,12,8,4,0,0,0,0,0,0,0,0,0,0,0,0,0,0,0,0,0,0,0,0,0.435,2.5,0.279,0.131,0.148,0.041,0.049,3.667,0.0
irvinsa01w,7,0,PHO,7,0,38,7,10,1,2,8,3,5,2,3,3,0,0,0,0,0,0,0,0,0,0,0,0,0,0,0,0,0,0,0,0,0,0.23,0.333,0.263,0.053,0.211,0.053,0.211,1.0,0.0
irvinsa01w,8,0,SAS,23,0,128,27,40,7,3,10,11,20,13,1,4,0,0,3,0,9,2,0,1,1,0,0,1,1,2,1,1,0,0,0,0,0,0.315,0.636,0.312,0.125,0.188,0.023,0.078,1.174,0.0
irvinsa01w,9,0,SAS,21,0,116,26,36,2,3,5,7,19,9,7,4,1,0,3,0,4,2,1,0,1,1,0,1,0,0,3,1,0,0,0,0,0,0.396,0.286,0.31,0.086,0.224,0.026,0.043,1.238,0.0
ivanyda01w,1,0,UTA,27,16,489,93,54,63,25,3,50,67,30,21,43,12,0,0,0,0,0,0,0,0,0,0,0,0,0,0,0,0,0,0,0,0,0.429,1.26,0.11,0.025,0.086,0.051,0.006,3.444,0.0
ivanyda01w,4,0,PHO,4,0,34,6,4,2,0,1,2,4,3,0,2,0,0,0,0,0,0,0,0,0,0,0,0,0,0,0,0,0,0,0,0,0,0.375,1.0,0.118,0.059,0.059,0.0,0.029,1.5,0.0
ivanyda01w,6,0,SAS,30,14,577,75,50,68,26,0,53,48,25,5,45,20,0,0,0,0,0,0,0,0,0,0,0,0,0,0,0,0,0,0,0,0,0.532,1.283,0.087,0.009,0.078,0.045,0.0,2.5,0.0
ivanyda01w,7,0,SAS,31,1,322,42,41,50,12,0,19,38,15,4,37,8,0,0,0,0,0,0,0,0,0,0,0,0,0,0,0,0,0,0,0,0,0.358,2.632,0.127,0.022,0.106,0.037,0.0,1.355,0.0
iveyni01w,2,0,IND,32,26,708,115,55,70,33,5,35,51,38,14,70,25,0,0,0,0,0,0,0,0,0,0,0,0,0,0,0,0,0,0,0,0,0.529,2.0,0.078,0.023,0.055,0.047,0.007,3.594,0.0
iveyni01w,3,0,IND,31,23,439,86,28,39,16,3,22,31,25,17,50,19,0,3,0,9,0,0,1,1,3,1,0,0,2,1,0,0,0,1,0,0,0.536,1.773,0.064,0.014,0.05,0.036,0.007,2.774,0.0
iveyni01w,4,0,IND,27,21,651,135,32,71,29,7,28,40,45,12,84,33,0,0,0,0,0,0,0,0,0,0,0,0,0,0,0,0,0,0,0,0,0.547,2.536,0.049,0.008,0.041,0.045,0.011,5.0,0.0
iveyni01w,5,0,IND,15,1,179,34,10,18,4,3,6,20,11,4,24,8,0,0,0,0,0,0,0,0,0,0,0,0,0,0,0,0,0,0,0,0,0.429,3.0,0.056,0.011,0.045,0.022,0.017,2.267,0.0
iveyni01w,6,1,DET,12,0,102,14,12,10,6,0,5,14,5,1,12,3,0,0,0,0,0,0,0,0,0,0,0,0,0,0,0,0,0,0,0,0,0.299,2.0,0.118,0.049,0.069,0.059,0.0,1.167,0.0
iveyni01w,6,2,PHO,14,0,152,24,10,20,6,0,6,17,8,6,10,2,0,0,0,0,0,0,0,0,0,0,0,0,0,0,0,0,0,0,0,0,0.45,3.333,0.066,0.02,0.046,0.039,0.0,1.714,0.0
jacksde01w,3,0,CLE,18,0,143,55,27,6,2,1,9,11,19,17,3,0,0,0,0,0,0,0,0,0,0,0,0,0,0,0,0,0,0,0,0,0,0.486,0.667,0.189,0.07,0.119,0.014,0.007,3.056,0.0
jacksde01w,4,0,CLE,34,22,763,245,89,51,20,13,33,92,83,50,70,29,1,3,3,60,12,2,10,12,2,2,0,0,7,20,4,6,4,2,0,0,0.535,1.545,0.117,0.048,0.068,0.026,0.017,7.206,0.0
jacksde01w,5,0,IND,34,32,804,236,113,53,29,6,52,82,92,52,12,0,3,0,0,0,0,0,0,0,0,0,0,0,0,0,0,0,0,0,0,0,0.417,1.019,0.141,0.071,0.07,0.036,0.007,6.941,0.0
jacksde01w,6,0,IND,34,0,472,162,77,23,17,12,32,55,56,50,3,0,0,4,0,84,35,4,10,14,2,2,2,1,17,23,10,17,14,1,1,1,0.48,0.719,0.163,0.078,0.085,0.036,0.025,4.765,0.0
jacksde01w,7,0,CHI,22,1,328,132,66,13,9,3,22,38,49,33,3,1,0,0,0,0,0,0,0,0,0,0,0,0,0,0,0,0,0,0,0,0,0.451,0.591,0.201,0.098,0.104,0.027,0.009,6.0,0.0
jacksgw01w,4,0,SAS,33,26,975,289,205,20,15,17,46,85,114,56,30,5,1,0,0,0,0,0,0,0,0,0,0,0,0,0,0,0,0,0,0,0,0.445,0.435,0.21,0.088,0.122,0.015,0.017,8.758,0.0
jacksgw01w,5,2,PHO,14,0,136,56,27,4,3,1,4,11,23,9,5,1,0,0,0,0,0,0,0,0,0,0,0,0,0,0,0,0,0,0,0,0,0.562,1.0,0.199,0.081,0.118,0.022,0.007,4.0,0.0
jacksgw01w,5,1,SAS,19,4,290,61,54,11,3,3,11,23,23,15,1,0,0,0,0,0,0,0,0,0,0,0,0,0,0,0,0,0,0,0,0,0,0.533,1.0,0.186,0.069,0.117,0.01,0.01,3.211,0.0
jacksgw01w,6,0,PHO,11,2,121,31,23,3,0,3,10,12,13,3,4,2,0,0,0,0,0,0,0,0,0,0,0,0,0,0,0,0,0,0,0,0,0.541,0.3,0.19,0.066,0.124,0.0,0.025,2.818,0.0
jacksla01w,2,0,SEA,29,29,1001,442,193,44,54,64,53,97,149,104,129,40,3,0,0,0,0,0,0,0,0,0,0,0,0,0,0,0,0,0,0,0,0.471,0.83,0.193,0.057,0.136,0.054,0.064,15.241,0.0
jacksla01w,3,0,SEA,28,28,882,482,190,41,30,81,47,95,186,68,120,42,1,2,2,68,23,5,5,10,3,3,6,4,9,26,9,7,5,6,0,0,0.48,0.872,0.215,0.075,0.141,0.034,0.092,17.214,0.0
jacksla01w,4,0,SEA,33,33,1109,698,307,62,38,64,69,106,254,151,123,39,1,0,0,0,0,0,0,0,0,0,0,0,0,0,0,0,0,0,0,0,0.575,0.899,0.277,0.074,0.203,0.034,0.058,21.152,1.0
jacksla01w,5,0,SEA,31,31,1070,634,207,51,31,62,67,93,220,142,115,52,0,8,8,287,157,20,40,60,11,8,9,16,23,113,53,39,35,22,16,0,0.59,0.761,0.193,0.06,0.134,0.029,0.058,20.452,0.0
jacksla01w,6,0,SEA,34,34,1176,597,313,57,36,67,59,100,206,151,118,34,2,3,3,102,43,4,20,24,2,4,4,8,11,39,17,6,5,13,4,0,0.564,0.966,0.266,0.082,0.185,0.031,0.057,17.559,0.0
jacksla01w,7,0,SEA,30,30,848,585,230,48,24,51,40,90,193,170,77,29,1,3,3,91,54,4,20,24,2,2,7,5,8,28,15,24,22,7,2,0,0.659,1.2,0.271,0.083,0.189,0.028,0.06,19.5,1.0
jacksla01w,8,0,SEA,31,31,1020,739,300,40,31,63,56,93,258,174,122,49,1,2,2,68,38,4,19,23,1,2,3,5,9,23,13,9,9,10,3,0,0.633,0.714,0.294,0.078,0.216,0.03,0.062,23.839,2.0
jacksla01w,9,0,SEA,21,21,694,425,147,26,31,33,40,67,149,99,95,28,0,0,0,0,0,0,0,0,0,0,0,0,0,0,0,0,0,0,0,0,0.564,0.65,0.212,0.056,0.156,0.045,0.048,20.238,0.0
jacksla01w,10,0,SEA,26,26,843,499,182,22,38,45,43,97,168,114,114,49,2,0,0,0,0,0,0,0,0,0,0,0,0,0,0,0,0,0,0,0,0.586,0.512,0.216,0.057,0.159,0.045,0.053,19.192,0.0
jacksta01w,1,0,HOU,29,1,339,76,61,11,12,9,24,62,35,6,0,0,0,6,0,94,16,9,8,17,0,4,4,2,9,14,8,0,0,0,0,0,0.577,0.458,0.18,0.053,0.127,0.035,0.027,2.621,0.0
jacksta01w,2,0,HOU,32,4,442,104,91,21,22,11,29,53,43,18,0,0,0,1,0,15,4,2,1,3,0,1,1,1,4,3,0,6,4,1,0,0,0.502,0.724,0.206,0.09,0.115,0.05,0.025,3.25,0.0
jacksta01w,3,0,HOU,5,1,69,6,13,1,3,3,6,7,3,0,0,0,0,0,0,0,0,0,0,0,0,0,0,0,0,0,0,0,0,0,0,0,0.338,0.167,0.188,0.101,0.087,0.043,0.043,1.2,0.0
jacksta02w,1,0,DET,17,0,267,116,25,36,22,0,21,30,41,26,32,8,0,0,0,0,0,0,0,0,0,0,0,0,0,0,0,0,0,0,0,0,0.478,1.714,0.094,0.03,0.064,0.082,0.0,6.824,0.0
jacksta02w,2,0,POR,32,1,497,132,44,50,28,0,45,35,55,16,39,6,0,0,0,0,0,0,0,0,0,0,0,0,0,0,0,0,0,0,0,0,0.368,1.111,0.089,0.02,0.068,0.056,0.0,4.125,0.0
jacksta02w,3,0,POR,32,10,692,314,59,95,55,1,64,59,122,46,76,24,0,0,0,0,0,0,0,0,0,0,0,0,0,0,0,0,0,0,0,0,0.491,1.484,0.085,0.029,0.056,0.079,0.001,9.812,0.0
jacksta02w,4,0,PHO,34,34,958,300,82,146,52,4,76,62,124,17,99,35,0,0,0,0,0,0,0,0,0,0,0,0,0,0,0,0,0,0,0,0,0.405,1.921,0.086,0.025,0.061,0.054,0.004,8.824,0.0
jacksta02w,5,0,WAS,25,12,405,135,37,45,20,1,28,21,57,11,25,10,0,3,0,42,17,0,1,1,4,0,0,2,7,13,6,2,2,5,3,0,0.475,1.607,0.091,0.017,0.074,0.049,0.002,5.4,0.0
jacksta02w,6,0,WAS,8,0,66,9,6,10,5,0,4,5,4,0,9,1,0,0,0,0,0,0,0,0,0,0,0,0,0,0,0,0,0,0,0,0,0.167,2.5,0.091,0.015,0.076,0.076,0.0,1.125,0.0
jacksta02w,7,0,PHO,3,2,54,24,4,7,6,1,4,7,10,4,3,0,0,0,0,0,0,0,0,0,0,0,0,0,0,0,0,0,0,0,0,0,0.392,1.75,0.074,0.019,0.056,0.111,0.019,8.0,0.0
jacksti02w,8,0,NYL,34,0,474,173,104,19,23,12,49,66,64,45,0,0,0,3,0,43,23,5,8,13,4,2,1,6,3,17,8,9,7,0,0,0,0.458,0.388,0.219,0.065,0.154,0.049,0.025,5.088,0.0
jacksti02w,9,0,NYL,25,0,496,208,143,26,24,8,48,46,81,46,0,0,0,0,0,0,0,0,0,0,0,0,0,0,0,0,0,0,0,0,0,0,0.55,0.542,0.288,0.095,0.194,0.048,0.016,8.32,0.0
jacksti02w,10,0,NYL,34,9,495,180,116,24,21,13,43,55,67,46,0,0,0,0,0,0,0,0,0,0,0,0,0,0,0,0,0,0,0,0,0,0,0.508,0.558,0.234,0.071,0.164,0.042,0.026,5.294,0.0
jacobam01w,5,0,MIN,32,0,391,101,36,47,13,0,45,36,31,20,60,19,0,2,0,36,8,0,1,1,2,0,0,4,0,5,3,2,1,2,1,0,0.46,1.044,0.092,0.008,0.084,0.033,0.0,3.156,0.0
jacobam01w,6,0,MIN,33,0,478,121,19,68,19,4,46,34,40,21,53,20,0,0,0,0,0,0,0,0,0,0,0,0,0,0,0,0,0,0,0,0,0.518,1.478,0.04,0.008,0.031,0.04,0.008,3.667,0.0
jacobam01w,7,0,MIN,34,34,861,279,90,115,26,2,90,71,96,47,102,40,0,0,0,0,0,0,0,0,0,0,0,0,0,0,0,0,0,0,0,0,0.583,1.278,0.105,0.02,0.085,0.03,0.002,8.206,0.0
jacobam01w,8,0,MIN,29,0,328,93,20,40,9,0,41,31,34,8,65,17,0,0,0,0,0,0,0,0,0,0,0,0,0,0,0,0,0,0,0,0,0.432,0.976,0.061,0.012,0.049,0.027,0.0,3.207,0.0
jacobam01w,9,2,LAS,5,0,61,10,2,6,0,0,8,7,3,2,5,2,0,0,0,0,0,0,0,0,0,0,0,0,0,0,0,0,0,0,0,0,0.421,0.75,0.033,0.016,0.016,0.0,0.0,2.0,0.0
jacobam01w,9,1,WAS,6,3,82,10,7,11,3,0,8,7,3,1,10,3,0,0,0,0,0,0,0,0,0,0,0,0,0,0,0,0,0,0,0,0,0.388,1.375,0.085,0.012,0.073,0.037,0.0,1.667,0.0
jamesta01w,7,0,WAS,21,0,160,57,16,3,4,2,10,13,19,16,12,3,0,0,0,0,0,0,0,0,0,0,0,0,0,0,0,0,0,0,0,0,0.501,0.3,0.1,0.056,0.044,0.025,0.012,2.714,0.0
jamesta01w,8,0,WAS,31,9,401,167,49,34,25,4,28,43,52,45,50,18,0,0,0,0,0,0,0,0,0,0,0,0,0,0,0,0,0,0,0,0,0.531,1.214,0.122,0.037,0.085,0.062,0.01,5.387,0.0
januabr01w,10,0,IND,33,4,683,227,63,77,36,3,57,78,64,74,87,25,1,10,0,228,106,7,17,24,30,4,0,13,23,78,30,40,34,29,12,0,0.493,1.351,0.092,0.034,0.059,0.053,0.004,6.879,0.0
jekaban01w,10,0,CON,27,16,644,255,78,59,9,0,48,61,97,22,99,39,1,0,0,0,0,0,0,0,0,0,0,0,0,0,0,0,0,0,0,0,0.518,1.229,0.121,0.019,0.102,0.014,0.0,9.444,0.0
joensca01w,8,0,CHI,19,0,271,95,33,32,17,1,13,18,31,11,45,22,0,0,0,0,0,0,0,0,0,0,0,0,0,0,0,0,0,0,0,0,0.561,2.462,0.122,0.022,0.1,0.063,0.004,5.0,0.0
joensca01w,9,0,CHI,26,0,272,99,35,14,5,2,23,26,34,7,65,24,0,0,0,0,0,0,0,0,0,0,0,0,0,0,0,0,0,0,0,0,0.524,0.609,0.129,0.018,0.11,0.018,0.007,3.808,0.0
johnsad01w,1,0,ORL,32,31,1100,436,90,54,24,3,56,59,175,34,148,52,1,3,3,111,34,3,1,4,8,1,1,7,7,42,14,4,3,10,3,0,0.532,0.964,0.082,0.027,0.055,0.022,0.003,13.625,0.0
johnsad01w,3,0,ORL,32,2,602,166,46,22,15,2,26,40,68,12,61,18,0,0,0,0,0,0,0,0,0,0,0,0,0,0,0,0,0,0,0,0,0.44,0.846,0.076,0.023,0.053,0.025,0.003,5.188,0.0
johnsad01w,4,0,CON,34,5,584,173,58,18,17,1,21,36,69,18,49,17,0,3,0,43,12,0,4,4,4,1,0,0,2,9,6,0,0,1,0,0,0.421,0.857,0.099,0.039,0.06,0.029,0.002,5.088,0.0
johnsch01w,4,0,LAS,8,0,45,6,6,3,0,1,4,6,1,3,5,1,0,0,0,0,0,0,0,0,0,0,0,0,0,0,0,0,0,0,0,0,0.444,0.75,0.133,0.044,0.089,0.0,0.022,0.75,0.0
johnsja01w,2,0,ORL,17,1,139,35,23,9,4,3,17,21,14,4,7,3,0,0,0,0,0,0,0,0,0,0,0,0,0,0,0,0,0,0,0,0,0.643,0.529,0.165,0.072,0.094,0.029,0.022,2.059,0.0
johnsla01w,1,0,UTA,29,6,481,144,52,26,12,2,34,65,52,28,36,12,0,0,0,0,0,0,0,0,0,0,0,0,0,0,0,0,0,0,0,0,0.487,0.765,0.108,0.029,0.079,0.025,0.004,4.966,0.0
johnsla01w,2,0,UTA,26,0,228,50,19,7,2,1,13,26,17,11,30,5,0,2,0,15,4,0,1,1,0,0,1,3,4,4,1,2,2,3,0,0,0.351,0.538,0.083,0.018,0.066,0.009,0.004,1.923,0.0
johnsla01w,3,0,UTA,28,1,269,75,19,10,7,2,15,36,25,15,32,10,1,5,0,40,17,2,2,4,2,0,0,1,2,14,7,2,1,9,2,0,0.442,0.667,0.071,0.03,0.041,0.026,0.007,2.679,0.0
johnsla01w,4,0,SAS,31,1,279,58,25,9,3,1,14,31,18,16,23,6,0,0,0,0,0,0,0,0,0,0,0,0,0,0,0,0,0,0,0,0,0.359,0.643,0.09,0.025,0.065,0.011,0.004,1.871,0.0
johnsla01w,5,0,HOU,6,0,36,6,1,1,2,0,2,3,2,0,6,2,0,0,0,0,0,0,0,0,0,0,0,0,0,0,0,0,0,0,0,0,0.381,0.5,0.028,0.0,0.028,0.056,0.0,1.0,0.0
johnsni01w,1,0,CHA,6,0,78,26,4,11,4,0,9,3,9,6,5,2,0,0,0,0,0,0,0,0,0,0,0,0,0,0,0,0,0,0,0,0,0.662,1.222,0.051,0.0,0.051,0.051,0.0,4.333,0.0
johnspo01w,1,0,CLE,12,0,57,17,14,2,0,1,8,9,5,7,0,0,0,4,0,6,7,1,1,2,1,0,0,0,0,3,3,2,1,0,0,0,0.556,0.25,0.246,0.123,0.123,0.0,0.018,1.417,0.0
johnspo01w,2,0,CLE,18,0,119,28,31,4,0,2,10,12,12,4,0,0,0,1,0,4,0,1,1,2,1,0,0,1,1,0,0,0,0,0,0,0,0.452,0.4,0.261,0.101,0.16,0.0,0.017,1.556,0.0
johnspo01w,3,0,MIA,31,30,801,217,140,32,27,15,53,75,78,61,0,0,0,0,0,0,0,0,0,0,0,0,0,0,0,0,0,0,0,0,0,0,0.566,0.604,0.175,0.072,0.102,0.034,0.019,7.0,0.0
johnspo01w,4,0,CLE,30,2,416,89,82,19,12,10,19,35,35,19,0,0,0,3,0,20,2,0,4,4,3,1,2,0,1,1,1,0,0,0,0,0,0.571,1.0,0.197,0.075,0.123,0.029,0.024,2.967,0.0
johnspo01w,5,0,HOU,19,0,157,22,29,1,4,3,8,21,3,16,0,0,0,0,0,0,0,0,0,0,0,0,0,0,0,0,0,0,0,0,0,0,0.419,0.125,0.185,0.102,0.083,0.025,0.019,1.158,0.0
johnssh01w,1,0,ORL,32,32,1126,381,155,169,58,7,102,83,122,107,90,30,0,3,3,119,18,4,17,21,14,5,2,7,9,27,6,8,4,13,2,0,0.512,1.657,0.138,0.047,0.091,0.052,0.006,11.906,0.0
johnssh01w,2,0,ORL,26,22,785,302,77,68,34,6,54,66,90,84,104,38,0,0,0,0,0,0,0,0,0,0,0,0,0,0,0,0,0,0,0,0,0.514,1.259,0.098,0.019,0.079,0.043,0.008,11.615,0.0
johnssh01w,3,0,ORL,31,31,1110,499,129,163,51,7,98,78,157,164,77,21,1,0,0,0,0,0,0,0,0,0,0,0,0,0,0,0,0,0,0,0,0.516,1.663,0.116,0.044,0.072,0.046,0.006,16.097,0.0
johnssh01w,4,0,CON,34,34,1107,420,134,196,44,3,107,77,138,125,73,19,0,4,4,131,45,3,9,12,19,7,1,11,11,29,13,18,14,10,5,0,0.533,1.832,0.121,0.035,0.086,0.04,0.003,12.353,0.0
johnssh01w,5,0,SAS,31,30,954,287,82,136,48,4,99,69,89,82,76,27,2,0,0,0,0,0,0,0,0,0,0,0,0,0,0,0,0,0,0,0,0.511,1.374,0.086,0.015,0.071,0.05,0.004,9.258,0.0
johnssh01w,6,0,SAS,34,33,1104,317,91,158,46,5,113,78,88,113,90,28,1,0,0,0,0,0,0,0,0,0,0,0,0,0,0,0,0,0,0,0,0.527,1.398,0.082,0.015,0.067,0.042,0.005,9.324,0.0
johnssh01w,7,0,SAS,32,32,874,318,95,117,60,5,75,78,104,78,91,32,0,0,0,0,0,0,0,0,0,0,0,0,0,0,0,0,0,0,0,0,0.532,1.56,0.109,0.035,0.073,0.069,0.006,9.938,0.0
johnssh01w,8,0,DET,33,8,559,193,61,56,20,2,40,68,57,50,70,29,0,11,1,186,57,8,17,25,28,5,2,13,13,53,19,13,10,26,9,0,0.5,1.4,0.109,0.032,0.077,0.036,0.004,5.848,0.0
johnssh01w,9,0,HOU,33,32,1014,253,107,168,52,9,78,84,80,62,97,31,0,0,0,0,0,0,0,0,0,0,0,0,0,0,0,0,0,0,0,0,0.511,2.154,0.106,0.031,0.075,0.051,0.009,7.667,0.0
johnssh01w,10,0,SEA,34,6,618,137,62,52,27,7,52,56,36,47,61,18,0,3,0,39,7,0,5,5,3,3,0,6,8,9,3,0,0,5,1,1,0.522,1.0,0.1,0.023,0.078,0.044,0.011,4.029,0.0
johnste01w,6,0,WAS,34,34,973,315,104,177,44,1,88,99,125,52,43,13,2,0,0,0,0,0,0,0,0,0,0,0,0,0,0,0,0,0,0,0,0.521,2.011,0.107,0.013,0.094,0.045,0.001,9.265,1.0
johnste01w,7,0,LAS,32,30,808,255,97,161,47,1,70,57,102,48,26,3,0,5,5,140,46,3,6,9,24,8,0,10,12,48,20,6,5,5,1,0,0.455,2.3,0.12,0.019,0.101,0.058,0.001,7.969,0.0
johnste01w,8,0,LAS,11,11,206,70,29,30,8,1,31,17,29,11,3,1,0,0,0,0,0,0,0,0,0,0,0,0,0,0,0,0,0,0,0,0,0.368,0.968,0.141,0.019,0.121,0.039,0.005,6.364,0.0
johnste01w,9,0,LAS,23,8,393,96,43,71,24,2,37,38,35,26,10,0,0,6,0,115,48,3,11,14,21,6,1,13,10,44,20,7,6,7,2,0,0.411,1.919,0.109,0.031,0.079,0.061,0.005,4.174,0.0
johnste01w,10,0,PHO,34,34,901,328,120,157,29,4,76,79,125,42,87,36,1,11,11,267,83,4,17,21,34,8,2,17,27,76,30,12,10,27,13,0,0.541,2.066,0.133,0.009,0.124,0.032,0.004,9.647,0.0
johnsti01w,1,0,HOU,31,29,687,131,147,10,10,16,17,86,48,35,0,0,1,6,6,135,22,12,17,29,1,3,2,7,15,20,10,2,2,0,0,0,0.537,0.588,0.214,0.086,0.128,0.015,0.023,4.226,0.0
johnsti01w,2,0,HOU,32,28,672,148,138,22,12,15,42,67,62,24,0,0,0,2,2,71,18,4,13,17,3,0,3,4,5,17,7,7,4,0,0,0,0.492,0.524,0.205,0.065,0.14,0.018,0.022,4.625,0.0
johnsti01w,3,0,HOU,32,32,815,201,173,39,17,24,38,67,77,47,2,0,0,3,3,51,8,2,7,9,1,0,6,4,8,9,4,0,0,0,0,0,0.494,1.026,0.212,0.09,0.123,0.021,0.029,6.281,0.0
johnsti01w,4,0,HOU,22,3,359,77,63,13,3,7,20,33,30,17,0,0,0,3,0,31,0,2,4,6,0,2,0,1,4,6,0,0,0,0,0,0,0.534,0.65,0.175,0.053,0.123,0.008,0.019,3.5,0.0
johnsti01w,5,0,HOU,33,11,660,142,122,27,9,17,31,72,59,24,0,0,1,0,0,0,0,0,0,0,0,0,0,0,0,0,0,0,0,0,0,0,0.538,0.871,0.185,0.045,0.139,0.014,0.026,4.303,0.0
johnsti01w,7,0,SEA,32,8,643,150,124,17,10,17,31,66,61,28,0,0,0,3,0,63,19,4,9,13,5,1,1,3,8,12,6,7,7,0,0,0,0.459,0.548,0.193,0.048,0.145,0.016,0.026,4.688,0.0
johnsvi01w,1,0,NYL,31,31,1023,380,137,77,22,5,57,48,143,67,71,27,0,7,7,237,72,10,25,35,24,8,0,13,14,71,27,14,12,22,6,0,0.532,1.351,0.134,0.039,0.095,0.022,0.005,12.258,0.0
johnsvi01w,2,0,NYL,32,32,939,353,107,87,35,4,52,62,135,53,82,30,1,6,6,218,89,7,20,27,28,13,2,14,11,75,34,15,15,22,6,0,0.495,1.673,0.114,0.024,0.089,0.037,0.004,11.031,0.0
johnsvi01w,3,0,NYL,31,31,1028,359,109,86,27,4,45,60,139,49,76,32,0,8,8,244,98,8,22,30,24,7,0,11,10,75,36,16,12,27,14,0,0.541,1.911,0.106,0.041,0.065,0.026,0.004,11.581,0.0
johnsvi01w,4,0,NYL,32,32,1042,430,95,75,29,7,55,65,158,79,96,35,0,0,0,0,0,0,0,0,0,0,0,0,0,0,0,0,0,0,0,0,0.558,1.364,0.091,0.029,0.062,0.028,0.007,13.438,0.0
johnsvi01w,5,0,NYL,34,34,1119,321,121,124,25,4,71,75,121,62,60,17,0,5,5,161,41,11,11,22,16,5,1,4,10,39,14,12,11,10,2,0,0.496,1.746,0.108,0.033,0.075,0.022,0.004,9.441,0.0
johnsvi01w,6,0,NYL,34,34,1023,353,118,92,23,2,44,56,129,65,84,30,0,2,2,73,26,0,6,6,7,1,0,4,7,22,10,8,6,3,0,0,0.571,2.091,0.115,0.036,0.079,0.022,0.002,10.382,0.0
johnsvi01w,7,0,SAS,34,34,1004,337,167,122,28,3,59,61,119,76,69,23,0,0,0,0,0,0,0,0,0,0,0,0,0,0,0,0,0,0,0,0,0.473,2.068,0.166,0.055,0.112,0.028,0.003,9.912,0.0
johnsvi01w,8,0,SAS,30,29,852,243,144,104,34,8,36,46,95,32,49,21,0,5,5,165,47,9,20,29,23,6,1,9,11,49,18,6,3,19,8,0,0.526,2.889,0.169,0.06,0.109,0.04,0.009,8.1,0.0
johnsvi01w,9,0,SAS,32,32,892,213,169,115,26,5,49,42,87,28,39,11,0,9,9,274,75,10,32,42,28,9,0,19,13,65,32,11,7,10,4,0,0.498,2.347,0.189,0.044,0.146,0.029,0.006,6.656,1.0
johnsvi01w,10,0,SAS,32,32,737,204,108,77,16,4,39,40,80,23,56,21,0,3,3,90,46,3,6,9,14,5,0,3,6,25,18,6,5,7,5,0,0.518,1.974,0.147,0.031,0.115,0.022,0.005,6.375,0.0
jonesas01w,3,0,WAS,32,5,612,208,89,28,13,17,39,88,93,20,10,2,2,5,0,63,18,3,5,8,3,0,1,1,13,19,8,2,1,2,1,0,0.42,0.718,0.145,0.064,0.082,0.021,0.028,6.5,0.0
jonesas01w,4,0,WAS,34,10,748,290,135,52,16,25,63,109,121,41,17,7,1,0,0,0,0,0,0,0,0,0,0,0,0,0,0,0,0,0,0,0,0.478,0.825,0.18,0.083,0.098,0.021,0.033,8.529,0.0
jonesas01w,5,0,CON,34,1,699,235,118,39,20,18,53,82,96,41,6,2,0,8,0,171,59,8,13,21,11,5,1,18,10,53,26,11,7,0,0,0,0.452,0.736,0.169,0.073,0.096,0.029,0.026,6.912,0.0
jonesas01w,6,0,CON,33,4,705,301,121,40,10,7,51,70,133,33,5,2,0,8,0,178,71,8,20,28,7,2,4,11,23,60,29,23,13,2,0,0,0.502,0.784,0.172,0.077,0.095,0.014,0.01,9.121,0.0
jonesas01w,7,0,CON,34,2,777,377,183,46,23,20,60,74,155,62,19,5,0,5,0,113,35,10,12,22,10,3,3,8,13,51,14,16,7,2,0,0,0.511,0.767,0.236,0.076,0.16,0.03,0.026,11.088,0.0
jonesas01w,8,0,CON,30,30,942,459,183,75,25,23,91,90,193,72,12,1,1,3,3,116,47,7,17,24,10,3,2,5,11,44,22,3,2,1,1,0,0.487,0.824,0.194,0.069,0.125,0.027,0.024,15.3,0.0
jonesas01w,9,0,CON,33,33,963,561,201,81,20,26,74,85,223,110,23,5,2,3,3,98,45,9,13,22,4,2,1,7,9,47,17,12,11,2,0,0,0.537,1.095,0.209,0.076,0.133,0.021,0.027,17.0,0.0
jonesas01w,10,0,CON,23,23,727,384,136,56,20,13,49,79,159,61,16,5,1,0,0,0,0,0,0,0,0,0,0,0,0,0,0,0,0,0,0,0,0.513,1.143,0.187,0.059,0.128,0.028,0.018,16.696,0.0
jonesch01w,5,0,DET,31,8,397,107,34,45,18,5,40,41,37,25,32,8,0,2,0,10,2,0,0,0,1,0,0,1,2,4,1,0,0,0,0,0,0.459,1.125,0.086,0.02,0.065,0.045,0.013,3.452,0.0
jonesch01w,6,1,DET,21,0,329,125,31,23,13,2,23,42,46,15,37,18,0,0,0,0,0,0,0,0,0,0,0,0,0,0,0,0,0,0,0,0,0.515,1.0,0.094,0.024,0.07,0.04,0.006,5.952,0.0
jonesch01w,6,2,MIN,10,9,281,81,33,30,13,3,17,26,29,12,32,11,0,0,0,0,0,0,0,0,0,0,0,0,0,0,0,0,0,0,0,0,0.443,1.765,0.117,0.036,0.082,0.046,0.011,8.1,0.0
jonesch01w,7,0,MIN,6,0,38,17,5,3,1,0,2,3,5,4,4,3,0,0,0,0,0,0,0,0,0,0,0,0,0,0,0,0,0,0,0,0,0.79,1.5,0.132,0.053,0.079,0.026,0.0,2.833,0.0
jonesja01w,1,0,MIA,21,0,233,68,22,10,8,0,25,40,25,11,35,7,0,0,0,0,0,0,0,0,0,0,0,0,0,0,0,0,0,0,0,0,0.333,0.4,0.094,0.043,0.052,0.034,0.0,3.238,0.0
jonesla01w,1,0,CHA,9,0,54,19,5,2,0,1,4,5,8,1,6,2,0,0,0,0,0,0,0,0,0,0,0,0,0,0,0,0,0,0,0,0,0.478,0.5,0.093,0.0,0.093,0.0,0.019,2.111,0.0
jonesme01w,1,0,CLE,32,32,948,352,139,63,29,2,60,86,153,32,45,14,2,6,6,207,83,11,32,43,11,7,0,8,14,86,34,12,9,20,6,0,0.512,1.05,0.147,0.055,0.092,0.031,0.002,11.0,0.0
jonesme01w,2,0,CLE,30,30,998,404,164,45,29,4,53,59,165,65,34,9,0,3,3,103,36,8,10,18,9,1,1,3,5,32,15,5,5,3,1,0,0.489,0.849,0.164,0.043,0.121,0.029,0.004,13.467,0.0
jonesme01w,3,0,CLE,32,32,1094,391,176,72,44,4,55,60,157,62,54,15,0,0,0,0,0,0,0,0,0,0,0,0,0,0,0,0,0,0,0,0,0.457,1.309,0.161,0.03,0.131,0.04,0.004,12.219,0.0
jonesme01w,4,0,CLE,34,15,672,164,97,44,22,3,36,59,66,28,13,4,0,3,0,37,5,3,2,5,0,0,0,2,2,5,2,2,1,1,0,0,0.385,1.222,0.144,0.027,0.118,0.033,0.004,4.824,0.0
jonesme01w,5,0,DET,33,2,517,180,69,21,19,2,26,41,76,24,15,4,0,3,1,61,23,3,9,12,2,4,0,2,8,26,11,1,1,1,0,0,0.411,0.808,0.133,0.044,0.089,0.037,0.004,5.455,0.0
kellycr01w,9,0,SAC,33,4,551,243,109,15,18,5,41,61,62,119,1,0,0,3,3,80,37,4,6,10,4,1,0,2,8,20,14,10,9,0,0,0,0.609,0.366,0.198,0.085,0.113,0.033,0.009,7.364,0.0
kellycr01w,10,2,DET,11,0,84,31,14,4,4,1,11,16,8,15,0,0,0,3,0,15,4,0,2,2,2,0,0,0,2,0,0,4,4,0,0,0,0.518,0.364,0.167,0.071,0.095,0.048,0.012,2.818,0.0
kellycr01w,10,1,SAC,23,4,283,98,39,8,7,2,22,40,25,48,1,0,0,0,0,0,0,0,0,0,0,0,0,0,0,0,0,0,0,0,0,0,0.597,0.364,0.138,0.071,0.067,0.025,0.007,4.261,0.0
kingbsu01w,6,0,MIN,3,0,17,3,1,1,0,1,0,2,0,3,0,0,0,0,0,0,0,0,0,0,0,0,0,0,0,0,0,0,0,0,0,0,0.543,0.0,0.059,0.0,0.059,0.0,0.059,1.0,0.0
kingija01w,2,0,DET,29,17,625,169,63,74,31,8,53,42,55,26,88,33,0,0,0,0,0,0,0,0,0,0,0,0,0,0,0,0,0,0,0,0,0.535,1.396,0.101,0.032,0.069,0.05,0.013,5.828,0.0
kingija01w,5,1,DET,5,0,15,3,1,1,0,0,2,1,0,3,0,0,0,0,0,0,0,0,0,0,0,0,0,0,0,0,0,0,0,0,0,0,0.852,0.5,0.067,0.0,0.067,0.0,0.0,0.6,0.0
kingija01w,5,2,PHO,13,0,128,20,13,12,5,2,7,10,6,5,7,3,0,0,0,0,0,0,0,0,0,0,0,0,0,0,0,0,0,0,0,0,0.474,1.714,0.102,0.039,0.062,0.039,0.016,1.538,0.0
kingija01w,7,0,SAS,18,1,115,25,10,11,6,0,5,8,8,7,6,2,0,0,0,0,0,0,0,0,0,0,0,0,0,0,0,0,0,0,0,0,0.569,2.2,0.087,0.026,0.061,0.052,0.0,1.389,0.0
klimezu01w,3,0,IND,11,0,39,5,5,2,1,1,2,2,2,1,0,0,0,0,0,0,0,0,0,0,0,0,0,0,0,0,0,0,0,0,0,0,0.201,1.0,0.128,0.026,0.103,0.026,0.026,0.455,0.0
klimezu01w,4,0,IND,1,0,3,2,0,0,0,0,0,1,0,2,0,0,0,0,0,0,0,0,0,0,0,0,0,0,0,0,0,0,0,0,0,0,0.532,,0.0,0.0,0.0,0.0,0.0,2.0,0.0
koehnla01w,6,0,WAS,30,0,230,113,11,10,2,0,6,15,37,4,75,35,0,0,0,0,0,0,0,0,0,0,0,0,0,0,0,0,0,0,0,0,0.696,1.667,0.048,0.017,0.03,0.009,0.0,3.767,0.0
koehnla01w,7,0,WAS,32,0,161,71,12,8,2,2,5,16,23,3,42,22,0,2,0,0,0,0,0,0,0,0,0,0,0,0,0,0,0,0,0,0,0.743,1.6,0.075,0.0,0.075,0.012,0.012,2.219,0.0
koehnla01w,8,0,WAS,28,0,109,40,8,5,0,0,3,8,13,2,33,12,0,0,0,0,0,0,0,0,0,0,0,0,0,0,0,0,0,0,0,0,0.542,1.667,0.073,0.0,0.073,0.0,0.0,1.429,0.0
koehnla01w,9,0,WAS,30,0,144,71,11,3,0,0,10,9,24,0,55,23,0,0,0,0,0,0,0,0,0,0,0,0,0,0,0,0,0,0,0,0,0.574,0.3,0.076,0.028,0.049,0.0,0.0,2.367,0.0
korstil01w,2,0,PHO,12,0,75,21,11,5,3,0,9,4,7,6,3,1,0,0,0,0,0,0,0,0,0,0,0,0,0,0,0,0,0,0,0,0,0.374,0.556,0.147,0.08,0.067,0.04,0.0,1.75,0.0
kostaan01w,7,0,HOU,32,0,266,67,25,19,7,0,42,41,18,25,30,6,0,2,0,11,5,0,1,1,1,0,0,3,2,2,2,1,1,0,0,0,0.463,0.452,0.094,0.011,0.083,0.026,0.0,2.094,0.0
kostita01w,1,0,MIA,5,0,46,7,5,4,2,0,7,6,3,1,0,0,0,0,0,0,0,0,0,0,0,0,0,0,0,0,0,0,0,0,0,0,0.354,0.571,0.109,0.065,0.043,0.043,0.0,1.4,0.0
kraayca01w,6,0,NYL,17,0,196,69,27,5,4,8,17,21,23,14,24,9,0,2,0,37,8,2,5,7,0,0,0,2,6,3,1,6,5,1,1,0,0.56,0.294,0.138,0.066,0.071,0.02,0.041,4.059,0.0
kraayca01w,7,0,NYL,34,13,903,298,158,32,16,15,62,71,106,55,93,31,0,0,0,0,0,0,0,0,0,0,0,0,0,0,0,0,0,0,0,0,0.55,0.516,0.175,0.051,0.124,0.018,0.017,8.765,0.0
kraayca01w,8,0,NYL,34,34,967,366,154,51,32,20,84,84,129,55,129,53,0,3,3,87,38,4,14,18,2,2,3,4,9,33,14,5,5,12,5,0,0.557,0.607,0.159,0.039,0.12,0.033,0.021,10.765,0.0
kraayca01w,9,0,NYL,34,34,961,326,209,49,28,26,55,95,114,36,165,62,2,6,6,202,44,14,31,45,17,4,3,10,15,45,16,4,2,29,10,0,0.509,0.891,0.217,0.052,0.165,0.029,0.027,9.588,0.0
kraayca01w,10,0,NYL,34,26,888,307,155,32,22,13,66,76,105,37,144,60,0,0,0,0,0,0,0,0,0,0,0,0,0,0,0,0,0,0,0,0,0.538,0.485,0.175,0.036,0.139,0.025,0.015,9.029,0.0
kubikni01w,1,0,PHO,4,0,19,6,2,2,0,0,3,4,1,4,1,0,0,2,0,5,2,0,0,0,0,0,0,1,2,2,0,2,2,0,0,0,0.63,0.667,0.105,0.0,0.105,0.0,0.0,1.5,0.0
kubikni01w,2,0,PHO,3,0,21,2,2,5,4,0,3,7,1,0,1,0,0,0,0,0,0,0,0,0,0,0,0,0,0,0,0,0,0,0,0,0,0.25,1.667,0.095,0.0,0.095,0.19,0.0,0.667,0.0
lacyje01w,7,0,PHO,33,3,504,162,102,14,12,12,45,102,61,40,4,0,1,0,0,0,0,0,0,0,0,0,0,0,0,0,0,0,0,0,0,0,0.528,0.311,0.202,0.083,0.119,0.024,0.024,4.909,0.0
lacyje01w,8,0,PHO,20,0,94,35,19,2,3,0,10,26,12,10,3,1,0,1,0,3,2,0,0,0,0,0,0,0,2,2,1,2,0,0,0,0,0.474,0.2,0.202,0.106,0.096,0.032,0.0,1.75,0.0
lacyje01w,9,0,ATL,33,22,605,189,89,27,18,6,37,97,74,37,21,4,1,0,0,0,0,0,0,0,0,0,0,0,0,0,0,0,0,0,0,0,0.441,0.73,0.147,0.058,0.089,0.03,0.01,5.727,0.0
lacyje01w,10,0,ATL,32,0,362,96,70,9,9,7,24,57,35,22,19,4,0,2,0,23,2,1,1,2,0,0,0,0,3,5,0,4,2,2,0,0,0.395,0.375,0.193,0.088,0.105,0.025,0.019,3.0,0.0
lacyve01w,1,0,NYL,2,2,18,6,5,0,0,0,2,0,2,2,0,0,0,0,0,0,0,0,0,0,0,0,0,0,0,0,0,0,0,0,0,0,0.444,0.0,0.278,0.056,0.222,0.0,0.0,3.0,0.0
lambesh01w,3,0,CHA,3,0,16,2,3,3,1,0,2,1,1,0,0,0,0,0,0,0,0,0,0,0,0,0,0,0,0,0,0,0,0,0,0,0,0.333,1.5,0.188,0.125,0.062,0.062,0.0,0.667,0.0
lambesh01w,4,0,DET,27,1,187,87,28,14,5,0,29,15,24,32,16,7,0,7,0,14,5,0,2,2,1,0,0,4,3,6,2,0,0,3,1,0,0.518,0.483,0.15,0.053,0.096,0.027,0.0,3.222,0.0
lambesh01w,5,0,HOU,34,25,788,197,68,88,26,4,82,46,75,40,27,7,0,0,0,0,0,0,0,0,0,0,0,0,0,0,0,0,0,0,0,0,0.494,1.073,0.086,0.024,0.062,0.033,0.005,5.794,0.0
lambesh01w,6,0,DET,12,5,152,33,17,21,8,1,24,11,14,4,7,1,0,0,0,0,0,0,0,0,0,0,0,0,0,0,0,0,0,0,0,0,0.35,0.875,0.112,0.013,0.099,0.053,0.007,2.75,0.0
lambmo01w,1,0,HOU,13,2,140,26,26,3,2,4,4,23,10,6,0,0,0,0,0,0,0,0,0,0,0,0,0,0,0,0,0,0,0,0,0,0,0.514,0.75,0.186,0.036,0.15,0.014,0.029,2.0,0.0
langhcr01w,9,0,WAS,34,6,529,164,136,15,15,6,36,54,68,28,0,0,1,0,0,0,0,0,0,0,0,0,0,0,0,0,0,0,0,0,0,0,0.624,0.417,0.257,0.1,0.157,0.028,0.011,4.824,0.0
langhcr01w,10,0,WAS,34,22,1013,408,268,29,34,13,76,74,163,82,2,0,0,2,2,79,33,5,15,20,1,1,1,6,6,20,14,8,5,0,0,0,0.606,0.382,0.265,0.1,0.165,0.034,0.013,12.0,1.0
larkier01w,9,0,NYL,27,0,335,129,73,18,10,7,35,54,48,33,0,0,0,6,0,87,26,12,17,29,1,3,1,8,12,24,11,10,4,0,0,0,0.544,0.514,0.218,0.113,0.104,0.03,0.021,4.778,0.0
larkier01w,10,0,NYL,18,0,137,44,31,8,9,4,16,19,14,16,0,0,0,0,0,0,0,0,0,0,0,0,0,0,0,0,0,0,0,0,0,0,0.51,0.5,0.226,0.08,0.146,0.066,0.029,2.444,0.0
lassiam01w,2,0,HOU,32,18,613,138,110,34,16,21,35,66,51,10,67,26,0,2,0,54,19,1,8,9,0,0,3,2,4,16,7,2,2,9,3,0,0.474,0.971,0.179,0.044,0.135,0.026,0.034,4.312,0.0
lassiam01w,3,1,HOU,6,0,46,1,6,2,2,2,2,4,0,1,5,0,0,0,0,0,0,0,0,0,0,0,0,0,0,0,0,0,0,0,0,0,0.046,1.0,0.13,0.022,0.109,0.043,0.043,0.167,0.0
lassiam01w,3,2,SEA,24,22,554,126,63,55,27,19,49,58,47,12,66,20,1,2,2,46,10,0,7,7,4,3,1,5,4,15,4,0,0,9,2,0,0.458,1.122,0.114,0.042,0.072,0.049,0.034,5.25,0.0
lassiam01w,4,0,SEA,32,18,733,163,112,42,27,26,42,92,60,19,73,24,2,0,0,0,0,0,0,0,0,0,0,0,0,0,0,0,0,0,0,0,0.482,1.0,0.153,0.045,0.108,0.037,0.035,5.094,0.0
lassiam01w,5,0,MIN,33,12,563,127,80,37,21,22,40,74,47,6,89,27,0,2,0,30,9,0,4,4,1,2,3,4,5,7,3,0,0,6,3,0,0.457,0.925,0.142,0.027,0.115,0.037,0.039,3.848,0.0
lassiam01w,6,0,MIN,31,3,388,107,46,23,14,4,29,55,38,7,72,24,0,0,0,0,0,0,0,0,0,0,0,0,0,0,0,0,0,0,0,0,0.446,0.793,0.119,0.026,0.093,0.036,0.01,3.452,0.0
lassiam01w,7,0,CHI,32,29,778,257,88,65,42,17,57,89,93,22,149,49,3,0,0,0,0,0,0,0,0,0,0,0,0,0,0,0,0,0,0,0,0.48,1.14,0.113,0.032,0.081,0.054,0.022,8.031,0.0
lattaiv01w,8,0,DET,31,1,221,93,19,20,8,2,16,24,34,3,49,22,0,10,0,47,19,0,3,3,3,2,0,2,3,19,5,6,4,15,5,0,0.516,1.25,0.086,0.018,0.068,0.036,0.009,3.0,0.0
lattaiv01w,9,0,ATL,34,31,960,388,72,123,45,1,61,83,124,85,160,55,0,0,0,0,0,0,0,0,0,0,0,0,0,0,0,0,0,0,0,0,0.498,2.016,0.075,0.014,0.061,0.047,0.001,11.412,0.0
lattaiv01w,10,0,ATL,24,0,350,146,16,34,13,1,26,32,45,38,50,18,0,2,2,75,27,2,2,4,5,1,0,3,5,20,8,9,8,9,3,0,0.561,1.308,0.046,0.009,0.037,0.037,0.003,6.083,0.0
lawsoed01w,6,2,HOU,17,0,114,25,7,4,2,1,12,5,8,4,13,5,0,1,0,1,0,0,0,0,0,0,0,0,0,0,0,0,0,0,0,0,0.485,0.333,0.061,0.009,0.053,0.018,0.009,1.471,0.0
lawsoed01w,6,1,NYL,2,0,12,2,2,0,0,0,0,2,0,2,2,0,0,0,0,0,0,0,0,0,0,0,0,0,0,0,0,0,0,0,0,0,0.205,,0.167,0.0,0.167,0.0,0.0,1.0,0.0
lawsoed01w,7,0,SEA,26,0,209,43,21,29,15,1,19,20,17,4,19,5,0,3,0,11,4,0,0,0,1,0,0,0,0,4,1,2,1,4,1,0,0.451,1.526,0.1,0.01,0.091,0.072,0.005,1.654,0.0
lawsoed01w,9,0,SAS,30,1,280,100,31,26,12,0,25,29,36,6,47,22,0,5,0,84,25,3,9,12,9,3,0,5,5,22,7,4,4,15,7,0,0.596,1.04,0.111,0.032,0.079,0.043,0.0,3.333,0.0
lawsoed01w,10,0,SAS,33,12,583,172,66,74,29,1,29,53,58,15,113,41,0,3,3,75,32,4,5,9,6,2,0,3,6,18,12,0,0,13,8,0,0.541,2.552,0.113,0.015,0.098,0.05,0.002,5.212,0.0
lawsoka01w,4,0,SAC,34,0,769,263,107,56,15,5,42,45,89,31,135,54,0,6,0,154,32,2,21,23,16,1,2,4,8,42,9,8,7,23,7,0,0.538,1.333,0.139,0.039,0.1,0.02,0.007,7.735,0.0
lawsoka01w,5,0,SAC,34,10,827,294,77,68,21,8,53,41,103,37,134,51,0,6,0,153,58,3,12,15,11,8,1,5,10,54,20,9,8,24,10,0,0.556,1.283,0.093,0.015,0.079,0.025,0.01,8.647,0.0
lawsoka01w,6,0,SAC,24,1,508,192,33,37,13,3,22,28,65,26,81,36,0,8,2,208,90,2,27,29,18,8,1,11,9,67,29,18,17,29,15,0,0.594,1.682,0.065,0.014,0.051,0.026,0.006,8.0,0.0
lawsoka01w,7,0,SAC,34,6,749,277,65,56,20,4,43,37,96,36,123,49,0,9,9,289,110,14,17,31,14,9,1,12,14,87,39,14,11,48,21,0,0.534,1.302,0.087,0.015,0.072,0.027,0.005,8.147,0.0
lawsoka01w,8,0,SAC,34,0,774,375,80,67,29,8,49,49,128,74,133,45,0,3,0,75,37,1,6,7,9,3,2,2,5,26,13,7,6,13,5,0,0.495,1.367,0.103,0.031,0.072,0.037,0.01,11.029,0.0
lawsoka01w,9,0,SAC,32,32,829,391,82,67,28,2,48,41,139,53,139,60,0,3,3,81,29,1,14,15,13,2,0,7,5,23,11,5,4,8,3,0,0.531,1.396,0.099,0.019,0.08,0.034,0.002,12.219,0.0
lawsoka01w,10,0,SAC,25,5,604,220,53,63,16,1,35,24,76,31,110,37,0,0,0,0,0,0,0,0,0,0,0,0,0,0,0,0,0,0,0,0,0.513,1.8,0.088,0.018,0.07,0.026,0.002,8.8,1.0
lazicka01w,2,0,NYL,8,0,55,17,6,3,3,0,10,9,8,1,2,0,0,2,0,2,0,0,1,1,0,0,0,1,0,0,0,0,0,0,0,0,0.407,0.3,0.109,0.036,0.073,0.055,0.0,2.125,0.0
lehnish01w,10,0,ATL,34,20,707,102,79,127,18,3,54,44,36,24,30,6,0,0,0,0,0,0,0,0,0,0,0,0,0,0,0,0,0,0,0,0,0.478,2.352,0.112,0.027,0.085,0.025,0.004,3.0,0.0
lennobe01w,1,0,MIN,32,31,984,541,178,82,53,9,97,112,201,84,139,55,4,0,0,0,0,0,0,0,0,0,0,0,0,0,0,0,0,0,0,0,0.523,0.845,0.181,0.054,0.127,0.054,0.009,16.906,1.0
lennobe01w,2,0,MIN,11,7,241,121,54,16,10,4,25,29,41,19,52,20,0,0,0,0,0,0,0,0,0,0,0,0,0,0,0,0,0,0,0,0,0.509,0.64,0.224,0.054,0.17,0.041,0.017,11.0,0.0
lennobe01w,3,2,MIA,26,3,581,310,73,47,25,5,62,79,110,44,131,46,2,0,0,0,0,0,0,0,0,0,0,0,0,0,0,0,0,0,0,0,0.466,0.758,0.126,0.031,0.095,0.043,0.009,11.923,0.0
lennobe01w,3,1,MIN,5,1,138,31,16,16,5,0,20,23,10,6,23,5,1,0,0,0,0,0,0,0,0,0,0,0,0,0,0,0,0,0,0,0,0.296,0.8,0.116,0.014,0.101,0.036,0.0,6.2,0.0
lennobe01w,4,0,CLE,34,1,560,258,89,32,14,4,58,77,100,26,103,32,0,3,0,45,21,1,6,7,3,3,0,4,7,19,9,2,1,5,2,0,0.453,0.552,0.159,0.034,0.125,0.025,0.007,7.588,0.0
lennobe01w,5,0,SEA,32,32,920,358,159,79,34,3,77,89,139,58,83,22,0,8,8,251,117,4,25,29,21,8,1,23,21,97,44,24,21,18,8,0,0.497,1.026,0.173,0.03,0.142,0.037,0.003,11.188,1.0
lennobe01w,6,0,SEA,28,26,800,346,124,57,35,5,75,82,123,76,78,24,0,3,3,94,46,1,13,14,8,3,0,6,9,38,15,14,13,12,3,0,0.491,0.76,0.155,0.026,0.129,0.044,0.006,12.357,0.0
lennobe01w,7,0,SEA,34,34,891,465,137,73,36,5,98,92,191,54,90,29,2,3,3,90,35,2,15,17,15,5,0,8,4,44,13,7,4,19,5,0,0.512,0.745,0.154,0.038,0.116,0.04,0.006,13.676,0.0
lennobe01w,8,0,SEA,34,34,937,454,160,92,36,5,91,75,155,110,99,34,0,2,2,62,36,5,8,13,4,2,0,4,9,36,13,5,5,13,5,1,0.547,1.011,0.171,0.05,0.121,0.038,0.005,13.353,0.0
lennobe01w,9,0,ATL,34,33,1010,595,143,81,45,3,114,92,207,118,176,63,0,0,0,0,0,0,0,0,0,0,0,0,0,0,0,0,0,0,0,0,0.532,0.711,0.142,0.036,0.106,0.045,0.003,17.5,0.0
lennobe01w,10,0,LAS,30,13,640,306,136,54,26,4,70,70,111,59,83,25,0,6,0,128,74,2,16,18,9,5,0,11,11,58,24,15,15,25,11,0,0.515,0.771,0.212,0.052,0.161,0.041,0.006,10.2,0.0
leslili01w,1,0,LAS,32,32,1028,570,306,60,31,74,103,134,197,169,32,7,7,4,4,139,75,10,31,41,8,1,5,13,14,57,28,23,19,3,0,0,0.548,0.583,0.298,0.073,0.225,0.03,0.072,17.812,0.0
leslili01w,2,0,LAS,31,31,1033,606,298,73,34,71,98,132,221,142,60,22,3,7,7,260,156,28,58,86,21,12,31,26,22,118,58,50,37,7,3,0,0.549,0.745,0.288,0.085,0.203,0.033,0.069,19.548,3.0
leslili01w,3,0,LAS,31,31,1060,523,322,83,46,90,108,123,189,133,37,12,7,6,6,232,116,10,37,47,11,11,17,8,22,86,46,26,19,8,5,0,0.537,0.769,0.304,0.074,0.23,0.043,0.085,16.871,2.0
leslili01w,4,0,LAS,23,23,792,424,231,46,31,63,65,93,165,82,37,12,3,9,9,327,187,22,58,80,23,12,28,24,39,137,74,54,38,3,1,1,0.491,0.708,0.292,0.096,0.196,0.039,0.08,18.435,0.0
leslili01w,5,0,LAS,34,34,1150,598,336,88,50,98,110,130,223,146,22,6,5,3,3,110,34,4,22,26,2,1,8,8,10,31,14,8,6,0,0,0,0.552,0.8,0.292,0.052,0.24,0.043,0.085,17.588,2.0
leslili01w,6,0,LAS,34,34,1096,517,248,87,67,71,100,122,204,102,34,7,2,2,2,67,18,4,9,13,7,5,3,2,8,14,5,13,8,0,0,0,0.478,0.87,0.226,0.064,0.162,0.061,0.065,15.206,0.0
leslili01w,7,0,LAS,34,34,1043,680,323,108,51,57,126,115,257,158,20,8,4,5,5,163,63,12,24,36,9,4,8,17,20,65,20,29,22,3,1,0,0.557,0.857,0.31,0.08,0.23,0.049,0.055,20.0,2.0
leslili01w,9,0,LAS,33,33,1059,497,293,80,49,97,119,117,188,117,17,4,2,6,6,192,83,12,41,53,13,7,17,26,29,64,33,24,15,4,2,2,0.514,0.672,0.277,0.079,0.197,0.046,0.092,15.061,1.0
leslili01w,10,0,LAS,23,21,638,354,151,49,16,33,59,75,144,65,6,1,1,6,6,208,100,19,36,55,12,8,9,13,26,84,38,39,24,0,0,1,0.557,0.831,0.237,0.088,0.149,0.025,0.052,15.391,0.0
leuchye01w,7,0,CHA,4,0,38,12,5,3,0,1,1,5,5,2,0,0,0,0,0,0,0,0,0,0,0,0,0,0,0,0,0,0,0,0,0,0,0.51,3.0,0.132,0.053,0.079,0.0,0.026,3.0,0.0
leuchye01w,8,0,WAS,6,0,29,4,3,3,2,0,3,7,1,2,0,0,0,0,0,0,0,0,0,0,0,0,0,0,0,0,0,0,0,0,0,0,0.291,1.0,0.103,0.069,0.034,0.069,0.0,0.667,0.0
levanni01w,2,0,LAS,13,0,67,20,9,7,5,1,5,3,7,1,17,5,0,3,0,5,0,0,0,0,0,0,0,0,0,3,0,0,0,2,0,0,0.446,1.4,0.134,0.075,0.06,0.075,0.015,1.538,0.0
lewista01w,3,0,SEA,14,0,57,18,24,3,2,0,7,12,4,10,1,0,0,0,0,0,0,0,0,0,0,0,0,0,0,0,0,0,0,0,0,0,0.502,0.429,0.421,0.123,0.298,0.035,0.0,1.286,0.0
lewisty01w,2,0,HOU,29,4,419,97,62,15,11,4,26,26,39,11,20,8,0,2,0,6,0,0,0,0,2,0,0,0,1,1,0,0,0,0,0,0,0.488,0.577,0.148,0.05,0.098,0.026,0.01,3.345,0.0
lewisty01w,3,0,HOU,17,1,145,34,18,9,3,3,9,18,13,5,8,3,0,0,0,0,0,0,0,0,0,0,0,0,0,0,0,0,0,0,0,0,0.507,1.0,0.124,0.041,0.083,0.021,0.021,2.0,0.0
lewisty01w,4,0,CHA,23,0,234,70,33,20,10,6,16,18,26,11,13,7,0,2,0,29,14,2,1,3,4,0,1,0,2,8,4,6,5,1,1,0,0.52,1.25,0.141,0.047,0.094,0.043,0.026,3.043,0.0
lewisty01w,5,0,CHA,34,2,617,246,57,44,27,7,44,47,91,44,50,20,1,0,0,0,0,0,0,0,0,0,0,0,0,0,0,0,0,0,0,0,0.522,1.0,0.092,0.037,0.055,0.044,0.011,7.235,0.0
lewisty01w,6,1,CHA,10,1,166,47,20,13,3,3,11,7,19,8,12,1,0,0,0,0,0,0,0,0,0,0,0,0,0,0,0,0,0,0,0,0,0.345,1.182,0.12,0.06,0.06,0.018,0.018,4.7,0.0
lewisty01w,6,2,MIN,11,0,90,28,5,7,3,1,11,7,10,7,3,1,0,0,0,0,0,0,0,0,0,0,0,0,0,0,0,0,0,0,0,0,0.452,0.636,0.056,0.0,0.056,0.033,0.011,2.545,0.0
lewisty01w,7,0,MIN,19,0,202,46,27,18,12,5,16,16,19,7,11,1,0,0,0,0,0,0,0,0,0,0,0,0,0,0,0,0,0,0,0,0,0.387,1.125,0.134,0.05,0.084,0.059,0.025,2.421,0.0
liebena01w,9,0,DET,1,0,9,0,0,2,0,0,2,0,0,0,0,0,0,0,0,0,0,0,0,0,0,0,0,0,0,0,0,0,0,0,0,0,0.0,1.0,0.0,0.0,0.0,0.0,0.0,0.0,0.0
littlca01w,8,0,SAS,34,7,711,132,152,23,30,11,40,70,54,21,11,3,0,5,0,87,18,4,7,11,4,2,6,4,10,14,6,12,6,0,0,0,0.444,0.575,0.214,0.08,0.134,0.042,0.015,3.882,0.0
littlca01w,9,1,ATL,13,2,221,62,40,9,10,7,18,34,21,16,10,4,0,0,0,0,0,0,0,0,0,0,0,0,0,0,0,0,0,0,0,0,0.501,0.5,0.181,0.081,0.1,0.045,0.032,4.769,0.0
littlca01w,9,2,SEA,19,13,442,185,83,27,18,6,42,52,75,30,15,5,2,3,3,105,35,4,6,10,1,3,0,10,9,27,9,18,15,4,2,0,0.575,0.643,0.188,0.066,0.122,0.041,0.014,9.737,0.0
littlca01w,10,0,SEA,34,34,1044,341,222,35,39,13,67,118,124,86,27,7,1,3,3,102,23,1,9,10,3,2,2,4,14,25,10,2,2,6,1,0,0.535,0.522,0.213,0.072,0.141,0.037,0.012,10.029,0.0
lloydan01w,1,0,MIN,14,2,333,75,43,22,12,2,24,32,26,12,32,11,0,0,0,0,0,0,0,0,0,0,0,0,0,0,0,0,0,0,0,0,0.497,0.917,0.129,0.042,0.087,0.036,0.006,5.357,0.0
lobore01w,2,0,NYL,16,0,85,17,14,1,2,0,7,16,7,2,2,1,0,0,0,0,0,0,0,0,0,0,0,0,0,0,0,0,0,0,0,0,0.358,0.143,0.165,0.024,0.141,0.024,0.0,1.062,0.0
lobore01w,3,0,HOU,21,0,132,34,23,12,1,5,11,10,15,1,7,3,0,0,0,0,0,0,0,0,0,0,0,0,0,0,0,0,0,0,0,0,0.504,1.091,0.174,0.068,0.106,0.008,0.038,1.619,0.0
lobore01w,4,0,CON,25,13,297,59,52,5,6,15,14,33,25,2,28,7,0,2,1,38,9,3,5,8,5,0,4,2,4,10,4,0,0,4,1,0,0.321,0.357,0.175,0.03,0.145,0.02,0.051,2.36,0.0
lovelst01w,1,0,SEA,23,1,324,99,57,16,13,2,35,42,36,25,9,2,0,0,0,0,0,0,0,0,0,0,0,0,0,0,0,0,0,0,0,0,0.424,0.457,0.176,0.059,0.117,0.04,0.006,4.304,0.0
lovelst01w,2,0,SEA,22,2,211,76,32,9,8,5,18,23,27,12,26,10,0,0,0,0,0,0,0,0,0,0,0,0,0,0,0,0,0,0,0,0,0.484,0.5,0.152,0.066,0.085,0.038,0.024,3.455,0.0
lovelst01w,5,0,MIN,34,0,388,121,66,20,18,9,45,47,49,20,17,3,0,2,0,17,6,1,2,3,1,0,1,1,0,4,2,4,2,1,0,0,0.456,0.444,0.17,0.064,0.106,0.046,0.023,3.559,0.0
lovelst01w,6,0,MIN,34,2,594,209,107,31,24,11,37,57,70,43,63,26,0,0,0,0,0,0,0,0,0,0,0,0,0,0,0,0,0,0,0,0,0.531,0.838,0.18,0.059,0.121,0.04,0.019,6.147,0.0
lovelst01w,7,0,CHI,34,6,623,253,136,22,19,20,53,69,95,44,63,19,0,0,0,0,0,0,0,0,0,0,0,0,0,0,0,0,0,0,0,0,0.499,0.415,0.218,0.077,0.141,0.03,0.032,7.441,0.0
lovelst01w,8,0,WAS,9,0,105,24,13,2,4,0,7,13,9,4,7,2,0,0,0,0,0,0,0,0,0,0,0,0,0,0,0,0,0,0,0,0,0.489,0.286,0.124,0.057,0.067,0.038,0.0,2.667,0.0
lovelst01w,9,1,ATL,15,7,258,91,54,15,17,10,18,34,36,9,24,10,2,0,0,0,0,0,0,0,0,0,0,0,0,0,0,0,0,0,0,0,0.48,0.833,0.209,0.078,0.132,0.066,0.039,6.067,0.0
lovelst01w,9,2,DET,7,2,44,10,7,1,1,0,4,6,2,4,5,2,0,0,0,0,0,0,0,0,0,0,0,0,0,0,0,0,0,0,0,0,0.519,0.25,0.159,0.023,0.136,0.023,0.0,1.429,0.0
luckepa01w,2,0,PHO,1,0,8,0,1,1,0,1,0,0,0,0,0,0,0,0,0,0,0,0,0,0,0,0,0,0,0,0,0,0,0,0,0,0,0.0,0.0,0.125,0.0,0.125,0.0,0.125,0.0,0.0
luzhe01w,2,0,WAS,32,3,489,164,37,55,28,5,43,47,55,22,82,32,0,0,0,0,0,0,0,0,0,0,0,0,0,0,0,0,0,0,0,0,0.558,1.279,0.076,0.02,0.055,0.057,0.01,5.125,0.0
luzhe01w,3,0,WAS,32,0,474,187,32,48,18,5,43,40,65,15,106,42,0,4,0,46,18,0,3,3,8,2,0,3,2,12,7,0,0,8,4,0,0.598,1.116,0.068,0.019,0.049,0.038,0.011,5.844,0.0
luzhe01w,4,0,WAS,20,0,165,59,10,21,6,2,11,16,19,9,40,12,0,0,0,0,0,0,0,0,0,0,0,0,0,0,0,0,0,0,0,0,0.514,1.909,0.061,0.012,0.048,0.036,0.012,2.95,0.0
lyttlsa01w,6,0,HOU,33,0,460,140,125,17,20,3,23,45,59,22,0,0,0,5,0,34,10,2,10,12,0,2,0,0,5,5,3,6,4,0,0,0,0.59,0.739,0.272,0.076,0.196,0.043,0.007,4.242,0.0
lyttlsa01w,7,0,HOU,29,2,380,106,114,8,25,4,18,61,40,26,0,0,0,2,0,31,11,0,10,10,0,1,0,2,4,5,4,4,3,0,0,0,0.502,0.444,0.3,0.105,0.195,0.066,0.011,3.655,0.0
lyttlsa01w,8,0,HOU,31,25,506,183,164,30,37,20,40,62,77,29,0,0,0,0,0,0,0,0,0,0,0,0,0,0,0,0,0,0,0,0,0,0,0.513,0.75,0.324,0.13,0.194,0.073,0.04,5.903,0.0
lyttlsa01w,9,0,HOU,27,9,489,222,168,24,40,27,30,64,92,38,0,0,2,0,0,0,0,0,0,0,0,0,0,0,0,0,0,0,0,0,0,0,0.615,0.8,0.344,0.1,0.243,0.082,0.055,8.222,0.0
lyttlsa01w,10,0,ATL,34,31,931,443,254,51,68,22,64,105,184,75,1,0,2,2,2,51,17,3,7,10,4,4,0,4,8,17,7,7,3,1,0,0,0.544,0.797,0.273,0.077,0.195,0.073,0.024,13.029,0.0
mabikmw01w,1,0,LAS,32,32,940,394,179,98,58,18,51,117,130,73,159,61,2,4,4,136,70,6,15,21,4,6,4,5,14,46,25,4,3,32,17,0,0.527,1.922,0.19,0.048,0.143,0.062,0.019,12.312,0.0
mabikmw01w,2,0,LAS,28,24,828,313,130,87,39,11,44,74,99,68,123,47,0,7,7,231,63,6,40,46,17,7,6,10,21,66,21,14,11,40,10,0,0.538,1.977,0.157,0.027,0.13,0.047,0.013,11.179,0.0
mabikmw01w,3,0,LAS,32,32,1050,539,167,92,38,9,62,90,188,99,175,64,1,6,6,212,88,11,30,41,25,8,1,10,19,82,31,26,18,25,8,0,0.543,1.484,0.159,0.03,0.129,0.036,0.009,16.844,0.0
mabikmw01w,4,0,LAS,32,30,1042,441,141,82,30,18,74,105,158,97,106,28,3,9,9,344,129,10,40,50,21,14,2,20,29,121,53,13,11,34,12,0,0.504,1.108,0.135,0.033,0.103,0.029,0.017,13.781,0.0
mabikmw01w,5,0,LAS,31,31,965,445,122,75,36,3,48,88,159,89,94,38,0,3,3,107,56,3,5,8,10,7,0,6,10,46,17,16,15,20,7,0,0.517,1.562,0.126,0.04,0.086,0.037,0.003,14.355,0.0
mabikmw01w,6,0,LAS,17,14,367,99,27,29,15,0,14,43,39,10,49,11,0,1,1,11,2,0,0,0,0,0,0,2,0,4,1,0,0,2,0,0,0.378,2.071,0.074,0.022,0.052,0.041,0.0,5.824,0.0
mabikmw01w,7,0,LAS,32,32,679,272,64,48,19,6,37,77,92,56,96,32,0,5,4,140,77,7,13,20,10,7,0,8,21,67,26,17,12,30,13,1,0.501,1.297,0.094,0.025,0.069,0.028,0.009,8.5,0.0
mabikmw01w,8,0,LAS,33,23,762,267,126,72,28,4,73,90,94,43,116,36,1,0,0,0,0,0,0,0,0,0,0,0,0,0,0,0,0,0,0,0,0.472,0.986,0.165,0.021,0.144,0.037,0.005,8.091,0.0
mabikmw01w,9,0,HOU,20,11,327,92,37,17,10,0,12,39,30,15,62,17,0,0,0,0,0,0,0,0,0,0,0,0,0,0,0,0,0,0,0,0,0.425,1.417,0.113,0.031,0.083,0.031,0.0,4.6,0.0
macchla01w,5,0,LAS,25,15,410,152,61,14,21,6,29,56,52,41,26,7,0,1,0,15,2,1,3,4,1,1,0,3,4,6,1,0,0,1,0,0,0.584,0.483,0.149,0.056,0.093,0.051,0.015,6.08,0.0
macchla01w,6,0,LAS,13,1,148,63,18,7,8,1,13,23,21,12,28,9,0,2,0,9,7,0,0,0,0,0,0,0,1,4,2,2,2,1,1,0,0.521,0.538,0.122,0.041,0.081,0.054,0.007,4.846,0.0
machacl01w,1,0,LAS,31,1,421,110,72,18,13,4,19,66,48,14,1,0,1,4,0,47,12,6,5,11,0,1,1,1,6,8,4,6,4,0,0,0,0.585,0.947,0.171,0.048,0.124,0.031,0.01,3.548,0.0
machacl01w,2,0,CHA,30,8,580,163,121,17,16,16,41,95,63,37,0,0,2,8,0,132,38,7,12,19,2,3,3,6,11,32,17,6,4,0,0,0,0.539,0.415,0.209,0.059,0.15,0.028,0.028,5.433,0.0
machacl01w,3,0,ORL,29,25,428,138,64,17,12,4,33,61,61,16,0,0,0,0,0,0,0,0,0,0,0,0,0,0,0,0,0,0,0,0,0,0,0.552,0.515,0.15,0.061,0.089,0.028,0.009,4.759,0.0
mahonme01w,7,0,CON,31,1,351,76,66,24,7,1,25,38,26,17,29,7,0,4,0,13,0,0,2,2,0,0,0,2,2,4,0,0,0,3,0,0,0.407,0.96,0.188,0.043,0.145,0.02,0.003,2.452,0.0
mahonme01w,8,0,CON,18,0,121,31,14,8,4,1,11,18,7,16,6,1,0,2,0,11,7,2,1,3,0,1,0,0,3,4,3,2,1,1,0,0,0.411,0.727,0.116,0.058,0.058,0.033,0.008,1.722,0.0
mahonsh01w,1,0,NYL,15,3,158,27,30,4,2,1,5,14,11,4,5,1,0,0,0,0,0,0,0,0,0,0,0,0,0,0,0,0,0,0,0,0,0.325,0.8,0.19,0.063,0.127,0.013,0.006,1.8,0.0
mahonsh01w,3,0,PHO,3,0,13,5,2,1,0,0,1,4,2,1,1,0,0,0,0,0,0,0,0,0,0,0,0,0,0,0,0,0,0,0,0,0,0.727,1.0,0.154,0.154,0.0,0.0,0.0,1.667,0.0
maigaha01w,3,0,SAC,23,3,197,40,37,9,15,3,23,37,13,14,0,0,0,0,0,0,0,0,0,0,0,0,0,0,0,0,0,0,0,0,0,0,0.302,0.391,0.188,0.091,0.096,0.076,0.015,1.739,0.0
maigaha01w,4,0,SAC,22,0,190,42,37,14,18,2,14,27,17,8,0,0,0,4,0,15,2,1,2,3,2,0,0,5,4,3,1,0,0,0,0,0,0.345,1.0,0.195,0.068,0.126,0.095,0.011,1.909,0.0
maigaha01w,5,0,SAC,34,0,480,140,71,25,29,6,49,63,62,16,0,0,0,6,0,68,5,3,3,6,4,7,0,7,11,13,2,4,1,1,0,0,0.484,0.51,0.148,0.073,0.075,0.06,0.012,4.118,0.0
maigaha01w,6,0,SAC,34,0,408,129,67,30,24,6,42,69,59,11,0,0,0,8,0,82,30,5,8,13,4,5,3,8,16,26,13,6,4,0,0,1,0.441,0.714,0.164,0.076,0.088,0.059,0.015,3.794,0.0
maigaha01w,7,0,SAC,34,7,537,177,73,30,32,9,45,80,75,27,1,0,1,9,0,118,36,8,7,15,12,6,1,10,23,42,16,5,4,0,0,0,0.494,0.667,0.136,0.065,0.071,0.06,0.017,5.206,0.0
maigaha01w,8,0,HOU,34,34,1008,310,137,77,57,3,70,113,122,65,5,1,1,0,0,0,0,0,0,0,0,0,0,0,0,0,0,0,0,0,0,0,0.511,1.1,0.136,0.039,0.097,0.057,0.003,9.118,0.0
maigaha01w,9,0,HOU,26,22,590,202,85,39,33,8,57,64,87,27,2,1,0,0,0,0,0,0,0,0,0,0,0,0,0,0,0,0,0,0,0,0,0.52,0.684,0.144,0.051,0.093,0.056,0.014,7.769,0.0
maigaha01w,10,0,SAC,34,5,676,303,89,37,31,8,52,76,124,55,1,0,0,0,0,0,0,0,0,0,0,0,0,0,0,0,0,0,0,0,0,0,0.524,0.712,0.132,0.05,0.081,0.046,0.012,8.912,0.0
malcona01w,2,0,IND,31,23,705,257,91,26,13,3,48,75,90,54,56,23,2,0,0,0,0,0,0,0,0,0,0,0,0,0,0,0,0,0,0,0,0.537,0.542,0.129,0.044,0.085,0.018,0.004,8.29,0.0
malcona01w,3,0,IND,29,28,599,156,61,21,13,3,34,42,58,28,41,12,0,3,3,69,17,1,5,6,0,0,0,2,9,13,7,3,2,4,1,1,0.448,0.618,0.102,0.037,0.065,0.022,0.005,5.379,0.0
malloso01w,4,0,PHO,6,0,44,10,10,0,1,4,6,7,4,2,0,0,0,0,0,0,0,0,0,0,0,0,0,0,0,0,0,0,0,0,0,0,0.506,0.0,0.227,0.091,0.136,0.023,0.091,1.667,0.0
maltsev01w,8,0,CON,26,7,482,147,66,39,20,2,26,39,53,9,77,32,0,3,0,33,0,0,4,4,1,1,3,3,3,6,0,0,0,6,0,0,0.506,1.5,0.137,0.033,0.104,0.041,0.004,5.654,0.0
mannish01w,1,0,MIA,24,9,403,103,100,17,23,4,39,59,44,14,2,1,1,0,0,0,0,0,0,0,0,0,0,0,0,0,0,0,0,0,0,0,0.498,0.436,0.248,0.102,0.146,0.057,0.01,4.292,0.0
mannkr01w,6,0,MIN,24,0,185,71,35,11,8,1,7,16,30,11,9,0,0,0,0,0,0,0,0,0,0,0,0,0,0,0,0,0,0,0,0,0,0.53,1.571,0.189,0.059,0.13,0.043,0.005,2.958,0.0
mannkr01w,7,0,MIN,33,33,894,245,113,94,19,7,50,71,92,25,96,36,0,0,0,0,0,0,0,0,0,0,0,0,0,0,0,0,0,0,0,0,0.484,1.88,0.126,0.026,0.101,0.021,0.008,7.424,0.0
mannkr01w,8,0,MIN,34,17,882,258,122,43,31,7,27,81,96,29,106,37,1,0,0,0,0,0,0,0,0,0,0,0,0,0,0,0,0,0,0,0,0.474,1.593,0.138,0.044,0.094,0.035,0.008,7.588,0.0
mannkr01w,9,1,ATL,13,8,223,45,19,14,8,4,14,23,18,5,8,4,0,0,0,0,0,0,0,0,0,0,0,0,0,0,0,0,0,0,0,0,0.487,1.0,0.085,0.04,0.045,0.036,0.018,3.462,0.0
mannkr01w,9,2,IND,5,0,31,2,4,1,1,1,1,0,1,0,1,0,0,3,0,30,10,1,0,1,1,1,0,4,4,9,4,0,0,6,2,0,0.25,1.0,0.129,0.032,0.097,0.032,0.032,0.4,0.0
mannkr01w,10,0,WAS,16,0,95,25,14,6,3,0,3,9,10,1,18,4,0,1,0,8,3,1,0,1,0,0,0,1,1,2,1,0,0,2,1,0,0.44,2.0,0.147,0.021,0.126,0.032,0.0,1.562,0.0
mapprh01w,1,0,CHA,30,30,856,357,205,64,30,24,59,112,138,73,22,8,3,0,0,0,0,0,0,0,0,0,0,0,0,0,0,0,0,0,0,0,0.527,1.085,0.239,0.07,0.169,0.035,0.028,11.9,0.0
mapprh01w,2,0,LAS,30,0,395,126,79,14,16,6,25,60,51,24,3,0,0,5,0,27,6,1,6,7,3,0,0,2,5,9,3,0,0,0,0,0,0.46,0.56,0.2,0.086,0.114,0.041,0.015,4.2,0.0
mapprh01w,4,0,LAS,24,4,255,62,68,6,7,6,12,45,30,2,1,0,0,0,0,0,0,0,0,0,0,0,0,0,0,0,0,0,0,0,0,0,0.502,0.5,0.267,0.102,0.165,0.027,0.024,2.583,0.0
marcimi01w,1,0,POR,32,0,537,177,59,73,37,6,67,79,58,43,54,18,2,0,0,0,0,0,0,0,0,0,0,0,0,0,0,0,0,0,0,0,0.473,1.09,0.11,0.02,0.089,0.069,0.011,5.531,0.0
marcimi01w,2,0,SEA,27,5,392,132,38,47,30,2,30,49,51,20,33,10,0,0,0,0,0,0,0,0,0,0,0,0,0,0,0,0,0,0,0,0,0.425,1.567,0.097,0.043,0.054,0.077,0.005,4.889,0.0
marcimi01w,3,0,SEA,23,1,280,72,28,38,11,2,25,33,24,22,8,2,0,2,0,29,8,0,2,2,1,3,0,4,3,5,1,6,6,1,0,0,0.446,1.52,0.1,0.029,0.071,0.039,0.007,3.13,0.0
martima01w,1,0,MIN,30,13,456,132,67,21,17,13,29,81,54,19,19,5,1,0,0,0,0,0,0,0,0,0,0,0,0,0,0,0,0,0,0,0,0.5,0.724,0.147,0.055,0.092,0.037,0.029,4.4,0.0
martima01w,2,0,MIN,31,12,494,95,86,19,17,15,37,87,35,19,18,6,2,0,0,0,0,0,0,0,0,0,0,0,0,0,0,0,0,0,0,0,0.407,0.514,0.174,0.055,0.119,0.034,0.03,3.065,0.0
martinu01w,6,0,MIN,1,0,2,0,0,0,0,0,0,0,0,0,1,0,0,0,0,0,0,0,0,0,0,0,0,0,0,0,0,0,0,0,0,0,0.0,,0.0,0.0,0.0,0.0,0.0,0.0,0.0
mascira01w,5,0,LAS,17,0,116,28,5,8,1,0,5,23,10,4,11,4,0,1,0,2,0,0,0,0,0,0,0,0,1,0,0,0,0,0,0,0,0.476,1.6,0.043,0.009,0.034,0.009,0.0,1.647,0.0
mascira01w,6,0,LAS,33,1,463,122,47,23,15,1,21,51,44,15,46,19,0,2,1,47,24,2,1,3,4,1,0,1,6,17,8,4,4,10,4,0,0.541,1.095,0.102,0.043,0.058,0.032,0.002,3.697,0.0
mascira01w,9,0,LAS,29,1,412,126,40,16,8,1,16,35,47,16,68,16,0,5,3,82,34,1,1,2,2,2,3,1,8,27,12,5,3,15,7,0,0.438,1.0,0.097,0.036,0.061,0.019,0.002,4.345,0.0
matteca01w,6,0,CHA,10,0,56,9,3,6,1,0,2,4,3,2,7,1,0,0,0,0,0,0,0,0,0,0,0,0,0,0,0,0,0,0,0,0,0.324,3.0,0.054,0.0,0.054,0.018,0.0,0.9,0.0
maxwemo01w,1,0,IND,32,32,1029,332,160,63,49,16,64,92,110,50,156,62,0,0,0,0,0,0,0,0,0,0,0,0,0,0,0,0,0,0,0,0,0.535,0.984,0.155,0.039,0.117,0.048,0.016,10.375,0.0
maxwemo01w,2,0,IND,15,3,238,47,38,14,5,3,22,19,16,8,31,7,0,0,0,0,0,0,0,0,0,0,0,0,0,0,0,0,0,0,0,0,0.403,0.636,0.16,0.05,0.109,0.021,0.013,3.133,0.0
maxwemo01w,3,0,IND,18,0,170,35,31,7,7,4,6,16,14,2,17,5,0,2,0,8,0,0,0,0,1,0,0,0,0,3,0,0,0,1,0,0,0.365,1.167,0.182,0.071,0.112,0.041,0.024,1.944,0.0
mazzake01w,5,0,CHA,34,0,339,79,33,9,7,2,20,22,31,4,52,13,0,0,0,0,0,0,0,0,0,0,0,0,0,0,0,0,0,0,0,0,0.417,0.45,0.097,0.027,0.071,0.021,0.006,2.324,0.0
mazzake01w,6,0,CHA,27,2,226,64,31,7,9,0,7,9,21,8,46,14,0,0,0,0,0,0,0,0,0,0,0,0,0,0,0,0,0,0,0,0,0.419,1.0,0.137,0.062,0.075,0.04,0.0,2.37,0.0
mazzake01w,7,0,CHA,34,0,725,302,99,64,47,6,48,37,105,28,167,64,0,0,0,0,0,0,0,0,0,0,0,0,0,0,0,0,0,0,0,0,0.518,1.333,0.137,0.032,0.105,0.065,0.008,8.882,0.0
mazzake01w,8,0,PHO,34,3,488,182,56,38,26,2,20,28,64,15,114,39,0,9,0,131,58,7,11,18,6,4,0,1,9,45,19,2,2,42,18,0,0.53,1.9,0.115,0.023,0.092,0.053,0.004,5.353,0.0
mazzake01w,9,0,PHO,34,2,641,197,66,38,24,2,18,44,68,5,169,56,0,0,0,0,0,0,0,0,0,0,0,0,0,0,0,0,0,0,0,0,0.474,2.111,0.103,0.023,0.08,0.037,0.003,5.794,0.0
mazzake01w,10,0,PHO,31,2,433,106,40,17,10,3,10,42,36,3,88,31,0,4,0,14,0,0,2,2,0,0,0,1,0,2,0,0,0,1,0,0,0.528,1.7,0.092,0.016,0.076,0.023,0.007,3.419,0.0
mccaibr01w,3,0,CLE,31,2,392,83,26,41,11,3,34,29,25,12,58,21,0,0,0,0,0,0,0,0,0,0,0,0,0,0,0,0,0,0,0,0,0.446,1.206,0.066,0.01,0.056,0.028,0.008,2.677,0.0
mccaiti01w,1,0,ORL,25,0,214,51,11,5,3,1,9,18,15,16,22,5,0,2,0,11,6,0,1,1,1,0,0,1,4,3,2,0,0,3,2,0,0.448,0.556,0.051,0.009,0.042,0.014,0.005,2.04,0.0
mccaiti01w,2,0,ORL,32,9,442,97,38,36,10,8,34,52,35,6,67,21,0,0,0,0,0,0,0,0,0,0,0,0,0,0,0,0,0,0,0,0,0.429,1.059,0.086,0.016,0.07,0.023,0.018,3.031,0.0
mccaiti01w,3,0,ORL,16,0,51,7,3,2,3,0,3,9,2,3,4,0,0,0,0,0,0,0,0,0,0,0,0,0,0,0,0,0,0,0,0,0,0.298,0.667,0.059,0.02,0.039,0.059,0.0,0.438,0.0
mccanra01w,10,0,MIN,34,1,482,145,68,26,15,10,36,74,56,22,38,11,1,0,0,0,0,0,0,0,0,0,0,0,0,0,0,0,0,0,0,0,0.434,0.722,0.141,0.062,0.079,0.031,0.021,4.265,0.0
mccarja01w,6,0,CHA,28,3,311,50,76,11,12,7,22,39,17,16,0,0,0,0,0,0,0,0,0,0,0,0,0,0,0,0,0,0,0,0,0,0,0.41,0.5,0.244,0.103,0.141,0.039,0.023,1.786,0.0
mccarja01w,7,0,CHA,30,3,421,136,105,25,17,20,28,51,54,28,0,0,1,0,0,0,0,0,0,0,0,0,0,0,0,0,0,0,0,0,0,0,0.495,0.893,0.249,0.095,0.154,0.04,0.048,4.533,0.0
mccarja01w,8,0,NYL,32,21,677,332,152,36,39,20,79,72,136,60,1,0,1,3,3,98,42,3,14,17,10,8,4,9,13,41,17,14,8,0,0,0,0.591,0.456,0.225,0.066,0.158,0.058,0.03,10.375,1.0
mccarja01w,9,0,NYL,31,31,816,425,168,66,45,26,67,78,168,89,8,0,1,6,6,165,83,6,25,31,8,6,9,19,22,71,35,23,13,2,0,0,0.583,0.985,0.206,0.064,0.142,0.055,0.032,13.71,0.0
mccarja01w,10,0,NYL,32,32,848,393,175,88,41,44,86,79,151,90,3,1,1,0,0,0,0,0,0,0,0,0,0,0,0,0,0,0,0,0,0,0,0.565,1.023,0.206,0.074,0.132,0.048,0.052,12.281,0.0
mccarst01w,1,0,IND,32,12,635,230,60,57,31,6,47,49,66,71,70,27,0,0,0,0,0,0,0,0,0,0,0,0,0,0,0,0,0,0,0,0,0.564,1.213,0.094,0.022,0.072,0.049,0.009,7.188,0.0
mccarst01w,2,0,IND,30,0,504,169,55,58,26,14,38,50,52,42,57,23,0,0,0,0,0,0,0,0,0,0,0,0,0,0,0,0,0,0,0,0,0.524,1.526,0.109,0.026,0.083,0.052,0.028,5.633,0.0
mccarst01w,4,0,IND,28,10,577,194,41,58,34,6,37,60,60,45,84,29,0,0,0,0,0,0,0,0,0,0,0,0,0,0,0,0,0,0,0,0,0.5,1.568,0.071,0.024,0.047,0.059,0.01,6.929,0.0
mccarst01w,5,0,IND,22,12,450,91,28,52,24,5,30,30,27,24,39,13,0,0,0,0,0,0,0,0,0,0,0,0,0,0,0,0,0,0,0,0,0.523,1.733,0.062,0.018,0.044,0.053,0.011,4.136,0.0
mcconsu01w,1,0,CLE,32,32,705,173,50,119,15,1,69,30,58,19,97,38,0,6,6,147,39,3,11,14,25,5,1,16,5,45,14,2,2,36,9,0,0.573,1.725,0.071,0.013,0.058,0.021,0.001,5.406,1.0
mccouan01w,10,0,ATL,34,10,735,435,105,71,74,12,72,92,160,100,51,15,2,2,2,58,38,1,10,11,6,2,0,12,7,31,15,6,4,7,4,0,0.55,0.986,0.143,0.048,0.095,0.101,0.016,12.794,1.0
mccrani01w,1,0,WAS,32,32,1046,497,56,85,45,5,89,79,167,113,151,50,0,2,2,70,15,2,4,6,13,1,0,10,6,16,7,0,0,7,1,0,0.553,0.955,0.054,0.021,0.033,0.043,0.005,15.531,0.0
mccrani01w,2,0,WAS,32,32,828,351,56,47,26,0,73,68,119,91,95,22,1,0,0,0,0,0,0,0,0,0,0,0,0,0,0,0,0,0,0,0,0.507,0.644,0.068,0.027,0.041,0.031,0.0,10.969,0.0
mccrani01w,3,0,IND,32,32,1058,369,97,70,28,3,82,73,132,84,66,21,2,3,3,99,24,1,3,4,11,1,0,5,4,27,10,5,3,6,1,0,0.508,0.854,0.092,0.027,0.064,0.026,0.003,11.531,0.0
mccrani01w,4,0,IND,34,32,734,131,51,49,37,2,44,67,52,20,32,7,1,0,0,0,0,0,0,0,0,0,0,0,0,0,0,0,0,0,0,0,0.441,1.114,0.069,0.025,0.045,0.05,0.003,3.853,0.0
mccrani01w,5,0,PHO,27,9,371,69,29,13,7,0,18,35,30,4,11,5,0,0,0,0,0,0,0,0,0,0,0,0,0,0,0,0,0,0,0,0,0.492,0.722,0.078,0.027,0.051,0.019,0.0,2.556,0.0
mccrani01w,6,0,SAS,23,5,302,38,20,16,11,0,18,26,15,7,20,1,0,0,0,0,0,0,0,0,0,0,0,0,0,0,0,0,0,0,0,0,0.284,0.889,0.066,0.023,0.043,0.036,0.0,1.652,0.0
mccrani01w,7,0,CHI,11,2,86,22,5,5,7,1,10,8,8,5,5,1,0,0,0,0,0,0,0,0,0,0,0,0,0,0,0,0,0,0,0,0,0.439,0.5,0.058,0.023,0.035,0.081,0.012,2.0,0.0
mccrini01w,1,0,LAS,32,0,488,101,32,65,29,8,48,41,39,7,33,16,0,4,0,49,10,3,4,7,10,1,0,5,2,12,3,4,3,4,1,0,0.607,1.354,0.066,0.018,0.047,0.059,0.016,3.156,0.0
mccrini01w,2,0,LAS,28,0,350,64,12,63,21,0,22,19,28,3,12,5,0,7,0,41,5,0,4,4,6,5,0,4,5,2,1,4,2,1,1,0,0.484,2.864,0.034,0.009,0.026,0.06,0.0,2.286,0.0
mccrini01w,3,0,LAS,32,0,356,51,23,53,22,3,24,22,20,7,15,4,0,5,0,22,8,0,1,1,2,2,0,1,2,7,3,1,1,2,1,0,0.474,2.208,0.065,0.025,0.039,0.062,0.008,1.594,0.0
mccrini01w,4,0,LAS,33,1,299,68,29,32,19,1,17,20,28,7,12,5,0,7,0,54,9,0,4,4,7,2,0,4,5,18,4,0,0,6,1,0,0.511,1.882,0.097,0.023,0.074,0.064,0.003,2.061,0.0
mcculda01w,1,0,IND,29,2,456,175,82,19,16,22,37,63,63,46,17,3,1,0,0,0,0,0,0,0,0,0,0,0,0,0,0,0,0,0,0,0,0.484,0.514,0.18,0.099,0.081,0.035,0.048,6.034,0.0
mcculda01w,2,0,IND,8,2,90,28,17,5,0,2,7,12,5,17,2,1,0,0,0,0,0,0,0,0,0,0,0,0,0,0,0,0,0,0,0,0,0.54,0.714,0.189,0.044,0.144,0.0,0.022,3.5,0.0
mcculda01w,3,0,SEA,4,1,43,2,7,1,1,0,2,5,0,2,3,0,0,0,0,0,0,0,0,0,0,0,0,0,0,0,0,0,0,0,0,0,0.078,0.5,0.163,0.07,0.093,0.023,0.0,0.5,0.0
mcculda01w,4,0,SEA,7,0,26,2,1,0,0,0,4,3,1,0,1,0,0,0,0,0,0,0,0,0,0,0,0,0,0,0,0,0,0,0,0,0,0.167,0.0,0.038,0.0,0.038,0.0,0.0,0.286,0.0
mcgheca01w,1,0,ORL,32,0,408,87,64,23,21,5,31,58,30,27,3,0,0,3,0,37,5,4,1,5,1,4,0,3,3,7,1,3,3,0,0,0,0.434,0.742,0.157,0.066,0.091,0.051,0.012,2.719,0.0
mcgheca01w,2,0,ORL,17,0,71,14,10,0,1,1,6,9,6,2,0,0,0,0,0,0,0,0,0,0,0,0,0,0,0,0,0,0,0,0,0,0,0.272,0.0,0.141,0.042,0.099,0.014,0.014,0.824,0.0
mcgheca01w,3,0,ORL,2,0,4,5,1,0,0,0,0,0,2,1,0,0,0,0,0,0,0,0,0,0,0,0,0,0,0,0,0,0,0,0,0,0,0.563,,0.25,0.25,0.0,0.0,0.0,2.5,0.0
mckivte01w,4,0,CHA,31,1,341,105,91,6,14,24,27,58,41,23,1,0,0,2,0,13,0,2,0,2,0,0,1,0,2,2,0,0,0,0,0,0,0.573,0.222,0.267,0.109,0.158,0.041,0.07,3.387,0.0
mckivte01w,5,0,CHA,9,0,77,35,18,0,2,6,5,21,14,7,0,0,0,0,0,0,0,0,0,0,0,0,0,0,0,0,0,0,0,0,0,0,0.528,0.0,0.234,0.117,0.117,0.026,0.078,3.889,0.0
mckivte01w,6,0,CHA,31,1,362,113,65,7,14,18,26,71,44,25,0,0,0,0,0,0,0,0,0,0,0,0,0,0,0,0,0,0,0,0,0,0,0.529,0.269,0.18,0.08,0.099,0.039,0.05,3.645,0.0
mckivte01w,8,0,PHO,2,0,5,0,1,0,0,1,0,1,0,0,0,0,0,0,0,0,0,0,0,0,0,0,0,0,0,0,0,0,0,0,0,0,0.0,,0.2,0.0,0.2,0.0,0.2,0.0,0.0
mcwilta01w,1,0,ORL,32,32,1098,438,244,54,59,31,83,86,173,87,17,5,0,3,3,107,43,6,17,23,5,2,3,5,8,38,18,9,7,2,0,0,0.571,0.651,0.222,0.082,0.14,0.054,0.028,13.688,0.0
mcwilta01w,2,0,ORL,32,32,1059,403,243,69,52,50,80,74,157,87,10,2,1,0,0,0,0,0,0,0,0,0,0,0,0,0,0,0,0,0,0,0,0.527,0.862,0.229,0.108,0.122,0.049,0.047,12.594,0.0
mcwilta01w,3,0,ORL,13,12,383,110,63,13,19,14,22,40,41,27,3,1,1,0,0,0,0,0,0,0,0,0,0,0,0,0,0,0,0,0,0,0,0.575,0.591,0.164,0.055,0.11,0.05,0.037,8.462,0.0
mcwilta01w,4,0,CON,34,34,983,354,227,49,43,33,54,103,133,76,43,12,1,4,4,122,65,9,21,30,5,6,2,6,10,47,24,17,16,5,1,0,0.512,0.907,0.231,0.079,0.152,0.044,0.034,10.412,0.0
mcwilta01w,5,0,CON,34,34,1133,413,244,63,48,45,73,96,168,77,12,0,1,8,8,252,83,19,40,59,15,12,6,13,22,87,35,18,12,2,1,0,0.506,0.863,0.215,0.073,0.142,0.042,0.04,12.147,0.0
mcwilta01w,6,0,CON,34,34,1083,471,248,65,37,25,59,80,180,107,18,4,1,8,8,284,127,22,53,75,13,9,11,16,23,94,48,38,30,3,1,0,0.556,1.102,0.229,0.072,0.157,0.034,0.023,13.853,1.0
mcwilta01w,7,0,CON,32,32,996,410,306,80,35,31,78,75,164,81,8,1,0,5,5,164,64,16,31,47,11,2,4,9,17,63,27,15,10,3,0,0,0.543,1.026,0.307,0.104,0.203,0.035,0.031,12.812,0.0
mcwilta01w,8,0,LAS,29,27,851,321,170,49,34,30,50,75,125,68,13,3,1,0,0,0,0,0,0,0,0,0,0,0,0,0,0,0,0,0,0,0,0.546,0.98,0.2,0.081,0.119,0.04,0.035,11.069,0.0
mcwilta01w,9,2,DET,7,7,185,75,47,13,3,5,9,18,27,20,1,1,0,9,9,293,116,19,44,63,19,9,12,17,22,98,48,22,19,2,1,0,0.509,1.444,0.254,0.092,0.162,0.016,0.027,10.714,0.0
mcwilta01w,9,1,WAS,26,26,862,347,191,41,44,25,75,62,147,46,25,7,0,0,0,0,0,0,0,0,0,0,0,0,0,0,0,0,0,0,0,0,0.564,0.547,0.222,0.068,0.153,0.051,0.029,13.346,0.0
mcwilta01w,10,0,DET,34,34,1032,332,225,98,33,16,66,86,139,51,15,3,0,5,5,134,38,6,16,22,9,5,2,13,18,28,18,2,1,1,1,0,0.53,1.485,0.218,0.063,0.155,0.032,0.016,9.765,0.0
melvich01w,1,0,CLE,32,32,904,373,172,61,29,18,62,113,136,100,7,1,4,6,6,183,53,16,24,40,11,5,3,11,20,38,20,18,13,1,0,0,0.534,0.984,0.19,0.076,0.114,0.032,0.02,11.656,0.0
melvich01w,2,0,CLE,27,20,754,266,154,50,24,16,45,81,102,60,2,2,0,3,2,81,24,6,6,12,6,2,2,6,5,16,8,11,8,0,0,0,0.526,1.111,0.204,0.088,0.117,0.032,0.021,9.852,0.0
melvich01w,3,0,CLE,32,32,1055,399,194,57,28,18,74,104,153,90,6,3,2,0,0,0,0,0,0,0,0,0,0,0,0,0,0,0,0,0,0,0,0.515,0.77,0.184,0.08,0.104,0.027,0.017,12.469,0.0
melvich01w,4,0,CLE,34,34,1061,444,215,52,28,22,67,108,159,123,11,3,0,3,3,104,50,3,10,13,5,2,4,8,10,31,12,34,26,1,0,0,0.541,0.776,0.203,0.077,0.125,0.026,0.021,13.059,0.0
melvich01w,5,0,WAS,34,16,825,293,131,37,15,18,52,89,104,85,0,0,0,3,3,104,41,7,18,25,6,1,4,2,10,31,13,21,15,0,0,0,0.481,0.712,0.159,0.076,0.082,0.018,0.022,8.618,0.0
melvich01w,6,0,WAS,34,34,1051,397,199,25,31,14,61,113,150,93,16,4,1,0,0,0,0,0,0,0,0,0,0,0,0,0,0,0,0,0,0,0,0.543,0.41,0.189,0.078,0.111,0.029,0.013,11.676,0.0
melvich01w,7,0,WAS,34,34,999,405,224,45,34,26,62,109,153,99,2,0,1,2,2,58,11,10,5,15,0,0,0,5,11,15,5,4,1,0,0,1,0.562,0.726,0.224,0.084,0.14,0.034,0.026,11.912,0.0
melvich01w,8,2,CHI,29,25,853,288,193,37,32,22,69,88,109,69,5,1,0,0,0,0,0,0,0,0,0,0,0,0,0,0,0,0,0,0,0,0,0.512,0.536,0.226,0.077,0.149,0.038,0.026,9.931,0.0
melvich01w,8,1,WAS,3,3,82,34,20,0,6,0,2,13,9,16,2,0,0,0,0,0,0,0,0,0,0,0,0,0,0,0,0,0,0,0,0,0,0.495,0.0,0.244,0.085,0.159,0.073,0.0,11.333,0.0
melvich01w,9,0,CHI,34,18,759,278,172,50,31,10,49,99,98,81,3,1,1,0,0,0,0,0,0,0,0,0,0,0,0,0,0,0,0,0,0,0,0.498,1.02,0.227,0.112,0.115,0.041,0.013,8.176,0.0
melvich01w,10,0,WAS,34,33,756,201,158,36,34,29,50,101,84,33,1,0,0,2,2,45,17,2,4,6,4,2,1,7,10,12,7,3,3,0,0,1,0.468,0.72,0.209,0.104,0.104,0.045,0.038,5.912,0.0
mendigi01w,5,0,SAC,6,0,39,10,5,3,0,0,3,2,4,0,5,2,0,0,0,0,0,0,0,0,0,0,0,0,0,0,0,0,0,0,0,0,0.625,1.0,0.128,0.051,0.077,0.0,0.0,1.667,0.0
miaomi01w,6,0,SAC,18,0,135,31,4,13,5,1,15,13,9,7,20,6,0,0,0,0,0,0,0,0,0,0,0,0,0,0,0,0,0,0,0,0,0.469,0.867,0.03,0.0,0.03,0.037,0.007,1.722,0.0
millebr01w,10,0,DET,1,0,8,0,0,0,1,0,0,1,0,0,0,0,0,0,0,0,0,0,0,0,0,0,0,0,0,0,0,0,0,0,0,0,0.0,,0.0,0.0,0.0,0.125,0.0,0.0,0.0
milleco01w,2,0,WAS,20,0,137,34,9,8,6,0,13,10,13,6,6,2,0,0,0,0,0,0,0,0,0,0,0,0,0,0,0,0,0,0,0,0,0.379,0.615,0.066,0.036,0.029,0.044,0.0,1.7,0.0
milleco01w,3,0,WAS,32,32,904,298,116,82,33,2,59,84,114,46,64,24,0,5,5,163,54,7,8,15,12,2,0,7,13,50,21,10,6,11,6,0,0.518,1.39,0.128,0.049,0.08,0.037,0.002,9.312,1.0
milleco01w,4,0,WAS,33,33,1076,413,127,86,39,7,53,95,172,37,89,32,1,0,0,0,0,0,0,0,0,0,0,0,0,0,0,0,0,0,0,0,0.509,1.623,0.118,0.051,0.067,0.036,0.007,12.515,0.0
milleco01w,5,0,WAS,33,8,637,160,63,43,18,3,27,60,72,11,19,5,0,3,0,51,16,3,4,7,2,5,0,2,2,19,7,2,2,0,0,0,0.462,1.593,0.099,0.055,0.044,0.028,0.005,4.848,0.0
milleco01w,6,0,WAS,34,4,500,153,59,44,26,3,28,53,68,8,24,9,0,0,0,0,0,0,0,0,0,0,0,0,0,0,0,0,0,0,0,0,0.465,1.571,0.118,0.048,0.07,0.052,0.006,4.5,0.0
milleco01w,7,0,WAS,34,4,658,206,91,59,34,4,49,73,84,26,30,12,1,2,0,38,16,2,4,6,2,1,0,4,7,15,7,4,1,2,1,0,0.561,1.204,0.138,0.055,0.084,0.052,0.006,6.059,0.0
milleco01w,8,0,WAS,30,2,455,120,49,25,19,2,29,45,47,16,25,10,0,0,0,0,0,0,0,0,0,0,0,0,0,0,0,0,0,0,0,0,0.488,0.862,0.108,0.044,0.064,0.042,0.004,4.0,0.0
milleco01w,9,0,WAS,34,6,710,179,85,47,26,5,58,63,77,10,53,15,0,0,0,0,0,0,0,0,0,0,0,0,0,0,0,0,0,0,0,0,0.399,0.81,0.12,0.065,0.055,0.037,0.007,5.265,0.0
milleco01w,10,0,ATL,34,5,407,131,50,33,12,2,31,37,50,23,27,8,0,2,0,13,7,0,0,0,2,0,0,1,0,5,3,0,0,1,1,0,0.491,1.065,0.123,0.049,0.074,0.029,0.005,3.853,0.0
milleke01w,2,0,CHA,26,0,225,55,28,14,9,0,9,14,22,4,19,7,0,2,0,8,0,0,0,0,0,0,0,0,0,2,0,2,0,0,0,0,0.465,1.556,0.124,0.049,0.076,0.04,0.0,2.115,0.0
milleke01w,3,0,CHA,32,0,554,211,68,49,22,1,27,39,79,29,51,24,0,2,0,13,5,0,2,2,0,0,0,1,3,4,2,0,0,1,1,0,0.545,1.815,0.123,0.056,0.067,0.04,0.002,6.594,0.0
milleke01w,4,0,CHA,34,0,523,189,53,47,18,2,35,44,68,31,52,22,0,2,0,23,8,0,1,1,2,0,0,1,2,10,4,0,0,2,0,0,0.512,1.343,0.101,0.038,0.063,0.034,0.004,5.559,0.0
milleke01w,5,0,IND,34,34,1096,348,108,106,37,5,74,81,126,50,112,46,3,0,0,0,0,0,0,0,0,0,0,0,0,0,0,0,0,0,0,0,0.496,1.432,0.099,0.026,0.073,0.034,0.005,10.235,1.0
milleke01w,6,0,IND,34,34,1057,348,86,81,40,2,53,81,122,67,114,37,1,4,4,155,40,0,7,7,10,5,0,5,13,39,12,10,7,17,9,0,0.556,1.528,0.081,0.025,0.057,0.038,0.002,10.235,0.0
milleke01w,7,0,PHO,27,24,814,296,144,94,28,6,73,74,109,48,79,30,0,0,0,0,0,0,0,0,0,0,0,0,0,0,0,0,0,0,0,0,0.517,1.288,0.177,0.05,0.127,0.034,0.007,10.963,0.0
milleke01w,8,0,PHO,34,34,1040,321,168,156,42,5,86,94,115,64,70,27,1,9,9,297,105,19,29,48,32,12,1,18,18,77,35,33,27,26,8,0,0.581,1.814,0.162,0.045,0.116,0.04,0.005,9.441,0.0
milleke01w,9,0,PHO,34,34,945,283,148,135,22,4,84,66,107,49,52,20,0,0,0,0,0,0,0,0,0,0,0,0,0,0,0,0,0,0,0,0,0.492,1.607,0.157,0.053,0.104,0.023,0.004,8.324,0.0
milleke01w,10,0,MIN,34,25,675,150,74,67,24,2,50,56,54,20,66,22,0,0,0,0,0,0,0,0,0,0,0,0,0,0,0,0,0,0,0,0,0.473,1.34,0.11,0.028,0.081,0.036,0.003,4.412,0.0
millsta01w,1,0,WAS,31,0,295,130,80,9,10,8,37,71,46,38,0,0,1,2,0,21,11,2,1,3,0,0,0,3,7,7,4,8,3,0,0,0,0.51,0.243,0.271,0.132,0.139,0.034,0.027,4.194,0.0
millsta01w,2,0,WAS,30,0,319,64,105,6,14,4,25,72,23,18,1,0,0,0,0,0,0,0,0,0,0,0,0,0,0,0,0,0,0,0,0,0,0.387,0.24,0.329,0.125,0.204,0.044,0.013,2.133,0.0
millsta01w,3,0,WAS,4,0,17,0,3,0,1,0,2,3,0,0,0,0,0,0,0,0,0,0,0,0,0,0,0,0,0,0,0,0,0,0,0,0,0.0,0.0,0.176,0.0,0.176,0.059,0.0,0.0,0.0
millsta01w,4,0,SAS,29,0,185,58,55,7,4,2,23,58,20,18,0,0,1,0,0,0,0,0,0,0,0,0,0,0,0,0,0,0,0,0,0,0,0.463,0.304,0.297,0.146,0.151,0.022,0.011,2.0,0.0
millsta01w,8,0,DET,5,1,51,15,18,2,0,0,6,11,6,3,0,0,0,0,0,0,0,0,0,0,0,0,0,0,0,0,0,0,0,0,0,0,0.33,0.333,0.353,0.196,0.157,0.0,0.0,3.0,0.0
miltode01w,1,0,LAS,32,32,983,378,194,68,44,29,67,124,150,76,8,2,3,4,4,136,50,11,11,22,12,6,2,10,14,37,20,12,10,0,0,1,0.559,1.015,0.197,0.056,0.141,0.045,0.03,11.812,0.0
miltode01w,2,0,LAS,32,27,938,330,169,68,49,29,58,101,134,50,35,12,0,7,7,226,86,12,32,44,20,7,10,11,22,64,35,19,13,8,3,0,0.51,1.172,0.18,0.076,0.104,0.052,0.031,10.312,0.0
miltode01w,3,0,LAS,32,25,966,362,211,45,50,35,94,122,132,77,50,21,3,6,3,204,78,9,32,41,8,10,9,11,22,60,27,16,15,16,9,0,0.571,0.479,0.218,0.067,0.151,0.052,0.036,11.312,0.0
miltode01w,4,0,LAS,31,30,1086,416,220,64,49,41,79,109,139,115,61,23,3,9,9,338,131,20,37,57,25,17,13,20,40,106,47,35,27,18,10,1,0.532,0.81,0.203,0.054,0.148,0.045,0.038,13.419,0.0
miltode01w,5,0,LAS,19,19,604,186,90,31,23,10,48,63,65,45,37,11,1,0,0,0,0,0,0,0,0,0,0,0,0,0,0,0,0,0,0,0,0.494,0.646,0.149,0.058,0.091,0.038,0.017,9.789,0.0
miltode01w,6,0,WAS,33,30,1069,394,172,58,57,18,75,117,138,79,119,39,4,0,0,0,0,0,0,0,0,0,0,0,0,0,0,0,0,0,0,0,0.526,0.773,0.161,0.042,0.119,0.053,0.017,11.939,0.0
miltode01w,7,0,WAS,23,20,675,335,112,48,35,17,67,87,125,51,79,34,2,2,2,69,28,7,11,18,5,3,1,6,5,29,11,2,2,9,4,0,0.572,0.716,0.166,0.034,0.132,0.052,0.025,14.565,0.0
miltode01w,8,0,WAS,34,34,1141,456,217,55,52,38,121,107,165,98,119,28,2,0,0,0,0,0,0,0,0,0,0,0,0,0,0,0,0,0,0,0,0.435,0.455,0.19,0.039,0.151,0.046,0.033,13.412,0.0
miltode01w,9,0,LAS,31,31,1016,431,196,73,34,18,99,109,165,72,81,29,0,6,6,206,64,14,22,36,11,8,4,13,23,59,24,15,11,14,5,0,0.56,0.737,0.193,0.063,0.13,0.033,0.018,13.903,0.0
miltode01w,10,0,LAS,33,33,1043,338,157,71,41,8,74,84,129,56,82,24,1,6,6,190,54,16,19,35,15,10,1,13,14,57,20,16,10,13,4,0,0.477,0.959,0.151,0.049,0.102,0.039,0.008,10.242,0.0
mitchle01w,9,0,NYL,34,5,518,131,57,97,17,3,39,43,39,34,47,19,0,6,0,62,29,0,2,2,8,0,0,6,5,21,9,6,6,10,5,0,0.53,2.487,0.11,0.027,0.083,0.033,0.006,3.853,0.0
mitchle01w,10,0,NYL,34,2,436,80,41,76,9,2,26,46,30,6,52,14,0,0,0,0,0,0,0,0,0,0,0,0,0,0,0,0,0,0,0,0,0.39,2.923,0.094,0.018,0.076,0.021,0.005,2.353,0.0
moeggli01w,7,0,CHI,27,1,277,58,46,17,10,6,15,14,20,14,12,4,0,0,0,0,0,0,0,0,0,0,0,0,0,0,0,0,0,0,0,0,0.381,1.133,0.166,0.097,0.069,0.036,0.022,2.148,0.0
moeggli01w,8,0,CHI,23,0,206,37,31,6,3,2,10,15,17,2,6,1,0,0,0,0,0,0,0,0,0,0,0,0,0,0,0,0,0,0,0,0,0.428,0.6,0.15,0.126,0.024,0.015,0.01,1.609,0.0
moisead01w,2,0,PHO,7,0,123,41,16,17,6,0,16,11,14,9,12,4,0,0,0,0,0,0,0,0,0,0,0,0,0,0,0,0,0,0,0,0,0.497,1.062,0.13,0.033,0.098,0.049,0.0,5.857,0.0
moisead01w,3,0,PHO,32,4,619,193,60,79,30,3,72,53,63,48,66,19,0,0,0,0,0,0,0,0,0,0,0,0,0,0,0,0,0,0,0,0,0.507,1.097,0.097,0.024,0.073,0.048,0.005,6.031,0.0
moisead01w,8,0,PHO,4,0,31,7,7,3,3,0,10,2,2,2,1,1,0,0,0,0,0,0,0,0,0,0,0,0,0,0,0,0,0,0,0,0,0.595,0.3,0.226,0.097,0.129,0.097,0.0,1.75,0.0
montaan01w,10,0,MIN,16,1,169,35,26,19,9,0,12,17,14,2,15,5,0,0,0,0,0,0,0,0,0,0,0,0,0,0,0,0,0,0,0,0,0.475,1.583,0.154,0.089,0.065,0.053,0.0,2.188,0.0
montgre01w,10,0,MIN,34,9,764,306,66,72,25,9,66,37,102,60,121,42,0,0,0,0,0,0,0,0,0,0,0,0,0,0,0,0,0,0,0,0,0.543,1.091,0.086,0.02,0.067,0.033,0.012,9.0,0.0
mooreja01w,3,0,IND,18,2,128,42,29,3,5,1,14,16,16,10,1,0,0,2,0,6,0,0,1,1,0,1,0,0,3,2,0,0,0,0,0,0,0.476,0.214,0.227,0.07,0.156,0.039,0.008,2.333,0.0
mooreje01w,6,1,CHA,6,0,49,3,5,2,0,0,4,9,1,1,0,0,1,0,0,0,0,0,0,0,0,0,0,0,0,0,0,0,0,0,0,0,0.387,0.5,0.102,0.02,0.082,0.0,0.0,0.5,0.0
mooreje01w,6,2,LAS,15,0,109,8,8,1,4,0,5,21,4,0,0,0,0,0,0,0,0,0,0,0,0,0,0,0,0,0,0,0,0,0,0,0,0.5,0.2,0.073,0.037,0.037,0.037,0.0,0.533,0.0
mooreje01w,7,0,LAS,34,33,653,147,98,24,22,9,28,79,59,29,2,0,1,5,5,89,24,5,11,16,5,2,0,3,14,22,11,2,2,0,0,0,0.481,0.857,0.15,0.054,0.096,0.034,0.014,4.324,0.0
mooreje01w,8,0,LAS,29,17,440,123,88,18,6,6,33,64,48,27,0,0,1,0,0,0,0,0,0,0,0,0,0,0,0,0,0,0,0,0,0,0,0.441,0.545,0.2,0.082,0.118,0.014,0.014,4.241,0.0
mooreje01w,9,0,LAS,28,2,309,39,45,17,4,5,17,48,14,11,0,0,0,6,0,52,8,0,5,5,3,0,0,3,8,9,3,2,2,0,0,0,0.39,1.0,0.146,0.055,0.091,0.013,0.016,1.393,0.0
mooreje01w,10,0,IND,31,9,613,148,96,14,19,6,32,85,57,34,1,0,0,10,0,120,22,9,8,17,3,5,2,3,24,24,8,8,6,0,0,1,0.524,0.438,0.157,0.065,0.091,0.031,0.01,4.774,0.0
moorelo01w,6,0,NYL,24,0,182,22,27,19,10,0,25,12,9,4,2,0,0,1,0,1,0,0,0,0,0,0,0,0,0,0,0,0,0,0,0,0,0.408,0.76,0.148,0.022,0.126,0.055,0.0,0.917,0.0
moorelo01w,7,0,NYL,34,29,952,208,144,122,61,10,65,90,68,37,96,35,0,0,0,0,0,0,0,0,0,0,0,0,0,0,0,0,0,0,0,0,0.465,1.877,0.151,0.033,0.119,0.064,0.011,6.118,0.0
moorelo01w,8,0,NYL,34,33,1163,327,138,163,75,5,99,93,119,34,135,55,1,3,3,113,31,1,14,15,15,6,0,6,4,32,12,4,2,17,5,0,0.52,1.646,0.119,0.034,0.084,0.064,0.004,9.618,0.0
moorelo01w,9,0,NYL,29,29,809,154,112,132,44,4,77,71,55,20,83,24,0,6,6,178,43,2,19,21,25,9,0,11,11,48,15,8,4,23,9,0,0.449,1.714,0.138,0.037,0.101,0.054,0.005,5.31,0.0
moorelo01w,10,0,NYL,34,32,941,215,125,133,66,2,78,55,78,33,100,26,0,0,0,0,0,0,0,0,0,0,0,0,0,0,0,0,0,0,0,0,0.423,1.705,0.133,0.02,0.113,0.07,0.002,6.324,0.0
moorena01w,8,0,MIN,19,0,87,21,15,4,3,0,7,21,7,6,8,1,0,0,0,0,0,0,0,0,0,0,0,0,0,0,0,0,0,0,0,0,0.356,0.571,0.172,0.034,0.138,0.034,0.0,1.105,0.0
moorena01w,9,0,MIN,16,0,125,48,15,5,4,3,3,18,15,15,9,3,0,0,0,0,0,0,0,0,0,0,0,0,0,0,0,0,0,0,0,0,0.408,1.667,0.12,0.056,0.064,0.032,0.024,3.0,0.0
mooreta01w,3,1,MIA,5,3,83,28,7,10,7,0,11,16,8,10,9,2,0,0,0,0,0,0,0,0,0,0,0,0,0,0,0,0,0,0,0,0,0.476,0.909,0.084,0.036,0.048,0.084,0.0,5.6,0.0
mooreta01w,3,2,MIN,26,20,653,196,76,78,23,9,74,65,63,44,68,26,0,0,0,0,0,0,0,0,0,0,0,0,0,0,0,0,0,0,0,0,0.502,1.054,0.116,0.031,0.086,0.035,0.014,7.538,0.0
mooreta01w,4,1,DET,15,0,66,21,9,4,4,2,6,5,8,5,4,0,0,0,0,0,0,0,0,0,0,0,0,0,0,0,0,0,0,0,0,0,0.563,0.667,0.136,0.045,0.091,0.061,0.03,1.4,0.0
mooreta01w,4,2,PHO,11,0,110,33,19,8,5,4,10,9,11,11,5,0,0,0,0,0,0,0,0,0,0,0,0,0,0,0,0,0,0,0,0,0,0.52,0.8,0.173,0.027,0.145,0.045,0.036,3.0,0.0
mooreta01w,5,0,PHO,32,0,387,82,28,53,26,9,34,46,27,25,10,3,0,0,0,0,0,0,0,0,0,0,0,0,0,0,0,0,0,0,0,0,0.556,1.559,0.072,0.018,0.054,0.067,0.023,2.562,0.0
mooreta01w,6,0,NYL,7,0,48,11,7,6,0,0,4,6,4,2,3,1,0,0,0,0,0,0,0,0,0,0,0,0,0,0,0,0,0,0,0,0,0.799,1.5,0.146,0.0,0.146,0.0,0.0,1.571,0.0
mooreta01w,7,0,LAS,34,33,634,206,71,65,33,8,38,59,68,53,49,17,0,4,4,87,31,3,9,12,11,3,1,8,7,19,10,11,7,6,4,0,0.592,1.711,0.112,0.025,0.087,0.052,0.013,6.059,0.0
mooreta01w,8,0,HOU,15,9,289,58,25,44,16,2,32,38,21,12,15,4,1,0,0,0,0,0,0,0,0,0,0,0,0,0,0,0,0,0,0,0,0.466,1.375,0.087,0.028,0.059,0.055,0.007,3.867,0.0
moosca01w,3,0,MIA,2,0,6,0,0,0,0,1,0,2,0,0,0,0,0,0,0,0,0,0,0,0,0,0,0,0,0,0,0,0,0,0,0,0,0.0,,0.0,0.0,0.0,0.0,0.167,0.0,0.0
mosbybe01w,8,0,WAS,28,0,279,83,78,10,8,6,19,22,30,23,1,0,0,0,0,0,0,0,0,0,0,0,0,0,0,0,0,0,0,0,0,0,0.558,0.526,0.28,0.09,0.19,0.029,0.022,2.964,0.0
mosbybe01w,9,0,WAS,24,1,183,48,53,2,2,7,12,20,20,8,0,0,0,0,0,0,0,0,0,0,0,0,0,0,0,0,0,0,0,0,0,0,0.426,0.167,0.29,0.093,0.197,0.011,0.038,2.0,0.0
mosbybe01w,10,0,WAS,24,0,169,46,37,3,8,1,16,29,17,12,1,0,1,0,0,0,0,0,0,0,0,0,0,0,0,0,0,0,0,0,0,0,0.433,0.188,0.219,0.089,0.13,0.047,0.006,1.917,0.0
moweje01w,2,0,POR,5,0,17,6,3,0,0,1,2,5,3,0,0,0,0,0,0,0,0,0,0,0,0,0,0,0,0,0,0,0,0,0,0,0,1.0,0.0,0.176,0.059,0.118,0.0,0.059,1.2,0.0
moweje01w,3,0,POR,5,0,16,1,1,0,0,0,1,3,0,1,0,0,0,0,0,0,0,0,0,0,0,0,0,0,0,0,0,0,0,0,0,0,0.266,0.0,0.062,0.062,0.0,0.0,0.0,0.2,0.0
moweje01w,4,0,LAS,1,0,21,0,1,0,0,1,1,3,0,0,0,0,0,0,0,0,0,0,0,0,0,0,0,0,0,0,0,0,0,0,0,0,0.0,0.0,0.048,0.0,0.048,0.0,0.048,0.0,0.0
mulitna01w,1,0,UTA,22,3,291,99,34,6,4,6,30,37,41,15,3,2,0,0,0,0,0,0,0,0,0,0,0,0,0,0,0,0,0,0,0,0,0.636,0.2,0.117,0.041,0.076,0.014,0.021,4.5,0.0
murphsh01w,8,0,MIN,32,0,436,165,104,17,19,8,20,48,54,39,66,18,0,0,0,0,0,0,0,0,0,0,0,0,0,0,0,0,0,0,0,0,0.499,0.85,0.239,0.115,0.124,0.044,0.018,5.156,0.0
murphsh01w,9,2,DET,13,3,122,33,21,7,6,2,9,16,12,4,19,5,0,0,0,0,0,0,0,0,0,0,0,0,0,0,0,0,0,0,0,0,0.387,0.778,0.172,0.066,0.107,0.049,0.016,2.538,0.0
murphsh01w,9,1,MIN,2,0,5,2,2,0,0,0,0,2,1,0,0,0,0,0,0,0,0,0,0,0,0,0,0,0,0,0,0,0,0,0,0,0,0.2,,0.4,0.4,0.0,0.0,0.0,1.0,0.0
murphsh01w,9,3,WAS,2,0,11,2,3,1,0,0,2,1,1,0,1,0,0,0,0,0,0,0,0,0,0,0,0,0,0,0,0,0,0,0,0,0,0.333,0.5,0.273,0.273,0.0,0.0,0.0,1.0,0.0
murphsh01w,10,0,IND,24,0,186,100,42,10,6,2,9,30,34,21,32,11,0,4,0,9,0,1,1,2,1,0,0,0,2,5,0,0,0,2,0,0,0.498,1.111,0.226,0.124,0.102,0.032,0.011,4.167,0.0
nagyan01w,1,0,WAS,23,23,694,97,63,118,17,8,55,55,31,21,39,14,0,0,0,0,0,0,0,0,0,0,0,0,0,0,0,0,0,0,0,0,0.536,2.145,0.091,0.014,0.076,0.024,0.012,4.217,0.0
nagyan01w,2,0,NYL,23,0,213,34,9,24,2,3,23,25,13,2,12,6,1,4,0,30,8,0,4,4,3,0,1,3,2,4,3,3,2,0,0,0,0.519,1.043,0.042,0.0,0.042,0.009,0.014,1.478,0.0
nagyan01w,3,0,SAC,24,8,409,34,29,73,10,4,31,51,12,7,14,3,1,0,0,0,0,0,0,0,0,0,0,0,0,0,0,0,0,0,0,0,0.333,2.355,0.071,0.007,0.064,0.024,0.01,1.417,0.0
nanch01w,10,0,CHI,26,5,320,97,55,6,8,9,29,38,46,5,0,0,0,0,0,0,0,0,0,0,0,0,0,0,0,0,0,0,0,0,0,0,0.492,0.207,0.172,0.072,0.1,0.025,0.028,3.731,0.0
ndiayas01w,1,0,DET,32,32,868,346,187,40,23,22,64,87,158,29,6,1,0,0,0,0,0,0,0,0,0,0,0,0,0,0,0,0,0,0,0,0,0.487,0.625,0.215,0.075,0.141,0.026,0.025,10.812,0.0
ndiayas01w,2,0,DET,32,31,913,376,171,49,22,28,73,82,156,59,15,5,1,0,0,0,0,0,0,0,0,0,0,0,0,0,0,0,0,0,0,0,0.502,0.671,0.187,0.066,0.122,0.024,0.031,11.75,0.0
ndiayas01w,3,0,DET,32,32,776,275,162,39,17,12,58,65,126,23,2,0,0,0,0,0,0,0,0,0,0,0,0,0,0,0,0,0,0,0,0,0,0.479,0.672,0.209,0.057,0.152,0.022,0.015,8.594,0.0
ndiayas01w,4,0,DET,11,2,70,20,14,1,3,1,9,3,10,0,0,0,0,2,0,6,1,0,0,0,1,0,0,0,1,0,0,2,1,0,0,0,0.457,0.111,0.2,0.071,0.129,0.043,0.014,1.818,0.0
ndiayas01w,5,0,IND,10,0,74,12,11,4,1,3,8,7,5,2,0,0,0,0,0,0,0,0,0,0,0,0,0,0,0,0,0,0,0,0,0,0,0.289,0.5,0.149,0.027,0.122,0.014,0.041,1.2,0.0
ndiayas01w,7,0,HOU,11,3,127,35,30,8,1,1,10,14,16,3,0,0,0,0,0,0,0,0,0,0,0,0,0,0,0,0,0,0,0,0,0,0,0.465,0.8,0.236,0.079,0.157,0.008,0.008,3.182,0.0
ndiayas01w,8,0,SEA,4,0,58,10,7,0,1,1,5,6,5,0,1,0,0,1,0,4,0,0,0,0,0,1,0,1,0,1,0,0,0,0,0,0,0.357,0.0,0.121,0.069,0.052,0.017,0.017,2.5,0.0
ndongem01w,7,0,LAS,17,0,111,20,26,3,7,8,6,23,7,6,0,0,0,0,0,0,0,0,0,0,0,0,0,0,0,0,0,0,0,0,0,0,0.306,0.5,0.234,0.135,0.099,0.063,0.072,1.176,0.0
nemcoev01w,1,0,CLE,14,14,443,185,41,23,15,8,27,29,67,22,71,29,0,0,0,0,0,0,0,0,0,0,0,0,0,0,0,0,0,0,0,0,0.53,0.852,0.093,0.02,0.072,0.034,0.018,13.214,0.0
nemcoev01w,2,0,CLE,8,2,113,34,10,8,2,5,6,9,13,5,15,3,0,0,0,0,0,0,0,0,0,0,0,0,0,0,0,0,0,0,0,0,0.409,1.333,0.088,0.009,0.08,0.018,0.044,4.25,0.0
nevescl01w,1,0,DET,30,20,636,179,35,59,31,1,55,30,63,25,92,28,0,0,0,0,0,0,0,0,0,0,0,0,0,0,0,0,0,0,0,0,0.499,1.073,0.055,0.013,0.042,0.049,0.002,5.967,0.0
nevescl01w,2,0,DET,22,15,407,95,29,34,21,0,28,21,34,8,52,19,0,0,0,0,0,0,0,0,0,0,0,0,0,0,0,0,0,0,0,0,0.487,1.214,0.071,0.007,0.064,0.052,0.0,4.318,0.0
nevescl01w,3,0,MIA,20,0,194,37,7,25,8,0,13,18,11,11,21,4,0,0,0,0,0,0,0,0,0,0,0,0,0,0,0,0,0,0,0,0,0.486,1.923,0.036,0.0,0.036,0.041,0.0,1.85,0.0
newtoch01w,6,0,SAC,34,34,715,148,66,55,24,9,37,102,60,22,25,6,0,8,8,182,46,4,10,14,8,2,0,11,19,42,18,12,8,4,2,0,0.449,1.486,0.092,0.045,0.048,0.034,0.013,4.353,0.0
newtoch01w,7,0,CHI,27,11,648,176,71,58,36,7,40,69,52,59,49,13,0,0,0,0,0,0,0,0,0,0,0,0,0,0,0,0,0,0,0,0,0.463,1.45,0.11,0.029,0.08,0.056,0.011,6.519,0.0
newtoch01w,8,0,SAC,34,34,696,219,62,46,31,6,42,96,74,60,33,11,2,3,3,46,9,4,3,7,3,5,1,3,13,12,3,2,2,1,1,0,0.473,1.095,0.089,0.04,0.049,0.045,0.009,6.441,0.0
newtoch01w,9,0,SAC,26,0,393,117,35,28,30,1,25,56,38,39,7,2,0,3,0,44,13,0,2,2,3,2,0,2,8,7,5,2,2,1,1,1,0.498,1.12,0.089,0.033,0.056,0.076,0.003,4.5,0.0
newtoch01w,10,0,SAC,23,0,336,68,30,39,18,3,16,31,26,12,12,4,0,0,0,0,0,0,0,0,0,0,0,0,0,0,0,0,0,0,0,0,0.436,2.438,0.089,0.03,0.06,0.054,0.009,2.957,0.0
ngarsch01w,7,0,NYL,15,0,92,27,18,5,5,2,8,10,8,11,2,0,0,0,0,0,0,0,0,0,0,0,0,0,0,0,0,0,0,0,0,0,0.338,0.625,0.196,0.12,0.076,0.054,0.022,1.8,0.0
ngoyibe01w,3,0,NYL,7,0,12,6,5,0,0,2,0,2,3,0,0,0,0,3,0,10,8,1,2,3,0,0,0,1,2,5,3,5,2,0,0,0,0.6,,0.417,0.083,0.333,0.0,0.167,0.857,0.0
ngoyibe01w,6,0,SAS,26,0,251,111,61,5,5,2,25,45,46,19,0,0,1,0,0,0,0,0,0,0,0,0,0,0,0,0,0,0,0,0,0,0,0.6,0.2,0.243,0.068,0.175,0.02,0.008,4.269,0.0
ngoyibe01w,7,0,CHI,30,23,627,302,170,28,14,7,60,89,122,58,0,0,1,0,0,0,0,0,0,0,0,0,0,0,0,0,0,0,0,0,0,0,0.551,0.467,0.271,0.104,0.167,0.022,0.011,10.067,0.0
ngoyibe01w,9,0,IND,31,1,226,83,53,7,6,7,31,45,30,23,0,0,0,1,0,2,0,0,1,1,0,0,0,1,0,0,0,0,0,0,0,0,0.538,0.226,0.235,0.088,0.146,0.027,0.031,2.677,0.0
nieuwma01w,6,0,LAS,7,0,16,4,2,0,0,0,2,5,2,0,0,0,0,0,0,0,0,0,0,0,0,0,0,0,0,0,0,0,0,0,0,0,0.667,0.0,0.125,0.125,0.0,0.0,0.0,0.571,0.0
nnamach01w,9,0,ATL,12,0,84,16,12,2,5,0,4,11,6,2,11,2,0,0,0,0,0,0,0,0,0,0,0,0,0,0,0,0,0,0,0,0,0.293,0.5,0.143,0.071,0.071,0.06,0.0,1.333,0.0
nolande01w,2,0,DET,27,0,545,192,53,30,17,6,35,43,64,43,73,21,0,0,0,0,0,0,0,0,0,0,0,0,0,0,0,0,0,0,0,0,0.442,0.857,0.097,0.029,0.068,0.031,0.011,7.111,0.0
nolande01w,3,0,DET,32,32,804,277,87,62,27,12,61,74,103,29,114,42,1,0,0,0,0,0,0,0,0,0,0,0,0,0,0,0,0,0,0,0,0.525,1.016,0.108,0.021,0.087,0.034,0.015,8.656,0.0
nolande01w,4,0,DET,32,32,954,396,107,83,41,14,69,65,136,76,114,48,0,8,8,257,124,4,25,29,21,10,2,13,21,96,44,16,15,47,21,0,0.559,1.203,0.112,0.013,0.1,0.043,0.015,12.375,0.0
nolande01w,5,0,DET,34,34,1138,464,134,112,66,12,90,75,166,99,114,33,1,3,3,119,54,3,11,14,7,5,0,10,5,45,18,15,14,13,4,0,0.474,1.244,0.118,0.025,0.092,0.058,0.011,13.647,0.0
nolande01w,6,0,DET,33,33,1213,524,156,121,55,14,100,64,184,128,90,28,0,2,2,79,37,1,7,8,7,2,2,6,4,37,15,7,6,4,1,0,0.492,1.21,0.129,0.026,0.103,0.045,0.012,15.879,0.0
nolande01w,7,0,DET,34,34,1088,468,153,124,47,11,86,79,172,85,113,39,1,10,10,357,178,8,33,41,39,16,2,27,19,148,72,30,25,21,9,0,0.499,1.442,0.141,0.029,0.111,0.043,0.01,13.765,1.0
nolande01w,8,0,DET,34,34,1175,553,148,132,49,12,82,69,221,65,117,46,0,11,11,412,208,10,59,69,45,9,3,21,29,188,80,30,27,47,21,0,0.537,1.61,0.126,0.03,0.096,0.042,0.01,16.265,0.0
nolande01w,9,0,DET,34,34,1144,538,133,150,42,10,73,68,216,63,115,43,1,9,9,349,158,8,33,41,26,19,3,24,24,156,56,33,31,44,15,0,0.541,2.055,0.116,0.023,0.094,0.037,0.009,15.824,0.0
nolande01w,10,0,DET,33,33,1113,559,141,116,44,10,73,91,214,91,123,40,1,5,5,190,108,5,3,8,16,9,2,18,18,98,39,23,21,28,9,0,0.485,1.589,0.127,0.032,0.094,0.04,0.009,16.939,0.0
nygaava01w,1,0,POR,32,28,843,253,121,30,17,5,38,98,91,41,90,30,2,0,0,0,0,0,0,0,0,0,0,0,0,0,0,0,0,0,0,0,0.543,0.789,0.144,0.059,0.084,0.02,0.006,7.906,0.0
nygaava01w,2,0,POR,31,0,259,76,35,10,6,2,14,48,28,1,49,19,0,0,0,0,0,0,0,0,0,0,0,0,0,0,0,0,0,0,0,0,0.518,0.714,0.135,0.05,0.085,0.023,0.008,2.452,0.0
nygaava01w,3,0,MIA,29,22,443,120,67,9,11,1,13,49,43,10,64,24,0,0,0,0,0,0,0,0,0,0,0,0,0,0,0,0,0,0,0,0,0.562,0.692,0.151,0.061,0.09,0.025,0.002,4.138,0.0
nygaava01w,4,0,LAS,11,3,168,41,19,5,3,0,4,22,16,3,17,6,1,5,0,24,8,3,2,5,0,1,1,1,1,5,3,0,0,2,2,0,0.543,1.25,0.113,0.065,0.048,0.018,0.0,3.727,0.0
ogayu01w,9,0,PHO,23,0,180,56,17,14,7,0,22,13,20,16,10,0,1,0,0,0,0,0,0,0,0,0,0,0,0,0,0,0,0,0,0,0,0.434,0.636,0.094,0.028,0.067,0.039,0.0,2.435,0.0
ohldeni01w,5,0,MIN,34,34,1018,397,194,60,16,45,74,103,136,125,2,0,1,2,2,74,28,4,6,10,9,1,0,6,5,23,11,10,6,0,0,0,0.514,0.811,0.191,0.082,0.109,0.016,0.044,11.676,0.0
ohldeni01w,6,0,MIN,34,34,1038,382,194,78,21,22,84,92,133,116,2,0,1,0,0,0,0,0,0,0,0,0,0,0,0,0,0,0,0,0,0,0,0.539,0.929,0.187,0.061,0.126,0.02,0.021,11.235,0.0
ohldeni01w,7,0,MIN,34,34,870,327,190,54,20,25,74,99,120,87,1,0,0,0,0,0,0,0,0,0,0,0,0,0,0,0,0,0,0,0,0,0,0.507,0.73,0.218,0.07,0.148,0.023,0.029,9.618,0.0
ohldeni01w,8,0,MIN,34,34,922,392,208,56,17,20,82,127,128,136,0,0,4,0,0,0,0,0,0,0,0,0,0,0,0,0,0,0,0,0,0,0,0.475,0.683,0.226,0.075,0.151,0.018,0.022,11.529,0.0
ohldeni01w,9,0,MIN,34,34,559,197,112,45,10,22,50,88,73,51,0,0,1,0,0,0,0,0,0,0,0,0,0,0,0,0,0,0,0,0,0,0,0.52,0.9,0.2,0.079,0.122,0.018,0.039,5.794,0.0
ohldeni01w,10,0,PHO,21,0,311,109,59,6,5,20,29,55,38,33,0,0,1,11,0,150,29,9,21,30,4,4,3,10,21,22,14,5,1,0,0,0,0.597,0.207,0.19,0.061,0.129,0.016,0.064,5.19,0.0
oneilkr01w,9,0,SEA,11,0,31,0,3,1,0,0,1,4,0,0,2,0,0,0,0,0,0,0,0,0,0,0,0,0,0,0,0,0,0,0,0,0,0.0,1.0,0.097,0.0,0.097,0.0,0.0,0.0,0.0
osipoir01w,7,0,DET,2,0,12,2,1,0,0,0,1,1,0,2,0,0,0,9,0,116,21,3,6,9,11,6,0,13,16,19,9,7,3,1,0,0,1.136,0.0,0.083,0.083,0.0,0.0,0.0,1.0,0.0
owenhe01w,1,0,WAS,11,0,60,2,9,2,0,0,3,12,1,0,0,0,0,0,0,0,0,0,0,0,0,0,0,0,0,0,0,0,0,0,0,0,0.25,0.667,0.15,0.033,0.117,0.0,0.0,0.182,0.0
owenssh01w,1,0,MIA,31,16,605,131,97,21,11,26,54,95,51,29,0,0,3,0,0,0,0,0,0,0,0,0,0,0,0,0,0,0,0,0,0,0,0.423,0.389,0.16,0.078,0.083,0.018,0.043,4.226,0.0
owenssh01w,3,0,CHA,2,0,6,0,2,0,0,0,0,0,0,0,0,0,0,0,0,0,0,0,0,0,0,0,0,0,0,0,0,0,0,0,0,0,,,0.333,0.0,0.333,0.0,0.0,0.0,0.0
pageda01w,9,0,CON,3,0,12,6,6,0,0,0,2,3,3,0,0,0,0,0,0,0,0,0,0,0,0,0,0,0,0,0,0,0,0,0,0,0,0.6,0.0,0.5,0.167,0.333,0.0,0.0,2.0,0.0
pagemu01w,1,0,WAS,32,32,1046,314,208,64,23,32,63,103,131,52,0,0,2,2,2,69,11,2,4,6,1,2,0,4,5,9,4,4,3,0,0,0,0.598,1.016,0.199,0.076,0.123,0.022,0.031,9.812,0.0
pagemu01w,2,0,WAS,32,32,989,225,177,55,30,36,60,88,100,21,17,4,2,0,0,0,0,0,0,0,0,0,0,0,0,0,0,0,0,0,0,0,0.456,0.917,0.179,0.075,0.104,0.03,0.036,7.031,0.0
pagemu01w,3,0,WAS,32,15,750,208,155,37,14,15,45,79,88,30,4,2,0,5,0,113,48,6,16,22,4,1,4,3,12,27,17,15,14,0,0,0,0.476,0.822,0.207,0.073,0.133,0.019,0.02,6.5,0.0
pagemu01w,4,0,WAS,34,34,850,213,152,35,18,24,41,101,83,42,12,5,0,0,0,0,0,0,0,0,0,0,0,0,0,0,0,0,0,0,0,0,0.435,0.854,0.179,0.073,0.106,0.021,0.028,6.265,0.0
pagemu01w,5,0,WAS,33,19,809,184,140,36,25,16,30,85,81,22,3,0,1,3,3,90,11,3,11,14,4,0,1,3,5,16,5,2,1,0,0,0,0.478,1.2,0.173,0.049,0.124,0.031,0.02,5.576,0.0
pagemu01w,6,0,WAS,34,4,589,108,83,25,15,9,23,56,47,8,22,6,0,0,0,0,0,0,0,0,0,0,0,0,0,0,0,0,0,0,0,0,0.441,1.087,0.141,0.036,0.105,0.025,0.015,3.176,0.0
pagemu01w,7,0,LAS,34,4,690,167,121,33,17,9,30,63,66,35,3,0,1,5,1,118,28,10,13,23,3,3,2,2,11,29,9,11,9,2,1,0,0.521,1.1,0.175,0.058,0.117,0.025,0.013,4.912,0.0
pagemu01w,8,0,LAS,34,8,627,163,111,45,14,9,25,68,71,19,10,2,0,0,0,0,0,0,0,0,0,0,0,0,0,0,0,0,0,0,0,0,0.451,1.8,0.177,0.053,0.124,0.022,0.014,4.794,0.0
pagemu01w,9,0,LAS,27,1,243,42,35,14,5,1,11,33,16,8,8,2,0,5,0,15,1,0,0,0,1,0,1,0,2,2,0,2,1,0,0,0,0.387,1.273,0.144,0.053,0.091,0.021,0.004,1.556,0.0
paigeyo01w,6,0,IND,13,0,78,16,9,13,2,0,6,1,6,3,5,1,0,0,0,0,0,0,0,0,0,0,0,0,0,0,0,0,0,0,0,0,0.337,2.167,0.115,0.026,0.09,0.026,0.0,1.231,0.0
paliesa01w,7,0,DET,11,0,51,12,4,6,1,1,10,9,5,0,5,2,0,0,0,0,0,0,0,0,0,0,0,0,0,0,0,0,0,0,0,0,0.24,0.6,0.078,0.078,0.0,0.02,0.02,1.091,0.0
palmewe01w,1,0,DET,32,30,914,441,219,39,20,10,65,112,167,95,48,12,2,0,0,0,0,0,0,0,0,0,0,0,0,0,0,0,0,0,0,0,0.51,0.6,0.24,0.073,0.166,0.022,0.011,13.781,0.0
palmewe01w,2,0,DET,22,22,651,233,154,23,23,4,48,64,91,40,33,11,0,0,0,0,0,0,0,0,0,0,0,0,0,0,0,0,0,0,0,0,0.483,0.479,0.237,0.058,0.178,0.035,0.006,10.591,0.0
palmewe01w,3,1,DET,16,16,464,184,96,20,13,2,34,44,65,35,60,19,0,0,0,0,0,0,0,0,0,0,0,0,0,0,0,0,0,0,0,0,0.522,0.588,0.207,0.058,0.149,0.028,0.004,11.5,0.0
palmewe01w,3,2,ORL,16,16,501,180,93,21,22,6,23,46,65,27,60,23,0,0,0,0,0,0,0,0,0,0,0,0,0,0,0,0,0,0,0,0,0.545,0.913,0.186,0.04,0.146,0.044,0.012,11.25,0.0
palmewe01w,4,0,CON,32,1,433,149,106,16,11,3,35,62,58,23,46,10,0,4,0,64,29,1,11,12,3,0,0,7,9,22,13,3,2,4,1,0,0.468,0.457,0.245,0.067,0.178,0.025,0.007,4.656,0.0
palmewe01w,5,0,CON,33,33,786,297,182,30,23,5,40,77,108,68,41,13,0,8,8,156,44,10,25,35,1,3,3,8,11,49,18,8,5,12,3,0,0.511,0.75,0.232,0.06,0.172,0.029,0.006,9.0,1.0
palmewe01w,6,0,SAS,34,29,882,326,193,33,20,7,42,74,125,52,56,24,0,0,0,0,0,0,0,0,0,0,0,0,0,0,0,0,0,0,0,0,0.598,0.786,0.219,0.06,0.159,0.023,0.008,9.588,0.0
palmewe01w,7,0,SEA,5,2,120,47,38,3,5,3,10,17,16,14,3,1,0,0,0,0,0,0,0,0,0,0,0,0,0,0,0,0,0,0,0,0,0.568,0.3,0.317,0.108,0.208,0.042,0.025,9.4,0.0
palmewe01w,8,0,SEA,34,3,474,156,145,17,15,7,36,75,55,43,21,3,0,2,0,27,17,4,4,8,0,0,1,2,6,16,8,1,0,2,1,0,0.499,0.472,0.306,0.093,0.213,0.032,0.015,4.588,0.0
parisco01w,10,0,SAC,33,6,442,160,134,22,11,10,20,48,68,24,1,0,0,0,0,0,0,0,0,0,0,0,0,0,0,0,0,0,0,0,0,0,0.546,1.1,0.303,0.127,0.176,0.025,0.023,4.848,0.0
parkeca01w,9,0,LAS,33,33,1109,610,313,113,42,75,93,91,231,137,26,11,2,6,6,219,90,20,39,59,23,9,13,17,16,74,34,29,22,7,0,0,0.582,1.215,0.282,0.076,0.206,0.038,0.068,18.485,2.0
parkeca01w,10,0,LAS,25,24,815,328,244,64,15,53,55,53,131,61,24,5,1,6,6,211,108,21,43,64,10,5,11,10,23,71,38,44,31,4,1,1,0.537,1.164,0.299,0.074,0.226,0.018,0.065,13.12,0.0
pascafl01w,9,0,SEA,3,0,9,0,1,0,0,0,1,1,0,0,0,0,0,0,0,0,0,0,0,0,0,0,0,0,0,0,0,0,0,0,0,0,0.0,0.0,0.111,0.111,0.0,0.0,0.0,0.0,0.0
pavlimi01w,2,0,UTA,10,0,21,1,6,1,0,2,1,0,0,1,0,0,0,1,0,2,0,0,0,0,0,0,0,0,0,0,0,0,0,0,0,0,0.174,1.0,0.286,0.0,0.286,0.0,0.095,0.1,0.0
pavlimi01w,4,0,PHO,8,0,29,6,4,1,1,0,2,1,3,0,0,0,0,0,0,0,0,0,0,0,0,0,0,0,0,0,0,0,0,0,0,0,0.429,0.5,0.138,0.034,0.103,0.034,0.0,0.75,0.0
payeka01w,1,0,MIN,28,12,408,56,30,38,8,6,28,49,19,6,41,12,0,0,0,0,0,0,0,0,0,0,0,0,0,0,0,0,0,0,0,0,0.452,1.357,0.074,0.007,0.066,0.02,0.015,2.0,0.0
payeka01w,2,0,MIN,32,16,652,91,61,97,21,0,46,55,30,11,56,20,0,0,0,0,0,0,0,0,0,0,0,0,0,0,0,0,0,0,0,0,0.535,2.109,0.094,0.011,0.083,0.032,0.0,2.844,0.0
payeka01w,3,0,SEA,19,0,114,21,7,5,3,0,8,18,7,1,16,6,1,0,0,0,0,0,0,0,0,0,0,0,0,0,0,0,0,0,0,0,0.528,0.625,0.061,0.018,0.044,0.026,0.0,1.105,0.0
penicti01w,1,0,SAC,30,30,936,208,89,236,70,6,71,71,68,62,50,10,1,2,2,77,16,2,5,7,14,4,0,6,10,16,4,6,5,6,3,1,0.448,3.324,0.095,0.013,0.082,0.075,0.006,6.933,0.0
penicti01w,2,0,SAC,23,22,744,144,86,172,40,8,64,58,42,49,42,11,1,5,5,163,31,3,16,19,33,3,4,9,9,40,10,4,4,19,7,0,0.473,2.688,0.116,0.008,0.108,0.054,0.011,6.261,0.0
penicti01w,3,0,SAC,24,24,853,203,102,192,64,1,69,49,60,75,32,8,0,0,0,0,0,0,0,0,0,0,0,0,0,0,0,0,0,0,0,0,0.497,2.783,0.12,0.008,0.111,0.075,0.001,8.458,0.0
penicti01w,4,0,SAC,34,34,1089,183,119,229,61,1,81,76,62,44,60,15,1,6,6,143,25,1,13,14,18,6,3,7,12,24,8,8,7,8,2,0,0.384,2.827,0.109,0.027,0.083,0.056,0.001,5.382,0.0
penicti01w,5,0,SAC,33,32,970,199,102,163,64,2,72,64,63,50,68,23,0,6,6,193,25,4,16,20,32,15,2,19,17,27,6,16,11,15,2,0,0.477,2.264,0.105,0.014,0.091,0.066,0.002,6.03,0.0
penicti01w,6,0,SAC,34,33,927,195,97,149,48,6,67,64,54,79,41,8,0,6,6,162,32,2,22,24,31,6,1,14,9,31,10,15,12,4,0,0,0.451,2.224,0.105,0.009,0.096,0.052,0.006,5.735,0.0
penicti01w,7,0,SAC,34,34,846,183,91,116,58,2,67,56,58,61,31,6,0,9,9,213,45,0,21,21,34,11,0,11,14,51,15,17,11,14,4,0,0.447,1.731,0.108,0.012,0.096,0.069,0.002,5.382,1.0
penicti01w,8,0,SAC,32,32,757,181,83,144,49,1,60,59,59,60,14,3,1,3,3,69,18,3,4,7,15,7,0,10,9,22,6,10,6,3,0,0,0.411,2.4,0.11,0.024,0.086,0.065,0.001,5.656,0.0
penicti01w,9,0,SAC,33,33,856,284,99,172,67,4,87,80,83,110,28,8,1,3,3,94,41,2,10,12,19,7,1,5,7,37,18,3,2,4,3,0,0.504,1.977,0.116,0.022,0.093,0.078,0.005,8.606,0.0
penicti01w,10,0,SAC,30,28,724,148,81,155,30,4,64,45,45,57,9,1,0,0,0,0,0,0,0,0,0,0,0,0,0,0,0,0,0,0,0,0,0.436,2.422,0.112,0.017,0.095,0.041,0.006,4.933,0.0
pennjo01w,4,0,WAS,30,0,288,86,52,16,15,1,20,28,31,22,13,2,0,0,0,0,0,0,0,0,0,0,0,0,0,0,0,0,0,0,0,0,0.465,0.8,0.181,0.066,0.115,0.052,0.003,2.867,0.0
pennjo01w,5,0,SAS,1,0,3,4,1,0,0,0,0,0,2,0,0,0,0,0,0,0,0,0,0,0,0,0,0,0,0,0,0,0,0,0,0,0,1.0,,0.333,0.0,0.333,0.0,0.0,4.0,0.0
perkiji01w,5,0,CHA,4,0,17,3,3,1,3,0,1,2,0,3,0,0,0,0,0,0,0,0,0,0,0,0,0,0,0,0,0,0,0,0,0,0,0.222,1.0,0.176,0.059,0.118,0.176,0.0,0.75,0.0
perkiji01w,6,0,CHA,30,11,464,150,44,32,29,9,32,45,64,19,9,3,0,0,0,0,0,0,0,0,0,0,0,0,0,0,0,0,0,0,0,0,0.457,1.0,0.095,0.052,0.043,0.062,0.019,5.0,0.0
perkiji01w,7,0,CHI,30,27,841,282,107,97,43,13,56,72,105,54,65,18,0,0,0,0,0,0,0,0,0,0,0,0,0,0,0,0,0,0,0,0,0.429,1.732,0.127,0.039,0.088,0.051,0.015,9.4,0.0
perkiji01w,8,0,CHI,33,5,762,386,110,75,50,7,51,65,153,41,90,39,1,0,0,0,0,0,0,0,0,0,0,0,0,0,0,0,0,0,0,0,0.546,1.471,0.144,0.039,0.105,0.066,0.009,11.697,0.0
perkiji01w,9,0,CHI,34,34,1083,577,137,96,64,10,61,76,213,106,124,45,1,0,0,0,0,0,0,0,0,0,0,0,0,0,0,0,0,0,0,0,0.534,1.574,0.127,0.041,0.086,0.059,0.009,16.971,0.0
perkiji01w,10,0,CHI,34,34,931,450,116,100,73,6,55,78,158,104,78,30,0,0,0,0,0,0,0,0,0,0,0,0,0,0,0,0,0,0,0,0,0.519,1.818,0.125,0.03,0.095,0.078,0.006,13.235,0.0
pettibr01w,1,0,PHO,32,6,583,189,60,46,31,4,39,62,60,49,75,20,1,2,0,41,21,1,4,5,6,1,0,3,7,18,7,2,2,11,5,0,0.485,1.179,0.103,0.033,0.07,0.053,0.007,5.906,0.0
pettibr01w,2,0,PHO,32,1,497,172,60,50,28,4,38,47,53,46,63,20,1,0,0,0,0,0,0,0,0,0,0,0,0,0,0,0,0,0,0,0,0.468,1.316,0.121,0.06,0.06,0.056,0.008,5.375,0.0
pettibr01w,3,0,IND,32,0,375,113,39,17,8,0,24,22,38,28,43,9,0,3,0,43,16,6,3,9,2,0,0,4,0,15,5,7,5,3,1,0,0.455,0.708,0.104,0.045,0.059,0.021,0.0,3.531,0.0
pettibr01w,4,0,IND,31,0,148,49,19,8,4,1,8,17,15,13,27,6,0,0,0,0,0,0,0,0,0,0,0,0,0,0,0,0,0,0,0,0,0.412,1.0,0.128,0.034,0.095,0.027,0.007,1.581,0.0
pettibr01w,7,0,PHO,11,0,67,14,9,10,3,0,2,11,5,3,8,1,0,0,0,0,0,0,0,0,0,0,0,0,0,0,0,0,0,0,0,0,0.323,5.0,0.134,0.075,0.06,0.045,0.0,1.273,0.0
philler01w,7,0,CON,34,13,615,182,73,80,29,2,38,38,57,44,70,24,1,5,1,101,33,1,6,7,7,4,1,6,10,22,10,8,6,13,7,0,0.545,2.105,0.119,0.033,0.086,0.047,0.003,5.353,0.0
philler01w,9,0,CON,8,0,86,41,17,3,4,1,6,7,13,9,12,6,0,3,0,36,9,0,2,2,5,0,1,1,0,11,3,0,0,6,3,0,0.624,0.5,0.198,0.105,0.093,0.047,0.012,5.125,0.0
philler01w,10,0,CON,32,18,740,258,103,66,43,3,43,52,86,52,116,34,0,0,0,0,0,0,0,0,0,0,0,0,0,0,0,0,0,0,0,0,0.51,1.535,0.139,0.041,0.099,0.058,0.004,8.062,0.0
phillta01w,1,0,NYL,31,30,978,427,247,28,59,21,85,110,170,85,8,2,5,7,7,222,114,16,37,53,8,12,6,16,26,95,48,23,18,1,0,1,0.507,0.329,0.253,0.088,0.165,0.06,0.021,13.774,1.0
phillta01w,2,0,NYL,32,32,1049,489,257,34,48,17,84,110,208,73,4,0,0,6,6,202,68,15,34,49,10,9,6,17,17,62,26,34,16,1,0,1,0.526,0.405,0.245,0.085,0.16,0.046,0.016,15.281,0.0
phillta01w,3,0,NYL,32,31,1009,451,223,41,58,14,93,113,183,85,2,0,2,8,8,249,115,16,31,47,10,9,4,19,26,91,45,35,25,3,0,0,0.526,0.441,0.221,0.068,0.153,0.057,0.014,14.094,0.0
phillta01w,4,0,NYL,33,32,1033,372,280,56,56,28,92,118,142,87,5,1,3,0,0,0,0,0,0,0,0,0,0,0,0,0,0,0,0,0,0,0,0.446,0.609,0.271,0.096,0.175,0.054,0.027,11.273,0.0
phillta01w,5,0,NYL,13,13,311,87,70,16,14,10,33,41,33,21,0,0,1,0,0,0,0,0,0,0,0,0,0,0,0,0,0,0,0,0,0,0,0.377,0.485,0.225,0.09,0.135,0.045,0.032,6.692,0.0
phillta01w,6,0,HOU,32,1,366,111,79,14,11,8,30,56,40,31,0,0,0,5,0,53,13,1,8,9,1,1,0,4,6,12,5,4,3,0,0,0,0.482,0.467,0.216,0.082,0.134,0.03,0.022,3.469,0.0
phillta01w,7,0,HOU,21,2,222,59,47,4,9,5,23,37,20,19,0,0,1,0,0,0,0,0,0,0,0,0,0,0,0,0,0,0,0,0,0,0,0.456,0.174,0.212,0.054,0.158,0.041,0.023,2.81,0.0
phillta01w,8,0,HOU,7,0,35,10,5,1,3,0,5,9,3,4,0,0,0,0,0,0,0,0,0,0,0,0,0,0,0,0,0,0,0,0,0,0,0.425,0.2,0.143,0.057,0.086,0.086,0.0,1.429,0.0
pierspl01w,4,0,PHO,33,5,602,198,80,22,19,13,42,87,67,64,2,0,1,0,0,0,0,0,0,0,0,0,0,0,0,0,0,0,0,0,0,0,0.447,0.524,0.133,0.061,0.071,0.032,0.022,6.0,0.0
pierspl01w,5,0,PHO,31,25,803,290,131,26,26,17,49,102,112,66,3,0,4,0,0,0,0,0,0,0,0,0,0,0,0,0,0,0,0,0,0,0,0.482,0.531,0.163,0.057,0.106,0.032,0.021,9.355,0.0
pierspl01w,6,2,DET,23,0,444,178,62,21,14,6,42,54,55,67,1,1,0,2,0,20,4,3,3,6,0,1,0,0,5,5,2,2,0,0,0,0,0.529,0.5,0.14,0.061,0.079,0.032,0.014,7.739,0.0
pierspl01w,6,1,PHO,12,11,318,92,59,13,10,13,32,39,36,20,1,0,2,0,0,0,0,0,0,0,0,0,0,0,0,0,0,0,0,0,0,0,0.391,0.406,0.186,0.06,0.126,0.031,0.041,7.667,0.0
pierspl01w,7,0,DET,34,0,565,220,132,24,18,14,37,84,82,56,3,0,0,10,0,189,88,17,37,54,17,6,9,14,27,61,26,51,36,0,0,0,0.511,0.649,0.234,0.078,0.156,0.032,0.025,6.471,0.0
pierspl01w,8,0,DET,34,0,858,396,197,59,26,29,79,110,149,98,5,0,5,11,1,281,123,32,47,79,18,7,12,28,43,109,46,41,30,2,1,2,0.536,0.747,0.23,0.082,0.148,0.03,0.034,11.647,1.0
pierspl01w,9,0,DET,28,0,649,332,136,63,24,34,48,99,122,88,2,0,1,6,0,107,47,7,11,18,10,4,2,11,12,38,18,13,11,0,0,0,0.521,1.312,0.21,0.099,0.111,0.037,0.052,11.857,0.0
pierspl01w,10,0,DET,1,0,5,0,0,0,1,1,0,2,0,0,0,0,0,0,0,0,0,0,0,0,0,0,0,0,0,0,0,0,0,0,0,0,0.0,,0.0,0.0,0.0,0.2,0.2,0.0,0.0
pondeca01w,7,0,PHO,32,32,1067,624,107,98,37,4,45,84,219,139,126,47,3,0,0,0,0,0,0,0,0,0,0,0,0,0,0,0,0,0,0,0,0.551,2.178,0.1,0.035,0.066,0.035,0.004,19.5,0.0
pondeca01w,8,0,PHO,31,31,966,532,112,123,29,8,69,59,193,110,108,36,0,9,9,300,215,11,32,43,52,11,1,17,14,160,74,63,55,38,12,0,0.524,1.783,0.116,0.016,0.1,0.03,0.008,17.161,1.0
pondeca01w,9,0,PHO,32,32,1002,679,119,135,38,5,93,82,234,170,131,41,1,0,0,0,0,0,0,0,0,0,0,0,0,0,0,0,0,0,0,0,0.518,1.452,0.119,0.026,0.093,0.038,0.005,21.219,0.0
pondeca01w,10,0,PHO,34,34,1075,648,144,171,31,12,86,99,236,133,120,43,0,11,11,340,200,11,29,40,39,13,0,16,26,164,76,44,39,36,9,0,0.559,1.988,0.134,0.03,0.104,0.029,0.011,19.059,0.0
potthan01w,1,0,MIN,3,0,8,0,2,1,0,0,0,3,0,0,1,0,0,0,0,0,0,0,0,0,0,0,0,0,0,0,0,0,0,0,0,0,0.0,0.0,0.25,0.0,0.25,0.0,0.0,0.0,0.0
powelel01w,1,0,ORL,20,1,347,72,50,42,12,1,30,21,26,17,9,3,0,0,0,0,0,0,0,0,0,0,0,0,0,0,0,0,0,0,0,0,0.476,1.4,0.144,0.049,0.095,0.035,0.003,3.6,0.0
powelel01w,2,0,ORL,32,32,1055,357,98,98,49,7,79,64,119,80,102,39,0,0,0,0,0,0,0,0,0,0,0,0,0,0,0,0,0,0,0,0,0.521,1.241,0.093,0.03,0.063,0.046,0.007,11.156,0.0
powelel01w,3,2,DET,15,13,397,148,63,60,23,8,41,19,54,34,22,6,0,0,0,0,0,0,0,0,0,0,0,0,0,0,0,0,0,0,0,0,0.534,1.463,0.159,0.065,0.093,0.058,0.02,9.867,0.0
powelel01w,3,1,ORL,15,1,308,88,32,30,20,4,30,31,35,16,11,2,0,0,0,0,0,0,0,0,0,0,0,0,0,0,0,0,0,0,0,0,0.398,1.0,0.104,0.023,0.081,0.065,0.013,5.867,0.0
powelel01w,4,0,DET,33,33,938,296,106,129,45,9,79,65,105,79,20,7,0,8,8,219,41,6,24,30,38,7,4,13,17,46,16,11,7,10,2,0,0.529,1.633,0.113,0.046,0.067,0.048,0.01,8.97,0.0
powelel01w,5,0,DET,30,26,760,133,84,134,36,8,61,67,52,29,0,0,0,3,3,97,23,4,2,6,21,10,0,8,7,14,7,17,9,0,0,0,0.416,2.197,0.111,0.041,0.07,0.047,0.011,4.433,0.0
powelel01w,6,0,DET,29,21,671,163,80,77,29,4,51,62,62,39,2,0,0,2,0,32,0,2,5,7,5,3,0,2,5,0,0,0,0,0,0,0,0.478,1.51,0.119,0.037,0.082,0.043,0.006,5.621,0.0
powelel01w,7,1,CHI,14,3,251,69,25,37,13,3,26,26,26,17,3,0,0,0,0,0,0,0,0,0,0,0,0,0,0,0,0,0,0,0,0,0,0.489,1.423,0.1,0.028,0.072,0.052,0.012,4.929,0.0
powelel01w,7,2,DET,11,0,120,14,13,15,3,0,9,9,3,8,2,0,0,0,0,0,0,0,0,0,0,0,0,0,0,0,0,0,0,0,0,0,0.316,1.667,0.108,0.058,0.05,0.025,0.0,1.273,0.0
powelel01w,8,0,DET,32,12,323,60,34,44,12,2,29,33,22,16,0,0,0,11,3,94,10,2,9,11,12,5,0,8,8,9,3,4,4,0,0,0,0.468,1.517,0.105,0.034,0.071,0.037,0.006,1.875,0.0
powelel01w,9,0,DET,16,16,313,58,50,35,6,1,18,21,24,9,2,1,0,9,9,171,29,3,18,21,18,6,0,13,29,17,10,11,9,0,0,1,0.534,1.944,0.16,0.058,0.102,0.019,0.003,3.625,0.0
powelni01w,5,0,CHA,31,0,384,132,71,16,15,4,22,37,50,8,58,24,0,0,0,0,0,0,0,0,0,0,0,0,0,0,0,0,0,0,0,0,0.526,0.727,0.185,0.026,0.159,0.039,0.01,4.258,0.0
powelni01w,6,0,SAC,34,34,988,364,124,62,39,16,44,83,120,58,159,66,0,8,8,257,88,2,18,20,15,7,1,12,16,78,30,10,8,42,20,0,0.522,1.409,0.126,0.032,0.093,0.039,0.016,10.706,0.0
powelni01w,7,0,SAC,34,34,886,327,131,61,42,15,47,82,116,40,156,55,0,9,9,254,106,8,33,41,14,14,1,13,26,74,39,13,11,34,17,0,0.495,1.298,0.148,0.028,0.12,0.047,0.017,9.618,0.0
powelni01w,8,0,SAC,34,34,986,436,191,58,48,12,64,63,147,80,163,62,0,3,3,80,46,4,13,17,5,4,1,7,7,35,16,11,11,10,3,0,0.51,0.906,0.194,0.066,0.128,0.049,0.012,12.824,0.0
powelni01w,9,0,SAC,34,33,944,463,150,46,40,6,62,78,161,63,190,78,2,3,3,90,54,5,13,18,8,3,1,7,11,39,20,10,10,16,4,0,0.493,0.742,0.159,0.043,0.115,0.042,0.006,13.618,0.0
powelni01w,10,0,SAC,34,34,1035,567,200,77,49,8,84,62,198,94,212,77,0,0,0,0,0,0,0,0,0,0,0,0,0,0,0,0,0,0,0,0,0.547,0.917,0.193,0.049,0.144,0.047,0.008,16.676,0.0
pricear01w,8,0,CHI,34,34,893,269,204,99,40,7,59,67,95,78,3,1,0,0,0,0,0,0,0,0,0,0,0,0,0,0,0,0,0,0,0,0,0.451,1.678,0.228,0.093,0.135,0.045,0.008,7.912,1.0
pricear01w,9,0,CHI,34,11,763,235,125,59,36,12,50,79,85,65,1,0,1,0,0,0,0,0,0,0,0,0,0,0,0,0,0,0,0,0,0,0,0.472,1.18,0.164,0.075,0.089,0.047,0.016,6.912,0.0
pricear01w,10,2,ATL,11,0,98,16,16,4,3,2,9,12,5,6,0,0,0,2,0,31,10,3,3,6,4,4,0,2,2,9,3,7,4,0,0,0,0.435,0.444,0.163,0.071,0.092,0.031,0.02,1.455,0.0
pricear01w,10,1,CHI,22,0,324,77,59,26,12,1,18,32,27,23,0,0,0,0,0,0,0,0,0,0,0,0,0,0,0,0,0,0,0,0,0,0,0.439,1.444,0.182,0.077,0.105,0.037,0.003,3.5,0.0
pridely01w,1,0,POR,32,1,462,114,61,40,16,9,33,59,41,29,9,3,1,0,0,0,0,0,0,0,0,0,0,0,0,0,0,0,0,0,0,0,0.418,1.212,0.132,0.048,0.084,0.035,0.019,3.562,0.0
pridely01w,2,0,MIN,32,14,713,170,146,28,28,20,46,77,68,33,4,1,2,0,0,0,0,0,0,0,0,0,0,0,0,0,0,0,0,0,0,0,0.429,0.609,0.205,0.066,0.139,0.039,0.028,5.312,0.0
pridely01w,3,0,MIN,31,15,589,123,103,43,25,25,47,73,57,8,10,1,1,0,0,0,0,0,0,0,0,0,0,0,0,0,0,0,0,0,0,0,0.396,0.915,0.175,0.042,0.132,0.042,0.042,3.968,0.0
pridely01w,4,2,LAS,4,0,28,1,6,0,0,0,3,9,0,1,0,0,1,6,0,36,5,6,3,9,1,2,1,3,10,6,2,1,1,0,0,0,0.074,0.0,0.214,0.107,0.107,0.0,0.0,0.25,0.0
pridely01w,4,1,MIN,13,0,66,17,17,1,3,1,8,11,7,3,0,0,0,0,0,0,0,0,0,0,0,0,0,0,0,0,0,0,0,0,0,0,0.539,0.125,0.258,0.121,0.136,0.045,0.015,1.308,0.0
pringla01w,9,0,PHO,29,7,377,128,102,9,10,44,27,71,43,42,0,0,0,0,0,0,0,0,0,0,0,0,0,0,0,0,0,0,0,0,0,0,0.54,0.333,0.271,0.138,0.133,0.027,0.117,4.414,0.0
pringla01w,10,0,MIN,17,0,159,37,37,8,3,14,14,22,13,11,0,0,0,0,0,0,0,0,0,0,0,0,0,0,0,0,0,0,0,0,0,0,0.505,0.571,0.233,0.088,0.145,0.019,0.088,2.176,0.0
queenbr01w,7,0,CON,4,0,10,2,0,0,0,0,1,0,0,2,0,0,0,0,0,0,0,0,0,0,0,0,0,0,0,0,0,0,0,0,0,0,0.532,0.0,0.0,0.0,0.0,0.0,0.0,0.5,0.0
queenbr01w,9,0,CHI,8,0,36,2,4,2,0,0,5,5,1,0,2,0,0,0,0,0,0,0,0,0,0,0,0,0,0,0,0,0,0,0,0,0,0.125,0.4,0.111,0.028,0.083,0.0,0.0,0.25,0.0
quiglal01w,9,0,PHO,14,0,100,29,11,4,6,1,6,9,13,1,11,2,0,0,0,0,0,0,0,0,0,0,0,0,0,0,0,0,0,0,0,0,0.364,0.667,0.11,0.06,0.05,0.06,0.01,2.071,0.0
quiglal01w,10,0,PHO,6,0,32,10,5,1,0,0,5,6,3,2,4,2,0,0,0,0,0,0,0,0,0,0,0,0,0,0,0,0,0,0,0,0,0.563,0.2,0.156,0.031,0.125,0.0,0.0,1.667,0.0
quinnno01w,8,0,MIN,34,19,670,96,89,148,29,13,67,40,37,15,38,7,0,0,0,0,0,0,0,0,0,0,0,0,0,0,0,0,0,0,0,0,0.357,2.209,0.133,0.027,0.106,0.043,0.019,2.824,0.0
quinnno01w,9,0,MIN,32,25,533,116,69,81,21,2,46,33,47,12,32,10,0,0,0,0,0,0,0,0,0,0,0,0,0,0,0,0,0,0,0,0,0.461,1.761,0.129,0.023,0.107,0.039,0.004,3.625,0.0
quinnno01w,10,0,LAS,34,9,929,284,122,118,40,11,51,59,115,30,77,24,0,6,4,158,29,5,14,19,23,7,3,19,10,38,10,8,8,10,1,0,0.546,2.314,0.131,0.036,0.096,0.043,0.012,8.353,0.0
quinnte01w,1,0,IND,17,0,118,15,16,15,4,0,10,12,6,3,0,0,0,0,0,0,0,0,0,0,0,0,0,0,0,0,0,0,0,0,0,0,0.463,1.5,0.136,0.093,0.042,0.034,0.0,0.882,0.0
radunha01w,2,0,NYL,4,0,9,4,4,0,0,1,2,3,1,2,0,0,0,0,0,0,0,0,0,0,0,0,0,0,0,0,0,0,0,0,0,0,0.694,0.0,0.444,0.111,0.333,0.0,0.111,1.0,0.0
raglafe01w,3,0,SEA,31,3,432,141,48,23,27,1,29,44,48,23,55,22,0,2,0,19,7,2,4,6,1,0,0,2,0,9,3,0,0,3,1,0,0.513,0.793,0.111,0.062,0.049,0.062,0.002,4.548,0.0
raglafe01w,4,0,PHO,3,0,39,5,2,2,2,0,3,4,1,2,5,1,0,0,0,0,0,0,0,0,0,0,0,0,0,0,0,0,0,0,0,0,0.194,0.667,0.051,0.0,0.051,0.051,0.0,1.667,0.0
raglafe01w,5,0,HOU,34,10,517,118,67,38,25,3,32,48,44,11,49,19,0,0,0,0,0,0,0,0,0,0,0,0,0,0,0,0,0,0,0,0,0.469,1.188,0.13,0.037,0.093,0.048,0.006,3.471,0.0
raglafe01w,6,0,HOU,4,0,9,0,0,1,0,0,0,3,0,0,0,0,0,0,0,0,0,0,0,0,0,0,0,0,0,0,0,0,0,0,0,0,0.0,0.0,0.0,0.0,0.0,0.0,0.0,0.0,0.0
randase01w,2,0,SEA,32,30,884,300,105,44,29,4,73,45,117,66,4,0,0,0,0,0,0,0,0,0,0,0,0,0,0,0,0,0,0,0,0,0,0.418,0.603,0.119,0.036,0.083,0.033,0.005,9.375,0.0
randase01w,3,1,SEA,21,16,458,134,68,29,20,1,36,33,47,36,19,4,0,0,0,0,0,0,0,0,0,0,0,0,0,0,0,0,0,0,0,0,0.431,0.806,0.148,0.083,0.066,0.044,0.002,6.381,0.0
randase01w,3,2,UTA,8,0,135,58,21,8,4,1,10,16,18,22,2,0,0,5,0,62,20,3,9,12,5,1,0,3,9,22,8,5,4,0,0,0,0.55,0.8,0.156,0.03,0.126,0.03,0.007,7.25,0.0
randase01w,4,0,SAS,33,1,339,88,53,23,11,0,44,41,32,24,1,0,0,0,0,0,0,0,0,0,0,0,0,0,0,0,0,0,0,0,0,0,0.401,0.523,0.156,0.074,0.083,0.032,0.0,2.667,0.0
randase01w,5,0,SAS,29,8,462,136,60,20,22,4,28,41,53,30,5,0,0,0,0,0,0,0,0,0,0,0,0,0,0,0,0,0,0,0,0,0,0.414,0.714,0.13,0.056,0.074,0.048,0.009,4.69,0.0
rasmukr01w,1,2,MIA,25,7,454,126,96,27,24,14,29,47,35,54,7,2,0,0,0,0,0,0,0,0,0,0,0,0,0,0,0,0,0,0,0,0,0.492,0.931,0.211,0.097,0.115,0.053,0.031,5.04,0.0
rasmukr01w,1,1,UTA,1,0,9,0,2,1,1,0,1,2,0,0,0,0,0,0,0,0,0,0,0,0,0,0,0,0,0,0,0,0,0,0,0,0,,1.0,0.222,0.111,0.111,0.111,0.0,0.0,0.0
rasmukr01w,2,0,MIA,28,3,416,75,88,16,11,14,31,48,31,12,4,1,0,3,0,23,1,3,3,6,0,1,0,6,1,5,0,2,1,0,0,0,0.403,0.516,0.212,0.079,0.132,0.026,0.034,2.679,0.0
rasmukr01w,3,0,MIA,31,5,674,170,117,41,18,16,37,63,64,39,7,3,0,0,0,0,0,0,0,0,0,0,0,0,0,0,0,0,0,0,0,0,0.624,1.108,0.174,0.061,0.113,0.027,0.024,5.484,0.0
rasmukr01w,4,0,IND,33,25,814,226,115,64,24,15,48,65,94,31,15,7,0,0,0,0,0,0,0,0,0,0,0,0,0,0,0,0,0,0,0,0,0.52,1.333,0.141,0.054,0.087,0.029,0.018,6.848,0.0
rasmukr01w,5,0,IND,33,4,692,152,113,47,21,14,35,51,56,30,27,10,0,0,0,0,0,0,0,0,0,0,0,0,0,0,0,0,0,0,0,0,0.501,1.343,0.163,0.059,0.104,0.03,0.02,4.606,0.0
rasmukr01w,6,2,CHA,3,0,29,6,5,2,1,0,1,8,2,0,3,2,0,0,0,0,0,0,0,0,0,0,0,0,0,0,0,0,0,0,0,0,0.75,2.0,0.172,0.069,0.103,0.034,0.0,2.0,0.0
rasmukr01w,6,1,HOU,24,19,522,121,76,22,13,16,19,56,47,22,15,5,0,0,0,0,0,0,0,0,0,0,0,0,0,0,0,0,0,0,0,0,0.544,1.158,0.146,0.05,0.096,0.025,0.031,5.042,0.0
rasmukr01w,7,0,PHO,34,32,908,146,208,72,28,27,33,98,64,12,14,6,0,0,0,0,0,0,0,0,0,0,0,0,0,0,0,0,0,0,0,0,0.546,2.182,0.229,0.079,0.15,0.031,0.03,4.294,0.0
rasmukr01w,8,0,CON,33,3,522,114,91,29,11,5,35,54,41,17,27,15,1,2,0,38,12,0,4,4,2,1,1,0,5,10,6,0,0,2,0,0,0.527,0.829,0.174,0.067,0.107,0.021,0.01,3.455,0.0
rasmukr01w,9,0,MIN,31,0,393,79,85,27,12,6,19,48,27,17,23,8,0,0,0,0,0,0,0,0,0,0,0,0,0,0,0,0,0,0,0,0,0.481,1.421,0.216,0.081,0.135,0.031,0.015,2.548,0.0
raymost01w,8,0,CHI,20,0,180,61,14,27,4,0,18,11,20,7,44,14,0,0,0,0,0,0,0,0,0,0,0,0,0,0,0,0,0,0,0,0,0.457,1.5,0.078,0.011,0.067,0.022,0.0,3.05,0.0
reddja01w,1,0,SEA,26,8,387,140,45,16,19,1,35,53,49,24,52,18,0,0,0,0,0,0,0,0,0,0,0,0,0,0,0,0,0,0,0,0,0.5,0.457,0.116,0.047,0.07,0.049,0.003,5.385,0.0
reddja01w,2,0,SEA,32,6,659,231,82,48,17,3,48,101,82,45,77,22,0,0,0,0,0,0,0,0,0,0,0,0,0,0,0,0,0,0,0,0,0.471,1.0,0.124,0.044,0.08,0.026,0.005,7.219,0.0
reddja01w,3,0,SEA,10,0,112,52,13,7,2,0,7,17,17,9,18,9,0,0,0,0,0,0,0,0,0,0,0,0,0,0,0,0,0,0,0,0,0.662,1.0,0.116,0.071,0.045,0.018,0.0,5.2,0.0
reedbr01w,1,0,PHO,32,30,1090,608,187,86,66,21,90,52,231,128,43,18,0,2,2,73,28,2,5,7,8,0,1,5,5,22,12,4,3,4,1,0,0.586,0.956,0.172,0.054,0.117,0.061,0.019,19.0,0.0
reedbr01w,2,0,PHO,1,0,13,3,3,0,0,0,0,0,1,1,0,0,0,0,0,0,0,0,0,0,0,0,0,0,0,0,0,0,0,0,0,0,0.178,,0.231,0.0,0.231,0.0,0.0,3.0,0.0
reedbr01w,3,0,PHO,5,4,85,38,4,4,2,3,8,8,15,8,5,0,0,0,0,0,0,0,0,0,0,0,0,0,0,0,0,0,0,0,0,0,0.414,0.5,0.047,0.012,0.035,0.024,0.035,7.6,0.0
reidtr01w,1,0,CHA,29,17,620,211,100,29,14,9,51,47,86,39,2,0,1,0,0,0,0,0,0,0,0,0,0,0,0,0,0,0,0,0,0,0,0.498,0.569,0.161,0.073,0.089,0.023,0.015,7.276,0.0
reidtr01w,2,0,MIA,21,2,278,80,37,13,15,5,25,28,32,16,0,0,0,3,0,21,4,1,4,5,1,1,0,2,1,5,2,4,0,0,0,0,0.537,0.52,0.133,0.036,0.097,0.054,0.018,3.81,0.0
reidtr01w,3,0,PHO,24,12,421,113,77,14,22,2,36,29,48,17,1,0,0,0,0,0,0,0,0,0,0,0,0,0,0,0,0,0,0,0,0,0,0.437,0.389,0.183,0.078,0.105,0.052,0.005,4.708,0.0
reidtr01w,4,0,PHO,2,0,12,2,1,1,2,0,1,4,1,0,0,0,0,0,0,0,0,0,0,0,0,0,0,0,0,0,0,0,0,0,0,0,0.333,1.0,0.083,0.083,0.0,0.167,0.0,1.0,0.0
rileyru01w,2,0,MIA,32,20,799,218,130,26,25,46,63,107,77,64,0,0,3,3,3,110,24,5,11,16,3,1,4,3,12,19,8,19,8,0,0,0,0.549,0.413,0.163,0.064,0.099,0.031,0.058,6.812,0.0
rileyru01w,3,0,MIA,26,8,519,148,90,25,11,41,49,87,60,28,0,0,1,0,0,0,0,0,0,0,0,0,0,0,0,0,0,0,0,0,0,0,0.496,0.51,0.173,0.046,0.127,0.021,0.079,5.692,0.0
rileyru01w,4,0,DET,34,34,995,327,201,64,25,58,82,128,115,97,0,0,2,8,8,258,103,15,34,49,20,5,20,13,26,106,41,26,21,0,0,0,0.57,0.78,0.202,0.059,0.143,0.025,0.058,9.618,1.0
rileyru01w,5,0,DET,34,34,1037,378,199,50,31,53,82,121,153,71,2,1,2,3,3,95,29,7,8,15,9,2,6,2,9,21,9,15,11,0,0,0,0.496,0.61,0.192,0.066,0.126,0.03,0.051,11.118,0.0
rileyru01w,6,0,DET,33,33,855,251,156,39,23,46,68,131,100,48,12,3,4,2,2,54,17,3,8,11,0,1,2,5,10,17,7,0,0,3,3,1,0.428,0.574,0.182,0.05,0.132,0.027,0.054,7.606,0.0
rileyru01w,7,0,DET,34,34,875,249,165,52,18,49,54,110,115,16,9,3,2,10,10,225,44,12,20,32,5,5,13,15,27,52,20,4,4,0,0,0,0.479,0.963,0.189,0.041,0.147,0.021,0.056,7.324,0.0
rileyru01w,8,0,SAS,30,29,773,176,148,37,27,59,69,114,72,27,27,5,1,5,5,132,30,6,19,25,11,3,13,8,19,31,14,0,0,4,2,0,0.426,0.536,0.191,0.041,0.15,0.035,0.076,5.867,0.0
rileyru01w,9,0,SAS,30,3,580,153,108,31,14,41,52,101,63,18,28,9,2,9,1,154,18,5,14,19,10,4,8,13,26,33,7,4,3,9,1,0,0.496,0.596,0.186,0.024,0.162,0.024,0.071,5.1,0.0
rileyru01w,10,0,SAS,31,17,650,163,140,28,14,45,35,90,68,23,18,4,4,3,0,44,12,4,3,7,1,1,4,1,7,8,4,6,4,0,0,0,0.514,0.8,0.215,0.054,0.162,0.022,0.069,5.258,0.0
rizzoje01w,1,0,HOU,32,2,437,60,36,44,15,2,26,38,21,6,39,12,0,1,0,3,0,0,0,0,0,0,0,0,0,1,0,0,0,1,0,0,0.509,1.692,0.082,0.014,0.069,0.034,0.005,1.875,0.0
rizzoje01w,2,0,CLE,32,0,476,119,30,51,25,2,41,30,42,7,73,28,0,3,0,45,6,0,3,3,7,0,0,0,2,6,2,0,0,6,2,0,0.518,1.244,0.063,0.004,0.059,0.053,0.004,3.719,0.0
rizzoje01w,3,0,CLE,26,25,695,178,70,85,23,3,45,53,54,32,99,38,3,0,0,0,0,0,0,0,0,0,0,0,0,0,0,0,0,0,0,0,0.583,1.889,0.101,0.007,0.094,0.033,0.004,6.846,0.0
rizzoje01w,4,0,CLE,33,0,525,59,42,65,14,0,35,22,20,9,51,10,0,3,0,36,12,0,2,2,8,0,0,1,2,6,4,0,0,6,4,0,0.373,1.857,0.08,0.008,0.072,0.027,0.0,1.788,0.0
robinas01w,5,0,PHO,19,0,130,17,13,2,8,10,4,22,7,3,1,0,0,0,0,0,0,0,0,0,0,0,0,0,0,0,0,0,0,0,0,0,0.498,0.5,0.1,0.031,0.069,0.062,0.077,0.895,0.0
robinas01w,6,0,PHO,34,15,659,103,118,31,20,34,38,108,42,19,1,0,3,0,0,0,0,0,0,0,0,0,0,0,0,0,0,0,0,0,0,0,0.353,0.816,0.179,0.073,0.106,0.03,0.052,3.029,0.0
robinas01w,7,1,CHI,12,5,124,21,34,6,2,8,10,19,9,2,1,1,0,0,0,0,0,0,0,0,0,0,0,0,0,0,0,0,0,0,0,0,0.332,0.6,0.274,0.129,0.145,0.016,0.065,1.75,0.0
robinas01w,7,2,SEA,17,0,197,21,44,7,6,8,12,34,9,3,1,0,0,2,0,5,0,0,0,0,0,0,0,0,3,0,0,2,0,0,0,0,0.357,0.583,0.223,0.091,0.132,0.03,0.041,1.235,0.0
robinas01w,8,0,SEA,33,5,409,48,100,14,16,25,26,57,22,4,1,0,0,2,2,52,8,4,12,16,6,2,5,3,4,11,4,0,0,0,0,0,0.345,0.538,0.244,0.073,0.171,0.039,0.061,1.455,0.0
robinas01w,9,0,SEA,33,1,329,29,72,12,12,20,28,62,13,3,0,0,0,3,1,46,7,5,7,12,2,1,2,2,9,6,3,2,1,0,0,0,0.306,0.429,0.219,0.088,0.131,0.036,0.061,0.879,0.0
robinas01w,10,0,SEA,26,2,167,12,24,2,2,13,10,31,5,2,1,0,0,3,0,18,0,1,0,1,0,0,1,1,2,2,0,0,0,0,0,0,0.224,0.2,0.144,0.03,0.114,0.012,0.078,0.462,0.0
robincr01w,1,0,NYL,27,14,722,238,68,48,23,10,33,74,86,30,102,36,0,7,0,150,46,7,13,20,5,9,1,10,12,39,16,5,5,19,9,0,0.552,1.455,0.094,0.036,0.058,0.032,0.014,8.815,0.0
robincr01w,2,0,NYL,32,32,980,342,92,83,32,8,28,86,123,26,168,70,1,6,6,223,69,7,16,23,8,8,2,14,15,54,27,4,3,29,12,0,0.611,2.964,0.094,0.023,0.07,0.033,0.008,10.688,0.0
robincr01w,3,0,NYL,32,32,1068,378,92,81,48,12,52,101,126,59,181,67,0,8,8,259,67,8,16,24,14,8,2,5,17,65,23,9,9,39,12,0,0.566,1.558,0.086,0.021,0.066,0.045,0.011,11.812,0.0
robincr01w,4,0,NYL,33,33,1078,395,70,63,40,13,43,94,143,47,168,62,0,0,0,0,0,0,0,0,0,0,0,0,0,0,0,0,0,0,0,0,0.563,1.465,0.065,0.012,0.053,0.037,0.012,11.97,0.0
robincr01w,5,0,NYL,28,27,890,339,83,58,24,8,33,77,122,40,144,55,2,5,5,175,75,4,12,16,13,9,2,8,16,58,29,5,4,33,13,1,0.569,1.758,0.093,0.021,0.072,0.027,0.009,12.107,0.0
robincr01w,6,0,NYL,32,31,969,234,100,58,21,5,38,86,85,30,107,34,1,2,2,50,7,1,7,8,4,1,1,1,5,13,2,2,2,7,1,0,0.486,1.526,0.103,0.03,0.073,0.022,0.005,7.312,0.0
robincr01w,7,0,WAS,27,27,727,199,70,49,33,0,27,83,74,25,92,26,2,2,0,37,8,1,3,4,9,0,0,1,8,8,3,0,0,5,2,0,0.503,1.815,0.096,0.025,0.072,0.045,0.0,7.37,0.0
robincr01w,8,0,WAS,2,1,34,2,2,2,2,1,1,4,1,0,2,0,0,0,0,0,0,0,0,0,0,0,0,0,0,0,0,0,0,0,0,0,0.167,2.0,0.059,0.0,0.059,0.059,0.029,1.0,0.0
robinre01w,1,0,WAS,2,0,5,4,0,0,1,0,1,3,0,4,1,0,0,0,0,0,0,0,0,0,0,0,0,0,0,0,0,0,0,0,0,0,0.725,0.0,0.0,0.0,0.0,0.2,0.0,2.0,0.0
rolanja01w,1,0,ORL,21,0,173,33,17,8,6,0,19,16,13,4,10,3,0,3,0,26,2,1,3,4,1,1,1,0,0,5,0,2,2,1,0,0,0.407,0.421,0.098,0.04,0.058,0.035,0.0,1.571,0.0
rossad01w,9,0,SAS,4,0,7,2,1,0,0,0,0,2,0,2,0,0,0,2,0,3,0,0,0,0,1,0,0,0,1,0,0,0,0,0,0,0,0.347,,0.143,0.0,0.143,0.0,0.0,0.5,0.0
rushle01w,9,0,CHI,2,0,12,3,0,0,0,0,2,4,0,3,1,0,0,0,0,0,0,0,0,0,0,0,0,0,0,0,0,0,0,0,0,0,0.399,0.0,0.0,0.0,0.0,0.0,0.0,1.5,0.0
salesny01w,1,0,ORL,32,32,995,430,139,69,47,12,67,92,170,43,119,47,2,3,3,106,33,1,8,9,4,3,0,9,9,31,15,2,0,10,3,0,0.524,1.03,0.14,0.043,0.096,0.047,0.012,13.438,0.0
salesny01w,2,0,ORL,32,31,1039,433,172,58,70,6,72,109,166,58,137,43,0,0,0,0,0,0,0,0,0,0,0,0,0,0,0,0,0,0,0,0,0.526,0.806,0.166,0.055,0.111,0.067,0.006,13.531,0.0
salesny01w,3,0,ORL,32,32,1042,431,120,60,60,7,71,97,155,84,115,37,0,0,0,0,0,0,0,0,0,0,0,0,0,0,0,0,0,0,0,0,0.51,0.845,0.115,0.035,0.081,0.058,0.007,13.469,0.0
salesny01w,4,0,CON,34,34,1106,548,145,92,46,13,73,107,194,116,114,44,3,4,4,131,47,1,12,13,9,5,3,7,12,40,17,18,13,6,0,0,0.516,1.26,0.131,0.024,0.107,0.042,0.012,16.118,0.0
salesny01w,5,0,CON,34,34,1096,517,135,97,75,8,76,98,210,56,129,41,0,8,8,260,118,12,31,43,11,25,6,20,22,102,44,22,15,29,15,0,0.497,1.276,0.123,0.03,0.093,0.068,0.007,15.206,0.0
salesny01w,6,0,CON,34,34,1074,532,124,74,61,10,64,96,201,81,116,49,0,8,8,270,115,10,22,32,19,16,8,16,20,101,37,31,25,38,16,0,0.502,1.156,0.115,0.034,0.082,0.057,0.009,15.647,0.0
salesny01w,7,0,CON,22,20,609,286,82,60,26,6,29,43,109,36,80,32,0,5,5,151,25,10,20,30,17,7,3,5,9,38,6,14,11,15,2,0,0.518,2.069,0.135,0.034,0.1,0.043,0.01,13.0,0.0
salesny01w,8,0,CON,26,25,762,341,105,82,36,11,57,59,123,72,71,23,1,3,3,104,37,1,14,15,6,1,0,7,10,31,13,10,7,9,4,0,0.487,1.439,0.138,0.043,0.094,0.047,0.014,13.115,0.0
sampsch01w,1,0,SEA,21,6,280,76,40,11,18,6,14,37,21,25,23,9,0,0,0,0,0,0,0,0,0,0,0,0,0,0,0,0,0,0,0,0,0.652,0.786,0.143,0.046,0.096,0.064,0.021,3.619,0.0
samsh01w,1,0,MIA,31,27,904,396,132,66,35,5,74,67,147,67,120,35,0,0,0,0,0,0,0,0,0,0,0,0,0,0,0,0,0,0,0,0,0.467,0.892,0.146,0.042,0.104,0.039,0.006,12.774,0.0
samsh01w,2,0,MIA,32,32,1100,444,137,88,55,8,87,67,180,57,98,27,0,3,3,109,31,4,6,10,4,5,0,8,11,31,10,11,9,9,2,1,0.493,1.011,0.125,0.037,0.087,0.05,0.007,13.875,0.0
samsh01w,3,0,MIA,32,32,1073,463,155,83,69,6,71,83,191,55,76,26,0,0,0,0,0,0,0,0,0,0,0,0,0,0,0,0,0,0,0,0,0.483,1.169,0.144,0.054,0.09,0.064,0.006,14.469,0.0
samsh01w,4,0,MIN,34,28,953,374,142,88,38,6,48,70,138,74,73,24,0,3,0,74,26,5,11,16,8,6,0,8,6,28,10,8,6,4,0,0,0.46,1.833,0.149,0.048,0.101,0.04,0.006,11.0,0.0
samsh01w,5,0,SEA,34,32,1018,310,139,82,53,6,63,108,117,65,42,11,1,8,8,248,59,13,31,44,28,10,0,25,21,76,25,9,6,12,3,0,0.488,1.302,0.137,0.041,0.095,0.052,0.006,9.118,0.0
samsh01w,6,0,CHA,34,33,1075,387,145,91,44,2,100,87,146,77,56,18,1,0,0,0,0,0,0,0,0,0,0,0,0,0,0,0,0,0,0,0,0.456,0.91,0.135,0.049,0.086,0.041,0.002,11.382,0.0
samsh01w,7,0,CHA,34,34,990,359,172,90,55,3,73,78,137,64,78,21,0,0,0,0,0,0,0,0,0,0,0,0,0,0,0,0,0,0,0,0,0.463,1.233,0.174,0.054,0.12,0.056,0.003,10.559,0.0
samsh01w,8,0,IND,33,4,591,164,97,42,29,6,39,58,63,29,33,9,0,6,5,185,48,15,17,32,13,6,1,5,19,51,19,12,6,8,4,0,0.401,1.077,0.164,0.059,0.105,0.049,0.01,4.97,0.0
samsh01w,9,0,DET,32,15,478,92,91,38,19,3,31,36,34,18,21,6,0,6,0,30,6,1,2,3,0,1,0,0,2,7,2,2,2,0,0,0,0.379,1.226,0.19,0.061,0.13,0.04,0.006,2.875,0.0
sanchis01w,5,0,DET,10,0,62,22,5,3,2,0,11,6,6,8,5,2,0,0,0,0,0,0,0,0,0,0,0,0,0,0,0,0,0,0,0,0,0.584,0.273,0.081,0.048,0.032,0.032,0.0,2.2,0.0
sandeam01w,8,0,DET,6,0,9,2,2,0,0,0,2,3,0,2,0,0,0,0,0,0,0,0,0,0,0,0,0,0,0,0,0,0,0,0,0,0,0.266,0.0,0.222,0.0,0.222,0.0,0.0,0.333,0.0
sanfona01w,4,0,WAS,17,0,134,49,26,1,3,2,14,35,20,9,0,0,0,0,0,0,0,0,0,0,0,0,0,0,0,0,0,0,0,0,0,0,0.502,0.071,0.194,0.075,0.119,0.022,0.015,2.882,0.0
sanfona01w,5,0,WAS,31,29,653,169,154,18,18,16,37,99,63,43,0,0,0,3,3,62,13,8,11,19,0,2,1,7,12,12,4,6,5,0,0,0,0.531,0.486,0.236,0.081,0.155,0.028,0.025,5.452,0.0
sanfona01w,6,0,WAS,27,0,293,88,45,6,10,11,17,50,29,30,0,0,0,0,0,0,0,0,0,0,0,0,0,0,0,0,0,0,0,0,0,0,0.504,0.353,0.154,0.051,0.102,0.034,0.038,3.259,0.0
sanfona01w,7,0,WAS,34,19,885,301,203,36,28,21,72,118,112,77,0,0,2,2,2,60,13,7,9,16,1,3,0,2,5,15,5,11,3,1,0,0,0.555,0.5,0.229,0.078,0.151,0.032,0.024,8.853,0.0
sanfona01w,8,0,WAS,34,31,994,375,242,23,27,28,88,141,123,129,0,0,5,0,0,0,0,0,0,0,0,0,0,0,0,0,0,0,0,0,0,0,0.591,0.261,0.243,0.101,0.143,0.027,0.028,11.029,0.0
sanfona01w,9,0,WAS,34,28,795,229,193,40,21,11,83,138,90,49,0,0,3,0,0,0,0,0,0,0,0,0,0,0,0,0,0,0,0,0,0,0,0.452,0.482,0.243,0.097,0.146,0.026,0.014,6.735,0.0
sanfona01w,10,0,WAS,34,13,663,213,147,22,26,14,73,109,77,59,0,0,1,2,0,35,10,3,2,5,3,0,1,2,10,7,5,2,0,0,0,1,0.51,0.301,0.222,0.083,0.139,0.039,0.021,6.265,0.0
sanniol01w,9,0,DET,31,9,325,106,64,6,11,7,40,59,41,24,1,0,0,9,0,66,16,5,11,16,3,3,0,4,11,16,7,4,2,0,0,0,0.539,0.15,0.197,0.08,0.117,0.034,0.022,3.419,0.0
sanniol01w,10,0,DET,31,1,298,119,57,16,11,5,30,56,47,25,0,0,0,3,0,13,10,1,2,3,0,0,3,0,3,8,5,0,0,0,0,0,0.523,0.533,0.191,0.091,0.101,0.037,0.017,3.839,0.0
santoal01w,1,0,IND,3,0,11,3,3,0,0,0,2,3,1,1,0,0,0,0,0,0,0,0,0,0,0,0,0,0,0,0,0,0,0,0,0,0,0.412,0.0,0.273,0.0,0.273,0.0,0.0,1.0,0.0
santoal01w,2,0,SEA,10,1,62,13,16,0,0,0,3,12,4,5,0,0,0,0,0,0,0,0,0,0,0,0,0,0,0,0,0,0,0,0,0,0,0.345,0.0,0.258,0.161,0.097,0.0,0.0,1.3,0.0
santoke01w,2,0,DET,14,0,153,52,27,5,3,3,12,23,20,12,1,0,0,0,0,0,0,0,0,0,0,0,0,0,0,0,0,0,0,0,0,0,0.521,0.417,0.176,0.072,0.105,0.02,0.02,3.714,0.0
santoke01w,3,0,DET,12,0,169,44,32,7,3,9,14,20,16,12,0,0,0,0,0,0,0,0,0,0,0,0,0,0,0,0,0,0,0,0,0,0,0.433,0.5,0.189,0.071,0.118,0.018,0.053,3.667,0.0
santoke01w,9,0,SEA,22,1,134,47,28,5,4,2,10,26,16,15,0,0,0,2,0,2,2,0,0,0,0,0,0,0,0,2,1,0,0,0,0,0,0.46,0.5,0.209,0.075,0.134,0.03,0.015,2.136,0.0
sarenra01w,1,0,PHO,20,0,142,64,30,8,0,1,17,30,23,17,1,1,0,0,0,0,0,0,0,0,0,0,0,0,0,0,0,0,0,0,0,0,0.573,0.471,0.211,0.077,0.134,0.0,0.007,3.2,0.0
sauerpa01w,1,0,LAS,12,0,66,20,16,3,2,1,6,10,8,4,0,0,0,1,0,2,0,0,1,1,0,0,0,0,1,0,0,0,0,0,0,0,0.617,0.5,0.242,0.045,0.197,0.03,0.015,1.667,0.0
sauerpa01w,2,0,CLE,2,0,4,2,2,0,0,1,1,1,1,0,0,0,0,1,0,4,2,0,1,1,0,0,0,1,0,3,1,0,0,0,0,0,0.333,0.0,0.5,0.25,0.25,0.0,0.25,1.0,0.0
sauerpa01w,3,0,CLE,1,0,7,0,2,0,1,0,1,0,0,0,0,0,0,0,0,0,0,0,0,0,0,0,0,0,0,0,0,0,0,0,0,0,0.0,0.0,0.286,0.143,0.143,0.143,0.0,0.0,0.0
saundja01w,2,0,PHO,28,6,253,68,40,7,10,8,14,28,25,17,3,1,0,0,0,0,0,0,0,0,0,0,0,0,0,0,0,0,0,0,0,0,0.386,0.5,0.158,0.051,0.107,0.04,0.032,2.429,0.0
saundja01w,3,0,PHO,27,1,302,99,38,23,9,4,20,23,39,21,4,0,0,0,0,0,0,0,0,0,0,0,0,0,0,0,0,0,0,0,0,0,0.423,1.15,0.126,0.033,0.093,0.03,0.013,3.667,0.0
saureau01w,2,0,WAS,25,3,455,76,42,43,24,4,41,39,33,7,26,3,0,0,0,0,0,0,0,0,0,0,0,0,0,0,0,0,0,0,0,0,0.313,1.049,0.092,0.024,0.068,0.053,0.009,3.04,0.0
saureau01w,3,0,WAS,15,2,165,24,11,18,8,2,15,12,10,3,5,1,0,0,0,0,0,0,0,0,0,0,0,0,0,0,0,0,0,0,0,0,0.458,1.2,0.067,0.018,0.048,0.048,0.012,1.6,0.0
schumke01w,2,0,IND,28,5,380,112,70,10,5,29,21,41,46,17,5,3,0,0,0,0,0,0,0,0,0,0,0,0,0,0,0,0,0,0,0,0,0.55,0.476,0.184,0.061,0.124,0.013,0.076,4.0,0.0
schumke01w,3,0,IND,31,1,352,108,59,13,7,23,21,49,45,18,1,0,0,3,0,52,32,6,3,9,3,0,2,2,6,20,13,8,4,2,2,0,0.538,0.619,0.168,0.051,0.116,0.02,0.065,3.484,0.0
schumke01w,4,0,IND,34,1,480,189,99,20,7,24,32,63,81,23,9,4,0,0,0,0,0,0,0,0,0,0,0,0,0,0,0,0,0,0,0,0,0.522,0.625,0.206,0.083,0.123,0.015,0.05,5.559,0.0
schumke01w,5,0,IND,32,7,601,224,104,25,10,31,52,67,92,35,13,5,0,0,0,0,0,0,0,0,0,0,0,0,0,0,0,0,0,0,0,0,0.519,0.481,0.173,0.06,0.113,0.017,0.052,7.0,0.0
schumke01w,6,0,IND,34,14,516,135,68,14,10,24,33,59,58,17,11,2,0,4,0,42,20,7,1,8,2,2,4,0,6,19,9,2,2,0,0,0,0.458,0.424,0.132,0.05,0.081,0.019,0.047,3.971,0.0
schumke01w,7,0,NYL,21,21,539,163,116,23,3,25,35,68,58,45,8,2,1,0,0,0,0,0,0,0,0,0,0,0,0,0,0,0,0,0,0,0,0.483,0.657,0.215,0.071,0.145,0.006,0.046,7.762,0.0
schumke01w,8,0,PHO,34,0,543,151,147,12,17,25,34,66,57,34,7,3,0,9,0,118,11,15,14,29,3,4,8,5,17,31,5,2,1,0,0,0,0.52,0.353,0.271,0.053,0.217,0.031,0.046,4.441,0.0
schumke01w,9,0,DET,7,0,89,14,20,5,2,3,8,13,6,2,2,0,0,8,0,95,14,5,19,24,3,1,3,3,13,16,7,0,0,2,0,0,0.415,0.625,0.225,0.045,0.18,0.022,0.034,2.0,0.0
schumke01w,10,0,DET,1,0,10,0,0,0,0,1,0,2,0,0,0,0,0,0,0,0,0,0,0,0,0,0,0,0,0,0,0,0,0,0,0,0,,,0.0,0.0,0.0,0.0,0.1,0.0,0.0
schwege01w,2,0,MIN,24,8,423,87,50,34,11,6,17,34,33,13,43,8,1,0,0,0,0,0,0,0,0,0,0,0,0,0,0,0,0,0,0,0,0.394,2.0,0.118,0.035,0.083,0.026,0.014,3.625,0.0
schwege01w,3,0,MIN,30,9,509,124,51,37,15,5,27,47,42,26,33,14,1,0,0,0,0,0,0,0,0,0,0,0,0,0,0,0,0,0,0,0,0.619,1.37,0.1,0.014,0.086,0.029,0.01,4.133,0.0
schwege01w,4,0,MIN,16,0,118,15,18,7,3,1,8,6,6,0,9,3,0,0,0,0,0,0,0,0,0,0,0,0,0,0,0,0,0,0,0,0,0.441,0.875,0.153,0.059,0.093,0.025,0.008,0.938,0.0
scottol01w,1,0,DET,28,0,369,100,80,28,12,10,45,83,37,26,2,0,2,0,0,0,0,0,0,0,0,0,0,0,0,0,0,0,0,0,0,0,0.469,0.622,0.217,0.076,0.141,0.033,0.027,3.571,0.0
scottol01w,2,0,IND,32,30,775,280,161,40,22,12,72,108,99,82,2,0,1,0,0,0,0,0,0,0,0,0,0,0,0,0,0,0,0,0,0,0,0.527,0.556,0.208,0.067,0.141,0.028,0.015,8.75,0.0
scottol01w,3,0,IND,31,31,975,292,211,52,38,13,69,127,113,66,4,0,2,3,3,99,21,7,17,24,5,1,1,14,11,16,8,5,5,0,0,0,0.545,0.754,0.216,0.082,0.134,0.039,0.013,9.419,0.0
scottol01w,5,0,CHA,34,0,398,73,65,10,9,13,36,78,27,19,1,0,0,0,0,0,0,0,0,0,0,0,0,0,0,0,0,0,0,0,0,0,0.45,0.278,0.163,0.07,0.093,0.023,0.033,2.147,0.0
scottol01w,6,0,SAC,18,0,170,38,33,5,4,2,22,27,14,10,0,0,0,7,0,38,9,2,5,7,5,0,1,3,8,8,4,2,1,0,0,0,0.397,0.227,0.194,0.1,0.094,0.024,0.012,2.111,0.0
scottol01w,7,0,IND,21,0,159,50,33,7,7,2,15,29,23,4,1,0,0,2,0,26,10,3,2,5,0,1,0,3,5,9,5,0,0,1,0,0,0.442,0.467,0.208,0.05,0.157,0.044,0.013,2.381,0.0
scottol01w,8,0,PHO,8,0,32,8,4,2,3,1,3,6,1,6,0,0,0,1,0,2,0,0,0,0,0,0,0,0,0,1,0,0,0,0,0,0,0.38,0.667,0.125,0.062,0.062,0.094,0.031,1.0,0.0
scottol01w,9,0,PHO,6,0,69,16,19,3,1,6,6,23,8,0,0,0,1,0,0,0,0,0,0,0,0,0,0,0,0,0,0,0,0,0,0,0,0.364,0.5,0.275,0.029,0.246,0.014,0.087,2.667,0.0
shakiel01w,1,0,HOU,14,0,150,57,31,4,5,2,7,12,13,29,12,2,0,0,0,0,0,0,0,0,0,0,0,0,0,0,0,0,0,0,0,0,0.64,0.571,0.207,0.093,0.113,0.033,0.013,4.071,0.0
shakiel01w,2,0,HOU,26,2,203,38,35,9,6,2,9,11,12,14,7,0,0,1,0,1,0,0,0,0,0,0,0,0,0,0,0,0,0,0,0,0,0.395,1.0,0.172,0.074,0.099,0.03,0.01,1.462,0.0
shakiel01w,3,0,CHA,1,0,5,1,1,0,1,0,0,0,0,1,0,0,0,0,0,0,0,0,0,0,0,0,0,0,0,0,0,0,0,0,0,0,0.568,,0.2,0.2,0.0,0.2,0.0,1.0,0.0
sharpkb01w,4,0,NYL,30,0,398,94,32,37,14,0,26,15,28,31,24,7,0,0,0,0,0,0,0,0,0,0,0,0,0,0,0,0,0,0,0,0,0.533,1.423,0.08,0.028,0.053,0.035,0.0,3.133,0.0
sharpkb01w,5,0,NYL,30,0,240,29,21,33,6,1,20,7,9,11,12,0,0,5,0,20,5,0,1,1,5,0,0,0,2,5,2,0,0,1,1,0,0.343,1.65,0.088,0.021,0.067,0.025,0.004,0.967,0.0
sharpkb01w,7,0,IND,23,0,155,22,9,23,7,0,8,3,8,3,15,3,0,0,0,0,0,0,0,0,0,0,0,0,0,0,0,0,0,0,0,0,0.303,2.875,0.058,0.019,0.039,0.045,0.0,0.957,0.0
sharpkb01w,8,0,IND,34,0,454,109,32,49,13,0,26,17,40,21,28,8,0,6,0,46,7,2,3,5,3,1,0,2,1,10,1,6,5,3,0,0,0.497,1.885,0.07,0.022,0.048,0.029,0.0,3.206,0.0
sharpkb01w,9,0,CHI,34,6,598,106,45,49,14,0,31,27,39,19,28,9,0,0,0,0,0,0,0,0,0,0,0,0,0,0,0,0,0,0,0,0,0.516,1.581,0.075,0.012,0.064,0.023,0.0,3.118,0.0
sharpkb01w,10,0,CHI,27,0,325,70,20,25,8,2,23,15,23,18,17,6,0,0,0,0,0,0,0,0,0,0,0,0,0,0,0,0,0,0,0,0,0.535,1.087,0.062,0.009,0.052,0.025,0.006,2.593,0.0
shielas01w,8,0,HOU,26,0,304,137,33,20,10,1,44,25,38,54,18,7,0,0,0,0,0,0,0,0,0,0,0,0,0,0,0,0,0,0,0,0,0.403,0.455,0.109,0.046,0.062,0.033,0.003,5.269,0.0
shielas01w,9,2,DET,7,0,44,22,3,2,1,0,6,3,8,3,9,3,0,3,0,4,2,0,0,0,1,1,0,0,2,5,1,0,0,0,0,0,0.463,0.333,0.068,0.0,0.068,0.023,0.0,3.143,0.0
shielas01w,9,1,HOU,3,0,12,2,0,1,1,0,1,3,0,2,2,0,0,0,0,0,0,0,0,0,0,0,0,0,0,0,0,0,0,0,0,0,0.114,1.0,0.0,0.0,0.0,0.083,0.0,0.667,0.0
slaisma01w,1,0,DET,3,0,7,4,1,0,1,0,0,0,0,4,1,0,0,0,0,0,0,0,0,0,0,0,0,0,0,0,0,0,0,0,0,0,0.532,,0.143,0.0,0.143,0.143,0.0,1.333,0.0
slauggw01w,5,0,MIN,3,0,7,2,1,0,0,1,0,0,0,2,0,0,0,0,0,0,0,0,0,0,0,0,0,0,0,0,0,0,0,0,0,0,0.532,,0.143,0.0,0.143,0.0,0.143,0.667,0.0
slavtge01w,4,0,PHO,2,0,12,0,0,1,0,0,1,2,0,0,2,0,0,0,0,0,0,0,0,0,0,0,0,0,0,0,0,0,0,0,0,0,0.0,1.0,0.0,0.0,0.0,0.0,0.0,0.0,0.0
smithai01w,4,0,WAS,31,2,422,104,65,10,11,9,26,44,41,17,34,5,0,0,0,0,0,0,0,0,0,0,0,0,0,0,0,0,0,0,0,0,0.385,0.385,0.154,0.05,0.104,0.026,0.021,3.355,0.0
smithai01w,5,0,WAS,29,3,403,115,69,15,17,12,21,38,42,22,16,9,0,3,0,53,15,5,3,8,1,1,0,4,5,15,5,5,4,4,1,0,0.487,0.714,0.171,0.065,0.107,0.042,0.03,3.966,0.0
smithbr01w,9,0,PHO,10,0,134,41,36,9,2,3,9,29,16,9,0,0,0,0,0,0,0,0,0,0,0,0,0,0,0,0,0,0,0,0,0,0,0.608,1.0,0.269,0.075,0.194,0.015,0.022,4.1,0.0
smithbr01w,10,0,PHO,21,0,144,21,35,3,2,3,7,30,7,7,0,0,0,1,0,6,4,0,0,0,0,1,0,0,1,2,2,0,0,0,0,0,0.567,0.429,0.243,0.076,0.167,0.014,0.021,1.0,0.0
smithch02w,1,0,CHA,30,7,659,156,106,55,15,17,48,88,56,20,76,24,2,0,0,0,0,0,0,0,0,0,0,0,0,0,0,0,0,0,0,0,0.459,1.146,0.161,0.044,0.117,0.023,0.026,5.2,0.0
smithch02w,2,0,CHA,30,24,678,171,101,50,16,13,41,73,57,47,32,10,1,8,8,224,47,13,19,32,14,6,8,7,24,54,16,11,10,20,5,0,0.491,1.22,0.149,0.053,0.096,0.024,0.019,5.7,0.0
smithch02w,3,0,CHA,32,32,890,256,121,53,21,17,60,113,91,40,91,34,3,2,2,53,12,0,7,7,0,1,2,2,7,17,5,2,2,7,0,0,0.521,0.883,0.136,0.044,0.092,0.024,0.019,8.0,0.0
smithch02w,4,0,CHA,27,9,443,95,60,18,10,2,24,54,31,24,32,9,0,2,0,7,2,1,0,1,1,0,0,0,0,1,1,0,0,0,0,0,0.417,0.75,0.135,0.052,0.084,0.023,0.005,3.519,0.0
smithch02w,5,0,CHA,34,34,977,280,139,40,18,13,55,109,99,53,58,29,1,0,0,0,0,0,0,0,0,0,0,0,0,0,0,0,0,0,0,0,0.588,0.727,0.142,0.051,0.091,0.018,0.013,8.235,0.0
smithch02w,6,0,WAS,34,34,1036,246,128,71,22,11,46,93,87,30,100,42,0,0,0,0,0,0,0,0,0,0,0,0,0,0,0,0,0,0,0,0,0.585,1.543,0.124,0.033,0.091,0.021,0.011,7.235,0.0
smithch02w,7,0,IND,18,2,173,35,24,7,3,1,13,21,12,3,22,8,0,1,0,1,0,0,0,0,0,0,0,0,0,0,0,0,0,0,0,0,0.429,0.538,0.139,0.052,0.087,0.017,0.006,1.944,0.0
smithch03w,1,0,SEA,32,3,516,52,47,53,16,3,32,52,16,10,32,10,0,0,0,0,0,0,0,0,0,0,0,0,0,0,0,0,0,0,0,0,0.407,1.656,0.091,0.027,0.064,0.031,0.006,1.625,0.0
smithch03w,2,0,SEA,32,8,589,58,55,39,17,1,26,52,17,13,38,11,0,0,0,0,0,0,0,0,0,0,0,0,0,0,0,0,0,0,0,0,0.401,1.5,0.093,0.031,0.063,0.029,0.002,1.812,0.0
smithch03w,4,0,PHO,4,0,17,0,4,1,0,0,0,2,0,0,2,0,0,0,0,0,0,0,0,0,0,0,0,0,0,0,0,0,0,0,0,0,0.0,0.0,0.235,0.059,0.176,0.0,0.0,0.0,0.0
smithcr01w,7,0,PHO,23,0,197,60,22,22,17,0,18,24,21,11,19,7,0,0,0,0,0,0,0,0,0,0,0,0,0,0,0,0,0,0,0,0,0.574,1.222,0.112,0.02,0.091,0.086,0.0,2.609,0.0
smithcr01w,8,0,HOU,27,23,683,170,53,72,34,3,56,50,62,19,70,27,0,0,0,0,0,0,0,0,0,0,0,0,0,0,0,0,0,0,0,0,0.514,1.286,0.078,0.018,0.06,0.05,0.004,6.296,0.0
smithcr01w,9,1,MIN,1,0,0,0,0,0,0,0,0,0,0,0,0,0,0,0,0,0,0,0,0,0,0,0,0,0,0,0,0,0,0,0,0,0,,,,,,,,0.0,0.0
smithcr01w,9,2,WAS,28,4,392,121,28,25,14,2,34,43,39,29,38,14,0,0,0,0,0,0,0,0,0,0,0,0,0,0,0,0,0,0,0,0,0.481,0.735,0.071,0.026,0.046,0.036,0.005,4.321,0.0
smithje01w,6,0,NYL,2,0,7,0,0,0,0,0,0,0,0,0,0,0,0,0,0,0,0,0,0,0,0,0,0,0,0,0,0,0,0,0,0,0,0.0,,0.0,0.0,0.0,0.0,0.0,0.0,0.0
smithka01w,1,0,MIN,32,32,1193,646,93,90,44,7,76,71,203,152,232,88,0,0,0,0,0,0,0,0,0,0,0,0,0,0,0,0,0,0,0,0,0.578,1.184,0.078,0.023,0.054,0.037,0.006,20.188,0.0
smithka01w,2,0,MIN,32,32,1234,739,122,70,23,5,87,94,204,246,240,85,0,0,0,0,0,0,0,0,0,0,0,0,0,0,0,0,0,0,0,0,0.577,0.805,0.099,0.032,0.066,0.019,0.004,23.094,0.0
smithka01w,3,0,MIN,31,31,1138,512,92,79,32,7,70,87,162,126,188,62,2,0,0,0,0,0,0,0,0,0,0,0,0,0,0,0,0,0,0,0,0.547,1.129,0.081,0.021,0.06,0.028,0.006,16.516,0.0
smithka01w,4,0,MIN,34,34,1185,620,138,84,25,6,67,112,208,126,200,78,2,3,3,120,52,3,10,13,9,1,0,8,11,42,18,12,11,14,5,0,0.599,1.254,0.116,0.034,0.083,0.021,0.005,18.235,0.0
smithka01w,5,0,MIN,23,23,800,432,84,52,23,6,51,63,137,98,139,60,1,0,0,0,0,0,0,0,0,0,0,0,0,0,0,0,0,0,0,0,0.59,1.02,0.105,0.021,0.084,0.029,0.008,18.783,0.0
smithka01w,6,2,DET,13,9,394,124,28,26,5,3,17,27,40,26,55,18,0,2,2,67,21,2,4,6,1,2,0,2,5,26,7,5,5,10,2,0,0.508,1.529,0.071,0.028,0.043,0.013,0.008,9.538,0.0
smithka01w,6,1,MIN,23,23,766,306,55,61,25,2,54,46,100,71,104,35,0,0,0,0,0,0,0,0,0,0,0,0,0,0,0,0,0,0,0,0,0.509,1.13,0.072,0.016,0.056,0.033,0.003,13.304,0.0
smithka01w,7,0,DET,34,34,1137,398,92,112,25,4,65,78,123,93,161,59,0,10,10,371,147,7,18,25,40,5,0,24,29,117,51,34,25,50,20,0,0.574,1.723,0.081,0.017,0.064,0.022,0.004,11.706,1.0
smithka01w,8,0,DET,34,34,1166,450,128,124,42,3,59,81,128,133,196,61,0,11,11,393,134,7,28,35,40,8,2,25,32,132,45,25,19,73,25,1,0.531,2.102,0.11,0.015,0.094,0.036,0.003,13.235,0.0
smithka01w,9,0,DET,34,34,1152,500,94,137,32,3,80,70,157,110,211,76,0,9,9,309,138,4,32,36,22,4,1,16,21,117,48,33,25,48,17,0,0.538,1.712,0.082,0.009,0.073,0.028,0.003,14.706,1.0
smithka01w,10,0,DET,27,27,894,369,63,76,21,2,62,69,128,56,132,57,2,0,0,0,0,0,0,0,0,0,0,0,0,0,0,0,0,0,0,0,0.575,1.226,0.07,0.015,0.056,0.023,0.002,13.667,0.0
smithki01w,7,0,SAC,31,0,313,74,39,20,9,0,22,33,28,5,32,13,0,5,0,11,4,0,2,2,0,0,0,2,0,2,1,2,1,2,1,0,0.421,0.909,0.125,0.035,0.089,0.029,0.0,2.387,0.0
smithki01w,8,0,SAC,3,0,6,0,2,0,0,0,1,1,0,0,0,0,0,0,0,0,0,0,0,0,0,0,0,0,0,0,0,0,0,0,0,0,,0.0,0.333,0.0,0.333,0.0,0.0,0.0,0.0
smithki01w,9,0,SAC,21,0,143,33,14,5,7,2,9,22,12,8,12,1,0,0,0,0,0,0,0,0,0,0,0,0,0,0,0,0,0,0,0,0,0.316,0.556,0.098,0.035,0.063,0.049,0.014,1.571,0.0
smithla01w,1,0,ORL,3,0,12,5,2,1,2,0,2,2,2,1,1,0,0,1,0,1,0,0,0,0,0,0,0,0,0,0,0,0,0,0,0,0,0.727,0.5,0.167,0.083,0.083,0.167,0.0,1.667,0.0
smithta01w,1,0,SAC,32,32,925,388,178,43,30,64,60,107,176,36,0,0,1,2,2,59,21,0,8,8,1,2,1,2,5,22,9,4,3,0,0,0,0.496,0.717,0.192,0.066,0.126,0.032,0.069,12.125,0.0
smithta01w,2,0,SAC,32,32,912,358,179,41,34,55,66,106,148,62,2,0,2,5,5,164,55,8,16,24,8,5,5,4,16,60,23,11,9,0,0,0,0.46,0.621,0.196,0.053,0.144,0.037,0.06,11.188,0.0
smithta01w,3,0,SAC,32,32,1063,469,188,40,27,46,59,126,184,86,42,15,4,0,0,0,0,0,0,0,0,0,0,0,0,0,0,0,0,0,0,0,0.489,0.678,0.177,0.053,0.124,0.025,0.043,14.656,0.0
smithta01w,4,0,SAC,34,34,986,430,187,52,43,32,56,103,188,41,49,13,2,6,6,176,77,9,37,46,11,5,3,11,17,73,29,20,14,15,5,0,0.475,0.929,0.19,0.062,0.128,0.044,0.032,12.647,0.0
smithta01w,5,0,SAC,34,33,908,380,138,50,38,25,53,86,165,45,29,5,0,6,6,185,95,11,20,31,8,9,12,11,17,86,38,22,17,9,2,0,0.446,0.943,0.152,0.051,0.101,0.042,0.028,11.176,0.0
smithta01w,6,0,CHA,31,31,1063,421,162,41,51,32,84,105,169,83,7,0,1,0,0,0,0,0,0,0,0,0,0,0,0,0,0,0,0,0,0,0,0.467,0.488,0.152,0.042,0.11,0.048,0.03,13.581,0.0
smithta01w,7,0,CHA,34,34,972,445,180,50,41,29,70,100,178,58,85,31,1,0,0,0,0,0,0,0,0,0,0,0,0,0,0,0,0,0,0,0,0.487,0.714,0.185,0.049,0.136,0.042,0.03,13.088,0.0
smithta01w,8,0,PHO,34,34,1072,428,220,44,40,56,56,101,165,78,61,20,1,9,9,286,105,16,54,70,15,9,16,13,32,91,37,20,16,31,15,0,0.484,0.786,0.205,0.05,0.155,0.037,0.052,12.588,0.0
smithta01w,9,0,PHO,25,25,722,277,176,28,28,29,41,98,111,39,46,16,3,0,0,0,0,0,0,0,0,0,0,0,0,0,0,0,0,0,0,0,0.485,0.683,0.244,0.069,0.175,0.039,0.04,11.08,0.0
smithta01w,10,0,PHO,34,34,920,336,183,27,34,57,37,107,137,20,93,42,4,11,11,290,109,14,50,64,9,15,9,7,38,76,40,12,9,38,20,0,0.535,0.73,0.199,0.038,0.161,0.037,0.062,9.882,0.0
smithty01w,8,0,DET,1,0,7,1,2,0,1,0,0,0,0,1,0,0,0,1,0,0,0,0,0,0,0,0,0,0,0,0,0,0,0,0,0,0,0.174,,0.286,0.143,0.143,0.143,0.0,1.0,0.0
smithwa01w,9,0,DET,1,0,0,0,0,0,0,0,0,0,0,0,0,0,0,0,0,0,0,0,0,0,0,0,0,0,0,0,0,0,0,0,0,0,,,,,,,,0.0,0.0
snellbe01w,6,0,PHO,20,0,226,65,36,18,7,1,11,31,19,16,37,11,0,0,0,0,0,0,0,0,0,0,0,0,0,0,0,0,0,0,0,0,0.517,1.636,0.159,0.084,0.075,0.031,0.004,3.25,0.0
snellbe01w,7,0,PHO,30,0,250,100,39,19,15,3,17,28,35,10,63,20,0,0,0,0,0,0,0,0,0,0,0,0,0,0,0,0,0,0,0,0,0.53,1.118,0.156,0.044,0.112,0.06,0.012,3.333,0.0
snellbe01w,8,0,PHO,30,2,343,107,46,44,20,4,18,31,37,7,79,26,0,8,0,52,13,6,3,9,7,1,0,2,9,23,4,2,1,18,4,0,0.483,2.444,0.134,0.035,0.099,0.058,0.012,3.567,0.0
snellbe01w,10,0,SAS,30,6,553,187,70,37,27,3,29,50,61,23,137,42,0,1,0,7,0,0,2,2,1,0,0,0,0,2,0,0,0,2,0,0,0.48,1.276,0.127,0.038,0.089,0.049,0.005,6.233,0.0
snowmi01w,3,0,HOU,32,2,480,125,119,13,12,26,22,59,45,34,2,1,0,3,0,79,19,6,15,21,4,0,2,5,9,18,6,8,7,1,0,0,0.516,0.591,0.248,0.065,0.183,0.025,0.054,3.906,0.0
snowmi01w,4,0,HOU,34,34,1025,314,263,42,35,62,68,120,126,62,1,0,2,3,3,89,25,12,17,29,5,4,4,5,10,25,10,8,5,0,0,0,0.541,0.618,0.257,0.074,0.182,0.034,0.06,9.235,1.0
snowmi01w,5,0,HOU,31,31,893,276,239,31,28,35,71,89,104,68,0,0,0,0,0,0,0,0,0,0,0,0,0,0,0,0,0,0,0,0,0,0,0.495,0.437,0.268,0.069,0.198,0.031,0.039,8.903,0.0
snowmi01w,6,0,HOU,33,33,966,396,225,40,20,38,65,120,152,92,0,0,4,5,5,152,52,1,26,27,4,5,3,16,15,34,18,23,16,0,0,0,0.594,0.615,0.233,0.07,0.163,0.021,0.039,12.0,0.0
snowmi01w,7,0,HOU,34,34,995,442,269,47,33,38,88,121,178,86,0,0,3,2,2,57,31,3,9,12,4,2,6,2,9,17,10,12,11,0,0,0,0.545,0.534,0.27,0.078,0.192,0.033,0.038,13.0,0.0
snowmi01w,8,0,HOU,34,34,892,366,230,47,18,35,91,107,140,86,0,0,1,0,0,0,0,0,0,0,0,0,0,0,0,0,0,0,0,0,0,0,0.549,0.516,0.258,0.087,0.17,0.02,0.039,10.765,0.0
snowmi01w,9,0,HOU,34,34,856,336,230,43,18,31,64,111,126,83,2,1,3,0,0,0,0,0,0,0,0,0,0,0,0,0,0,0,0,0,0,0,0.579,0.672,0.269,0.088,0.181,0.021,0.036,9.882,0.0
snowmi01w,10,0,ATL,34,2,503,185,145,17,15,17,39,73,67,51,2,0,0,2,0,33,9,3,5,8,1,0,2,2,3,10,3,5,3,0,0,0,0.546,0.436,0.288,0.08,0.209,0.03,0.034,5.441,0.0
spencsi01w,8,0,LAS,34,22,828,327,138,42,27,11,35,86,118,37,123,54,0,0,0,0,0,0,0,0,0,0,0,0,0,0,0,0,0,0,0,0,0.513,1.2,0.167,0.058,0.109,0.033,0.013,9.618,0.0
spencsi01w,9,0,LAS,33,2,451,174,62,18,14,4,23,48,63,17,81,31,0,5,0,48,7,4,5,9,1,0,1,3,5,12,3,1,1,3,0,0,0.534,0.783,0.137,0.062,0.075,0.031,0.009,5.273,0.0
spencsi01w,10,0,NYL,33,0,340,99,38,15,6,1,9,24,34,9,57,22,0,0,0,0,0,0,0,0,0,0,0,0,0,0,0,0,0,0,0,0,0.538,1.667,0.112,0.021,0.091,0.018,0.003,3.0,0.0
spornra01w,2,0,DET,23,1,265,41,52,11,7,4,13,16,19,3,0,0,0,0,0,0,0,0,0,0,0,0,0,0,0,0,0,0,0,0,0,0,0.402,0.846,0.196,0.079,0.117,0.026,0.015,1.783,0.0
stafftr01w,2,0,HOU,30,4,365,113,85,16,12,2,26,42,39,35,1,0,0,2,0,16,4,2,1,3,1,2,2,0,3,5,1,4,2,0,0,0,0.438,0.615,0.233,0.101,0.132,0.033,0.005,3.767,0.0
stafftr01w,3,0,MIA,6,0,38,8,6,2,1,0,6,5,1,6,0,0,0,0,0,0,0,0,0,0,0,0,0,0,0,0,0,0,0,0,0,0,0.42,0.333,0.158,0.079,0.079,0.026,0.0,1.333,0.0
staleda01w,1,0,CHA,32,32,1099,282,77,190,37,1,91,80,94,65,88,29,1,0,0,0,0,0,0,0,0,0,0,0,0,0,0,0,0,0,0,0,0.494,2.088,0.07,0.019,0.051,0.034,0.001,8.812,0.0
staleda01w,2,0,CHA,32,32,1152,298,71,179,52,1,100,54,107,51,89,33,0,8,8,301,94,3,15,18,35,9,2,34,19,77,32,21,17,26,13,0,0.487,1.79,0.062,0.01,0.052,0.045,0.001,9.312,0.0
staleda01w,3,0,CHA,32,32,1061,278,56,164,48,0,80,67,84,77,83,33,0,2,2,78,17,2,3,5,10,3,0,4,2,21,6,6,3,10,2,0,0.505,2.05,0.053,0.008,0.045,0.045,0.0,8.688,0.0
staleda01w,4,0,CHA,34,34,1086,269,58,174,49,4,78,76,90,61,72,28,0,2,2,58,18,1,4,5,7,4,0,4,6,17,6,5,2,8,4,0,0.542,2.231,0.053,0.013,0.041,0.045,0.004,7.912,0.0
staleda01w,5,0,CHA,34,34,1143,302,58,171,43,2,74,83,106,66,59,24,0,0,0,0,0,0,0,0,0,0,0,0,0,0,0,0,0,0,0,0,0.531,2.311,0.051,0.01,0.04,0.038,0.002,8.882,0.0
staleda01w,6,1,CHA,23,23,684,146,53,121,30,0,42,47,53,23,42,17,0,0,0,0,0,0,0,0,0,0,0,0,0,0,0,0,0,0,0,0,0.506,2.881,0.077,0.01,0.067,0.044,0.0,6.348,0.0
staleda01w,6,2,HOU,10,3,221,33,17,28,6,1,12,23,10,9,14,4,1,5,0,125,21,0,4,4,14,9,0,7,9,13,6,7,6,8,3,0,0.509,2.333,0.077,0.009,0.068,0.027,0.005,3.3,0.0
staleda01w,7,0,HOU,34,34,1018,250,75,133,35,5,76,50,84,29,124,53,0,2,2,40,3,1,4,5,2,0,0,4,1,7,1,0,0,3,1,0,0.579,1.75,0.074,0.014,0.06,0.034,0.005,7.353,2.0
stansti01w,7,0,LAS,4,0,23,6,7,2,1,2,2,4,3,0,0,0,0,2,0,7,0,0,1,1,1,0,1,0,1,0,0,0,0,0,0,0,0.375,1.0,0.304,0.261,0.043,0.043,0.087,1.5,0.0
stansti01w,8,0,MIN,30,14,437,130,130,15,13,11,29,78,55,20,0,0,0,0,0,0,0,0,0,0,0,0,0,0,0,0,0,0,0,0,0,0,0.474,0.517,0.297,0.114,0.183,0.03,0.025,4.333,0.0
starbka01w,1,0,UTA,29,0,340,117,33,30,13,11,29,32,39,34,23,5,0,0,0,0,0,0,0,0,0,0,0,0,0,0,0,0,0,0,0,0,0.459,1.034,0.097,0.035,0.062,0.038,0.032,4.034,0.0
starbka01w,2,0,UTA,23,7,310,109,30,21,8,1,15,30,41,22,23,5,0,1,0,2,0,0,0,0,0,0,0,0,0,1,0,0,0,1,0,0,0.447,1.4,0.097,0.042,0.055,0.026,0.003,4.739,0.0
starbka01w,3,2,SEA,9,0,186,53,19,12,6,4,11,19,20,8,11,5,0,2,0,23,5,1,2,3,1,1,1,4,2,2,1,2,2,1,1,0,0.553,1.091,0.102,0.016,0.086,0.032,0.022,5.889,0.0
starbka01w,3,1,UTA,15,0,88,26,7,7,9,4,2,16,10,4,8,2,0,0,0,0,0,0,0,0,0,0,0,0,0,0,0,0,0,0,0,0,0.463,3.5,0.08,0.0,0.08,0.102,0.045,1.733,0.0
starbka01w,5,0,IND,12,0,117,20,9,11,6,0,9,7,6,5,10,3,0,0,0,0,0,0,0,0,0,0,0,0,0,0,0,0,0,0,0,0,0.39,1.222,0.077,0.051,0.026,0.051,0.0,1.667,0.0
stedika01w,1,0,SAC,29,0,309,91,39,14,11,10,17,22,36,2,53,17,0,2,0,10,0,1,0,1,1,0,0,2,0,2,0,0,0,2,0,0,0.464,0.824,0.126,0.036,0.091,0.036,0.032,3.138,0.0
stedika01w,2,0,SEA,26,17,393,102,35,24,16,9,22,23,35,16,35,16,1,0,0,0,0,0,0,0,0,0,0,0,0,0,0,0,0,0,0,0,0.496,1.091,0.089,0.023,0.066,0.041,0.023,3.923,0.0
stepama01w,1,0,PHO,15,1,170,57,48,8,4,9,22,42,24,9,0,0,1,0,0,0,0,0,0,0,0,0,0,0,0,0,0,0,0,0,0,0,0.47,0.364,0.282,0.088,0.194,0.024,0.053,3.8,0.0
stepama01w,2,0,PHO,32,31,815,334,201,41,43,64,50,110,143,48,2,0,3,0,0,0,0,0,0,0,0,0,0,0,0,0,0,0,0,0,0,0,0.528,0.82,0.247,0.081,0.166,0.053,0.079,10.438,0.0
stepama01w,6,0,PHO,15,14,409,162,80,23,20,38,22,33,68,26,0,0,0,0,0,0,0,0,0,0,0,0,0,0,0,0,0,0,0,0,0,0,0.501,1.045,0.196,0.071,0.125,0.049,0.093,10.8,0.0
stephst01w,5,0,DET,7,1,36,4,9,3,0,0,2,7,2,0,0,0,0,0,0,0,0,0,0,0,0,0,0,0,0,0,0,0,0,0,0,0,0.291,1.5,0.25,0.056,0.194,0.0,0.0,0.571,0.0
stevema01w,5,0,SAS,29,0,259,38,35,5,6,4,11,32,15,7,1,1,0,0,0,0,0,0,0,0,0,0,0,0,0,0,0,0,0,0,0,0,0.392,0.455,0.135,0.042,0.093,0.023,0.015,1.31,0.0
stevema01w,6,0,SEA,4,1,53,6,6,1,2,0,4,3,3,0,1,0,0,0,0,0,0,0,0,0,0,0,0,0,0,0,0,0,0,0,0,0,0.25,0.25,0.113,0.038,0.075,0.038,0.0,1.5,0.0
stevema01w,7,0,PHO,2,0,18,3,2,0,1,1,2,3,1,0,1,1,0,0,0,0,0,0,0,0,0,0,0,0,0,0,0,0,0,0,0,0,0.3,0.0,0.111,0.056,0.056,0.056,0.056,1.5,0.0
stileja01w,2,0,POR,32,32,1023,478,77,55,24,3,68,75,156,116,116,50,0,0,0,0,0,0,0,0,0,0,0,0,0,0,0,0,0,0,0,0,0.53,0.809,0.075,0.023,0.052,0.023,0.003,14.938,1.0
stileja01w,3,0,POR,21,3,382,125,18,20,4,0,21,38,43,24,44,15,0,0,0,0,0,0,0,0,0,0,0,0,0,0,0,0,0,0,0,0,0.422,0.952,0.047,0.018,0.029,0.01,0.0,5.952,0.0
stinsan01w,1,0,CHA,32,32,1123,565,136,121,55,23,86,77,214,99,106,38,0,0,0,0,0,0,0,0,0,0,0,0,0,0,0,0,0,0,0,0,0.541,1.407,0.121,0.031,0.09,0.049,0.02,17.656,0.0
stinsan01w,2,0,CHA,32,32,1006,450,137,88,43,19,70,59,179,63,65,29,0,8,8,278,96,12,37,49,26,13,2,18,18,95,37,21,17,13,5,0,0.556,1.257,0.136,0.039,0.097,0.043,0.019,14.062,0.0
stinsan01w,3,0,CHA,32,32,950,411,177,91,37,9,52,56,159,64,70,29,0,2,2,65,30,7,4,11,9,7,0,4,4,25,12,2,2,7,4,0,0.527,1.75,0.186,0.039,0.147,0.039,0.009,12.844,0.0
stinsan01w,4,0,CHA,34,34,1000,377,140,97,48,5,75,70,147,60,75,23,0,2,2,64,36,4,5,9,7,2,0,4,4,28,12,9,9,7,3,0,0.53,1.293,0.14,0.028,0.112,0.048,0.005,11.088,0.0
stinsan01w,5,0,CHA,34,34,777,203,119,49,27,7,41,60,79,34,37,11,1,0,0,0,0,0,0,0,0,0,0,0,0,0,0,0,0,0,0,0,0.483,1.195,0.153,0.032,0.121,0.035,0.009,5.971,0.0
stinsan01w,6,0,DET,18,1,102,22,12,13,3,0,4,6,8,4,10,2,0,0,0,0,0,0,0,0,0,0,0,0,0,0,0,0,0,0,0,0,0.429,3.25,0.118,0.059,0.059,0.029,0.0,1.222,0.0
stiresh01w,1,0,MIN,21,0,117,35,14,7,6,0,14,22,13,4,10,5,0,0,0,0,0,0,0,0,0,0,0,0,0,0,0,0,0,0,0,0,0.553,0.5,0.12,0.051,0.068,0.051,0.0,1.667,0.0
stiresh01w,2,0,MIN,18,5,201,51,27,14,8,4,19,26,20,5,25,6,0,0,0,0,0,0,0,0,0,0,0,0,0,0,0,0,0,0,0,0,0.455,0.737,0.134,0.05,0.085,0.04,0.02,2.833,0.0
stiresh01w,3,0,MIN,9,0,22,6,6,1,0,1,2,3,2,1,2,1,0,0,0,0,0,0,0,0,0,0,0,0,0,0,0,0,0,0,0,0,0.615,0.5,0.273,0.182,0.091,0.0,0.045,0.667,0.0
stockta01w,2,0,WAS,3,0,11,3,2,0,0,0,0,3,1,1,0,0,0,0,0,0,0,0,0,0,0,0,0,0,0,0,0,0,0,0,0,0,0.387,,0.182,0.0,0.182,0.0,0.0,1.0,0.0
streiju01w,1,0,IND,27,6,424,121,71,44,16,23,32,67,46,27,6,2,1,0,0,0,0,0,0,0,0,0,0,0,0,0,0,0,0,0,0,0,0.457,1.375,0.167,0.059,0.108,0.038,0.054,4.481,0.0
streiju01w,2,0,IND,27,26,707,246,139,52,37,19,52,81,99,48,9,0,2,0,0,0,0,0,0,0,0,0,0,0,0,0,0,0,0,0,0,0,0.53,1.0,0.197,0.064,0.133,0.052,0.027,9.111,0.0
streiju01w,6,0,IND,34,20,686,186,101,32,29,11,36,75,82,19,6,3,0,4,4,96,18,10,8,18,5,5,1,6,11,23,6,6,6,0,0,0,0.49,0.889,0.147,0.054,0.093,0.042,0.016,5.471,0.0
strotan01w,7,0,PHO,8,0,39,16,5,2,1,2,0,3,6,0,10,4,0,0,0,0,0,0,0,0,0,0,0,0,0,0,0,0,0,0,0,0,0.571,0.0,0.128,0.051,0.077,0.026,0.051,2.0,0.0
strotan01w,8,0,IND,12,0,69,28,9,3,0,0,2,5,10,2,15,6,0,3,0,15,7,0,3,3,2,1,0,0,1,7,3,0,0,3,1,0,0.439,1.5,0.13,0.087,0.043,0.0,0.0,2.333,0.0
strotan01w,9,0,ATL,21,0,160,39,13,7,5,3,3,17,12,8,19,7,0,0,0,0,0,0,0,0,0,0,0,0,0,0,0,0,0,0,0,0,0.496,2.333,0.081,0.031,0.05,0.031,0.019,1.857,0.0
summela01w,6,0,CON,11,0,43,10,10,3,2,0,4,11,3,4,0,0,0,2,0,2,0,0,0,0,0,0,0,0,0,0,0,0,0,0,0,0,0.446,0.75,0.233,0.116,0.116,0.047,0.0,0.909,0.0
summela01w,7,0,CON,33,3,359,83,36,19,3,2,20,38,32,16,15,3,0,2,0,7,2,0,1,1,0,0,0,0,0,2,1,0,0,0,0,0,0.483,0.95,0.1,0.033,0.067,0.008,0.006,2.515,0.0
sun-mju01w,4,0,SEA,17,0,118,30,10,1,5,0,5,13,13,4,7,0,0,0,0,0,0,0,0,0,0,0,0,0,0,0,0,0,0,0,0,0,0.444,0.2,0.085,0.008,0.076,0.042,0.0,1.765,0.0
suttota01w,2,0,CHA,29,21,602,196,129,11,21,39,40,84,72,52,0,0,1,8,8,167,60,10,16,26,4,1,11,8,25,46,25,14,10,0,0,0,0.548,0.275,0.214,0.085,0.13,0.035,0.065,6.759,0.0
suttota01w,3,0,CHA,32,29,885,382,191,15,29,36,49,125,129,124,0,0,3,2,2,56,15,4,8,12,0,1,1,7,6,14,7,6,1,0,0,0,0.598,0.306,0.216,0.086,0.13,0.033,0.041,11.938,0.0
suttota01w,4,0,CHA,34,33,864,286,201,15,19,50,59,132,98,90,0,0,2,2,1,32,4,1,5,6,0,0,3,2,5,7,2,0,0,0,0,0,0.492,0.254,0.233,0.084,0.148,0.022,0.058,8.412,0.0
suttota01w,5,0,CHA,34,34,970,325,211,15,31,71,71,111,106,113,0,0,1,0,0,0,0,0,0,0,0,0,0,0,0,0,0,0,0,0,0,0,0.55,0.211,0.218,0.065,0.153,0.032,0.073,9.559,0.0
suttota01w,6,0,CHA,34,33,887,318,179,14,30,37,69,138,111,96,0,0,5,0,0,0,0,0,0,0,0,0,0,0,0,0,0,0,0,0,0,0,0.568,0.203,0.202,0.072,0.13,0.034,0.042,9.353,0.0
suttota01w,7,0,CHA,30,30,800,335,176,20,26,55,71,105,118,99,0,0,2,0,0,0,0,0,0,0,0,0,0,0,0,0,0,0,0,0,0,0,0.54,0.282,0.22,0.088,0.132,0.032,0.069,11.167,0.0
suttota01w,8,0,IND,34,33,860,409,184,30,35,47,85,115,149,111,0,0,1,6,6,123,42,7,21,28,4,1,12,8,15,43,15,21,12,0,0,0,0.545,0.353,0.214,0.077,0.137,0.041,0.055,12.029,0.0
suttota01w,9,0,IND,33,33,956,389,208,17,20,57,69,113,143,103,1,0,2,3,3,93,44,6,10,16,1,1,4,6,12,31,12,21,20,0,0,0,0.546,0.246,0.218,0.066,0.152,0.021,0.06,11.788,0.0
suttota01w,10,0,IND,27,25,680,266,158,23,15,40,49,76,95,76,0,0,2,10,10,311,143,15,41,56,5,9,14,30,30,106,56,45,31,0,0,0,0.534,0.469,0.232,0.065,0.168,0.022,0.059,9.852,0.0
swanike01w,9,0,CON,25,6,231,41,29,26,14,1,20,17,13,8,30,7,0,0,0,0,0,0,0,0,0,0,0,0,0,0,0,0,0,0,0,0,0.399,1.3,0.126,0.022,0.104,0.061,0.004,1.64,0.0
swanike01w,10,0,PHO,33,0,388,93,53,54,15,3,46,34,33,16,33,11,0,9,0,91,20,2,7,9,13,2,0,7,10,27,8,0,0,11,4,0,0.485,1.174,0.137,0.018,0.119,0.039,0.008,2.818,0.0
swoopsh01w,1,0,HOU,31,31,1090,643,195,119,87,33,82,67,245,119,91,34,0,6,6,220,113,9,25,34,19,17,0,12,11,87,41,29,23,17,8,0,0.587,1.451,0.179,0.037,0.142,0.08,0.03,20.742,2.0
swoopsh01w,3,0,HOU,32,32,1154,592,158,107,88,23,87,50,221,127,80,23,0,3,3,127,73,10,12,22,17,12,2,8,7,63,25,25,20,9,3,0,0.513,1.23,0.137,0.026,0.111,0.076,0.02,18.5,2.0
swoopsh01w,4,0,HOU,31,30,1084,484,143,121,77,26,73,48,175,110,79,24,0,3,3,110,56,2,17,19,13,4,2,5,8,46,20,16,15,10,1,0,0.495,1.658,0.132,0.03,0.102,0.071,0.024,15.613,1.0
swoopsh01w,5,0,HOU,31,31,1070,459,153,91,47,16,59,56,181,77,65,20,0,0,0,0,0,0,0,0,0,0,0,0,0,0,0,0,0,0,0,0,0.49,1.542,0.143,0.036,0.107,0.044,0.015,14.806,0.0
swoopsh01w,6,0,HOU,33,33,1225,614,119,141,66,26,72,54,217,153,75,27,0,5,5,189,92,8,20,28,19,7,2,15,17,87,35,21,17,14,5,0,0.543,1.958,0.097,0.022,0.075,0.054,0.021,18.606,2.0
swoopsh01w,7,0,HOU,31,31,1111,482,183,115,64,9,74,46,180,97,90,25,0,2,2,62,22,0,5,5,3,2,2,2,2,18,7,8,7,6,1,0,0.49,1.554,0.165,0.031,0.134,0.058,0.008,15.548,1.0
swoopsh01w,8,0,HOU,3,3,106,23,17,11,5,1,9,3,9,4,7,1,0,0,0,0,0,0,0,0,0,0,0,0,0,0,0,0,0,0,0,0,0.43,1.222,0.16,0.028,0.132,0.047,0.009,7.667,0.0
swoopsh01w,9,0,SEA,29,25,706,205,126,60,43,9,31,44,75,41,63,14,0,3,2,72,26,3,7,10,3,6,0,5,7,25,8,9,8,10,2,0,0.47,1.935,0.178,0.037,0.142,0.061,0.013,7.069,0.0
tateso01w,1,0,MIN,8,0,94,27,13,5,3,0,7,13,10,1,11,6,0,0,0,0,0,0,0,0,0,0,0,0,0,0,0,0,0,0,0,0,0.59,0.714,0.138,0.064,0.074,0.032,0.0,3.375,0.0
tauradi01w,5,0,PHO,34,34,1130,578,149,132,43,25,90,117,209,98,188,62,4,0,0,0,0,0,0,0,0,0,0,0,0,0,0,0,0,0,0,0,0.516,1.467,0.132,0.025,0.107,0.038,0.022,17.0,1.0
tauradi01w,6,0,PHO,33,33,1089,527,138,150,38,28,112,111,175,121,179,56,2,0,0,0,0,0,0,0,0,0,0,0,0,0,0,0,0,0,0,0,0.534,1.339,0.127,0.02,0.107,0.035,0.026,15.97,0.0
tauradi01w,7,0,PHO,34,34,1152,860,122,139,42,27,79,100,298,143,305,121,2,0,0,0,0,0,0,0,0,0,0,0,0,0,0,0,0,0,0,0,0.581,1.759,0.106,0.022,0.084,0.036,0.023,25.294,1.0
tauradi01w,8,0,PHO,32,32,1025,613,135,137,45,34,84,106,206,106,259,95,1,9,9,299,179,6,33,39,27,13,7,18,31,127,64,26,19,82,32,1,0.585,1.631,0.132,0.018,0.114,0.044,0.033,19.156,0.0
tauradi01w,9,0,PHO,34,34,1083,820,172,121,46,46,83,125,258,215,247,89,2,0,0,0,0,0,0,0,0,0,0,0,0,0,0,0,0,0,0,0,0.596,1.458,0.159,0.024,0.135,0.042,0.042,24.118,0.0
tauradi01w,10,0,PHO,31,31,976,631,178,109,36,43,82,95,200,152,194,79,0,11,11,362,245,9,56,65,42,8,14,33,41,182,82,56,50,85,31,2,0.62,1.329,0.182,0.018,0.164,0.037,0.044,20.355,2.0
tayloli01w,5,0,PHO,5,0,26,3,3,2,1,1,1,7,1,0,3,1,0,0,0,0,0,0,0,0,0,0,0,0,0,0,0,0,0,0,0,0,0.3,2.0,0.115,0.0,0.115,0.038,0.038,0.6,0.0
taylope01w,2,0,CLE,32,0,561,230,112,44,35,11,38,46,86,36,73,22,0,3,0,59,21,2,7,9,3,6,1,5,4,25,8,4,3,11,2,0,0.469,1.158,0.2,0.064,0.135,0.062,0.02,7.188,0.0
taylope01w,3,0,CLE,30,26,908,391,158,68,37,11,58,66,133,87,111,38,0,0,0,0,0,0,0,0,0,0,0,0,0,0,0,0,0,0,0,0,0.536,1.172,0.174,0.056,0.118,0.041,0.012,13.033,0.0
taylope01w,4,0,CLE,34,33,898,398,148,80,38,10,60,53,143,78,99,34,0,3,3,99,45,1,12,13,3,6,1,6,10,36,16,12,10,10,3,0,0.521,1.333,0.165,0.049,0.116,0.042,0.011,11.706,0.0
taylope01w,5,0,PHO,33,33,1076,434,160,82,52,14,81,108,150,93,96,41,1,0,0,0,0,0,0,0,0,0,0,0,0,0,0,0,0,0,0,0,0.607,1.012,0.149,0.047,0.101,0.048,0.013,13.152,0.0
taylope01w,6,0,PHO,29,29,852,382,120,94,38,11,77,86,121,102,94,38,2,0,0,0,0,0,0,0,0,0,0,0,0,0,0,0,0,0,0,0,0.61,1.221,0.141,0.045,0.096,0.045,0.013,13.172,0.0
taylope01w,7,0,PHO,20,8,536,277,113,51,29,9,29,57,98,57,65,24,1,0,0,0,0,0,0,0,0,0,0,0,0,0,0,0,0,0,0,0,0.556,1.759,0.211,0.06,0.151,0.054,0.017,13.85,0.0
taylope01w,8,0,PHO,34,34,1010,605,214,98,51,22,77,120,198,175,90,34,2,9,9,311,174,24,47,71,34,16,10,25,33,112,52,68,62,20,8,0,0.625,1.273,0.212,0.072,0.14,0.05,0.022,17.794,0.0
taylope01w,10,0,PHO,14,1,283,153,34,32,18,2,31,32,50,43,25,10,0,11,0,265,157,10,28,38,37,4,2,12,23,93,49,51,44,31,15,0,0.592,1.032,0.12,0.042,0.078,0.064,0.007,10.929,0.0
teaslni01w,3,0,LAS,32,32,882,204,84,140,25,9,68,63,67,30,100,40,1,6,6,184,49,3,10,13,47,9,1,22,22,42,14,19,16,22,5,1,0.556,2.059,0.095,0.019,0.076,0.028,0.01,6.375,0.0
teaslni01w,4,0,LAS,34,34,1189,392,175,214,39,15,108,68,112,98,165,70,0,9,9,312,70,11,29,40,71,12,0,27,23,67,22,20,16,45,10,0,0.581,1.981,0.147,0.025,0.122,0.033,0.013,11.529,1.0
teaslni01w,5,0,LAS,34,34,1105,336,116,207,43,7,103,89,108,52,165,68,0,3,3,88,19,1,2,3,16,2,1,14,10,19,5,4,4,15,5,0,0.546,2.01,0.105,0.026,0.079,0.039,0.006,9.882,0.0
teaslni01w,6,0,LAS,19,19,551,141,53,70,23,4,47,38,45,22,94,29,0,2,1,61,22,2,3,5,14,3,0,3,4,21,7,9,6,11,2,0,0.481,1.489,0.096,0.011,0.085,0.042,0.007,7.421,0.0
teaslni01w,7,0,WAS,34,34,975,364,89,183,44,11,77,81,118,76,151,52,1,2,2,67,20,1,9,10,8,1,0,7,5,21,7,7,6,9,0,0,0.508,2.377,0.091,0.013,0.078,0.045,0.011,10.706,0.0
teaslni01w,8,0,WAS,33,33,746,172,73,109,23,6,62,80,51,42,85,28,0,0,0,0,0,0,0,0,0,0,0,0,0,0,0,0,0,0,0,0,0.501,1.758,0.098,0.025,0.072,0.031,0.008,5.212,0.0
teaslni01w,10,1,ATL,10,10,234,39,17,35,9,1,12,28,12,8,17,7,0,0,0,0,0,0,0,0,0,0,0,0,0,0,0,0,0,0,0,0,0.567,2.917,0.073,0.009,0.064,0.038,0.004,3.9,0.0
teaslni01w,10,2,DET,11,7,222,42,14,24,6,4,16,16,15,2,30,10,0,5,5,83,24,0,1,1,9,1,1,9,16,18,8,6,4,10,4,0,0.527,1.5,0.063,0.005,0.059,0.027,0.018,3.818,0.0
teilaza01w,7,0,WAS,16,0,105,29,27,1,3,3,4,18,14,1,0,0,0,2,0,4,0,0,0,0,0,0,0,0,0,1,0,0,0,0,0,0,0.539,0.25,0.257,0.105,0.152,0.029,0.029,1.812,0.0
terryka01w,7,0,IND,10,0,53,23,14,0,0,3,8,14,11,1,0,0,0,0,0,0,0,0,0,0,0,0,0,0,0,0,0,0,0,0,0,0,0.542,0.0,0.264,0.075,0.189,0.0,0.057,2.3,0.0
terryka01w,8,0,IND,9,0,54,9,14,1,2,3,11,18,3,3,0,0,1,0,0,0,0,0,0,0,0,0,0,0,0,0,0,0,0,0,0,0,0.327,0.091,0.259,0.093,0.167,0.037,0.056,1.0,0.0
terryka01w,9,2,ATL,20,8,275,92,64,10,10,11,37,52,36,20,0,0,0,0,0,0,0,0,0,0,0,0,0,0,0,0,0,0,0,0,0,0,0.508,0.27,0.233,0.098,0.135,0.036,0.04,4.6,0.0
terryka01w,9,1,IND,2,0,24,2,5,2,0,0,6,3,1,0,0,0,0,0,0,0,0,0,0,0,0,0,0,0,0,0,0,0,0,0,0,0,0.2,0.333,0.208,0.042,0.167,0.0,0.0,1.0,0.0
thomaca01w,8,0,CHI,17,0,122,43,28,3,1,4,7,22,15,13,1,0,0,0,0,0,0,0,0,0,0,0,0,0,0,0,0,0,0,0,0,0,0.487,0.429,0.23,0.09,0.139,0.008,0.033,2.529,0.0
thomach01w,5,0,LAS,31,8,547,165,120,23,18,14,27,80,66,28,11,5,0,3,3,100,24,11,12,23,2,1,1,2,14,22,12,0,0,1,0,0,0.512,0.852,0.219,0.079,0.141,0.033,0.026,5.323,0.0
thomach01w,6,0,LAS,32,0,520,122,104,17,11,19,25,102,48,22,12,4,1,2,0,38,8,1,1,2,2,0,2,2,7,4,3,1,1,1,1,0,0.554,0.68,0.2,0.054,0.146,0.021,0.037,3.812,0.0
thomach01w,7,0,LAS,27,1,539,164,143,26,20,14,42,80,65,30,20,4,1,5,0,107,30,1,15,16,4,3,6,1,13,22,12,5,4,3,2,0,0.534,0.619,0.265,0.08,0.186,0.037,0.026,6.074,0.0
thomach01w,8,0,LAS,34,19,640,287,179,18,22,9,46,119,114,53,17,6,2,0,0,0,0,0,0,0,0,0,0,0,0,0,0,0,0,0,0,0,0.536,0.391,0.28,0.103,0.177,0.034,0.014,8.441,0.0
thomach01w,9,0,LAS,20,0,159,29,40,6,2,8,8,33,12,4,6,1,0,0,0,0,0,0,0,0,0,0,0,0,0,0,0,0,0,0,0,0,0.386,0.75,0.252,0.063,0.189,0.013,0.05,1.45,0.0
thomach01w,10,0,MIN,11,0,66,3,15,3,3,5,6,15,1,1,7,0,0,0,0,0,0,0,0,0,0,0,0,0,0,0,0,0,0,0,0,0,0.069,0.5,0.227,0.076,0.152,0.045,0.076,0.273,0.0
thomala01w,4,0,CLE,32,25,852,345,164,37,28,13,42,62,137,71,6,0,1,3,3,100,41,6,17,23,4,1,4,6,11,32,14,17,13,2,0,0,0.514,0.881,0.192,0.074,0.119,0.033,0.015,10.781,0.0
thomala01w,5,0,SAS,31,30,964,440,138,42,25,11,56,99,171,95,8,3,1,0,0,0,0,0,0,0,0,0,0,0,0,0,0,0,0,0,0,0,0.55,0.75,0.143,0.05,0.093,0.026,0.011,14.194,0.0
thomala01w,6,0,SAS,21,12,505,185,68,22,7,8,33,42,69,44,7,3,0,0,0,0,0,0,0,0,0,0,0,0,0,0,0,0,0,0,0,0,0.507,0.667,0.135,0.036,0.099,0.014,0.016,8.81,0.0
thomala01w,7,0,SAS,19,0,369,157,82,22,14,7,27,49,56,45,0,0,1,0,0,0,0,0,0,0,0,0,0,0,0,0,0,0,0,0,0,0,0.523,0.815,0.222,0.073,0.149,0.038,0.019,8.263,0.0
thomala01w,8,0,LAS,27,7,487,208,61,32,9,7,29,63,77,38,38,16,0,0,0,0,0,0,0,0,0,0,0,0,0,0,0,0,0,0,0,0,0.535,1.103,0.125,0.055,0.07,0.018,0.014,7.704,0.0
thomala01w,9,1,DET,7,0,40,8,5,1,1,1,2,3,4,0,2,0,0,0,0,0,0,0,0,0,0,0,0,0,0,0,0,0,0,0,0,0,0.267,0.5,0.125,0.05,0.075,0.025,0.025,1.143,0.0
thomala01w,9,2,MIN,13,0,147,47,25,3,2,0,18,16,19,4,7,5,0,0,0,0,0,0,0,0,0,0,0,0,0,0,0,0,0,0,0,0,0.56,0.167,0.17,0.054,0.116,0.014,0.0,3.615,0.0
thomast01w,1,0,POR,32,31,863,163,126,101,54,15,68,93,58,44,12,3,1,0,0,0,0,0,0,0,0,0,0,0,0,0,0,0,0,0,0,0,0.417,1.485,0.146,0.056,0.09,0.063,0.017,5.094,0.0
thomast01w,2,0,POR,32,1,413,59,70,41,30,10,40,57,22,15,7,0,0,0,0,0,0,0,0,0,0,0,0,0,0,0,0,0,0,0,0,0,0.391,1.025,0.169,0.075,0.094,0.073,0.024,1.844,0.0
thomast01w,3,0,POR,32,6,621,143,94,67,42,12,36,62,51,31,39,10,0,0,0,0,0,0,0,0,0,0,0,0,0,0,0,0,0,0,0,0,0.409,1.861,0.151,0.055,0.097,0.068,0.019,4.469,0.0
thomast01w,4,2,DET,11,0,82,15,16,5,9,1,6,10,5,4,5,1,0,4,0,13,0,0,3,3,0,1,0,1,1,1,0,0,0,0,0,0,0.36,0.833,0.195,0.061,0.134,0.11,0.012,1.364,0.0
thomast01w,4,1,PHO,19,1,187,46,27,10,11,8,10,14,15,10,22,6,0,0,0,0,0,0,0,0,0,0,0,0,0,0,0,0,0,0,0,0,0.434,1.0,0.144,0.053,0.091,0.059,0.043,2.421,0.0
thomast01w,5,0,DET,1,0,1,0,0,0,0,0,0,0,0,0,0,0,0,3,0,7,3,0,1,1,0,1,0,0,1,1,1,0,0,1,1,0,,,0.0,0.0,0.0,0.0,0.0,0.0,0.0
thomast01w,6,1,DET,17,0,133,12,20,8,8,3,3,15,2,8,1,0,0,0,0,0,0,0,0,0,0,0,0,0,0,0,0,0,0,0,0,0,0.288,2.667,0.15,0.075,0.075,0.06,0.023,0.706,0.0
thomast01w,6,2,MIN,1,0,3,0,2,0,0,0,0,0,0,0,0,0,0,0,0,0,0,0,0,0,0,0,0,0,0,0,0,0,0,0,0,0,0.0,,0.667,0.333,0.333,0.0,0.0,0.0,0.0
thompal01w,1,0,IND,31,26,792,310,157,41,24,4,53,85,131,30,40,18,4,0,0,0,0,0,0,0,0,0,0,0,0,0,0,0,0,0,0,0,0.567,0.774,0.198,0.061,0.138,0.03,0.005,10.0,0.0
thompal01w,2,0,IND,22,7,381,186,63,25,9,7,22,24,76,17,43,17,0,0,0,0,0,0,0,0,0,0,0,0,0,0,0,0,0,0,0,0,0.505,1.136,0.165,0.055,0.11,0.024,0.018,8.455,0.0
thompal01w,3,0,IND,18,2,314,97,42,14,7,2,18,20,39,12,29,7,0,1,0,2,2,0,0,0,0,0,0,0,0,1,1,0,0,0,0,0,0.416,0.778,0.134,0.038,0.096,0.022,0.006,5.389,0.0
thompal01w,5,0,SEA,23,2,182,52,24,9,6,0,7,9,24,1,16,3,0,8,0,83,39,6,9,15,6,2,1,7,6,33,15,3,3,12,6,0,0.474,1.286,0.132,0.044,0.088,0.033,0.0,2.261,0.0
thompal01w,6,0,SEA,30,1,329,83,45,14,4,4,18,17,32,12,22,7,0,1,0,10,2,0,3,3,0,0,0,0,0,4,1,0,0,1,0,0,0.471,0.778,0.137,0.03,0.106,0.012,0.012,2.767,0.0
thompti01w,1,0,HOU,32,32,1087,540,245,48,47,25,84,88,191,103,132,55,0,6,6,233,76,17,31,48,10,5,5,10,19,62,25,18,17,23,9,0,0.586,0.571,0.225,0.063,0.163,0.043,0.023,16.875,1.0
thompti01w,2,0,HOU,30,30,1102,579,233,58,29,22,87,74,199,137,150,44,0,2,2,68,29,4,8,12,7,1,0,10,5,20,11,5,4,5,3,0,0.483,0.667,0.211,0.076,0.135,0.026,0.02,19.3,0.0
thompti01w,3,0,HOU,29,29,1052,485,217,62,25,20,92,76,176,93,108,40,0,3,3,128,43,9,15,24,4,6,3,2,12,44,16,10,7,12,4,0,0.53,0.674,0.206,0.064,0.143,0.024,0.019,16.724,0.0
thompti01w,4,0,HOU,28,28,974,472,165,47,18,23,69,65,176,81,114,39,0,3,3,106,45,3,11,14,5,2,6,6,9,46,18,7,6,13,3,0,0.5,0.681,0.169,0.04,0.129,0.018,0.024,16.857,0.0
thompti01w,5,0,HOU,26,26,943,520,157,48,22,23,70,68,180,116,108,44,0,0,0,0,0,0,0,0,0,0,0,0,0,0,0,0,0,0,0,0,0.507,0.686,0.166,0.047,0.12,0.023,0.024,20.0,0.0
thompti01w,6,0,HOU,15,15,439,152,57,22,12,4,32,32,62,16,40,12,0,5,5,168,69,10,18,28,6,2,6,9,15,57,28,14,10,10,3,0,0.477,0.688,0.13,0.039,0.091,0.027,0.009,10.133,0.0
thompti01w,7,0,HOU,21,21,696,392,118,47,20,13,52,53,139,74,96,40,0,2,2,63,27,3,2,5,3,2,1,5,7,21,8,9,9,5,2,0,0.569,0.904,0.17,0.045,0.125,0.029,0.019,18.667,1.0
thompti01w,8,0,HOU,34,34,1234,639,229,94,29,23,112,62,208,171,130,52,0,0,0,0,0,0,0,0,0,0,0,0,0,0,0,0,0,0,0,0,0.546,0.839,0.186,0.053,0.133,0.024,0.019,18.794,0.0
thompti01w,9,0,HOU,30,29,1074,542,208,64,33,20,112,74,188,110,139,56,0,0,0,0,0,0,0,0,0,0,0,0,0,0,0,0,0,0,0,0,0.529,0.571,0.194,0.045,0.149,0.031,0.019,18.067,0.0
thompti01w,10,0,LAS,34,34,1182,441,199,78,26,24,94,71,152,85,141,52,0,6,6,218,91,16,26,42,17,5,4,15,16,74,28,24,23,26,12,0,0.503,0.83,0.168,0.039,0.129,0.022,0.02,12.971,0.0
thorbsh01w,7,0,MIN,22,0,141,16,18,19,4,2,14,11,5,5,8,1,0,0,0,0,0,0,0,0,0,0,0,0,0,0,0,0,0,0,0,0,0.262,1.357,0.128,0.028,0.099,0.028,0.014,0.727,0.0
thorbsh01w,8,0,SEA,2,0,8,2,1,0,0,0,2,0,1,0,0,0,0,0,0,0,0,0,0,0,0,0,0,0,0,0,0,0,0,0,0,0,0.5,0.0,0.125,0.0,0.125,0.0,0.0,1.0,0.0
thorner01w,4,0,NYL,23,0,181,44,11,16,4,1,13,8,13,10,33,8,0,0,0,0,0,0,0,0,0,0,0,0,0,0,0,0,0,0,0,0,0.474,1.231,0.061,0.017,0.044,0.022,0.006,1.913,0.0
thorner01w,5,0,NYL,17,1,156,34,8,8,4,1,9,5,12,1,31,9,0,2,0,3,3,0,0,0,0,0,0,0,0,1,1,0,0,1,1,0,0.371,0.889,0.051,0.0,0.051,0.026,0.006,2.0,0.0
thorner01w,6,0,NYL,21,0,203,56,14,13,4,0,7,12,21,4,29,10,0,2,0,10,2,0,0,0,0,0,0,0,1,2,1,0,0,0,0,0,0.502,1.857,0.069,0.02,0.049,0.02,0.0,2.667,0.0
thorner01w,7,0,NYL,27,1,378,166,38,33,6,1,21,22,55,28,65,28,0,0,0,0,0,0,0,0,0,0,0,0,0,0,0,0,0,0,0,0,0.57,1.571,0.101,0.024,0.077,0.016,0.003,6.148,0.0
thorner01w,8,0,NYL,29,29,883,281,87,73,25,1,48,40,104,25,123,48,0,3,3,74,13,1,8,9,6,2,0,3,1,11,5,0,0,8,3,0,0.54,1.521,0.099,0.019,0.079,0.028,0.001,9.69,0.0
thorner01w,9,0,NYL,32,5,380,101,20,36,7,2,20,22,36,10,71,19,0,6,0,62,24,0,2,2,6,1,0,5,1,12,7,7,6,7,4,0,0.456,1.8,0.053,0.005,0.047,0.018,0.005,3.156,0.0
thorner01w,10,0,CHI,34,0,577,211,53,53,20,0,31,32,72,30,92,37,0,0,0,0,0,0,0,0,0,0,0,0,0,0,0,0,0,0,0,0,0.572,1.71,0.092,0.023,0.069,0.035,0.0,6.206,0.0
threaro01w,1,0,SEA,20,7,377,155,32,18,13,3,30,36,60,23,37,12,1,0,0,0,0,0,0,0,0,0,0,0,0,0,0,0,0,0,0,0,0.45,0.6,0.085,0.027,0.058,0.034,0.008,7.75,0.0
tilliic01w,5,0,DET,31,1,287,83,39,13,9,8,23,23,35,7,18,6,0,3,0,18,2,0,1,1,1,0,0,1,3,1,1,0,0,0,0,0,0.523,0.565,0.136,0.045,0.091,0.031,0.028,2.677,0.0
tilliic01w,7,0,NYL,25,0,256,86,55,11,10,4,22,46,32,16,29,6,2,0,0,0,0,0,0,0,0,0,0,0,0,0,0,0,0,0,0,0,0.436,0.5,0.215,0.082,0.133,0.039,0.016,3.44,0.0
tilliic01w,8,2,DET,8,1,26,4,7,1,0,0,7,3,2,0,2,0,0,0,0,0,0,0,0,0,0,0,0,0,0,0,0,0,0,0,0,0,0.333,0.143,0.269,0.077,0.192,0.0,0.0,0.5,0.0
tilliic01w,8,1,LAS,3,0,8,0,1,0,0,0,4,3,0,0,0,0,0,0,0,0,0,0,0,0,0,0,0,0,0,0,0,0,0,0,0,0,0.0,0.0,0.125,0.0,0.125,0.0,0.0,0.0,0.0
timmsmi01w,1,0,PHO,8,8,176,30,16,18,15,2,18,22,11,4,17,4,0,0,0,0,0,0,0,0,0,0,0,0,0,0,0,0,0,0,0,0,0.472,1.0,0.091,0.011,0.08,0.085,0.011,3.75,0.0
timmsmi01w,2,0,PHO,21,18,408,98,45,87,21,2,42,42,38,8,46,14,0,0,0,0,0,0,0,0,0,0,0,0,0,0,0,0,0,0,0,0,0.428,2.071,0.11,0.027,0.083,0.051,0.005,4.667,0.0
tolivkr01w,10,0,CHI,27,0,386,205,37,51,10,3,44,33,72,21,90,40,0,0,0,0,0,0,0,0,0,0,0,0,0,0,0,0,0,0,0,0,0.606,1.159,0.096,0.016,0.08,0.026,0.008,7.593,0.0
torniel01w,1,0,DET,32,32,869,330,110,82,29,13,68,73,122,85,8,1,0,0,0,0,0,0,0,0,0,0,0,0,0,0,0,0,0,0,0,0,0.585,1.206,0.127,0.047,0.079,0.033,0.015,10.312,0.0
torniel01w,2,0,DET,32,32,777,307,77,56,19,14,59,59,111,63,49,22,0,0,0,0,0,0,0,0,0,0,0,0,0,0,0,0,0,0,0,0,0.548,0.949,0.099,0.036,0.063,0.024,0.018,9.594,0.0
torrele01w,2,0,MIA,2,0,8,0,0,0,0,0,2,0,0,0,0,0,0,2,0,3,2,0,2,2,0,0,0,1,0,0,0,2,2,0,0,0,,0.0,0.0,0.0,0.0,0.0,0.0,0.0,0.0
traviti01w,1,0,CHA,32,12,574,173,81,26,31,4,32,74,70,21,25,12,0,0,0,0,0,0,0,0,0,0,0,0,0,0,0,0,0,0,0,0,0.508,0.812,0.141,0.042,0.099,0.054,0.007,5.406,0.0
tremich01w,1,0,IND,25,3,318,50,31,51,10,1,30,30,18,10,9,4,0,0,0,0,0,0,0,0,0,0,0,0,0,0,0,0,0,0,0,0,0.431,1.7,0.097,0.019,0.079,0.031,0.003,2.0,0.0
turneba01w,7,0,SEA,34,9,622,216,86,48,13,6,47,56,71,64,40,10,0,3,0,53,7,2,6,8,5,1,2,0,1,9,3,0,0,3,1,0,0.56,1.021,0.138,0.042,0.096,0.021,0.01,6.353,0.0
turneba01w,8,0,HOU,22,2,263,92,42,20,8,4,21,25,29,27,30,7,0,0,0,0,0,0,0,0,0,0,0,0,0,0,0,0,0,0,0,0,0.511,0.952,0.16,0.034,0.125,0.03,0.015,4.182,0.0
turneba01w,9,0,CON,34,6,663,273,108,52,12,14,40,62,80,69,118,44,0,3,0,57,16,3,7,10,1,0,1,3,6,22,5,2,2,14,4,0,0.591,1.3,0.163,0.035,0.128,0.018,0.021,8.029,0.0
turneba01w,10,0,CON,7,0,144,28,15,14,5,0,4,12,8,8,25,4,0,0,0,0,0,0,0,0,0,0,0,0,0,0,0,0,0,0,0,0,0.323,3.5,0.104,0.028,0.076,0.035,0.0,4.0,0.0
tuvicsl01w,2,0,PHO,30,0,325,54,63,17,16,17,28,49,13,28,0,0,0,0,0,0,0,0,0,0,0,0,0,0,0,0,0,0,0,0,0,0,0.397,0.607,0.194,0.055,0.138,0.049,0.052,1.8,0.0
tuvicsl01w,3,0,PHO,26,1,320,86,63,11,9,9,31,53,30,25,6,1,0,0,0,0,0,0,0,0,0,0,0,0,0,0,0,0,0,0,0,0,0.472,0.355,0.197,0.034,0.162,0.028,0.028,3.308,0.0
tuvicsl01w,4,0,PHO,17,14,365,127,67,12,10,15,32,61,45,37,4,0,2,0,0,0,0,0,0,0,0,0,0,0,0,0,0,0,0,0,0,0,0.466,0.375,0.184,0.085,0.099,0.027,0.041,7.471,0.0
tuvicsl01w,5,0,PHO,33,26,691,91,123,32,25,37,41,115,37,17,1,0,2,0,0,0,0,0,0,0,0,0,0,0,0,0,0,0,0,0,0,0,0.415,0.78,0.178,0.036,0.142,0.036,0.054,2.758,0.0
udokamf01w,4,0,HOU,25,3,251,80,51,4,4,2,21,38,32,16,1,0,0,1,0,6,1,0,1,1,0,0,0,2,2,0,0,2,1,0,0,0,0.54,0.19,0.203,0.088,0.116,0.016,0.008,3.2,0.0
udokamf01w,5,0,LAS,3,0,19,1,3,0,0,0,1,5,0,1,0,0,0,0,0,0,0,0,0,0,0,0,0,0,0,0,0,0,0,0,0,0,0.133,0.0,0.158,0.105,0.053,0.0,0.0,0.333,0.0
ujhelpe01w,4,0,DET,14,0,68,4,12,3,0,1,10,8,2,0,0,0,0,0,0,0,0,0,0,0,0,0,0,0,0,0,0,0,0,0,0,0,0.215,0.3,0.176,0.044,0.132,0.0,0.015,0.286,0.0
umoh-it01w,4,0,HOU,3,0,6,0,0,1,0,0,1,1,0,0,0,0,0,0,0,0,0,0,0,0,0,0,0,0,0,0,0,0,0,0,0,0,,1.0,0.0,0.0,0.0,0.0,0.0,0.0,0.0
valdeam01w,1,0,HOU,22,0,171,57,21,13,8,4,13,21,20,6,29,11,0,3,0,16,9,1,3,4,0,1,0,0,0,5,2,4,4,3,1,0,0.455,1.0,0.123,0.018,0.105,0.047,0.023,2.591,0.0
vangomi01w,1,0,POR,28,1,199,69,42,5,3,4,30,37,25,19,0,0,0,0,0,0,0,0,0,0,0,0,0,0,0,0,0,0,0,0,0,0,0.528,0.167,0.211,0.08,0.131,0.015,0.02,2.464,0.0
vangomi01w,2,0,MIN,22,8,243,41,34,12,3,6,18,36,15,11,1,0,0,0,0,0,0,0,0,0,0,0,0,0,0,0,0,0,0,0,0,0,0.42,0.667,0.14,0.062,0.078,0.012,0.025,1.864,0.0
vangomi01w,3,0,MIN,22,13,352,100,64,14,6,11,20,53,41,16,7,2,2,0,0,0,0,0,0,0,0,0,0,0,0,0,0,0,0,0,0,0,0.502,0.7,0.182,0.082,0.099,0.017,0.031,4.545,0.0
vangomi01w,4,0,MIN,31,1,528,175,107,17,10,20,56,87,70,35,1,0,2,3,0,31,9,0,1,1,3,1,3,4,11,7,2,8,5,0,0,0,0.473,0.304,0.203,0.061,0.142,0.019,0.038,5.645,0.0
vangomi01w,5,0,MIN,8,0,66,22,13,1,0,1,7,8,9,4,1,0,0,0,0,0,0,0,0,0,0,0,0,0,0,0,0,0,0,0,0,0,0.488,0.143,0.197,0.091,0.106,0.0,0.015,2.75,0.0
vaughki01w,10,0,NYL,34,1,396,163,88,8,6,3,32,57,73,17,2,0,0,0,0,0,0,0,0,0,0,0,0,0,0,0,0,0,0,0,0,0,0.5,0.25,0.222,0.088,0.134,0.015,0.008,4.794,0.0
vaughkr01w,9,0,WAS,15,0,78,12,15,0,2,2,10,6,3,6,2,0,0,0,0,0,0,0,0,0,0,0,0,0,0,0,0,0,0,0,0,0,0.256,0.0,0.192,0.051,0.141,0.026,0.026,0.8,0.0
vealkr01w,2,0,PHO,29,14,658,116,60,125,33,4,82,58,35,32,50,14,0,0,0,0,0,0,0,0,0,0,0,0,0,0,0,0,0,0,0,0,0.404,1.524,0.091,0.021,0.07,0.05,0.006,4.0,0.0
vealkr01w,3,0,PHO,23,10,361,71,27,41,14,2,42,41,24,10,47,13,0,0,0,0,0,0,0,0,0,0,0,0,0,0,0,0,0,0,0,0,0.419,0.976,0.075,0.017,0.058,0.039,0.006,3.087,0.0
vilipda01w,7,0,LAS,2,0,12,0,2,0,0,1,1,2,0,0,0,0,0,0,0,0,0,0,0,0,0,0,0,0,0,0,0,0,0,0,0,0,0.0,0.0,0.167,0.0,0.167,0.0,0.083,0.0,0.0
vodicka01w,1,0,SEA,23,19,489,200,97,22,13,12,57,63,68,60,20,4,0,0,0,0,0,0,0,0,0,0,0,0,0,0,0,0,0,0,0,0,0.487,0.386,0.198,0.057,0.141,0.027,0.025,8.696,0.0
vodicka01w,2,0,SEA,29,4,405,150,71,23,16,7,34,56,51,38,25,10,0,0,0,0,0,0,0,0,0,0,0,0,0,0,0,0,0,0,0,0,0.531,0.676,0.175,0.062,0.114,0.04,0.017,5.172,0.0
vodicka01w,3,0,SEA,32,30,817,295,176,47,36,18,55,96,114,54,38,13,1,2,2,61,25,2,8,10,3,2,0,2,3,16,7,11,10,2,1,0,0.537,0.855,0.215,0.075,0.141,0.044,0.022,9.219,0.0
vodicka01w,4,0,SEA,28,27,709,284,143,31,20,21,53,101,101,82,5,0,4,0,0,0,0,0,0,0,0,0,0,0,0,0,0,0,0,0,0,0,0.552,0.585,0.202,0.078,0.124,0.028,0.03,10.143,0.0
vodicka01w,5,0,SEA,34,34,873,273,168,55,32,12,73,110,94,84,2,1,5,8,8,204,49,13,17,30,6,7,7,13,16,47,19,18,11,0,0,0,0.473,0.753,0.192,0.074,0.118,0.037,0.014,8.029,0.0
vodicka01w,6,0,PHO,28,25,821,305,196,63,28,22,58,86,127,48,7,3,2,0,0,0,0,0,0,0,0,0,0,0,0,0,0,0,0,0,0,0,0.528,1.086,0.239,0.073,0.166,0.034,0.027,10.893,0.0
vodicka01w,7,0,PHO,28,27,736,272,187,41,28,19,53,89,111,50,7,0,2,0,0,0,0,0,0,0,0,0,0,0,0,0,0,0,0,0,0,0,0.488,0.774,0.254,0.062,0.192,0.038,0.026,9.714,0.0
vodopna01w,6,0,SEA,17,0,98,25,20,10,3,2,8,9,8,8,5,1,0,1,0,3,0,0,0,0,0,0,0,0,0,1,0,0,0,0,0,0,0.458,1.25,0.204,0.031,0.173,0.031,0.02,1.471,0.0
walkeas01w,10,0,SEA,13,0,90,23,23,4,2,2,7,20,7,8,6,1,0,1,0,1,0,0,0,0,0,0,0,1,0,0,0,0,0,0,0,0,0.355,0.571,0.256,0.067,0.189,0.022,0.022,1.769,0.0
walkeay01w,3,0,DET,32,0,548,162,118,17,12,34,29,56,63,34,9,2,0,0,0,0,0,0,0,0,0,0,0,0,0,0,0,0,0,0,0,0,0.43,0.586,0.215,0.102,0.113,0.022,0.062,5.062,0.0
walkeay01w,4,0,DET,34,1,271,56,71,10,10,11,19,33,24,8,0,0,0,4,0,24,5,3,3,6,0,4,1,1,0,5,1,3,3,0,0,0,0.353,0.526,0.262,0.125,0.137,0.037,0.041,1.647,0.0
walkeay01w,5,0,DET,18,1,148,18,26,6,1,4,5,13,8,2,0,0,0,2,0,4,0,0,0,0,1,0,0,1,1,0,0,0,0,0,0,0,0.294,1.2,0.176,0.068,0.108,0.007,0.027,1.0,0.0
walkeay01w,6,2,CHA,9,0,92,12,18,6,2,2,3,11,4,4,0,0,0,0,0,0,0,0,0,0,0,0,0,0,0,0,0,0,0,0,0,0,0.307,2.0,0.196,0.043,0.152,0.022,0.022,1.333,0.0
walkeay01w,6,1,DET,12,11,241,59,47,13,6,10,16,15,25,9,0,0,0,0,0,0,0,0,0,0,0,0,0,0,0,0,0,0,0,0,0,0,0.515,0.812,0.195,0.066,0.129,0.025,0.041,4.917,0.0
walkeay01w,7,0,CHA,25,0,181,46,31,3,10,10,4,31,17,12,0,0,0,0,0,0,0,0,0,0,0,0,0,0,0,0,0,0,0,0,0,0,0.497,0.75,0.171,0.061,0.11,0.055,0.055,1.84,0.0
walkeay01w,8,0,DET,2,1,43,7,6,1,1,2,6,8,3,1,0,0,1,5,0,9,6,1,4,5,1,0,0,0,2,3,2,3,2,0,0,0,0.421,0.167,0.14,0.0,0.14,0.023,0.047,3.5,0.0
walkede01w,1,0,POR,30,1,311,92,47,19,17,7,35,69,35,22,2,0,1,0,0,0,0,0,0,0,0,0,0,0,0,0,0,0,0,0,0,0,0.423,0.543,0.151,0.093,0.058,0.055,0.023,3.067,0.0
walkede01w,2,0,POR,21,0,297,113,58,10,7,12,35,51,44,23,3,2,0,0,0,0,0,0,0,0,0,0,0,0,0,0,0,0,0,0,0,0,0.48,0.286,0.195,0.098,0.098,0.024,0.04,5.381,0.0
walkede01w,3,0,POR,31,29,848,339,154,51,26,33,90,97,139,59,12,2,0,0,0,0,0,0,0,0,0,0,0,0,0,0,0,0,0,0,0,0,0.516,0.567,0.182,0.065,0.117,0.031,0.039,10.935,0.0
walkede01w,4,0,SAC,34,21,740,307,149,47,25,23,69,95,111,83,15,2,0,6,6,170,59,14,13,27,10,1,3,21,17,55,24,20,11,0,0,0,0.503,0.681,0.201,0.082,0.119,0.034,0.031,9.029,0.0
walkede01w,5,0,SAC,34,34,884,284,143,86,26,13,86,109,111,62,10,0,1,6,6,173,71,11,9,20,14,6,8,18,12,54,30,17,11,0,0,0,0.455,1.0,0.162,0.081,0.08,0.029,0.015,8.353,0.0
walkede01w,6,0,SAC,22,19,598,311,117,48,28,13,69,66,125,60,1,1,1,6,0,165,61,7,11,18,21,3,0,17,19,52,26,12,9,0,0,0,0.566,0.696,0.196,0.079,0.117,0.047,0.022,14.136,0.0
walkede01w,7,0,SAC,23,8,438,213,92,32,15,7,36,53,79,55,0,0,1,9,9,220,95,22,15,37,23,6,5,20,24,93,41,23,13,0,0,0,0.489,0.889,0.21,0.126,0.084,0.034,0.016,9.261,0.0
walkede01w,8,0,SAC,5,5,105,44,25,6,3,3,15,11,17,10,0,0,0,0,0,0,0,0,0,0,0,0,0,0,0,0,0,0,0,0,0,0,0.457,0.4,0.238,0.162,0.076,0.029,0.029,8.8,0.0
walkede01w,9,0,SAC,7,0,52,11,6,1,5,0,10,10,5,1,0,0,0,3,0,47,20,4,10,14,1,2,0,6,8,16,8,5,4,0,0,0,0.463,0.1,0.115,0.077,0.038,0.096,0.0,1.571,0.0
walkede01w,10,0,SAC,34,30,821,291,157,65,27,16,92,112,119,53,1,0,1,0,0,0,0,0,0,0,0,0,0,0,0,0,0,0,0,0,0,0,0.516,0.707,0.191,0.066,0.125,0.033,0.019,8.559,0.0
walkema01w,9,0,HOU,2,0,11,0,7,1,0,1,4,3,0,0,0,0,0,0,0,0,0,0,0,0,0,0,0,0,0,0,0,0,0,0,0,0,0.0,0.25,0.636,0.455,0.182,0.0,0.091,0.0,0.0
walsema01w,2,0,SAC,4,0,8,4,2,0,0,0,2,2,1,2,0,0,0,0,0,0,0,0,0,0,0,0,0,0,0,0,0,0,0,0,0,0,0.694,0.0,0.25,0.25,0.0,0.0,0.0,1.0,0.0
walsema01w,3,0,WAS,18,0,104,13,21,7,2,0,9,8,6,0,7,1,0,1,0,7,0,0,0,0,1,0,1,1,1,2,0,0,0,0,0,0,0.251,0.778,0.202,0.067,0.135,0.019,0.0,0.722,0.0
washico01w,1,0,HOU,25,0,236,43,19,24,16,0,19,19,12,16,15,3,0,6,0,92,14,4,7,11,6,5,1,8,4,9,3,6,5,7,3,0,0.514,1.263,0.081,0.013,0.068,0.068,0.0,1.72,0.0
washico01w,2,0,HOU,32,32,1013,169,118,122,69,9,57,63,63,14,81,29,1,2,2,74,7,2,7,9,5,2,0,2,5,17,3,0,0,10,1,0,0.453,2.14,0.116,0.02,0.097,0.068,0.009,5.281,0.0
washico01w,3,1,HOU,21,15,349,44,41,31,13,0,20,38,17,2,21,8,1,0,0,0,0,0,0,0,0,0,0,0,0,0,0,0,0,0,0,0,0.432,1.55,0.117,0.02,0.097,0.037,0.0,2.095,0.0
washico01w,3,2,IND,11,8,325,80,33,48,23,2,24,22,26,14,31,14,0,3,3,110,25,1,5,6,14,3,0,6,10,27,9,1,1,16,6,0,0.508,2.0,0.102,0.022,0.08,0.071,0.006,7.273,0.0
washico01w,4,0,IND,20,10,348,63,29,48,14,2,30,32,19,11,48,14,0,0,0,0,0,0,0,0,0,0,0,0,0,0,0,0,0,0,0,0,0.433,1.6,0.083,0.006,0.078,0.04,0.006,3.15,0.0
washito01w,1,0,WAS,19,0,103,26,14,5,2,0,4,4,8,4,14,6,0,1,0,4,0,0,0,0,0,0,0,1,1,0,0,0,0,0,0,0,0.411,1.25,0.136,0.058,0.078,0.019,0.0,1.368,0.0
washito01w,2,0,WAS,30,2,336,101,43,10,4,2,14,5,41,9,29,10,0,0,0,0,0,0,0,0,0,0,0,0,0,0,0,0,0,0,0,0,0.425,0.714,0.128,0.057,0.071,0.012,0.006,3.367,0.0
washito01w,3,0,WAS,25,0,291,73,38,15,3,2,16,6,28,11,18,6,0,4,0,52,20,1,2,3,2,3,0,1,4,14,7,5,4,5,2,0,0.398,0.938,0.131,0.093,0.038,0.01,0.007,2.92,0.0
washito01w,4,2,SEA,11,0,121,33,11,5,4,0,5,8,13,5,8,2,0,0,0,0,0,0,0,0,0,0,0,0,0,0,0,0,0,0,0,0,0.469,1.0,0.091,0.058,0.033,0.033,0.0,3.0,0.0
washito01w,4,1,WAS,13,0,101,20,10,3,1,0,5,4,7,2,12,4,0,0,0,0,0,0,0,0,0,0,0,0,0,0,0,0,0,0,0,0,0.324,0.6,0.099,0.05,0.05,0.01,0.0,1.538,0.0
wautean01w,1,0,CLE,32,0,598,199,129,37,21,24,63,75,78,43,2,0,0,6,0,107,28,5,13,18,5,3,3,8,7,27,13,6,2,2,0,0,0.57,0.587,0.216,0.079,0.137,0.035,0.04,6.219,0.0
wautean01w,2,0,CLE,24,14,622,234,114,35,17,13,50,55,87,60,2,0,0,3,3,86,34,6,4,10,2,2,3,4,10,19,13,9,8,0,0,0,0.629,0.7,0.183,0.056,0.127,0.027,0.021,9.75,0.0
wautean01w,3,0,CLE,28,25,802,314,140,39,16,21,59,74,120,74,1,0,0,0,0,0,0,0,0,0,0,0,0,0,0,0,0,0,0,0,0,0,0.615,0.661,0.175,0.056,0.118,0.02,0.026,11.214,0.0
wautean01w,5,0,NYL,13,4,271,82,40,21,4,8,21,28,29,23,3,1,0,0,0,0,0,0,0,0,0,0,0,0,0,0,0,0,0,0,0,0,0.521,1.0,0.148,0.037,0.111,0.015,0.03,6.308,0.0
wautean01w,6,0,NYL,28,28,879,383,184,41,18,23,71,91,151,79,2,2,1,0,0,0,0,0,0,0,0,0,0,0,0,0,0,0,0,0,0,0,0.589,0.577,0.209,0.053,0.156,0.02,0.026,13.679,0.0
wautean01w,9,0,SAS,32,31,980,471,239,56,36,38,70,75,195,70,31,11,0,9,9,300,121,13,39,52,14,6,12,17,26,108,48,27,24,12,1,0,0.576,0.8,0.244,0.048,0.196,0.037,0.039,14.719,0.0
wautean01w,10,0,SAS,17,16,463,220,95,19,13,6,44,39,92,35,6,1,0,3,3,82,32,8,15,23,10,0,0,4,7,36,14,5,4,0,0,0,0.576,0.432,0.205,0.063,0.143,0.028,0.013,12.941,0.0
weathte01w,1,0,NYL,32,32,1078,205,109,205,65,5,86,85,67,60,44,11,0,7,7,253,32,2,17,19,49,19,0,20,20,34,12,11,7,5,1,1,0.543,2.384,0.101,0.015,0.086,0.06,0.005,6.406,0.0
weathte01w,2,0,NYL,32,32,974,207,118,203,55,4,81,83,72,53,26,10,1,6,6,198,23,7,15,22,28,7,0,5,16,38,8,4,4,11,3,0,0.513,2.506,0.121,0.03,0.091,0.056,0.004,6.469,0.0
weathte01w,3,0,NYL,32,32,954,108,86,181,42,3,78,88,39,28,20,2,2,8,8,241,53,8,27,35,53,8,0,14,18,40,19,18,15,2,0,0,0.392,2.321,0.09,0.024,0.066,0.044,0.003,3.375,0.0
weathte01w,4,0,NYL,34,34,824,98,97,149,28,5,62,60,37,24,4,0,0,0,0,0,0,0,0,0,0,0,0,0,0,0,0,0,0,0,0,0,0.445,2.403,0.118,0.023,0.095,0.034,0.006,2.882,0.0
weathte01w,5,0,LAS,34,0,292,17,29,32,12,1,26,27,8,0,3,1,0,2,0,10,0,1,1,2,1,1,0,3,1,1,0,0,0,0,0,0,0.34,1.231,0.099,0.021,0.079,0.041,0.003,0.5,0.0
webbum01w,1,0,MIA,13,5,195,43,14,14,7,4,23,29,10,21,8,2,0,0,0,0,0,0,0,0,0,0,0,0,0,0,0,0,0,0,0,0,0.422,0.609,0.072,0.015,0.056,0.036,0.021,3.308,0.0
weberma01w,8,0,NYL,2,0,4,0,1,0,0,0,1,0,0,0,0,0,0,0,0,0,0,0,0,0,0,0,0,0,0,0,0,0,0,0,0,0,0.0,0.0,0.25,0.0,0.25,0.0,0.0,0.0,0.0
weckeke01w,6,0,SAS,1,0,11,4,0,2,1,0,1,0,2,0,3,0,0,0,0,0,0,0,0,0,0,0,0,0,0,0,0,0,0,0,0,0,0.333,2.0,0.0,0.0,0.0,0.091,0.0,4.0,0.0
weckeke01w,7,0,SAS,34,11,578,190,84,47,11,3,32,42,75,21,56,19,0,0,0,0,0,0,0,0,0,0,0,0,0,0,0,0,0,0,0,0,0.421,1.469,0.145,0.038,0.107,0.019,0.005,5.588,0.0
weckeke01w,8,0,SAS,14,1,73,16,8,4,3,1,3,7,6,4,4,0,0,2,0,5,3,0,1,1,0,1,0,2,1,1,1,1,1,0,0,0,0.353,1.333,0.11,0.055,0.055,0.041,0.014,1.143,0.0
weckeke01w,9,0,WAS,9,0,48,5,11,7,3,0,7,5,2,0,7,1,0,0,0,0,0,0,0,0,0,0,0,0,0,0,0,0,0,0,0,0,0.147,1.0,0.229,0.083,0.146,0.062,0.0,0.556,0.0
whaleli01w,5,0,CON,31,30,946,275,90,148,39,0,94,72,83,89,57,20,0,8,8,255,107,5,13,18,41,11,3,17,23,65,30,53,43,11,4,0,0.581,1.574,0.095,0.022,0.073,0.041,0.0,8.871,0.0
whaleli01w,6,0,CON,34,34,1047,411,128,172,42,2,89,90,135,125,46,16,0,7,7,220,78,6,18,24,23,6,1,20,11,57,19,48,37,15,3,0,0.573,1.933,0.122,0.028,0.095,0.04,0.002,12.088,0.0
whaleli01w,7,0,CON,33,33,861,296,122,153,34,2,79,56,88,112,62,8,0,5,5,154,63,3,16,19,11,4,1,18,11,56,19,25,18,21,7,0,0.528,1.937,0.142,0.02,0.122,0.039,0.002,8.97,0.0
whaleli01w,8,0,CON,34,34,1040,454,162,169,73,3,75,85,156,124,86,18,0,3,3,110,40,2,19,21,15,1,0,11,8,43,14,10,9,13,3,0,0.564,2.253,0.156,0.032,0.124,0.07,0.003,13.353,0.0
whaleli01w,9,0,CON,31,31,908,435,174,166,45,1,58,87,141,126,80,27,0,3,3,90,40,3,11,14,12,4,0,7,7,30,12,15,13,12,3,0,0.58,2.862,0.192,0.036,0.155,0.05,0.001,14.032,0.0
whaleli01w,10,0,CON,34,34,1000,419,156,156,43,5,63,87,141,115,83,22,0,0,0,0,0,0,0,0,0,0,0,0,0,0,0,0,0,0,0,0,0.544,2.476,0.156,0.04,0.116,0.043,0.005,12.324,0.0
whitede01w,5,0,NYL,31,2,420,82,118,9,8,10,36,37,37,8,0,0,0,5,0,34,2,3,3,6,1,2,0,4,6,5,1,0,0,0,0,0,0.543,0.25,0.281,0.121,0.16,0.019,0.024,2.645,0.0
whitede01w,6,0,NYL,13,0,90,16,22,0,4,3,3,15,4,8,0,0,0,0,0,0,0,0,0,0,0,0,0,0,0,0,0,0,0,0,0,0,0.491,0.0,0.244,0.1,0.144,0.044,0.033,1.231,0.0
whiteer01w,9,0,HOU,34,2,426,121,47,47,23,3,48,60,25,70,7,1,0,0,0,0,0,0,0,0,0,0,0,0,0,0,0,0,0,0,0,0,0.495,0.979,0.11,0.033,0.077,0.054,0.007,3.559,0.0
whiteer01w,10,0,IND,2,0,18,2,2,4,1,1,0,1,1,0,3,0,0,0,0,0,0,0,0,0,0,0,0,0,0,0,0,0,0,0,0,0,0.167,0.0,0.111,0.0,0.111,0.056,0.056,1.0,0.0
whiteta01w,6,0,IND,34,3,693,242,53,53,30,7,70,62,85,47,81,25,1,4,0,16,0,2,0,2,1,0,0,0,1,8,0,0,0,1,0,0,0.433,0.757,0.076,0.03,0.046,0.043,0.01,7.118,0.0
whiteta01w,7,0,IND,34,0,745,302,82,52,27,9,51,66,113,57,88,19,1,2,0,35,9,0,3,3,2,0,0,4,6,10,4,1,0,4,1,0,0.447,1.02,0.11,0.043,0.067,0.036,0.012,8.882,0.0
whiteta01w,8,0,IND,34,9,841,368,90,65,36,10,99,76,136,53,127,43,2,5,1,82,9,2,7,9,10,5,2,9,10,15,4,0,0,6,1,0,0.485,0.657,0.107,0.03,0.077,0.043,0.012,10.824,0.0
whiteta01w,9,0,IND,33,22,894,328,101,80,43,14,85,88,119,51,120,39,0,3,0,42,16,2,1,3,2,2,0,6,5,16,6,3,3,4,1,0,0.467,0.941,0.113,0.03,0.083,0.048,0.016,9.939,0.0
whiteta01w,10,0,CON,30,15,659,285,82,66,35,9,37,73,97,42,130,49,1,0,0,0,0,0,0,0,0,0,0,0,0,0,0,0,0,0,0,0,0.53,1.784,0.124,0.032,0.093,0.053,0.014,9.5,0.0
whitiva01w,2,0,MIN,26,15,462,88,83,16,15,14,34,62,24,40,1,0,0,0,0,0,0,0,0,0,0,0,0,0,0,0,0,0,0,0,0,0,0.387,0.471,0.18,0.054,0.126,0.032,0.03,3.385,0.0
whitiva01w,3,0,MIN,6,3,52,13,9,5,2,2,4,10,4,5,0,0,0,0,0,0,0,0,0,0,0,0,0,0,0,0,0,0,0,0,0,0,0.356,1.25,0.173,0.058,0.115,0.038,0.038,2.167,0.0
whitmta01w,1,0,NYL,32,16,689,277,105,20,17,17,53,102,109,59,3,0,1,7,7,196,81,9,18,27,6,3,9,15,22,65,31,24,18,2,1,0,0.478,0.377,0.152,0.049,0.103,0.025,0.025,8.656,0.0
whitmta01w,2,0,NYL,32,29,752,226,97,19,17,10,33,70,96,33,2,1,0,6,6,152,42,10,12,22,4,4,4,7,13,44,18,10,6,1,0,0,0.457,0.576,0.129,0.039,0.09,0.023,0.013,7.062,0.0
whitmta01w,3,0,NYL,32,32,977,406,141,23,27,43,49,102,148,110,1,0,1,8,8,271,129,8,28,36,10,3,4,9,20,93,51,37,26,3,1,0,0.54,0.469,0.144,0.044,0.1,0.028,0.044,12.688,0.0
whitmta01w,4,0,NYL,33,29,823,271,122,25,35,22,57,100,110,50,3,1,1,0,0,0,0,0,0,0,0,0,0,0,0,0,0,0,0,0,0,0,0.492,0.439,0.148,0.046,0.102,0.043,0.027,8.212,0.0
whitmta01w,5,0,LAS,34,5,595,210,106,17,12,5,34,73,77,49,16,7,0,3,0,39,10,0,6,6,1,0,0,3,4,10,4,2,2,2,0,0,0.513,0.5,0.178,0.064,0.114,0.02,0.008,6.176,0.0
whitmta01w,6,0,LAS,34,34,917,327,143,42,33,14,57,110,115,92,19,5,1,2,2,48,18,2,1,3,1,1,0,7,7,14,6,8,5,1,1,0,0.525,0.737,0.156,0.059,0.097,0.036,0.015,9.618,0.0
whitmta01w,7,0,IND,34,34,1057,528,165,61,46,12,94,91,199,115,38,15,1,2,2,69,53,4,9,13,2,1,0,10,9,40,19,13,13,7,2,1,0.532,0.649,0.156,0.05,0.106,0.044,0.011,15.529,0.0
whitmta01w,8,0,IND,34,25,880,370,170,51,20,11,84,86,139,71,70,21,1,6,0,184,99,6,26,32,16,3,1,18,19,87,39,13,8,23,13,0,0.492,0.607,0.193,0.051,0.142,0.023,0.012,10.882,0.0
whitmta01w,9,0,CON,34,33,911,429,161,47,20,13,68,95,160,75,108,34,1,3,3,87,30,6,8,14,6,4,0,8,5,32,12,9,6,7,0,0,0.494,0.691,0.177,0.044,0.133,0.022,0.014,12.618,0.0
whitmta01w,10,0,CON,24,1,376,105,52,25,9,3,20,34,37,24,23,7,0,0,0,0,0,0,0,0,0,0,0,0,0,0,0,0,0,0,0,0,0.371,1.25,0.138,0.056,0.082,0.024,0.008,4.375,0.0
whittje01w,2,0,WAS,4,0,20,0,1,0,0,1,3,8,0,0,1,0,0,0,0,0,0,0,0,0,0,0,0,0,0,0,0,0,0,0,0,0,0.0,0.0,0.05,0.05,0.0,0.0,0.05,0.0,0.0
whittkh01w,9,0,IND,22,0,186,43,34,6,9,11,12,42,17,9,0,0,0,3,0,24,4,1,6,7,1,1,1,3,4,8,2,0,0,0,0,0,0.418,0.5,0.183,0.054,0.129,0.048,0.059,1.955,0.0
whittkh01w,10,0,IND,3,0,25,12,5,2,0,0,0,2,6,0,0,0,0,0,0,0,0,0,0,0,0,0,0,0,0,0,0,0,0,0,0,0,0.6,0.0,0.2,0.08,0.12,0.0,0.0,4.0,0.0
wickssu01w,1,0,NYL,32,12,680,156,149,21,26,39,50,78,55,45,5,1,1,7,0,131,23,11,16,27,3,7,9,5,21,26,9,4,4,1,1,0,0.458,0.42,0.219,0.072,0.147,0.038,0.057,4.875,0.0
wickssu01w,2,0,NYL,30,3,602,157,138,37,36,30,43,86,61,35,7,0,2,6,0,118,28,10,10,20,5,2,6,8,17,27,12,5,4,0,0,0,0.513,0.86,0.229,0.06,0.169,0.06,0.05,5.233,1.0
wickssu01w,3,0,NYL,30,0,428,66,101,14,22,15,30,60,24,18,1,0,0,8,0,96,21,6,6,12,2,1,4,6,19,14,7,7,6,1,1,0,0.403,0.467,0.236,0.07,0.166,0.051,0.035,2.2,0.0
widemja01w,1,0,POR,5,0,35,0,4,2,2,0,6,3,0,0,0,0,0,0,0,0,0,0,0,0,0,0,0,0,0,0,0,0,0,0,0,0,0.0,0.333,0.114,0.057,0.057,0.057,0.0,0.0,0.0
wiggica01w,9,0,MIN,30,1,824,472,97,90,54,7,57,113,137,161,121,37,5,0,0,0,0,0,0,0,0,0,0,0,0,0,0,0,0,0,0,0,0.553,1.579,0.118,0.047,0.07,0.066,0.008,15.733,1.0
wiggica01w,10,0,MIN,34,34,1017,446,100,88,41,7,81,99,135,134,131,42,0,0,0,0,0,0,0,0,0,0,0,0,0,0,0,0,0,0,0,0,0.523,1.086,0.098,0.029,0.069,0.04,0.007,13.118,0.0
wilkibr01w,7,0,SAC,4,0,14,6,0,1,0,0,2,5,3,0,0,0,0,0,0,0,0,0,0,0,0,0,0,0,0,0,0,0,0,0,0,0,0.429,0.5,0.0,0.0,0.0,0.0,0.0,1.5,0.0
wilkibr01w,9,0,SAS,1,0,0,0,0,0,0,0,0,0,0,0,0,0,0,2,0,4,0,0,0,0,0,2,0,0,0,0,0,0,0,0,0,0,,,,,,,,0.0,0.0
williad01w,1,0,PHO,28,2,351,78,71,16,14,4,29,42,29,20,0,0,0,2,0,30,5,1,3,4,1,0,2,1,3,4,2,2,1,0,0,0,0.44,0.552,0.202,0.068,0.134,0.04,0.011,2.786,0.0
williad01w,2,0,PHO,25,1,375,96,75,11,15,5,34,43,38,20,0,0,0,0,0,0,0,0,0,0,0,0,0,0,0,0,0,0,0,0,0,0,0.383,0.324,0.2,0.056,0.144,0.04,0.013,3.84,0.0
williad01w,3,0,PHO,32,30,878,200,220,35,48,29,63,88,79,42,0,0,0,0,0,0,0,0,0,0,0,0,0,0,0,0,0,0,0,0,0,0,0.512,0.556,0.251,0.073,0.178,0.055,0.033,6.25,0.0
williad01w,4,0,PHO,34,33,985,334,252,31,57,19,73,95,141,52,1,0,1,0,0,0,0,0,0,0,0,0,0,0,0,0,0,0,0,0,0,0,0.43,0.425,0.256,0.069,0.187,0.058,0.019,9.824,0.0
williad01w,5,1,PHO,11,8,145,65,21,5,11,5,15,16,27,11,0,0,0,0,0,0,0,0,0,0,0,0,0,0,0,0,0,0,0,0,0,0,0.491,0.333,0.145,0.069,0.076,0.076,0.034,5.909,0.0
williad01w,5,2,SAS,12,0,149,32,28,8,8,1,12,19,15,2,0,0,0,0,0,0,0,0,0,0,0,0,0,0,0,0,0,0,0,0,0,0,0.333,0.667,0.188,0.04,0.148,0.054,0.007,2.667,0.0
williad01w,7,0,MIN,32,0,488,157,149,8,25,8,19,60,60,37,1,0,1,0,0,0,0,0,0,0,0,0,0,0,0,0,0,0,0,0,0,0,0.478,0.421,0.305,0.082,0.223,0.051,0.016,4.906,0.0
williad01w,8,0,SAC,34,2,609,211,152,28,22,6,57,65,85,41,0,0,1,3,0,50,14,7,9,16,2,1,1,6,5,17,5,5,4,0,0,0,0.523,0.491,0.25,0.1,0.149,0.036,0.01,6.206,0.0
williad01w,9,0,SAC,34,33,687,207,167,20,19,8,54,73,86,35,0,0,0,3,3,67,23,3,7,10,4,2,1,4,6,20,11,2,1,0,0,0,0.468,0.37,0.243,0.099,0.144,0.028,0.012,6.088,0.0
willian01w,6,0,PHO,16,0,149,40,23,9,4,7,11,17,15,6,18,4,0,0,0,0,0,0,0,0,0,0,0,0,0,0,0,0,0,0,0,0,0.377,0.818,0.154,0.06,0.094,0.027,0.047,2.5,0.0
willian01w,7,0,DET,21,0,133,41,13,12,7,6,15,9,14,11,8,2,0,6,0,25,10,3,1,4,0,2,1,2,4,12,5,0,0,2,0,0,0.406,0.8,0.098,0.023,0.075,0.053,0.045,1.952,0.0
willibe01w,1,0,IND,1,0,3,0,0,0,0,0,0,2,0,0,0,0,0,0,0,0,0,0,0,0,0,0,0,0,0,0,0,0,0,0,0,0,,,0.0,0.0,0.0,0.0,0.0,0.0,0.0
willile01w,5,0,CON,23,0,175,68,43,7,8,2,12,16,24,20,1,0,0,8,0,60,17,8,11,19,1,0,1,3,4,18,7,4,3,0,0,0,0.688,0.583,0.246,0.126,0.12,0.046,0.011,2.957,0.0
willile01w,6,0,CON,18,0,91,24,17,3,2,0,14,16,7,10,0,0,0,3,0,10,2,0,1,1,0,0,1,1,0,2,0,2,2,0,0,0,0.465,0.214,0.187,0.11,0.077,0.022,0.0,1.333,0.0
willile01w,7,0,CON,29,0,209,63,55,17,5,0,15,23,25,7,10,6,0,3,0,10,5,3,1,4,0,0,1,1,0,5,2,0,0,1,1,0,0.536,1.133,0.263,0.096,0.167,0.024,0.0,2.172,0.0
willile01w,8,0,CON,28,5,320,58,77,11,8,6,19,44,20,18,4,0,0,3,0,41,16,5,5,10,2,0,1,3,5,8,6,3,3,1,1,0,0.46,0.579,0.241,0.084,0.156,0.025,0.019,2.071,0.0
willile01w,9,0,PHO,34,27,834,343,202,29,22,7,46,116,139,60,27,5,2,0,0,0,0,0,0,0,0,0,0,0,0,0,0,0,0,0,0,0,0.613,0.63,0.242,0.103,0.139,0.026,0.008,10.088,0.0
willile01w,10,0,PHO,34,34,713,340,143,35,22,9,46,91,136,67,8,1,0,11,11,254,90,21,27,48,10,4,5,14,26,65,35,24,20,1,0,0,0.587,0.761,0.201,0.09,0.111,0.031,0.013,10.0,0.0
willile02w,3,0,DET,27,0,177,73,19,4,4,0,14,15,30,0,54,13,0,0,0,0,0,0,0,0,0,0,0,0,0,0,0,0,0,0,0,0,0.354,0.286,0.107,0.04,0.068,0.023,0.0,2.704,0.0
willili01w,7,0,LAS,24,0,320,111,43,10,26,0,17,25,35,22,52,19,0,5,0,65,16,6,7,13,7,1,0,3,4,22,6,2,1,12,3,0,0.53,0.588,0.134,0.041,0.094,0.081,0.0,4.625,0.0
willili01w,8,1,LAS,8,0,77,18,9,4,4,1,10,10,7,2,9,2,0,0,0,0,0,0,0,0,0,0,0,0,0,0,0,0,0,0,0,0,0.414,0.4,0.117,0.026,0.091,0.052,0.013,2.25,0.0
willili01w,8,2,NYL,16,0,157,61,27,9,10,0,24,14,21,5,44,14,0,2,0,13,5,0,0,0,0,0,0,0,1,6,2,0,0,3,1,0,0.473,0.375,0.172,0.076,0.096,0.064,0.0,3.812,0.0
willili01w,9,0,NYL,34,2,458,191,58,14,29,5,31,45,59,29,94,44,0,6,0,28,2,2,1,3,1,2,2,6,2,4,1,0,0,3,0,0,0.623,0.452,0.127,0.017,0.109,0.063,0.011,5.618,0.0
willili01w,10,0,SAC,2,0,5,0,0,0,0,0,1,1,0,0,1,0,0,0,0,0,0,0,0,0,0,0,0,0,0,0,0,0,0,0,0,0,0.0,0.0,0.0,0.0,0.0,0.0,0.0,0.0,0.0
willina01w,1,0,UTA,29,29,1039,543,336,51,35,18,79,124,179,182,5,3,3,0,0,0,0,0,0,0,0,0,0,0,0,0,0,0,0,0,0,0,0.583,0.646,0.323,0.127,0.196,0.034,0.017,18.724,0.0
willina01w,2,0,UTA,31,31,1064,439,308,55,41,10,70,128,171,97,4,0,4,2,2,57,21,7,9,16,0,3,1,5,10,16,8,6,5,0,0,1,0.539,0.786,0.289,0.104,0.185,0.039,0.009,14.161,0.0
willina01w,3,0,UTA,31,31,1008,351,255,38,38,16,72,122,124,98,12,5,4,5,5,186,70,21,25,46,7,5,7,8,16,47,25,28,19,4,1,1,0.512,0.528,0.253,0.104,0.149,0.038,0.016,11.323,0.0
willina01w,4,0,IND,34,34,1054,457,255,46,43,21,70,138,176,105,1,0,2,0,0,0,0,0,0,0,0,0,0,0,0,0,0,0,0,0,0,0,0.534,0.657,0.242,0.103,0.139,0.041,0.02,13.441,0.0
willina01w,5,0,IND,34,34,956,349,235,62,40,23,65,122,133,83,4,0,3,0,0,0,0,0,0,0,0,0,0,0,0,0,0,0,0,0,0,0,0.505,0.954,0.246,0.097,0.149,0.042,0.024,10.265,0.0
willina01w,6,0,IND,34,34,804,251,186,31,35,12,56,105,103,45,0,0,3,4,4,134,47,13,17,30,6,5,2,1,14,40,17,16,13,1,0,0,0.452,0.554,0.231,0.092,0.139,0.044,0.015,7.382,0.0
williri01w,1,0,IND,32,29,1014,352,95,101,76,3,69,69,112,79,131,49,1,0,0,0,0,0,0,0,0,0,0,0,0,0,0,0,0,0,0,0,0.547,1.464,0.094,0.022,0.072,0.075,0.003,11.0,0.0
williri01w,2,0,IND,32,29,1042,380,104,114,72,11,100,71,115,109,109,41,0,0,0,0,0,0,0,0,0,0,0,0,0,0,0,0,0,0,0,0,0.543,1.14,0.1,0.024,0.076,0.069,0.011,11.875,0.0
williri01w,3,2,HOU,9,0,85,19,6,7,11,0,10,11,5,7,6,2,0,3,0,69,20,3,3,6,7,3,0,1,5,25,8,0,0,14,4,0,0.617,0.7,0.071,0.0,0.071,0.129,0.0,2.111,0.0
williri01w,3,1,IND,20,1,484,120,37,43,21,2,29,34,39,25,67,17,0,0,0,0,0,0,0,0,0,0,0,0,0,0,0,0,0,0,0,0,0.4,1.483,0.076,0.021,0.056,0.043,0.004,6.0,0.0
williri01w,4,0,SEA,32,0,381,78,22,41,14,0,27,34,28,11,43,11,0,0,0,0,0,0,0,0,0,0,0,0,0,0,0,0,0,0,0,0,0.478,1.519,0.058,0.008,0.05,0.037,0.0,2.438,0.0
willish01w,4,0,LAS,25,3,229,49,32,19,6,0,7,25,19,10,16,1,0,4,0,13,0,0,0,0,0,0,0,0,2,0,0,0,0,0,0,0,0.414,2.714,0.14,0.048,0.092,0.026,0.0,1.96,0.0
willita01w,1,0,POR,26,0,174,80,17,13,8,2,10,26,31,4,41,14,0,0,0,0,0,0,0,0,0,0,0,0,0,0,0,0,0,0,0,0,0.552,1.3,0.098,0.029,0.069,0.046,0.011,3.077,0.0
willito01w,5,0,SAS,26,4,417,55,39,43,35,5,31,36,16,22,2,1,0,0,0,0,0,0,0,0,0,0,0,0,0,0,0,0,0,0,0,0,0.468,1.387,0.094,0.017,0.077,0.084,0.012,2.115,0.0
williwe01w,2,0,LAS,13,0,47,17,5,3,1,0,2,0,6,3,13,2,0,4,0,9,0,1,0,1,1,0,0,1,0,2,0,0,0,2,0,0,0.391,1.5,0.106,0.021,0.085,0.021,0.0,1.308,0.0
wilsoam01w,1,0,PHO,3,0,9,2,1,1,0,0,0,2,0,2,0,0,0,0,0,0,0,0,0,0,0,0,0,0,0,0,0,0,0,0,0,0,0.362,0.0,0.111,0.0,0.111,0.0,0.0,0.667,0.0
wirthch01w,10,0,IND,21,0,120,22,15,13,3,1,3,12,8,1,14,5,0,5,0,27,6,0,3,3,2,0,0,2,4,7,3,0,0,2,0,0,0.374,4.333,0.125,0.025,0.1,0.025,0.008,1.048,0.0
wisdoli01w,10,0,LAS,29,0,197,69,41,8,3,8,15,12,28,12,1,1,0,2,0,3,0,0,1,1,1,0,0,0,0,0,0,0,0,0,0,0,0.497,0.533,0.208,0.071,0.137,0.015,0.041,2.379,0.0
witheso01w,1,0,POR,32,32,1061,538,105,68,38,8,88,72,175,128,163,60,1,0,0,0,0,0,0,0,0,0,0,0,0,0,0,0,0,0,0,0,0.517,0.773,0.099,0.022,0.077,0.036,0.008,16.812,0.0
witheso01w,2,0,POR,31,30,862,373,74,54,30,8,72,59,113,90,182,57,0,0,0,0,0,0,0,0,0,0,0,0,0,0,0,0,0,0,0,0,0.461,0.75,0.086,0.023,0.063,0.035,0.009,12.032,0.0
witheso01w,3,0,LAS,31,1,358,161,29,29,13,2,22,27,49,35,67,28,0,6,0,39,18,1,4,5,2,1,0,1,3,14,5,4,4,11,4,0,0.582,1.318,0.081,0.025,0.056,0.036,0.006,5.194,0.0
witheso01w,4,0,LAS,23,2,235,56,19,4,7,0,7,17,17,12,29,10,0,5,0,14,5,0,2,2,0,1,0,2,1,5,1,4,3,3,0,0,0.473,0.571,0.081,0.026,0.055,0.03,0.0,2.435,0.0
wolteka01w,1,0,IND,31,30,793,370,164,39,12,49,73,99,148,74,0,0,2,0,0,0,0,0,0,0,0,0,0,0,0,0,0,0,0,0,0,0,0.601,0.534,0.207,0.058,0.149,0.015,0.062,11.935,0.0
wolteka01w,2,0,SAC,31,1,378,151,74,17,4,25,33,55,63,25,0,0,0,4,0,37,10,1,3,4,1,2,2,1,10,14,5,0,0,0,0,0,0.511,0.515,0.196,0.056,0.14,0.011,0.066,4.871,0.0
wolteka01w,3,0,SAC,14,0,78,24,23,3,0,3,6,18,9,6,0,0,0,0,0,0,0,0,0,0,0,0,0,0,0,0,0,0,0,0,0,0,0.37,0.5,0.295,0.103,0.192,0.0,0.038,1.714,0.0
wolvean01w,2,0,CLE,1,0,5,2,1,0,0,0,0,1,1,0,0,0,0,0,0,0,0,0,0,0,0,0,0,0,0,0,0,0,0,0,0,0,0.333,,0.2,0.2,0.0,0.0,0.0,2.0,0.0
wrighsh01w,5,0,PHO,24,0,243,57,27,8,3,1,15,19,13,25,13,6,0,0,0,0,0,0,0,0,0,0,0,0,0,0,0,0,0,0,0,0,0.508,0.533,0.111,0.07,0.041,0.012,0.004,2.375,0.0
wrighsh01w,6,0,PHO,25,5,346,94,50,23,14,3,28,13,24,35,35,11,0,0,0,0,0,0,0,0,0,0,0,0,0,0,0,0,0,0,0,0,0.574,0.821,0.145,0.052,0.092,0.04,0.009,3.76,0.0
wrighta01w,6,0,SEA,34,8,528,122,57,53,18,3,40,60,49,24,1,0,1,3,0,38,9,1,4,5,7,3,0,2,6,5,1,7,7,0,0,0,0.501,1.325,0.108,0.038,0.07,0.034,0.006,3.588,0.0
wrighta01w,7,0,SEA,33,0,508,124,60,41,11,2,52,53,42,38,14,2,0,2,0,12,0,0,0,0,1,0,0,2,1,3,0,0,0,1,0,0,0.447,0.788,0.118,0.037,0.081,0.022,0.004,3.758,0.0
wrighta01w,8,0,SEA,34,5,547,139,43,69,31,2,55,56,50,33,22,6,0,2,0,42,18,5,0,5,5,1,1,6,6,15,7,4,4,2,0,0,0.489,1.255,0.079,0.031,0.048,0.057,0.004,4.088,0.0
wrighta01w,9,0,SEA,34,14,808,268,116,84,31,8,78,94,108,48,24,4,1,3,3,103,41,4,13,17,8,6,0,11,10,34,14,16,12,2,1,0,0.484,1.077,0.144,0.04,0.104,0.038,0.01,7.882,0.0
wrighta01w,10,0,SEA,33,33,1072,404,117,129,50,10,85,119,150,96,30,8,5,3,3,98,35,9,7,16,16,5,0,9,12,38,13,8,8,4,1,0,0.545,1.518,0.109,0.041,0.068,0.047,0.009,12.242,0.0
wyckobr01w,2,0,ORL,32,27,648,108,122,37,26,15,50,91,41,20,37,6,2,0,0,0,0,0,0,0,0,0,0,0,0,0,0,0,0,0,0,0,0.393,0.74,0.188,0.074,0.114,0.04,0.023,3.375,0.0
wyckobr01w,3,0,ORL,32,5,514,81,90,32,19,18,30,71,31,5,50,14,1,0,0,0,0,0,0,0,0,0,0,0,0,0,0,0,0,0,0,0,0.413,1.067,0.175,0.054,0.121,0.037,0.035,2.531,0.0
wyckobr01w,4,0,CON,34,22,755,156,146,35,33,19,39,109,55,26,70,20,1,4,3,89,18,3,9,12,5,2,1,2,11,16,7,4,3,6,1,0,0.494,0.897,0.193,0.064,0.13,0.044,0.025,4.588,0.0
wyckobr01w,6,0,CON,34,1,596,105,95,35,13,9,28,82,35,13,52,22,0,8,0,109,18,3,12,15,3,1,2,5,13,12,5,6,4,10,4,0,0.542,1.25,0.159,0.042,0.117,0.022,0.015,3.088,0.0
wyckobr01w,7,0,CHI,15,13,345,50,40,33,14,12,16,40,16,8,43,10,0,0,0,0,0,0,0,0,0,0,0,0,0,0,0,0,0,0,0,0,0.355,2.062,0.116,0.043,0.072,0.041,0.035,3.333,0.0
wyckobr01w,8,0,CHI,34,7,520,98,108,47,20,18,27,81,32,10,67,24,2,0,0,0,0,0,0,0,0,0,0,0,0,0,0,0,0,0,0,0,0.54,1.741,0.208,0.046,0.162,0.038,0.035,2.882,0.0
wyckobr01w,9,0,CHI,34,23,594,75,79,46,14,20,34,80,25,9,51,16,0,0,0,0,0,0,0,0,0,0,0,0,0,0,0,0,0,0,0,0,0.469,1.353,0.133,0.024,0.109,0.024,0.034,2.206,0.0
wyckobr01w,10,0,CHI,27,23,531,83,73,38,10,20,29,61,28,7,51,20,0,0,0,0,0,0,0,0,0,0,0,0,0,0,0,0,0,0,0,0,0.535,1.31,0.137,0.032,0.105,0.019,0.038,3.074,0.0
wynneda01w,2,0,SAC,1,0,3,2,1,0,0,1,0,2,0,2,0,0,0,2,0,3,2,0,0,0,0,0,0,0,0,1,1,0,0,0,0,0,1.136,,0.333,0.333,0.0,0.0,0.333,2.0,0.0
yamasli01w,3,0,MIA,15,0,147,52,15,9,4,1,10,20,19,5,17,9,0,0,0,0,0,0,0,0,0,0,0,0,0,0,0,0,0,0,0,0,0.549,0.9,0.102,0.02,0.082,0.027,0.007,3.467,0.0
yamasli01w,4,0,NYL,24,1,148,16,12,9,4,0,5,19,6,0,14,4,1,0,0,0,0,0,0,0,0,0,0,0,0,0,0,0,0,0,0,0,0.296,1.8,0.081,0.007,0.074,0.027,0.0,0.667,0.0
yilmane01w,4,0,PHO,5,1,34,14,3,2,0,0,4,7,7,0,0,0,0,0,0,0,0,0,0,0,0,0,0,0,0,0,0,0,0,0,0,0,0.441,0.5,0.088,0.088,0.0,0.0,0.0,2.8,0.0
yilmane01w,5,0,SAS,7,0,77,19,10,2,3,1,4,15,6,6,7,1,0,0,0,0,0,0,0,0,0,0,0,0,0,0,0,0,0,0,0,0,0.357,0.5,0.13,0.039,0.091,0.039,0.013,2.714,0.0
youngca01w,2,0,POR,23,1,279,111,34,15,14,1,27,27,37,27,34,10,0,0,0,0,0,0,0,0,0,0,0,0,0,0,0,0,0,0,0,0,0.481,0.556,0.122,0.036,0.086,0.05,0.004,4.826,0.0
youngca01w,3,0,POR,19,0,186,83,14,12,4,0,18,18,26,21,22,10,0,0,0,0,0,0,0,0,0,0,0,0,0,0,0,0,0,0,0,0,0.491,0.667,0.075,0.027,0.048,0.022,0.0,4.368,0.0
youngso01w,7,0,SAS,34,34,1057,408,257,50,57,13,45,70,154,100,4,0,0,0,0,0,0,0,0,0,0,0,0,0,0,0,0,0,0,0,0,0,0.474,1.111,0.243,0.08,0.163,0.054,0.012,12.0,0.0
youngso01w,8,0,SAS,33,33,1106,553,193,51,49,12,61,100,214,125,5,0,0,5,5,172,101,20,25,45,8,4,2,8,12,73,37,32,27,0,0,0,0.53,0.836,0.175,0.065,0.109,0.044,0.011,16.758,0.0
youngso01w,9,0,SAS,33,33,1054,576,186,75,53,17,57,86,207,162,3,0,1,9,9,325,159,16,37,53,15,14,1,19,17,125,57,60,45,1,0,0,0.55,1.316,0.176,0.049,0.127,0.05,0.016,17.455,0.0
youngso01w,10,0,SAS,33,33,1113,600,215,54,44,16,62,67,219,145,55,17,1,3,3,96,58,6,10,16,6,6,2,5,9,48,22,19,13,2,1,0,0.531,0.871,0.193,0.062,0.131,0.04,0.014,18.182,0.0
youngta01w,9,0,ATL,33,15,745,240,139,41,30,10,59,97,80,67,40,13,2,0,0,0,0,0,0,0,0,0,0,0,0,0,0,0,0,0,0,0,0.425,0.695,0.187,0.059,0.128,0.04,0.013,7.273,0.0
youngta01w,10,1,ATL,11,0,73,30,14,5,6,1,9,9,9,11,5,1,0,0,0,0,0,0,0,0,0,0,0,0,0,0,0,0,0,0,0,0,0.435,0.556,0.192,0.082,0.11,0.082,0.014,2.727,0.0
youngta01w,10,2,CHI,10,6,129,50,30,7,7,4,11,18,16,16,8,2,0,0,0,0,0,0,0,0,0,0,0,0,0,0,0,0,0,0,0,0,0.464,0.636,0.233,0.078,0.155,0.054,0.031,5.0,0.0
zakalok01w,1,0,DET,23,0,258,89,46,2,5,13,19,45,38,10,7,3,0,0,0,0,0,0,0,0,0,0,0,0,0,0,0,0,0,0,0,0,0.572,0.105,0.178,0.058,0.12,0.019,0.05,3.87,0.0
zakalok01w,3,1,DET,3,0,10,2,0,0,0,1,0,3,1,0,0,0,0,0,0,0,0,0,0,0,0,0,0,0,0,0,0,0,0,0,0,0,0.333,,0.0,0.0,0.0,0.0,0.1,0.667,0.0
zakalok01w,3,2,PHO,5,0,37,6,3,0,0,0,4,4,2,2,0,0,0,0,0,0,0,0,0,0,0,0,0,0,0,0,0,0,0,0,0,0,0.387,0.0,0.081,0.0,0.081,0.0,0.0,1.2,0.0
zarafr01w,6,0,SEA,34,4,413,90,39,51,16,1,41,29,34,17,22,5,0,3,0,26,11,0,0,0,2,0,0,5,0,6,4,2,2,1,1,0,0.478,1.244,0.094,0.027,0.068,0.039,0.002,2.647,0.0
zellosh01w,10,0,DET,34,4,802,406,106,62,27,17,77,111,118,155,49,15,3,5,0,145,78,8,17,25,14,6,3,7,15,68,24,27,23,17,7,0,0.539,0.805,0.132,0.031,0.101,0.034,0.021,11.941,0.0
zirkozu01w,4,0,WAS,6,0,30,11,2,1,0,0,2,3,2,6,2,1,0,0,0,0,0,0,0,0,0,0,0,0,0,0,0,0,0,0,0,0,0.828,0.5,0.067,0.0,0.067,0.0,0.0,1.833,0.0
zollsh01w,9,0,MIN,6,0,30,10,3,3,1,0,3,2,2,5,3,1,0,0,0,0,0,0,0,0,0,0,0,0,0,0,0,0,0,0,0,0,0.47,1.0,0.1,0.033,0.067,0.033,0.0,1.667,0.0
